#ifndef BOTTOM_LOGO_DATA_H_
#define BOTTOM_LOGO_DATA_H_

#include <stdint.h>

#define BOTTOM_LOGO_WIDTH              (190U)
#define BOTTOM_LOGO_HEIGHT             (115U)
#define BOTTOM_LOGO_TRANSPARENT_RGB565 (0x0001U)

static const uint16_t g_bottom_logo_pixels[BOTTOM_LOGO_WIDTH * BOTTOM_LOGO_HEIGHT] =
{
    0x0001, 0x0001, 0x0001, 0x0001, 0x0001, 0x0001, 0x0001, 0x0001, 0x0001, 0x0001, 0x0001, 0x0001,
    0x0001, 0x0001, 0x0001, 0x0001, 0x0001, 0x0001, 0x0001, 0x0001, 0x0001, 0x0001, 0x0001, 0x0001,
    0x0001, 0x0001, 0x0001, 0x0001, 0x0001, 0x0001, 0x0001, 0x0001, 0x0001, 0x0001, 0x0001, 0x0001,
    0x0001, 0x0001, 0x0001, 0x0001, 0x0001, 0x0001, 0x0001, 0x0001, 0x0001, 0x0001, 0x0001, 0x0001,
    0x0001, 0x0001, 0x0001, 0x0001, 0x0001, 0x0001, 0x0001, 0x0001, 0x0001, 0x0001, 0x0001, 0x0001,
    0x0001, 0x0001, 0x0001, 0x0001, 0x0001, 0x0001, 0x0001, 0x0001, 0x0001, 0x0001, 0x0001, 0x0001,
    0x0001, 0x0001, 0x0001, 0x0001, 0x0001, 0x0001, 0x0001, 0x0001, 0x0001, 0x0001, 0x0001, 0xEEDB,
    0xF5F9, 0xF4F5, 0xECB3, 0xDB6E, 0xEB4E, 0xE34D, 0xE1E8, 0xE187, 0xE1A8, 0xE188, 0xE1A8, 0xE1A8,
    0xE9A8, 0xE1A8, 0xE1A8, 0xE1A8, 0xE1A8, 0xE2ED, 0xE34E, 0xE36E, 0xDB6E, 0xDBD0, 0xECF4, 0xF5F8,
    0xEEDB, 0x0001, 0x0001, 0x0001, 0x0001, 0x0001, 0x0001, 0x0001, 0x0001, 0x0001, 0x0001, 0x0001,
    0x0001, 0x0001, 0x0001, 0x0001, 0x0001, 0x0001, 0x0001, 0x0001, 0x0001, 0x0001, 0x0001, 0x0001,
    0x0001, 0x0001, 0x0001, 0x0001, 0x0001, 0x0001, 0x0001, 0x0001, 0x0001, 0x0001, 0x0001, 0x0001,
    0x0001, 0x0001, 0x0001, 0x0001, 0x0001, 0x0001, 0x0001, 0x0001, 0x0001, 0x0001, 0x0001, 0x0001,
    0x0001, 0x0001, 0x0001, 0x0001, 0x0001, 0x0001, 0x0001, 0x0001, 0x0001, 0x0001, 0x0001, 0x0001,
    0x0001, 0x0001, 0x0001, 0x0001, 0x0001, 0x0001, 0x0001, 0x0001, 0x0001, 0x0001, 0x0001, 0x0001,
    0x0001, 0x0001, 0x0001, 0x0001, 0x0001, 0x0001, 0x0001, 0x0001, 0x0001, 0x0001, 0x0001, 0x0001,
    0x0001, 0x0001, 0x0001, 0x0001, 0x0001, 0x0001, 0x0001, 0x0001, 0x0001, 0x0001, 0x0001, 0x0001,
    0x0001, 0x0001, 0x0001, 0x0001, 0x0001, 0x0001, 0x0001, 0x0001, 0x0001, 0x0001, 0x0001, 0x0001,
    0x0001, 0x0001, 0x0001, 0x0001, 0x0001, 0x0001, 0x0001, 0x0001, 0x0001, 0x0001, 0x0001, 0x0001,
    0x0001, 0x0001, 0x0001, 0x0001, 0x0001, 0x0001, 0x0001, 0x0001, 0x0001, 0x0001, 0x0001, 0x0001,
    0x0001, 0x0001, 0x0001, 0x0001, 0x0001, 0x0001, 0x0001, 0x0001, 0x0001, 0x0001, 0x0001, 0x0001,
    0x0001, 0x0001, 0x0001, 0x0001, 0x0001, 0x0001, 0x0001, 0x0001, 0x0001, 0x0001, 0x0001, 0x0001,
    0x0001, 0x0001, 0x0001, 0xF69A, 0xED76, 0xEBF1, 0xDACC, 0xE1C8, 0xE106, 0xD884, 0xD842, 0xE001,
    0xD801, 0xE001, 0xE001, 0xD801, 0xE001, 0xE002, 0xE002, 0xE022, 0xD801, 0xD800, 0xD800, 0xE000,
    0xE000, 0xE000, 0xE021, 0xE001, 0xD800, 0xE000, 0xD800, 0xE001, 0xD801, 0xE022, 0xD883, 0xE106,
    0xE167, 0xDB0D, 0xE452, 0xEDF8, 0xFEFC, 0x0001, 0x0001, 0x0001, 0x0001, 0x0001, 0x0001, 0x0001,
    0x0001, 0x0001, 0x0001, 0x0001, 0x0001, 0x0001, 0x0001, 0x0001, 0x0001, 0x0001, 0x0001, 0x0001,
    0x0001, 0x0001, 0x0001, 0x0001, 0x0001, 0x0001, 0x0001, 0x0001, 0x0001, 0x0001, 0x0001, 0x0001,
    0x0001, 0x0001, 0x0001, 0x0001, 0x0001, 0x0001, 0x0001, 0x0001, 0x0001, 0x0001, 0x0001, 0x0001,
    0x0001, 0x0001, 0x0001, 0x0001, 0x0001, 0x0001, 0x0001, 0x0001, 0x0001, 0x0001, 0x0001, 0x0001,
    0x0001, 0x0001, 0x0001, 0x0001, 0x0001, 0x0001, 0x0001, 0x0001, 0x0001, 0x0001, 0x0001, 0x0001,
    0x0001, 0x0001, 0x0001, 0x0001, 0x0001, 0x0001, 0x0001, 0x0001, 0x0001, 0x0001, 0x0001, 0x0001,
    0x0001, 0x0001, 0x0001, 0x0001, 0x0001, 0x0001, 0x0001, 0x0001, 0x0001, 0x0001, 0x0001, 0x0001,
    0x0001, 0x0001, 0x0001, 0x0001, 0x0001, 0x0001, 0x0001, 0x0001, 0x0001, 0x0001, 0x0001, 0x0001,
    0x0001, 0x0001, 0x0001, 0x0001, 0x0001, 0x0001, 0x0001, 0x0001, 0x0001, 0x0001, 0x0001, 0x0001,
    0x0001, 0x0001, 0x0001, 0x0001, 0x0001, 0x0001, 0x0001, 0x0001, 0x0001, 0x0001, 0x0001, 0x0001,
    0x0001, 0x0001, 0x0001, 0x0001, 0x0001, 0x0001, 0x0001, 0x0001, 0x0001, 0x0001, 0x0001, 0x0001,
    0x0001, 0x0001, 0x0001, 0x0001, 0x0001, 0x0001, 0x0001, 0x0001, 0xF6FB, 0xED96, 0xEB6F, 0xE209,
    0xD8E5, 0xE022, 0xD801, 0xE000, 0xE001, 0xE001, 0xE022, 0xE042, 0xE042, 0xE063, 0xE063, 0xE063,
    0xE063, 0xE063, 0xE063, 0xE063, 0xE042, 0xD801, 0xD926, 0xE24A, 0xE2ED, 0xE30D, 0xE24A, 0xD8A4,
    0xE000, 0xE063, 0xE063, 0xE062, 0xE063, 0xE063, 0xE063, 0xE042, 0xE022, 0xE002, 0xE001, 0xE001,
    0xD800, 0xD801, 0xE042, 0xE187, 0xE2ED, 0xE492, 0xF639, 0x0001, 0x0001, 0x0001, 0x0001, 0x0001,
    0x0001, 0x0001, 0x0001, 0x0001, 0x0001, 0x0001, 0x0001, 0x0001, 0x0001, 0x0001, 0x0001, 0x0001,
    0x0001, 0x0001, 0x0001, 0x0001, 0x0001, 0x0001, 0x0001, 0x0001, 0x0001, 0x0001, 0x0001, 0x0001,
    0x0001, 0x0001, 0x0001, 0x0001, 0x0001, 0x0001, 0x0001, 0x0001, 0x0001, 0x0001, 0x0001, 0x0001,
    0x0001, 0x0001, 0x0001, 0x0001, 0x0001, 0x0001, 0x0001, 0x0001, 0x0001, 0x0001, 0x0001, 0x0001,
    0x0001, 0x0001, 0x0001, 0x0001, 0x0001, 0x0001, 0x0001, 0x0001, 0x0001, 0x0001, 0x0001, 0x0001,
    0x0001, 0x0001, 0x0001, 0x0001, 0x0001, 0x0001, 0x0001, 0x0001, 0x0001, 0x0001, 0x0001, 0x0001,
    0x0001, 0x0001, 0x0001, 0x0001, 0x0001, 0x0001, 0x0001, 0x0001, 0x0001, 0x0001, 0x0001, 0x0001,
    0x0001, 0x0001, 0x0001, 0x0001, 0x0001, 0x0001, 0x0001, 0x0001, 0x0001, 0x0001, 0x0001, 0x0001,
    0x0001, 0x0001, 0x0001, 0x0001, 0x0001, 0x0001, 0x0001, 0x0001, 0x0001, 0x0001, 0x0001, 0x0001,
    0x0001, 0x0001, 0x0001, 0x0001, 0x0001, 0x0001, 0x0001, 0x0001, 0x0001, 0x0001, 0x0001, 0x0001,
    0x0001, 0x0001, 0x0001, 0x0001, 0x0001, 0x0001, 0x0001, 0x0001, 0x0001, 0x0001, 0x0001, 0x0001,
    0x0001, 0x0001, 0x0001, 0xEDF8, 0xE38F, 0xE1C8, 0xE084, 0xD801, 0xE000, 0xE001, 0xE022, 0xE043,
    0xE063, 0xE063, 0xE063, 0xE063, 0xE043, 0xE042, 0xE043, 0xE042, 0xE042, 0xE042, 0xE043, 0xE043,
    0xE043, 0xE022, 0xD884, 0xEC92, 0xFF7D, 0xFFFF, 0xFFFF, 0xFFFF, 0xFFFF, 0xF6DB, 0xE30E, 0xE001,
    0xE042, 0xE043, 0xE042, 0xE042, 0xE042, 0xE043, 0xE043, 0xE043, 0xE063, 0xE063, 0xE063, 0xE063,
    0xE042, 0xE001, 0xD800, 0xD800, 0xE002, 0xD905, 0xDA6B, 0xEC73, 0xF69A, 0x0001, 0x0001, 0x0001,
    0x0001, 0x0001, 0x0001, 0x0001, 0x0001, 0x0001, 0x0001, 0x0001, 0x0001, 0x0001, 0x0001, 0x0001,
    0x0001, 0x0001, 0x0001, 0x0001, 0x0001, 0x0001, 0x0001, 0x0001, 0x0001, 0x0001, 0x0001, 0x0001,
    0x0001, 0x0001, 0x0001, 0x0001, 0x0001, 0x0001, 0x0001, 0x0001, 0x0001, 0x0001, 0x0001, 0x0001,
    0x0001, 0x0001, 0x0001, 0x0001, 0x0001, 0x0001, 0x0001, 0x0001, 0x0001, 0x0001, 0x0001, 0x0001,
    0x0001, 0x0001, 0x0001, 0x0001, 0x0001, 0x0001, 0x0001, 0x0001, 0x0001, 0x0001, 0x0001, 0x0001,
    0x0001, 0x0001, 0x0001, 0x0001, 0x0001, 0x0001, 0x0001, 0x0001, 0x0001, 0x0001, 0x0001, 0x0001,
    0x0001, 0x0001, 0x0001, 0x0001, 0x0001, 0x0001, 0x0001, 0x0001, 0x0001, 0x0001, 0x0001, 0x0001,
    0x0001, 0x0001, 0x0001, 0x0001, 0x0001, 0x0001, 0x0001, 0x0001, 0x0001, 0x0001, 0x0001, 0x0001,
    0x0001, 0x0001, 0x0001, 0x0001, 0x0001, 0x0001, 0x0001, 0x0001, 0x0001, 0x0001, 0x0001, 0x0001,
    0x0001, 0x0001, 0x0001, 0x0001, 0x0001, 0x0001, 0x0001, 0x0001, 0x0001, 0x0001, 0x0001, 0x0001,
    0x0001, 0x0001, 0x0001, 0x0001, 0x0001, 0x0001, 0x0001, 0x0001, 0x0001, 0x0001, 0xED76, 0xE30D,
    0xD905, 0xE002, 0xE800, 0xE001, 0xE042, 0xE063, 0xE063, 0xD863, 0xD862, 0xE043, 0xE043, 0xE042,
    0xE042, 0xE042, 0xE042, 0xE042, 0xE042, 0xE042, 0xE042, 0xE042, 0xE042, 0xE063, 0xE042, 0xD8A5,
    0xEE19, 0xFFFF, 0xFFFF, 0xFFFF, 0xFFFF, 0xFFFF, 0xFFFF, 0xFFFF, 0xFFFF, 0xE472, 0xD801, 0xE042,
    0xE043, 0xE042, 0xE042, 0xE042, 0xE042, 0xE042, 0xE042, 0xE042, 0xE042, 0xE043, 0xD863, 0xE043,
    0xE063, 0xE083, 0xE063, 0xE002, 0xE001, 0xE000, 0xE043, 0xE147, 0xE38E, 0xEE18, 0x0001, 0x0001,
    0x0001, 0x0001, 0x0001, 0x0001, 0x0001, 0x0001, 0x0001, 0x0001, 0x0001, 0x0001, 0x0001, 0x0001,
    0x0001, 0x0001, 0x0001, 0x0001, 0x0001, 0x0001, 0x0001, 0x0001, 0x0001, 0x0001, 0x0001, 0x0001,
    0x0001, 0x0001, 0x0001, 0x0001, 0x0001, 0x0001, 0x0001, 0x0001, 0x0001, 0x0001, 0x0001, 0x0001,
    0x0001, 0x0001, 0x0001, 0x0001, 0x0001, 0x0001, 0x0001, 0x0001, 0x0001, 0x0001, 0x0001, 0x0001,
    0x0001, 0x0001, 0x0001, 0x0001, 0x0001, 0x0001, 0x0001, 0x0001, 0x0001, 0x0001, 0x0001, 0x0001,
    0x0001, 0x0001, 0x0001, 0x0001, 0x0001, 0x0001, 0x0001, 0x0001, 0x0001, 0x0001, 0x0001, 0x0001,
    0x0001, 0x0001, 0x0001, 0x0001, 0x0001, 0x0001, 0x0001, 0x0001, 0x0001, 0x0001, 0x0001, 0x0001,
    0x0001, 0x0001, 0x0001, 0x0001, 0x0001, 0x0001, 0x0001, 0x0001, 0x0001, 0x0001, 0x0001, 0x0001,
    0x0001, 0x0001, 0x0001, 0x0001, 0x0001, 0x0001, 0x0001, 0x0001, 0x0001, 0x0001, 0x0001, 0x0001,
    0x0001, 0x0001, 0x0001, 0x0001, 0x0001, 0x0001, 0x0001, 0x0001, 0x0001, 0x0001, 0x0001, 0x0001,
    0x0001, 0x0001, 0x0001, 0x0001, 0x0001, 0xF5F8, 0xE32E, 0xD905, 0xD801, 0xE000, 0xE021, 0xE063,
    0xE063, 0xE043, 0xE042, 0xE042, 0xE043, 0xE042, 0xE042, 0xE043, 0xE043, 0xE042, 0xE042, 0xE042,
    0xE042, 0xE042, 0xE042, 0xE042, 0xE042, 0xE042, 0xE043, 0xE043, 0xD821, 0xEDF8, 0xFFFF, 0xFFDF,
    0xFFFF, 0xFFFF, 0xFFFF, 0xFFFF, 0xFFFF, 0xFFFF, 0xFFDF, 0xFFFF, 0xDBD0, 0xE001, 0xE063, 0xE043,
    0xE042, 0xE042, 0xE042, 0xE042, 0xE042, 0xE042, 0xE042, 0xE042, 0xE042, 0xE042, 0xE042, 0xE042,
    0xD862, 0xE063, 0xE043, 0xE063, 0xD842, 0xE001, 0xE000, 0xE001, 0xD9A7, 0xEC92, 0xF6FC, 0x0001,
    0x0001, 0x0001, 0x0001, 0x0001, 0x0001, 0x0001, 0x0001, 0x0001, 0x0001, 0x0001, 0x0001, 0x0001,
    0x0001, 0x0001, 0x0001, 0x0001, 0x0001, 0x0001, 0x0001, 0x0001, 0x0001, 0x0001, 0x0001, 0x0001,
    0x0001, 0x0001, 0x0001, 0x0001, 0x0001, 0x0001, 0x0001, 0x0001, 0x0001, 0x0001, 0x0001, 0x0001,
    0x0001, 0x0001, 0x0001, 0x0001, 0x0001, 0x0001, 0x0001, 0x0001, 0x0001, 0x0001, 0x0001, 0x0001,
    0x0001, 0x0001, 0x0001, 0x0001, 0x0001, 0x0001, 0x0001, 0x0001, 0x0001, 0x0001, 0x0001, 0x0001,
    0x0001, 0x0001, 0x0001, 0x0001, 0x0001, 0x0001, 0x0001, 0x0001, 0x0001, 0x0001, 0x0001, 0x0001,
    0x0001, 0x0001, 0x0001, 0x0001, 0x0001, 0x0001, 0x0001, 0x0001, 0x0001, 0x0001, 0x0001, 0x0001,
    0x0001, 0x0001, 0x0001, 0x0001, 0x0001, 0x0001, 0x0001, 0x0001, 0x0001, 0x0001, 0x0001, 0x0001,
    0x0001, 0x0001, 0x0001, 0x0001, 0x0001, 0x0001, 0x0001, 0x0001, 0x0001, 0x0001, 0x0001, 0x0001,
    0x0001, 0x0001, 0x0001, 0x0001, 0x0001, 0x0001, 0x0001, 0x0001, 0x0001, 0x0001, 0x0001, 0x0001,
    0x0001, 0xEC11, 0xD987, 0xE001, 0xE000, 0xE022, 0xE063, 0xE063, 0xE043, 0xE043, 0xE042, 0xE042,
    0xE042, 0xE042, 0xE042, 0xE042, 0xE043, 0xE042, 0xE042, 0xE042, 0xE042, 0xE042, 0xE042, 0xE042,
    0xE042, 0xE042, 0xE042, 0xE042, 0xE063, 0xE000, 0xE32E, 0xFFFF, 0xFFDF, 0xFFFF, 0xFFFF, 0xFFFF,
    0xFFFF, 0xFFFF, 0xFFFF, 0xFFFF, 0xFFFF, 0xFFFF, 0xF7BE, 0xD926, 0xE021, 0xD863, 0xE822, 0xE042,
    0xE042, 0xE042, 0xE042, 0xE042, 0xE042, 0xE042, 0xE042, 0xE043, 0xE042, 0xE042, 0xE042, 0xE042,
    0xE042, 0xE042, 0xE042, 0xE063, 0xE063, 0xE042, 0xE001, 0xD800, 0xE063, 0xE2AC, 0xEDB7, 0x0001,
    0x0001, 0x0001, 0x0001, 0x0001, 0x0001, 0x0001, 0x0001, 0x0001, 0x0001, 0x0001, 0x0001, 0x0001,
    0x0001, 0x0001, 0x0001, 0x0001, 0x0001, 0x0001, 0x0001, 0x0001, 0x0001, 0x0001, 0x0001, 0x0001,
    0x0001, 0x0001, 0x0001, 0x0001, 0x0001, 0x0001, 0x0001, 0x0001, 0x0001, 0x0001, 0x0001, 0x0001,
    0x0001, 0x0001, 0x0001, 0x0001, 0x0001, 0x0001, 0x0001, 0x0001, 0x0001, 0x0001, 0x0001, 0x0001,
    0x0001, 0x0001, 0x0001, 0x0001, 0x0001, 0x0001, 0x0001, 0x0001, 0x0001, 0x0001, 0x0001, 0x0001,
    0x0001, 0x0001, 0x0001, 0x0001, 0x0001, 0x0001, 0x0001, 0x0001, 0x0001, 0x0001, 0x0001, 0x0001,
    0x0001, 0x0001, 0x0001, 0x0001, 0x0001, 0x0001, 0x0001, 0x0001, 0x0001, 0x0001, 0x0001, 0x0001,
    0x0001, 0x0001, 0x0001, 0x0001, 0x0001, 0x0001, 0x0001, 0x0001, 0x0001, 0x0001, 0x0001, 0x0001,
    0x0001, 0x0001, 0x0001, 0x0001, 0x0001, 0x0001, 0x0001, 0x0001, 0x0001, 0x0001, 0x0001, 0x0001,
    0x0001, 0x0001, 0x0001, 0x0001, 0x0001, 0x0001, 0x0001, 0x0001, 0xEE7A, 0xE30E, 0xE0A5, 0xE001,
    0xE001, 0xD863, 0xE063, 0xE063, 0xE042, 0xE042, 0xE042, 0xE042, 0xE042, 0xE042, 0xE042, 0xE042,
    0xE042, 0xE042, 0xE042, 0xE042, 0xE042, 0xE042, 0xE042, 0xE042, 0xE042, 0xE042, 0xE042, 0xE042,
    0xE042, 0xE043, 0xE042, 0xD8A3, 0xFF1C, 0xFFFF, 0xFFFF, 0xFFFF, 0xFFFF, 0xFFFF, 0xFFFF, 0xFFFF,
    0xFFFF, 0xFFFF, 0xFFFF, 0xFFDF, 0xFFFF, 0xE493, 0xD800, 0xE063, 0xE042, 0xE042, 0xE042, 0xE042,
    0xE042, 0xE042, 0xE042, 0xE042, 0xE042, 0xE042, 0xE042, 0xE042, 0xE042, 0xE042, 0xE042, 0xE042,
    0xE042, 0xE042, 0xE042, 0xE042, 0xE043, 0xE043, 0xE022, 0xD801, 0xD801, 0xE167, 0xEC52, 0x0001,
    0x0001, 0x0001, 0x0001, 0x0001, 0x0001, 0x0001, 0x0001, 0x0001, 0x0001, 0x0001, 0x0001, 0x0001,
    0x0001, 0x0001, 0x0001, 0x0001, 0x0001, 0x0001, 0x0001, 0x0001, 0x0001, 0x0001, 0x0001, 0x0001,
    0x0001, 0x0001, 0x0001, 0x0001, 0x0001, 0x0001, 0x0001, 0x0001, 0x0001, 0x0001, 0x0001, 0x0001,
    0x0001, 0x0001, 0x0001, 0x0001, 0x0001, 0x0001, 0x0001, 0x0001, 0x0001, 0x0001, 0x0001, 0x0001,
    0x0001, 0x0001, 0x0001, 0x0001, 0x0001, 0x0001, 0x0001, 0x0001, 0x0001, 0x0001, 0x0001, 0x0001,
    0x0001, 0x0001, 0x0001, 0x0001, 0x0001, 0x0001, 0x0001, 0x0001, 0x0001, 0x0001, 0x0001, 0x0001,
    0x0001, 0x0001, 0x0001, 0x0001, 0x0001, 0x0001, 0x0001, 0x0001, 0x0001, 0x0001, 0x0001, 0x0001,
    0x0001, 0x0001, 0x0001, 0x0001, 0x0001, 0x0001, 0x0001, 0x0001, 0x0001, 0x0001, 0x0001, 0x0001,
    0x0001, 0x0001, 0x0001, 0x0001, 0x0001, 0x0001, 0x0001, 0x0001, 0x0001, 0x0001, 0x0001, 0x0001,
    0x0001, 0x0001, 0x0001, 0x0001, 0xEE7A, 0xE2ED, 0xD843, 0xE000, 0xE041, 0xE063, 0xE063, 0xE043,
    0xE043, 0xE042, 0xE042, 0xE042, 0xE042, 0xE042, 0xE042, 0xE042, 0xE042, 0xE042, 0xE042, 0xE042,
    0xE042, 0xE042, 0xE042, 0xE042, 0xE042, 0xE042, 0xE042, 0xE042, 0xE042, 0xE042, 0xE042, 0xE063,
    0xE001, 0xE28B, 0xFFFF, 0xFFFF, 0xFFFF, 0xFFFF, 0xFFFF, 0xFFFF, 0xFFFF, 0xFFFF, 0xFFFF, 0xFFFF,
    0xFFFF, 0xFFFF, 0xFFFF, 0xEEFC, 0xD864, 0xE022, 0xD862, 0xE042, 0xE042, 0xE042, 0xE042, 0xE042,
    0xE042, 0xE042, 0xE042, 0xE042, 0xE042, 0xE042, 0xE042, 0xE042, 0xE042, 0xE042, 0xE042, 0xE042,
    0xE042, 0xD842, 0xD862, 0xE043, 0xE063, 0xE063, 0xE063, 0xE001, 0xE000, 0xD8E5, 0xEC31, 0x0001,
    0x0001, 0x0001, 0x0001, 0x0001, 0x0001, 0x0001, 0x0001, 0x0001, 0x0001, 0x0001, 0x0001, 0x0001,
    0x0001, 0x0001, 0x0001, 0x0001, 0x0001, 0x0001, 0x0001, 0x0001, 0x0001, 0x0001, 0x0001, 0x0001,
    0x0001, 0x0001, 0x0001, 0x0001, 0x0001, 0x0001, 0x0001, 0x0001, 0x0001, 0x0001, 0x0001, 0x0001,
    0x0001, 0x0001, 0x0001, 0x0001, 0x0001, 0x0001, 0x0001, 0x0001, 0x0001, 0x0001, 0x0001, 0x0001,
    0x0001, 0x0001, 0x0001, 0x0001, 0x0001, 0x0001, 0x0001, 0x0001, 0x0001, 0x0001, 0x0001, 0x0001,
    0x0001, 0x0001, 0x0001, 0x0001, 0x0001, 0x0001, 0x0001, 0x0001, 0x0001, 0x0001, 0x0001, 0x0001,
    0x0001, 0x0001, 0x0001, 0x0001, 0x0001, 0x0001, 0x0001, 0x0001, 0x0001, 0x0001, 0x0001, 0x0001,
    0x0001, 0x0001, 0x0001, 0x0001, 0x0001, 0x0001, 0x0001, 0x0001, 0x0001, 0x0001, 0x0001, 0x0001,
    0x0001, 0x0001, 0x0001, 0x0001, 0x0001, 0x0001, 0x0001, 0x0001, 0x0001, 0x0001, 0x0001, 0x0001,
    0xF69A, 0xDB0D, 0xD842, 0xE000, 0xE042, 0xE063, 0xE043, 0xE042, 0xE042, 0xE042, 0xE042, 0xE043,
    0xE042, 0xE042, 0xE042, 0xE042, 0xE042, 0xE042, 0xE042, 0xE042, 0xE042, 0xE042, 0xE042, 0xE042,
    0xE042, 0xE042, 0xE042, 0xE042, 0xE042, 0xE042, 0xE042, 0xE042, 0xE042, 0xE063, 0xD800, 0xDBD0,
    0xFFFF, 0xFFDF, 0xFFFF, 0xFFFF, 0xFFFF, 0xFFFF, 0xFFFF, 0xFFFF, 0xFFFF, 0xFFFF, 0xFFFF, 0xFFFF,
    0xFFFF, 0xF7BE, 0xE126, 0xE001, 0xE062, 0xE042, 0xE042, 0xE042, 0xE042, 0xE042, 0xE042, 0xE042,
    0xE042, 0xE042, 0xE042, 0xE042, 0xE042, 0xE042, 0xE042, 0xE042, 0xE042, 0xE042, 0xE063, 0xE063,
    0xE042, 0xD862, 0xE063, 0xE843, 0xE043, 0xE063, 0xE063, 0xE022, 0xE001, 0xD947, 0xECD4, 0x0001,
    0x0001, 0x0001, 0x0001, 0x0001, 0x0001, 0x0001, 0x0001, 0x0001, 0x0001, 0x0001, 0x0001, 0x0001,
    0x0001, 0x0001, 0x0001, 0x0001, 0x0001, 0x0001, 0x0001, 0x0001, 0x0001, 0x0001, 0x0001, 0x0001,
    0x0001, 0x0001, 0x0001, 0x0001, 0x0001, 0x0001, 0x0001, 0x0001, 0x0001, 0x0001, 0x0001, 0x0001,
    0x0001, 0x0001, 0x0001, 0x0001, 0x0001, 0x0001, 0x0001, 0x0001, 0x0001, 0x0001, 0x0001, 0x0001,
    0x0001, 0x0001, 0x0001, 0x0001, 0x0001, 0x0001, 0x0001, 0x0001, 0x0001, 0x0001, 0x0001, 0x0001,
    0x0001, 0x0001, 0x0001, 0x0001, 0x0001, 0x0001, 0x0001, 0x0001, 0x0001, 0x0001, 0x0001, 0x0001,
    0x0001, 0x0001, 0x0001, 0x0001, 0x0001, 0x0001, 0x0001, 0x0001, 0x0001, 0x0001, 0x0001, 0x0001,
    0x0001, 0x0001, 0x0001, 0x0001, 0x0001, 0x0001, 0x0001, 0x0001, 0x0001, 0x0001, 0x0001, 0x0001,
    0x0001, 0x0001, 0x0001, 0x0001, 0x0001, 0x0001, 0x0001, 0x0001, 0x0001, 0xEC51, 0xD883, 0xE000,
    0xE042, 0xE063, 0xE043, 0xE042, 0xE042, 0xE043, 0xE063, 0xE063, 0xE042, 0xE042, 0xE063, 0xE063,
    0xE043, 0xE042, 0xE042, 0xE042, 0xE042, 0xE042, 0xE042, 0xE042, 0xE042, 0xE042, 0xE042, 0xE042,
    0xE042, 0xE042, 0xE042, 0xE042, 0xE042, 0xE042, 0xE042, 0xE063, 0xE001, 0xF514, 0xFFFF, 0xFFFF,
    0xFFFF, 0xFFFF, 0xFFFF, 0xFFFF, 0xFFFF, 0xFFFF, 0xFFFF, 0xFFFF, 0xFFFF, 0xFFFF, 0xFFFF, 0xFFFF,
    0xE187, 0xE001, 0xE063, 0xE042, 0xE042, 0xE042, 0xE042, 0xE042, 0xE042, 0xE042, 0xE042, 0xE042,
    0xE042, 0xE042, 0xE042, 0xE042, 0xE042, 0xE042, 0xE043, 0xE063, 0xD800, 0xE001, 0xE001, 0xE001,
    0xD801, 0xE000, 0xE042, 0xE063, 0xE042, 0xE063, 0xE063, 0xD821, 0xD800, 0xD988, 0xED76, 0x0001,
    0x0001, 0x0001, 0x0001, 0x0001, 0x0001, 0x0001, 0x0001, 0x0001, 0x0001, 0x0001, 0x0001, 0x0001,
    0x0001, 0x0001, 0x0001, 0x0001, 0x0001, 0x0001, 0x0001, 0x0001, 0x0001, 0x0001, 0x0001, 0x0001,
    0x0001, 0x0001, 0x0001, 0x0001, 0x0001, 0x0001, 0x0001, 0x0001, 0x0001, 0x0001, 0x0001, 0x0001,
    0x0001, 0x0001, 0x0001, 0x0001, 0x0001, 0x0001, 0x0001, 0x0001, 0x0001, 0x0001, 0x0001, 0x0001,
    0x0001, 0x0001, 0x0001, 0x0001, 0x0001, 0x0001, 0x0001, 0x0001, 0x0001, 0x0001, 0x0001, 0x0001,
    0x0001, 0x0001, 0x0001, 0x0001, 0x0001, 0x0001, 0x0001, 0x0001, 0x0001, 0x0001, 0x0001, 0x0001,
    0x0001, 0x0001, 0x0001, 0x0001, 0x0001, 0x0001, 0x0001, 0x0001, 0x0001, 0x0001, 0x0001, 0x0001,
    0x0001, 0x0001, 0x0001, 0x0001, 0x0001, 0x0001, 0x0001, 0x0001, 0x0001, 0x0001, 0x0001, 0x0001,
    0x0001, 0x0001, 0x0001, 0x0001, 0x0001, 0xED15, 0xE125, 0xE000, 0xE042, 0xE063, 0xE043, 0xD842,
    0xE043, 0xE042, 0xE063, 0xE042, 0xD801, 0xD801, 0xE083, 0xE083, 0xD801, 0xE001, 0xE022, 0xE063,
    0xE042, 0xE042, 0xE042, 0xE042, 0xE042, 0xE042, 0xE042, 0xE042, 0xE042, 0xE042, 0xE042, 0xE042,
    0xE042, 0xE042, 0xE042, 0xE042, 0xE042, 0xE063, 0xE001, 0xEC93, 0xFFFF, 0xFFDF, 0xFFFF, 0xFFFF,
    0xFFFF, 0xFFFF, 0xFFFF, 0xFFFF, 0xFFFF, 0xFFFF, 0xFFFF, 0xFFFF, 0xFFFF, 0xFFFF, 0xE187, 0xE001,
    0xE063, 0xE042, 0xE042, 0xE042, 0xE042, 0xE042, 0xE042, 0xE042, 0xE042, 0xE042, 0xE042, 0xE042,
    0xE042, 0xE042, 0xE042, 0xE063, 0xE022, 0xD822, 0xE26B, 0xECF4, 0xF619, 0xFE19, 0xF597, 0xE30D,
    0xD842, 0xE001, 0xE063, 0xE043, 0xE042, 0xE062, 0xE063, 0xD801, 0xD801, 0xE22A, 0xF67A, 0x0001,
    0x0001, 0x0001, 0x0001, 0x0001, 0x0001, 0x0001, 0x0001, 0x0001, 0x0001, 0x0001, 0x0001, 0x0001,
    0x0001, 0x0001, 0x0001, 0x0001, 0x0001, 0x0001, 0x0001, 0x0001, 0x0001, 0x0001, 0x0001, 0x0001,
    0x0001, 0x0001, 0x0001, 0x0001, 0x0001, 0x0001, 0x0001, 0x0001, 0x0001, 0x0001, 0x0001, 0x0001,
    0x0001, 0x0001, 0x0001, 0x0001, 0x0001, 0x0001, 0x0001, 0x0001, 0x0001, 0x0001, 0x0001, 0x0001,
    0x0001, 0x0001, 0x0001, 0x0001, 0x0001, 0x0001, 0x0001, 0x0001, 0x0001, 0x0001, 0x0001, 0x0001,
    0x0001, 0x0001, 0x0001, 0x0001, 0x0001, 0x0001, 0x0001, 0x0001, 0x0001, 0x0001, 0x0001, 0x0001,
    0x0001, 0x0001, 0x0001, 0x0001, 0x0001, 0x0001, 0x0001, 0x0001, 0x0001, 0x0001, 0x0001, 0x0001,
    0x0001, 0x0001, 0x0001, 0x0001, 0x0001, 0x0001, 0x0001, 0x0001, 0x0001, 0x0001, 0x0001, 0x0001,
    0x0001, 0xF67A, 0xDA6A, 0xD801, 0xE001, 0xE063, 0xE043, 0xE042, 0xE042, 0xE042, 0xE043, 0xD863,
    0xE001, 0xD883, 0xE36F, 0xEDD8, 0xFF1C, 0xFF1C, 0xEDD7, 0xE32E, 0xE0A4, 0xE001, 0xE063, 0xD843,
    0xE042, 0xE042, 0xE042, 0xE042, 0xE042, 0xE042, 0xE042, 0xE042, 0xE042, 0xE042, 0xE042, 0xE042,
    0xE042, 0xE042, 0xE042, 0xE063, 0xD800, 0xDBAF, 0xFFFF, 0xFFDF, 0xFFFF, 0xFFFF, 0xFFFF, 0xFFFF,
    0xFFFF, 0xFFFF, 0xFFFF, 0xFFFF, 0xFFFF, 0xFFFF, 0xFFFF, 0xF7DF, 0xE126, 0xE001, 0xE043, 0xE042,
    0xE042, 0xE042, 0xE042, 0xE042, 0xE042, 0xE042, 0xE042, 0xE042, 0xE042, 0xE042, 0xE042, 0xE042,
    0xD863, 0xE001, 0xD0E4, 0xED97, 0xFFFF, 0xFFFF, 0xFFFF, 0xFFFF, 0xFFFF, 0xFFFF, 0xEE7A, 0xDA09,
    0xD801, 0xE043, 0xE043, 0xE043, 0xE043, 0xE063, 0xE063, 0xE001, 0xD062, 0xE3D0, 0x0001, 0x0001,
    0x0001, 0x0001, 0x0001, 0x0001, 0x0001, 0x0001, 0x0001, 0x0001, 0x0001, 0x0001, 0x0001, 0x0001,
    0x0001, 0x0001, 0x0001, 0x0001, 0x0001, 0x0001, 0x0001, 0x0001, 0x0001, 0x0001, 0x0001, 0x0001,
    0x0001, 0x0001, 0x0001, 0x0001, 0x0001, 0x0001, 0x0001, 0x0001, 0x0001, 0x0001, 0x0001, 0x0001,
    0x0001, 0x0001, 0x0001, 0x0001, 0x0001, 0x0001, 0x0001, 0x0001, 0x0001, 0x0001, 0x0001, 0x0001,
    0x0001, 0x0001, 0x0001, 0x0001, 0x0001, 0x0001, 0x0001, 0x0001, 0x0001, 0x0001, 0x0001, 0x0001,
    0x0001, 0x0001, 0x0001, 0x0001, 0x0001, 0x0001, 0x0001, 0x0001, 0x0001, 0x0001, 0x0001, 0x0001,
    0x0001, 0x0001, 0x0001, 0x0001, 0x0001, 0x0001, 0x0001, 0x0001, 0x0001, 0x0001, 0x0001, 0x0001,
    0x0001, 0x0001, 0x0001, 0x0001, 0x0001, 0x0001, 0x0001, 0x0001, 0x0001, 0x0001, 0xED35, 0xE083,
    0xE000, 0xE063, 0xE043, 0xE042, 0xE042, 0xE042, 0xE042, 0xE043, 0xE063, 0xE000, 0xE188, 0xF69A,
    0xFFFF, 0xFFFF, 0xFFFF, 0xFFFF, 0xFFFF, 0xFFFF, 0xF6DB, 0xDA0A, 0xE000, 0xE063, 0xE042, 0xE042,
    0xE042, 0xE042, 0xE042, 0xE042, 0xE042, 0xE042, 0xE042, 0xE042, 0xE042, 0xE042, 0xE042, 0xE042,
    0xE042, 0xE063, 0xE001, 0xE22A, 0xFFFF, 0xFFFF, 0xFFFF, 0xFFFF, 0xFFFF, 0xFFFF, 0xFFFF, 0xFFFF,
    0xFFFF, 0xFFFF, 0xFFFF, 0xFFFF, 0xFFFF, 0xF69A, 0xD842, 0xE822, 0xD863, 0xE042, 0xE042, 0xE042,
    0xE042, 0xE042, 0xE042, 0xE042, 0xE042, 0xE042, 0xE042, 0xE042, 0xE042, 0xE063, 0xE021, 0xD967,
    0xF6DB, 0xFFFF, 0xFFDF, 0xFFDF, 0xFFFF, 0xFFFF, 0xFFFF, 0xFFDF, 0xFFFF, 0xF7DF, 0xE26A, 0xD800,
    0xE043, 0xE042, 0xE042, 0xE043, 0xD843, 0xE043, 0xE043, 0xE000, 0xDA09, 0xF6BB, 0x0001, 0x0001,
    0x0001, 0x0001, 0x0001, 0x0001, 0x0001, 0x0001, 0x0001, 0x0001, 0x0001, 0x0001, 0x0001, 0x0001,
    0x0001, 0x0001, 0x0001, 0x0001, 0x0001, 0x0001, 0x0001, 0x0001, 0x0001, 0x0001, 0x0001, 0x0001,
    0x0001, 0x0001, 0x0001, 0x0001, 0x0001, 0x0001, 0x0001, 0x0001, 0x0001, 0x0001, 0x0001, 0x0001,
    0x0001, 0x0001, 0x0001, 0x0001, 0x0001, 0x0001, 0x0001, 0x0001, 0x0001, 0x0001, 0x0001, 0x0001,
    0x0001, 0x0001, 0x0001, 0x0001, 0x0001, 0x0001, 0x0001, 0x0001, 0x0001, 0x0001, 0x0001, 0x0001,
    0x0001, 0x0001, 0x0001, 0x0001, 0x0001, 0x0001, 0x0001, 0x0001, 0x0001, 0x0001, 0x0001, 0x0001,
    0x0001, 0x0001, 0x0001, 0x0001, 0x0001, 0x0001, 0x0001, 0x0001, 0x0001, 0x0001, 0x0001, 0x0001,
    0x0001, 0x0001, 0x0001, 0x0001, 0x0001, 0x0001, 0x0001, 0xDAAB, 0xD801, 0xE042, 0xE063, 0xE043,
    0xE042, 0xE042, 0xE042, 0xE042, 0xE042, 0xE063, 0xE001, 0xDA6B, 0xF79E, 0xFFFF, 0xFFDF, 0xFFFF,
    0xFFFF, 0xFFFF, 0xFFFF, 0xFFDF, 0xFFFF, 0xFFDF, 0xDA6B, 0xE001, 0xE063, 0xE042, 0xE042, 0xE042,
    0xE042, 0xE042, 0xE042, 0xE042, 0xE042, 0xE042, 0xE042, 0xE042, 0xE042, 0xE042, 0xE042, 0xE043,
    0xE042, 0xD843, 0xF6FC, 0xFFFF, 0xFFFF, 0xFFFF, 0xFFFF, 0xFFFF, 0xFFFF, 0xFFFF, 0xFFFF, 0xFFFF,
    0xFFFF, 0xFFDF, 0xFFFF, 0xE452, 0xD800, 0xE063, 0xD843, 0xE042, 0xE042, 0xE042, 0xE042, 0xE042,
    0xE042, 0xE042, 0xE042, 0xE042, 0xE042, 0xE042, 0xE042, 0xE042, 0xD842, 0xEE5A, 0xFFFF, 0xFFDF,
    0xFFFF, 0xFFFF, 0xFFFF, 0xFFFF, 0xFFFF, 0xFFFF, 0xFFDF, 0xFFFF, 0xF75D, 0xD905, 0xE022, 0xE043,
    0xE042, 0xE042, 0xE043, 0xE043, 0xE043, 0xE063, 0xE001, 0xE084, 0xE4F4, 0x0001, 0x0001, 0x0001,
    0x0001, 0x0001, 0x0001, 0x0001, 0x0001, 0x0001, 0x0001, 0x0001, 0x0001, 0x0001, 0x0001, 0x0001,
    0x0001, 0x0001, 0x0001, 0x0001, 0x0001, 0x0001, 0x0001, 0x0001, 0x0001, 0x0001, 0x0001, 0x0001,
    0x0001, 0x0001, 0x0001, 0x0001, 0x0001, 0x0001, 0x0001, 0x0001, 0x0001, 0x0001, 0x0001, 0x0001,
    0x0001, 0x0001, 0x0001, 0x0001, 0x0001, 0x0001, 0x0001, 0x0001, 0x0001, 0x0001, 0x0001, 0x0001,
    0x0001, 0x0001, 0x0001, 0x0001, 0x0001, 0x0001, 0x0001, 0x0001, 0x0001, 0x0001, 0x0001, 0x0001,
    0x0001, 0x0001, 0x0001, 0x0001, 0x0001, 0x0001, 0x0001, 0x0001, 0x0001, 0x0001, 0x0001, 0x0001,
    0x0001, 0x0001, 0x0001, 0x0001, 0x0001, 0x0001, 0x0001, 0x0001, 0x0001, 0x0001, 0x0001, 0x0001,
    0x0001, 0x0001, 0x0001, 0xF67A, 0xE146, 0xE001, 0xE063, 0xE043, 0xE042, 0xE042, 0xE043, 0xE042,
    0xE042, 0xE042, 0xE043, 0xE021, 0xD8E5, 0xF77D, 0xFFFF, 0xFFDF, 0xFFFF, 0xFFFF, 0xFFFF, 0xFFFF,
    0xFFFF, 0xFFFF, 0xFFDF, 0xFFFF, 0xF77D, 0xD8C5, 0xE022, 0xD863, 0xE043, 0xE043, 0xE042, 0xE042,
    0xE042, 0xE042, 0xE042, 0xE042, 0xE042, 0xE042, 0xE042, 0xE042, 0xE042, 0xE042, 0xE063, 0xD800,
    0xE390, 0xFFFF, 0xFFDF, 0xFFFF, 0xFFFF, 0xFFFF, 0xFFFF, 0xFFFF, 0xFFFF, 0xFFFF, 0xFFFF, 0xFFFF,
    0xF79E, 0xE147, 0xE022, 0xD863, 0xE042, 0xE042, 0xE042, 0xE042, 0xE042, 0xE042, 0xE042, 0xE042,
    0xE042, 0xE042, 0xE042, 0xE042, 0xE063, 0xE000, 0xE30D, 0xFFFF, 0xFFDF, 0xFFFF, 0xFFFF, 0xFFFF,
    0xFFFF, 0xFFFF, 0xFFFF, 0xFFFF, 0xFFFF, 0xFFDF, 0xFFFF, 0xECD4, 0xE000, 0xE063, 0xE042, 0xE042,
    0xE043, 0xE043, 0xE063, 0xE043, 0xE063, 0xD842, 0xD801, 0xE38F, 0x0001, 0x0001, 0x0001, 0x0001,
    0x0001, 0x0001, 0x0001, 0x0001, 0x0001, 0x0001, 0x0001, 0x0001, 0x0001, 0x0001, 0x0001, 0x0001,
    0x0001, 0x0001, 0x0001, 0x0001, 0x0001, 0x0001, 0x0001, 0x0001, 0x0001, 0x0001, 0x0001, 0x0001,
    0x0001, 0x0001, 0x0001, 0x0001, 0x0001, 0x0001, 0x0001, 0x0001, 0x0001, 0x0001, 0x0001, 0x0001,
    0x0001, 0x0001, 0x0001, 0x0001, 0x0001, 0x0001, 0x0001, 0x0001, 0x0001, 0x0001, 0x0001, 0x0001,
    0x0001, 0x0001, 0x0001, 0x0001, 0x0001, 0x0001, 0x0001, 0x0001, 0x0001, 0x0001, 0x0001, 0x0001,
    0x0001, 0x0001, 0x0001, 0x0001, 0x0001, 0x0001, 0x0001, 0x0001, 0x0001, 0x0001, 0x0001, 0x0001,
    0x0001, 0x0001, 0x0001, 0x0001, 0x0001, 0x0001, 0x0001, 0x0001, 0x0001, 0x0001, 0x0001, 0x0001,
    0xED35, 0xD863, 0xD821, 0xE063, 0xE042, 0xE042, 0xE043, 0xE042, 0xE042, 0xE042, 0xE042, 0xE042,
    0xE063, 0xE000, 0xE452, 0xFFFF, 0xFFDF, 0xFFFF, 0xFFFF, 0xFFFF, 0xFFFF, 0xFFFF, 0xFFFF, 0xFFFF,
    0xFFFF, 0xFFDF, 0xFFFF, 0xE411, 0xD801, 0xE063, 0xE043, 0xE043, 0xE042, 0xE042, 0xE042, 0xE042,
    0xE042, 0xE042, 0xE042, 0xE042, 0xE042, 0xE042, 0xE042, 0xE042, 0xE043, 0xE042, 0xE022, 0xEE19,
    0xFFFF, 0xFFDF, 0xFFFF, 0xFFFF, 0xFFFF, 0xFFFF, 0xFFFF, 0xFFFF, 0xFFFF, 0xFFFF, 0xE2ED, 0xD801,
    0xE063, 0xE042, 0xE042, 0xE042, 0xE042, 0xE042, 0xE042, 0xE042, 0xE042, 0xE042, 0xE042, 0xE042,
    0xE042, 0xE042, 0xE043, 0xD821, 0xEDF8, 0xFFFF, 0xFFFF, 0xFFFF, 0xFFFF, 0xFFFF, 0xFFFF, 0xFFFF,
    0xFFFF, 0xFFFF, 0xFFFF, 0xFFFF, 0xFFFF, 0xF71C, 0xD884, 0xE022, 0xE043, 0xE042, 0xE042, 0xE042,
    0xE042, 0xE042, 0xE042, 0xE043, 0xE063, 0xD800, 0xE24B, 0x0001, 0x0001, 0x0001, 0x0001, 0x0001,
    0x0001, 0x0001, 0x0001, 0x0001, 0x0001, 0x0001, 0x0001, 0x0001, 0x0001, 0x0001, 0x0001, 0x0001,
    0x0001, 0x0001, 0x0001, 0x0001, 0x0001, 0x0001, 0x0001, 0x0001, 0x0001, 0x0001, 0x0001, 0x0001,
    0x0001, 0x0001, 0x0001, 0x0001, 0x0001, 0x0001, 0x0001, 0x0001, 0x0001, 0x0001, 0x0001, 0x0001,
    0x0001, 0x0001, 0x0001, 0x0001, 0x0001, 0x0001, 0x0001, 0x0001, 0x0001, 0x0001, 0x0001, 0x0001,
    0x0001, 0x0001, 0x0001, 0x0001, 0x0001, 0x0001, 0x0001, 0x0001, 0x0001, 0x0001, 0x0001, 0x0001,
    0x0001, 0x0001, 0x0001, 0x0001, 0x0001, 0x0001, 0x0001, 0x0001, 0x0001, 0x0001, 0x0001, 0x0001,
    0x0001, 0x0001, 0x0001, 0x0001, 0x0001, 0x0001, 0x0001, 0x0001, 0x0001, 0xEC52, 0xD801, 0xD862,
    0xE842, 0xE042, 0xE042, 0xE042, 0xE042, 0xE042, 0xE042, 0xE042, 0xE042, 0xD862, 0xE023, 0xD864,
    0xF71C, 0xFFFF, 0xFFFF, 0xFFFF, 0xFFFF, 0xFFFF, 0xFFFF, 0xFFFF, 0xFFFF, 0xFFFF, 0xFFFF, 0xFFFF,
    0xFFFF, 0xF6BB, 0xD843, 0xE023, 0xE043, 0xE043, 0xE042, 0xE042, 0xE042, 0xE042, 0xE042, 0xE042,
    0xE042, 0xE042, 0xE042, 0xE042, 0xE042, 0xE042, 0xE042, 0xE043, 0xD842, 0xD8A4, 0xEE18, 0xFFFF,
    0xFFFF, 0xFFFF, 0xFFFF, 0xFFFF, 0xFFFF, 0xFFFF, 0xFFFF, 0xE411, 0xE001, 0xE043, 0xE042, 0xE042,
    0xE042, 0xE042, 0xE042, 0xE042, 0xE042, 0xE042, 0xE042, 0xE042, 0xE042, 0xE042, 0xE042, 0xE063,
    0xE002, 0xD926, 0xF79E, 0xFFFF, 0xFFFF, 0xFFFF, 0xFFFF, 0xFFFF, 0xFFFF, 0xFFFF, 0xFFFF, 0xFFFF,
    0xFFFF, 0xFFFF, 0xFFFF, 0xFFFF, 0xE20A, 0xE001, 0xE063, 0xE042, 0xE042, 0xE042, 0xE042, 0xE042,
    0xE042, 0xE042, 0xE042, 0xE863, 0xE000, 0xD187, 0xF6DB, 0x0001, 0x0001, 0x0001, 0x0001, 0x0001,
    0x0001, 0x0001, 0x0001, 0x0001, 0x0001, 0x0001, 0x0001, 0x0001, 0x0001, 0x0001, 0x0001, 0x0001,
    0x0001, 0x0001, 0x0001, 0x0001, 0x0001, 0x0001, 0x0001, 0x0001, 0x0001, 0x0001, 0x0001, 0x0001,
    0x0001, 0x0001, 0x0001, 0x0001, 0x0001, 0x0001, 0x0001, 0x0001, 0x0001, 0x0001, 0x0001, 0x0001,
    0x0001, 0x0001, 0x0001, 0x0001, 0x0001, 0x0001, 0x0001, 0x0001, 0x0001, 0x0001, 0x0001, 0x0001,
    0x0001, 0x0001, 0x0001, 0x0001, 0x0001, 0x0001, 0x0001, 0x0001, 0x0001, 0x0001, 0x0001, 0x0001,
    0x0001, 0x0001, 0x0001, 0x0001, 0x0001, 0x0001, 0x0001, 0x0001, 0x0001, 0x0001, 0x0001, 0x0001,
    0x0001, 0x0001, 0x0001, 0x0001, 0x0001, 0x0001, 0xE411, 0xE000, 0xE062, 0xE043, 0xD843, 0xD843,
    0xE042, 0xE042, 0xE042, 0xE042, 0xE042, 0xE042, 0xE043, 0xD863, 0xE001, 0xDA8B, 0xFFFF, 0xFFFF,
    0xFFFF, 0xFFFF, 0xFFFF, 0xFFFF, 0xFFFF, 0xFFFF, 0xFFFF, 0xFFFF, 0xFFFF, 0xFFFF, 0xFFFF, 0xFFDF,
    0xD987, 0xD802, 0xE043, 0xE043, 0xE042, 0xE042, 0xE042, 0xE042, 0xE042, 0xE042, 0xE042, 0xE042,
    0xE042, 0xE042, 0xE042, 0xE042, 0xE042, 0xE043, 0xE063, 0xE022, 0xD883, 0xE3F1, 0xF71C, 0xFFFF,
    0xFFFF, 0xFFFF, 0xFFFF, 0xF67A, 0xDA8B, 0xE001, 0xE062, 0xE042, 0xE042, 0xE042, 0xE042, 0xE042,
    0xE042, 0xE042, 0xE042, 0xE042, 0xE042, 0xE042, 0xE042, 0xE042, 0xE042, 0xE043, 0xD801, 0xEA0A,
    0xFFFF, 0xFFFF, 0xFFFF, 0xFFFF, 0xFFFF, 0xFFFF, 0xFFFF, 0xFFFF, 0xFFFF, 0xFFFF, 0xFFFF, 0xFFFF,
    0xFFDF, 0xFFFF, 0xDB4E, 0xE000, 0xE063, 0xE042, 0xE042, 0xE042, 0xE042, 0xE042, 0xE042, 0xE042,
    0xE042, 0xD843, 0xE063, 0xD800, 0xD8E5, 0xEEBB, 0x0001, 0x0001, 0x0001, 0x0001, 0x0001, 0x0001,
    0x0001, 0x0001, 0x0001, 0x0001, 0x0001, 0x0001, 0x0001, 0x0001, 0x0001, 0x0001, 0x0001, 0x0001,
    0x0001, 0x0001, 0x0001, 0x0001, 0x0001, 0x0001, 0x0001, 0x0001, 0x0001, 0x0001, 0x0001, 0x0001,
    0x0001, 0x0001, 0x0001, 0x0001, 0x0001, 0x0001, 0x0001, 0x0001, 0x0001, 0x0001, 0x0001, 0x0001,
    0x0001, 0x0001, 0x0001, 0x0001, 0x0001, 0x0001, 0x0001, 0x0001, 0x0001, 0x0001, 0x0001, 0x0001,
    0x0001, 0x0001, 0x0001, 0x0001, 0x0001, 0x0001, 0x0001, 0x0001, 0x0001, 0x0001, 0x0001, 0x0001,
    0x0001, 0x0001, 0x0001, 0x0001, 0x0001, 0x0001, 0x0001, 0x0001, 0x0001, 0x0001, 0x0001, 0x0001,
    0x0001, 0x0001, 0x0001, 0xDBB0, 0xE001, 0xE062, 0xE043, 0xE042, 0xE042, 0xE042, 0xE042, 0xE042,
    0xE042, 0xE042, 0xE042, 0xE042, 0xE043, 0xE063, 0xD800, 0xEB6F, 0xFFFF, 0xFFDF, 0xFFFF, 0xFFFF,
    0xFFFF, 0xFFFF, 0xFFFF, 0xFFFF, 0xFFFF, 0xFFFF, 0xFFFF, 0xFFFF, 0xFFFF, 0xFFFF, 0xDA4A, 0xE001,
    0xE043, 0xE042, 0xE042, 0xE042, 0xE042, 0xE042, 0xE042, 0xE042, 0xE042, 0xE042, 0xE042, 0xE042,
    0xE042, 0xE042, 0xE042, 0xE042, 0xE042, 0xE043, 0xE042, 0xD800, 0xE0A4, 0xE24B, 0xEB0E, 0xE2CC,
    0xD9A7, 0xE042, 0xE001, 0xE063, 0xE042, 0xE042, 0xE042, 0xE042, 0xE042, 0xE042, 0xE042, 0xE042,
    0xE042, 0xE042, 0xE042, 0xE042, 0xE042, 0xE042, 0xE042, 0xE063, 0xD801, 0xEA8C, 0xFFFF, 0xFFFF,
    0xFFFF, 0xFFFF, 0xFFFF, 0xFFFF, 0xFFFF, 0xFFFF, 0xFFFF, 0xFFFF, 0xFFFF, 0xFFFF, 0xFFDF, 0xFFFF,
    0xEC72, 0xE000, 0xE063, 0xE042, 0xE042, 0xE042, 0xE042, 0xE042, 0xE042, 0xE042, 0xE042, 0xE042,
    0xE042, 0xE063, 0xD821, 0xD8C5, 0xF67A, 0x0001, 0x0001, 0x0001, 0x0001, 0x0001, 0x0001, 0x0001,
    0x0001, 0x0001, 0x0001, 0x0001, 0x0001, 0x0001, 0x0001, 0x0001, 0x0001, 0x0001, 0x0001, 0x0001,
    0x0001, 0x0001, 0x0001, 0x0001, 0x0001, 0x0001, 0x0001, 0x0001, 0x0001, 0x0001, 0x0001, 0x0001,
    0x0001, 0x0001, 0x0001, 0x0001, 0x0001, 0x0001, 0x0001, 0x0001, 0x0001, 0x0001, 0x0001, 0x0001,
    0x0001, 0x0001, 0x0001, 0x0001, 0x0001, 0x0001, 0x0001, 0x0001, 0x0001, 0x0001, 0x0001, 0x0001,
    0x0001, 0x0001, 0x0001, 0x0001, 0x0001, 0x0001, 0x0001, 0x0001, 0x0001, 0x0001, 0x0001, 0x0001,
    0x0001, 0x0001, 0x0001, 0x0001, 0x0001, 0x0001, 0x0001, 0x0001, 0x0001, 0x0001, 0x0001, 0x0001,
    0xEC11, 0xD801, 0xE862, 0xD862, 0xE042, 0xE042, 0xE042, 0xE042, 0xE042, 0xE042, 0xE042, 0xE042,
    0xE042, 0xE042, 0xD862, 0xE063, 0xE000, 0xE34E, 0xFFFF, 0xFFDF, 0xFFFF, 0xFFFF, 0xFFFF, 0xFFFF,
    0xFFFF, 0xFFFF, 0xFFFF, 0xFFFF, 0xFFFF, 0xFFFF, 0xFFFF, 0xFFFF, 0xDB0D, 0xE000, 0xE063, 0xD862,
    0xE042, 0xE042, 0xE042, 0xE042, 0xE042, 0xE042, 0xE042, 0xE042, 0xE042, 0xE042, 0xE042, 0xE042,
    0xE042, 0xE042, 0xE042, 0xE042, 0xE043, 0xE063, 0xE042, 0xD801, 0xD801, 0xE001, 0xE001, 0xE043,
    0xE063, 0xE042, 0xE042, 0xE042, 0xE042, 0xE042, 0xE042, 0xE042, 0xE042, 0xE042, 0xE042, 0xE042,
    0xE042, 0xE042, 0xE042, 0xE042, 0xE043, 0xE063, 0xD801, 0xE24A, 0xFFFF, 0xFFFF, 0xFFFF, 0xFFFF,
    0xFFFF, 0xFFFF, 0xFFFF, 0xFFFF, 0xFFFF, 0xFFFF, 0xFFFF, 0xFFFF, 0xFFFF, 0xFFFF, 0xDB4D, 0xE001,
    0xE063, 0xE042, 0xE042, 0xE042, 0xE042, 0xE042, 0xE042, 0xE042, 0xE042, 0xE042, 0xE042, 0xE042,
    0xE063, 0xD821, 0xD8C4, 0xF6BB, 0x0001, 0x0001, 0x0001, 0x0001, 0x0001, 0x0001, 0x0001, 0x0001,
    0x0001, 0x0001, 0x0001, 0x0001, 0x0001, 0x0001, 0x0001, 0x0001, 0x0001, 0x0001, 0x0001, 0x0001,
    0x0001, 0x0001, 0x0001, 0x0001, 0x0001, 0x0001, 0x0001, 0x0001, 0x0001, 0x0001, 0x0001, 0x0001,
    0x0001, 0x0001, 0x0001, 0x0001, 0x0001, 0x0001, 0x0001, 0x0001, 0x0001, 0x0001, 0x0001, 0x0001,
    0x0001, 0x0001, 0x0001, 0x0001, 0x0001, 0x0001, 0x0001, 0x0001, 0x0001, 0x0001, 0x0001, 0x0001,
    0x0001, 0x0001, 0x0001, 0x0001, 0x0001, 0x0001, 0x0001, 0x0001, 0x0001, 0x0001, 0x0001, 0x0001,
    0x0001, 0x0001, 0x0001, 0x0001, 0x0001, 0x0001, 0x0001, 0x0001, 0x0001, 0xE493, 0xE000, 0xE062,
    0xE042, 0xE042, 0xE042, 0xE042, 0xE042, 0xE042, 0xE042, 0xE042, 0xE042, 0xE042, 0xE042, 0xE042,
    0xE042, 0xE063, 0xD800, 0xEAED, 0xFFFF, 0xFFFF, 0xFFFF, 0xFFFF, 0xFFFF, 0xFFFF, 0xFFFF, 0xFFFF,
    0xFFFF, 0xFFFF, 0xFFFF, 0xFFFF, 0xFFFF, 0xFFFF, 0xDA09, 0xE001, 0xE063, 0xE042, 0xE042, 0xE042,
    0xE042, 0xE042, 0xE042, 0xE042, 0xE042, 0xE042, 0xE042, 0xE042, 0xE042, 0xE042, 0xE042, 0xE042,
    0xE042, 0xE043, 0xE043, 0xE043, 0xD863, 0xE083, 0xE863, 0xE063, 0xD883, 0xD883, 0xE063, 0xE043,
    0xE042, 0xE042, 0xE042, 0xE042, 0xE042, 0xE042, 0xE042, 0xE042, 0xE042, 0xE042, 0xE042, 0xE042,
    0xE042, 0xE042, 0xE043, 0xE063, 0xE001, 0xE1A8, 0xFFFF, 0xFFFF, 0xFFFF, 0xFFFF, 0xFFFF, 0xFFFF,
    0xFFFF, 0xFFFF, 0xFFFF, 0xFFFF, 0xFFFF, 0xFFFF, 0xFFFF, 0xFFFF, 0xE1E9, 0xE001, 0xE063, 0xE042,
    0xE042, 0xE042, 0xE042, 0xE042, 0xE042, 0xE042, 0xE042, 0xE042, 0xE042, 0xE042, 0xE043, 0xE063,
    0xD801, 0xD967, 0x0001, 0x0001, 0x0001, 0x0001, 0x0001, 0x0001, 0x0001, 0x0001, 0x0001, 0x0001,
    0x0001, 0x0001, 0x0001, 0x0001, 0x0001, 0x0001, 0x0001, 0x0001, 0x0001, 0x0001, 0x0001, 0x0001,
    0x0001, 0x0001, 0x0001, 0x0001, 0x0001, 0x0001, 0x0001, 0x0001, 0x0001, 0x0001, 0x0001, 0x0001,
    0x0001, 0x0001, 0x0001, 0x0001, 0x0001, 0x0001, 0x0001, 0x0001, 0x0001, 0x0001, 0x0001, 0x0001,
    0x0001, 0x0001, 0x0001, 0x0001, 0x0001, 0x0001, 0x0001, 0x0001, 0x0001, 0x0001, 0x0001, 0x0001,
    0x0001, 0x0001, 0x0001, 0x0001, 0x0001, 0x0001, 0x0001, 0x0001, 0x0001, 0x0001, 0x0001, 0x0001,
    0x0001, 0x0001, 0x0001, 0x0001, 0x0001, 0x0001, 0xEDD7, 0xD822, 0xE042, 0xE043, 0xE042, 0xE042,
    0xE042, 0xE042, 0xE042, 0xE042, 0xE042, 0xE042, 0xE042, 0xE042, 0xE042, 0xE042, 0xE043, 0xE043,
    0xD801, 0xD9A8, 0xFFDF, 0xFFFF, 0xFFFF, 0xFFFF, 0xFFFF, 0xFFFF, 0xFFFF, 0xFFFF, 0xFFFF, 0xFFFF,
    0xFFFF, 0xFFFF, 0xFFFF, 0xFFBE, 0xD926, 0xE021, 0xE043, 0xE042, 0xE042, 0xE042, 0xE042, 0xE042,
    0xE042, 0xE042, 0xE042, 0xE042, 0xE042, 0xE042, 0xE042, 0xE042, 0xE042, 0xE042, 0xE062, 0xE043,
    0xE063, 0xD842, 0xE001, 0xD800, 0xD801, 0xD842, 0xD801, 0xE800, 0xE001, 0xD841, 0xE063, 0xE043,
    0xD843, 0xE042, 0xE042, 0xE042, 0xE042, 0xE042, 0xE042, 0xE042, 0xE042, 0xE042, 0xE042, 0xE042,
    0xE042, 0xE043, 0xE042, 0xD863, 0xEE9A, 0xFFFF, 0xFFFF, 0xFFFF, 0xFFFF, 0xFFFF, 0xFFFF, 0xFFFF,
    0xFFFF, 0xFFFF, 0xFFFF, 0xFFFF, 0xFFFF, 0xF75D, 0xD8A4, 0xE022, 0xE043, 0xE042, 0xE042, 0xE042,
    0xE042, 0xE042, 0xE042, 0xE042, 0xE042, 0xE042, 0xE042, 0xE042, 0xE042, 0xE043, 0xE063, 0xD800,
    0xDA8B, 0x0001, 0x0001, 0x0001, 0x0001, 0x0001, 0x0001, 0x0001, 0x0001, 0x0001, 0x0001, 0x0001,
    0x0001, 0x0001, 0x0001, 0x0001, 0x0001, 0x0001, 0x0001, 0x0001, 0x0001, 0x0001, 0x0001, 0x0001,
    0x0001, 0x0001, 0x0001, 0x0001, 0x0001, 0x0001, 0x0001, 0x0001, 0x0001, 0x0001, 0x0001, 0x0001,
    0x0001, 0x0001, 0x0001, 0x0001, 0x0001, 0x0001, 0x0001, 0x0001, 0x0001, 0x0001, 0x0001, 0x0001,
    0x0001, 0x0001, 0x0001, 0x0001, 0x0001, 0x0001, 0x0001, 0x0001, 0x0001, 0x0001, 0x0001, 0x0001,
    0x0001, 0x0001, 0x0001, 0x0001, 0x0001, 0x0001, 0x0001, 0x0001, 0x0001, 0x0001, 0x0001, 0x0001,
    0x0001, 0x0001, 0x0001, 0xF6FC, 0xD8A5, 0xE042, 0xE063, 0xE043, 0xE042, 0xE042, 0xE042, 0xE042,
    0xE042, 0xE042, 0xE042, 0xE042, 0xE042, 0xE042, 0xE042, 0xE042, 0xE043, 0xE043, 0xE023, 0xD863,
    0xF6FB, 0xFFFF, 0xFFFF, 0xFFFF, 0xFFFF, 0xFFFF, 0xFFFF, 0xFFFF, 0xFFFF, 0xFFFF, 0xFFFF, 0xFFFF,
    0xFFFF, 0xF67A, 0xD822, 0xE043, 0xE042, 0xE042, 0xE042, 0xE042, 0xE042, 0xE042, 0xE042, 0xE042,
    0xE042, 0xE042, 0xE042, 0xE042, 0xE042, 0xE042, 0xE042, 0xD863, 0xE842, 0xE042, 0xD800, 0xE0A4,
    0xE2CC, 0xF4F4, 0xEDF8, 0xF67A, 0xEDB7, 0xEC32, 0xE26B, 0xE063, 0xE001, 0xE042, 0xD883, 0xD843,
    0xE823, 0xE042, 0xE042, 0xE042, 0xE042, 0xE042, 0xE042, 0xE042, 0xE042, 0xE042, 0xE042, 0xE043,
    0xD882, 0xE000, 0xE38F, 0xFFFF, 0xFFDF, 0xFFFF, 0xFFFF, 0xFFFF, 0xFFFF, 0xFFFF, 0xFFFF, 0xFFFF,
    0xFFFF, 0xFFDF, 0xFFFF, 0xE452, 0xE000, 0xE063, 0xE042, 0xE042, 0xE042, 0xE042, 0xE042, 0xE042,
    0xE042, 0xE042, 0xE042, 0xE042, 0xE042, 0xE042, 0xE042, 0xE042, 0xE042, 0xE063, 0xD800, 0xEBF1,
    0x0001, 0x0001, 0x0001, 0x0001, 0x0001, 0x0001, 0x0001, 0x0001, 0x0001, 0x0001, 0x0001, 0x0001,
    0x0001, 0x0001, 0x0001, 0x0001, 0x0001, 0x0001, 0x0001, 0x0001, 0x0001, 0x0001, 0x0001, 0x0001,
    0x0001, 0x0001, 0x0001, 0x0001, 0x0001, 0x0001, 0x0001, 0x0001, 0x0001, 0x0001, 0x0001, 0x0001,
    0x0001, 0x0001, 0x0001, 0x0001, 0x0001, 0x0001, 0x0001, 0x0001, 0x0001, 0x0001, 0x0001, 0x0001,
    0x0001, 0x0001, 0x0001, 0x0001, 0x0001, 0x0001, 0x0001, 0x0001, 0x0001, 0x0001, 0x0001, 0x0001,
    0x0001, 0x0001, 0x0001, 0x0001, 0x0001, 0x0001, 0x0001, 0x0001, 0x0001, 0x0001, 0x0001, 0x0001,
    0x0001, 0xDA6B, 0xD801, 0xE863, 0xE043, 0xE042, 0xE042, 0xE042, 0xE042, 0xE042, 0xE042, 0xE042,
    0xE042, 0xE042, 0xE042, 0xE042, 0xE042, 0xE042, 0xE043, 0xE043, 0xE063, 0xD801, 0xE411, 0xFFFF,
    0xFFDF, 0xFFFF, 0xFFFF, 0xFFFF, 0xFFFF, 0xFFFF, 0xFFFF, 0xFFFF, 0xFFFF, 0xFFDF, 0xFFFF, 0xE36F,
    0xE000, 0xE063, 0xE042, 0xE042, 0xE042, 0xE042, 0xE042, 0xE042, 0xE042, 0xE042, 0xE042, 0xE042,
    0xE042, 0xE042, 0xE042, 0xE042, 0xE042, 0xE063, 0xE001, 0xE083, 0xE3D0, 0xF71C, 0xFFFF, 0xFFFF,
    0xFFFF, 0xFFFF, 0xFFFF, 0xFFFF, 0xFFFF, 0xF6BB, 0xE36F, 0xD842, 0xF002, 0xD863, 0xE043, 0xE042,
    0xE042, 0xE042, 0xE042, 0xE042, 0xE042, 0xE042, 0xE042, 0xE042, 0xE042, 0xE043, 0xE062, 0xE042,
    0xE063, 0xF69A, 0xFFFF, 0xFFDF, 0xFFFF, 0xFFFF, 0xFFFF, 0xFFFF, 0xFFFF, 0xFFFF, 0xFFFF, 0xFFFF,
    0xF73D, 0xD8C4, 0xD842, 0xE043, 0xE042, 0xE042, 0xE042, 0xE042, 0xE042, 0xE042, 0xE042, 0xE042,
    0xE042, 0xE042, 0xE042, 0xE042, 0xE042, 0xE042, 0xE042, 0xE042, 0xE042, 0xD822, 0xF639, 0x0001,
    0x0001, 0x0001, 0x0001, 0x0001, 0x0001, 0x0001, 0x0001, 0x0001, 0x0001, 0x0001, 0x0001, 0x0001,
    0x0001, 0x0001, 0x0001, 0x0001, 0x0001, 0x0001, 0x0001, 0x0001, 0x0001, 0x0001, 0x0001, 0x0001,
    0x0001, 0x0001, 0x0001, 0x0001, 0x0001, 0x0001, 0x0001, 0x0001, 0x0001, 0x0001, 0x0001, 0x0001,
    0x0001, 0x0001, 0x0001, 0x0001, 0x0001, 0x0001, 0x0001, 0x0001, 0x0001, 0x0001, 0x0001, 0x0001,
    0x0001, 0x0001, 0x0001, 0x0001, 0x0001, 0x0001, 0x0001, 0x0001, 0x0001, 0x0001, 0x0001, 0x0001,
    0x0001, 0x0001, 0x0001, 0x0001, 0x0001, 0x0001, 0x0001, 0x0001, 0x0001, 0x0001, 0xE4B3, 0xD801,
    0xE863, 0xE043, 0xE043, 0xE042, 0xE042, 0xE042, 0xE042, 0xE042, 0xE042, 0xE042, 0xE042, 0xE042,
    0xE042, 0xE042, 0xE042, 0xE042, 0xE042, 0xE043, 0xE063, 0xE042, 0xD862, 0xF67A, 0xFFFF, 0xFFDF,
    0xFFFF, 0xFFFF, 0xFFFF, 0xFFFF, 0xFFFF, 0xFFFF, 0xFFDF, 0xFFFF, 0xEE9A, 0xD862, 0xE042, 0xE043,
    0xE042, 0xE042, 0xE042, 0xE042, 0xE042, 0xE042, 0xE042, 0xE042, 0xE042, 0xE042, 0xE042, 0xE042,
    0xE043, 0xE042, 0xE062, 0xD801, 0xD9E9, 0xF69A, 0xFFFF, 0xFFFF, 0xFFFF, 0xFFDF, 0xFFFF, 0xFFFF,
    0xFFFF, 0xFFDF, 0xFFFF, 0xFFFF, 0xFFFF, 0xE618, 0xD167, 0xD801, 0xE062, 0xE042, 0xE042, 0xE042,
    0xE042, 0xE042, 0xE042, 0xE042, 0xE042, 0xE042, 0xE042, 0xE042, 0xE043, 0xD863, 0xE001, 0xE1A8,
    0xF77D, 0xFFFF, 0xFFDF, 0xFFFF, 0xFFFF, 0xFFFF, 0xFFFF, 0xFFDF, 0xFFFF, 0xF7DF, 0xDA2A, 0xE001,
    0xE043, 0xE042, 0xE042, 0xE042, 0xE042, 0xE042, 0xE042, 0xE042, 0xE042, 0xE042, 0xE042, 0xE042,
    0xE042, 0xE042, 0xE042, 0xE042, 0xE042, 0xE043, 0xE063, 0xE021, 0xE147, 0x0001, 0x0001, 0x0001,
    0x0001, 0x0001, 0x0001, 0x0001, 0x0001, 0x0001, 0x0001, 0x0001, 0x0001, 0x0001, 0x0001, 0x0001,
    0x0001, 0x0001, 0x0001, 0x0001, 0x0001, 0x0001, 0x0001, 0x0001, 0x0001, 0x0001, 0x0001, 0x0001,
    0x0001, 0x0001, 0x0001, 0x0001, 0x0001, 0x0001, 0x0001, 0x0001, 0x0001, 0x0001, 0x0001, 0x0001,
    0x0001, 0x0001, 0x0001, 0x0001, 0x0001, 0x0001, 0x0001, 0x0001, 0x0001, 0x0001, 0x0001, 0x0001,
    0x0001, 0x0001, 0x0001, 0x0001, 0x0001, 0x0001, 0x0001, 0x0001, 0x0001, 0x0001, 0x0001, 0x0001,
    0x0001, 0x0001, 0x0001, 0x0001, 0x0001, 0x0001, 0x0001, 0xF6FC, 0xD884, 0xE042, 0xE043, 0xE042,
    0xE042, 0xE042, 0xE042, 0xE042, 0xE042, 0xE042, 0xE042, 0xE042, 0xE042, 0xE042, 0xE042, 0xE042,
    0xE042, 0xE042, 0xE042, 0xE042, 0xE042, 0xE063, 0xE001, 0xD1A8, 0xFFFF, 0xFFFF, 0xFFDF, 0xFFFF,
    0xFFFF, 0xFFFF, 0xFFFF, 0xFFDF, 0xFFFF, 0xFF9E, 0xD988, 0xD821, 0xE063, 0xE042, 0xE042, 0xE042,
    0xE042, 0xE042, 0xE042, 0xE042, 0xE042, 0xE042, 0xE042, 0xE042, 0xE042, 0xE043, 0xD862, 0xE062,
    0xD800, 0xE34E, 0xF7FF, 0xFFFF, 0xFFDF, 0xFFFF, 0xFFFF, 0xFFFF, 0xFFFF, 0xFFFF, 0xFFFF, 0xFFFF,
    0xFFFF, 0xFFFF, 0xFFDF, 0xFFFF, 0xF77E, 0xE1E9, 0xE001, 0xD883, 0xD862, 0xE042, 0xE042, 0xE042,
    0xE042, 0xE042, 0xE042, 0xE042, 0xE042, 0xE042, 0xE042, 0xE042, 0xE063, 0xE001, 0xD9C9, 0xEEFC,
    0xFFFF, 0xFFFF, 0xFFFF, 0xFFFF, 0xFFFF, 0xFFFF, 0xFF5D, 0xD28C, 0xE001, 0xE062, 0xE042, 0xE042,
    0xE042, 0xE042, 0xE042, 0xE042, 0xE042, 0xE042, 0xE042, 0xE042, 0xE042, 0xE042, 0xE042, 0xE042,
    0xE042, 0xE042, 0xE042, 0xE043, 0xE043, 0xE063, 0xD800, 0xE36E, 0x0001, 0x0001, 0x0001, 0x0001,
    0x0001, 0x0001, 0x0001, 0x0001, 0x0001, 0x0001, 0x0001, 0x0001, 0x0001, 0x0001, 0x0001, 0x0001,
    0x0001, 0x0001, 0x0001, 0x0001, 0x0001, 0x0001, 0x0001, 0x0001, 0x0001, 0x0001, 0x0001, 0x0001,
    0x0001, 0x0001, 0x0001, 0x0001, 0x0001, 0x0001, 0x0001, 0x0001, 0x0001, 0x0001, 0x0001, 0x0001,
    0x0001, 0x0001, 0x0001, 0x0001, 0x0001, 0x0001, 0x0001, 0x0001, 0x0001, 0x0001, 0x0001, 0x0001,
    0x0001, 0x0001, 0x0001, 0x0001, 0x0001, 0x0001, 0x0001, 0x0001, 0x0001, 0x0001, 0x0001, 0x0001,
    0x0001, 0x0001, 0x0001, 0x0001, 0x0001, 0xDA8C, 0xE001, 0xE063, 0xE042, 0xE042, 0xE042, 0xE042,
    0xE042, 0xE042, 0xE042, 0xE042, 0xE042, 0xE042, 0xE042, 0xE042, 0xE042, 0xE042, 0xE042, 0xE042,
    0xE042, 0xE042, 0xE042, 0xE042, 0xE063, 0xE001, 0xE28C, 0xF6FC, 0xFFFF, 0xFFFF, 0xFFFF, 0xFFFF,
    0xFFFF, 0xFFFF, 0xEE7A, 0xD9A8, 0xE000, 0xE063, 0xE043, 0xE042, 0xE042, 0xE042, 0xE042, 0xE042,
    0xE042, 0xE042, 0xE042, 0xE042, 0xE042, 0xE042, 0xE042, 0xE042, 0xE063, 0xE000, 0xE32E, 0xFFFF,
    0xFFFF, 0xFFFF, 0xFFFF, 0xFFFF, 0xFFFF, 0xFFFF, 0xFFFF, 0xFFFF, 0xFFFF, 0xFFFF, 0xFFFF, 0xFFFF,
    0xFFFF, 0xFFDF, 0xFFFF, 0xF79E, 0xD9C8, 0xE802, 0xE063, 0xD862, 0xE042, 0xE042, 0xE042, 0xE042,
    0xE042, 0xE042, 0xE042, 0xE042, 0xE042, 0xE042, 0xE042, 0xD863, 0xE001, 0xD8A4, 0xE411, 0xF639,
    0xF73C, 0xEF5D, 0xF6BB, 0xEC31, 0xE105, 0xE001, 0xE062, 0xD862, 0xE042, 0xE042, 0xE042, 0xE042,
    0xE042, 0xE042, 0xE042, 0xE042, 0xE042, 0xE042, 0xE042, 0xE042, 0xE042, 0xE042, 0xE042, 0xE042,
    0xE042, 0xE042, 0xE043, 0xE043, 0xE043, 0xD822, 0xEE18, 0x0001, 0x0001, 0x0001, 0x0001, 0x0001,
    0x0001, 0x0001, 0x0001, 0x0001, 0x0001, 0x0001, 0x0001, 0x0001, 0x0001, 0x0001, 0x0001, 0x0001,
    0x0001, 0x0001, 0x0001, 0x0001, 0x0001, 0x0001, 0x0001, 0x0001, 0x0001, 0x0001, 0x0001, 0x0001,
    0x0001, 0x0001, 0x0001, 0x0001, 0x0001, 0x0001, 0x0001, 0x0001, 0x0001, 0x0001, 0x0001, 0x0001,
    0x0001, 0x0001, 0x0001, 0x0001, 0x0001, 0x0001, 0x0001, 0x0001, 0x0001, 0x0001, 0x0001, 0x0001,
    0x0001, 0x0001, 0x0001, 0x0001, 0x0001, 0x0001, 0x0001, 0x0001, 0x0001, 0x0001, 0x0001, 0x0001,
    0x0001, 0x0001, 0xEDD8, 0xE001, 0xE062, 0xE042, 0xE042, 0xE042, 0xE042, 0xE042, 0xE042, 0xE042,
    0xE042, 0xE042, 0xE042, 0xE042, 0xE042, 0xE042, 0xE042, 0xE042, 0xE042, 0xE042, 0xE042, 0xE042,
    0xE042, 0xE042, 0xE042, 0xE843, 0xD001, 0xE0A4, 0xE32E, 0xF5B7, 0xEE9A, 0xEE59, 0xF536, 0xE36F,
    0xD863, 0xD801, 0xE843, 0xE042, 0xE042, 0xE042, 0xE042, 0xE042, 0xE042, 0xE042, 0xE042, 0xE042,
    0xE042, 0xE042, 0xE042, 0xE042, 0xE042, 0xE063, 0xE001, 0xD9E9, 0xFFBF, 0xFFFF, 0xFFFF, 0xFFFF,
    0xFFFF, 0xFFFF, 0xFFFF, 0xFFFF, 0xFFFF, 0xFFDF, 0xFFFF, 0xFFFF, 0xFFFF, 0xFFFF, 0xFFFF, 0xFFFF,
    0xFFDF, 0xFFFF, 0xEEFC, 0xD0A4, 0xE822, 0xD863, 0xE042, 0xE042, 0xE042, 0xE042, 0xE042, 0xE042,
    0xE042, 0xE042, 0xE042, 0xE042, 0xE043, 0xD843, 0xE043, 0xE022, 0xD800, 0xD822, 0xD8A4, 0xD0C4,
    0xD863, 0xD801, 0xE022, 0xE062, 0xD862, 0xE042, 0xE042, 0xE042, 0xE042, 0xE042, 0xE042, 0xE042,
    0xE042, 0xE042, 0xE042, 0xE042, 0xE042, 0xE042, 0xE042, 0xE042, 0xE042, 0xE042, 0xE042, 0xE042,
    0xE043, 0xE043, 0xE063, 0xE001, 0xDA09, 0x0001, 0x0001, 0x0001, 0x0001, 0x0001, 0x0001, 0x0001,
    0x0001, 0x0001, 0x0001, 0x0001, 0x0001, 0x0001, 0x0001, 0x0001, 0x0001, 0x0001, 0x0001, 0x0001,
    0x0001, 0x0001, 0x0001, 0x0001, 0x0001, 0x0001, 0x0001, 0x0001, 0x0001, 0x0001, 0x0001, 0x0001,
    0x0001, 0x0001, 0x0001, 0x0001, 0x0001, 0x0001, 0x0001, 0x0001, 0x0001, 0x0001, 0x0001, 0x0001,
    0x0001, 0x0001, 0x0001, 0x0001, 0x0001, 0x0001, 0x0001, 0x0001, 0x0001, 0x0001, 0x0001, 0x0001,
    0x0001, 0x0001, 0x0001, 0x0001, 0x0001, 0x0001, 0x0001, 0x0001, 0x0001, 0x0001, 0x0001, 0x0001,
    0xDA0A, 0xE001, 0xE043, 0xD863, 0xE042, 0xE042, 0xE042, 0xE042, 0xE042, 0xE042, 0xE042, 0xE042,
    0xE042, 0xE042, 0xE042, 0xE042, 0xE042, 0xE042, 0xE042, 0xE042, 0xE042, 0xE042, 0xE042, 0xE042,
    0xE042, 0xE043, 0xE063, 0xE042, 0xD801, 0xE001, 0xD801, 0xD801, 0xE000, 0xE000, 0xE042, 0xE083,
    0xD863, 0xE042, 0xE042, 0xE042, 0xE042, 0xE042, 0xE042, 0xE042, 0xE042, 0xE042, 0xE042, 0xE043,
    0xE042, 0xE043, 0xD863, 0xE021, 0xD926, 0xF73C, 0xFFFF, 0xFFFF, 0xFFFF, 0xFFFF, 0xFFFF, 0xFFFF,
    0xFFFF, 0xFFFF, 0xFFFF, 0xFFFF, 0xFFFF, 0xFFFF, 0xFFFF, 0xFFFF, 0xFFFF, 0xFFFF, 0xFFFF, 0xFFDF,
    0xFFFF, 0xE576, 0xE001, 0xE062, 0xE042, 0xE042, 0xE042, 0xE042, 0xE042, 0xE042, 0xE042, 0xE042,
    0xE042, 0xE042, 0xE042, 0xE042, 0xD843, 0xD863, 0xE083, 0xE063, 0xE042, 0xE042, 0xE842, 0xE863,
    0xE063, 0xE043, 0xE043, 0xE043, 0xE043, 0xE042, 0xE042, 0xE042, 0xE042, 0xE042, 0xE042, 0xE042,
    0xE042, 0xE042, 0xE042, 0xE042, 0xE042, 0xE042, 0xE042, 0xE042, 0xE042, 0xE042, 0xE042, 0xE042,
    0xE042, 0xE063, 0xD800, 0xEDB7, 0x0001, 0x0001, 0x0001, 0x0001, 0x0001, 0x0001, 0x0001, 0x0001,
    0x0001, 0x0001, 0x0001, 0x0001, 0x0001, 0x0001, 0x0001, 0x0001, 0x0001, 0x0001, 0x0001, 0x0001,
    0x0001, 0x0001, 0x0001, 0x0001, 0x0001, 0x0001, 0x0001, 0x0001, 0x0001, 0x0001, 0x0001, 0x0001,
    0x0001, 0x0001, 0x0001, 0x0001, 0x0001, 0x0001, 0x0001, 0x0001, 0x0001, 0x0001, 0x0001, 0x0001,
    0x0001, 0x0001, 0x0001, 0x0001, 0x0001, 0x0001, 0x0001, 0x0001, 0x0001, 0x0001, 0x0001, 0x0001,
    0x0001, 0x0001, 0x0001, 0x0001, 0x0001, 0x0001, 0x0001, 0x0001, 0x0001, 0xEE18, 0xE001, 0xE062,
    0xE042, 0xD843, 0xE042, 0xE042, 0xE042, 0xE042, 0xE042, 0xE042, 0xE042, 0xE042, 0xE042, 0xE042,
    0xE042, 0xE042, 0xE042, 0xE042, 0xE042, 0xE042, 0xE042, 0xE042, 0xE042, 0xE042, 0xE043, 0xE063,
    0xE001, 0xE000, 0xD822, 0xD8C5, 0xE147, 0xD967, 0xD966, 0xD883, 0xD801, 0xD800, 0xE022, 0xE063,
    0xE043, 0xE042, 0xE042, 0xE042, 0xE042, 0xE042, 0xE042, 0xE042, 0xE042, 0xE042, 0xE043, 0xE042,
    0xE062, 0xD801, 0xEDF8, 0xFFFF, 0xFFDF, 0xFFFF, 0xFFFF, 0xFFFF, 0xFFFF, 0xFFFF, 0xFF9E, 0xF5D7,
    0xED35, 0xDC31, 0xED96, 0xF77D, 0xFFFF, 0xFFFF, 0xFFFF, 0xFFFF, 0xFFFF, 0xFFFF, 0xFFDF, 0xFFFF,
    0xE30D, 0xE000, 0xE063, 0xE043, 0xE042, 0xE042, 0xE042, 0xE042, 0xE042, 0xE042, 0xE042, 0xE042,
    0xE042, 0xE042, 0xD883, 0xE042, 0xE801, 0xD801, 0xD801, 0xD801, 0xE001, 0xD800, 0xD800, 0xE002,
    0xD862, 0xE063, 0xE043, 0xE042, 0xE042, 0xE042, 0xE042, 0xE042, 0xE042, 0xE042, 0xE042, 0xE042,
    0xE042, 0xE042, 0xE042, 0xE042, 0xE042, 0xE042, 0xE042, 0xE042, 0xE042, 0xE042, 0xE042, 0xE063,
    0xE001, 0xE26B, 0x0001, 0x0001, 0x0001, 0x0001, 0x0001, 0x0001, 0x0001, 0x0001, 0x0001, 0x0001,
    0x0001, 0x0001, 0x0001, 0x0001, 0x0001, 0x0001, 0x0001, 0x0001, 0x0001, 0x0001, 0x0001, 0x0001,
    0x0001, 0x0001, 0x0001, 0x0001, 0x0001, 0x0001, 0x0001, 0x0001, 0x0001, 0x0001, 0x0001, 0x0001,
    0x0001, 0x0001, 0x0001, 0x0001, 0x0001, 0x0001, 0x0001, 0x0001, 0x0001, 0x0001, 0x0001, 0x0001,
    0x0001, 0x0001, 0x0001, 0x0001, 0x0001, 0x0001, 0x0001, 0x0001, 0x0001, 0x0001, 0x0001, 0x0001,
    0x0001, 0x0001, 0x0001, 0x0001, 0x0001, 0x0001, 0x0001, 0xE30D, 0xE001, 0xE063, 0xE042, 0xE042,
    0xE042, 0xE042, 0xE042, 0xE042, 0xE042, 0xE042, 0xE042, 0xE042, 0xE042, 0xE042, 0xE042, 0xE042,
    0xE042, 0xE042, 0xE042, 0xE042, 0xE042, 0xE042, 0xE042, 0xE063, 0xE021, 0xD801, 0xD987, 0xEBF0,
    0xEDF8, 0xF73D, 0xF7DF, 0xF7FF, 0xF7BE, 0xF6DC, 0xEDB7, 0xE34E, 0xE0C5, 0xD800, 0xE042, 0xE063,
    0xE042, 0xE042, 0xE042, 0xE042, 0xE042, 0xE042, 0xE042, 0xE042, 0xE043, 0xE062, 0xE001, 0xDBB0,
    0xFFFF, 0xFFDF, 0xFFFF, 0xFFFF, 0xFFFF, 0xFFDF, 0xFFFF, 0xE4D3, 0xE126, 0xE001, 0xD801, 0xE000,
    0xD801, 0xD8C5, 0xE34E, 0xF75D, 0xFFFF, 0xFFFF, 0xFFFF, 0xFFFF, 0xFFFF, 0xFFFF, 0xF73D, 0xE0C5,
    0xE022, 0xE043, 0xE042, 0xE042, 0xE042, 0xE042, 0xE042, 0xE042, 0xE042, 0xE042, 0xD863, 0xE063,
    0xE001, 0xD043, 0xD9A8, 0xE38F, 0xECB3, 0xED76, 0xED15, 0xEBD0, 0xEB2E, 0xD967, 0xE021, 0xE000,
    0xE063, 0xE043, 0xE042, 0xE042, 0xE042, 0xE042, 0xE042, 0xE042, 0xE042, 0xE042, 0xE042, 0xE042,
    0xE042, 0xE042, 0xE042, 0xE042, 0xE042, 0xE042, 0xE042, 0xE042, 0xE042, 0xE042, 0xD843, 0xD862,
    0xF6BB, 0x0001, 0x0001, 0x0001, 0x0001, 0x0001, 0x0001, 0x0001, 0x0001, 0x0001, 0x0001, 0x0001,
    0x0001, 0x0001, 0x0001, 0x0001, 0x0001, 0x0001, 0x0001, 0x0001, 0x0001, 0x0001, 0x0001, 0x0001,
    0x0001, 0x0001, 0x0001, 0x0001, 0x0001, 0x0001, 0x0001, 0x0001, 0x0001, 0x0001, 0x0001, 0x0001,
    0x0001, 0x0001, 0x0001, 0x0001, 0x0001, 0x0001, 0x0001, 0x0001, 0x0001, 0x0001, 0x0001, 0x0001,
    0x0001, 0x0001, 0x0001, 0x0001, 0x0001, 0x0001, 0x0001, 0x0001, 0x0001, 0x0001, 0x0001, 0x0001,
    0x0001, 0x0001, 0x0001, 0x0001, 0x0001, 0xD8A4, 0xD842, 0xE043, 0xE042, 0xE042, 0xE042, 0xE042,
    0xE042, 0xE042, 0xE042, 0xE042, 0xE042, 0xE042, 0xE042, 0xE042, 0xE042, 0xE042, 0xE042, 0xE042,
    0xE042, 0xE042, 0xE043, 0xE043, 0xE063, 0xE000, 0xD126, 0xED55, 0xFFDF, 0xFFFF, 0xFFFF, 0xFFFF,
    0xFFFF, 0xFFFF, 0xFFFF, 0xFFFF, 0xFFFF, 0xFFFF, 0xF75D, 0xE3AF, 0xD822, 0xE022, 0xE063, 0xE043,
    0xE042, 0xE042, 0xE042, 0xE042, 0xE042, 0xE042, 0xE043, 0xE022, 0xD105, 0xF79E, 0xFFFF, 0xFFFF,
    0xFFFF, 0xFFFF, 0xFFDF, 0xFFFF, 0xE3D0, 0xD800, 0xE021, 0xE063, 0xE063, 0xE063, 0xE063, 0xE022,
    0xE000, 0xD947, 0xEE9A, 0xFFFF, 0xFFDF, 0xFFFF, 0xFFFF, 0xFFDF, 0xFFFF, 0xE432, 0xD800, 0xE063,
    0xE042, 0xE042, 0xE042, 0xE042, 0xE042, 0xE043, 0xE043, 0xE063, 0xD841, 0xE001, 0xDB0D, 0xEE9A,
    0xFFFF, 0xFFFF, 0xFFFF, 0xFFFF, 0xFFFF, 0xFFFF, 0xFFFF, 0xFFDF, 0xEE18, 0xDAAB, 0xD801, 0xE022,
    0xE043, 0xE042, 0xE042, 0xE042, 0xE042, 0xE042, 0xE042, 0xE042, 0xE042, 0xE042, 0xE042, 0xE042,
    0xE042, 0xE042, 0xE042, 0xE042, 0xE042, 0xE042, 0xE042, 0xE043, 0xE063, 0xE000, 0xE411, 0x0001,
    0x0001, 0x0001, 0x0001, 0x0001, 0x0001, 0x0001, 0x0001, 0x0001, 0x0001, 0x0001, 0x0001, 0x0001,
    0x0001, 0x0001, 0x0001, 0x0001, 0x0001, 0x0001, 0x0001, 0x0001, 0x0001, 0x0001, 0x0001, 0x0001,
    0x0001, 0x0001, 0x0001, 0x0001, 0x0001, 0x0001, 0x0001, 0x0001, 0x0001, 0x0001, 0x0001, 0x0001,
    0x0001, 0x0001, 0x0001, 0x0001, 0x0001, 0x0001, 0x0001, 0x0001, 0x0001, 0x0001, 0x0001, 0x0001,
    0x0001, 0x0001, 0x0001, 0x0001, 0x0001, 0x0001, 0x0001, 0x0001, 0x0001, 0x0001, 0x0001, 0x0001,
    0x0001, 0x0001, 0xEDB7, 0xD801, 0xE063, 0xE042, 0xE042, 0xE042, 0xE042, 0xE042, 0xE042, 0xE042,
    0xE042, 0xE042, 0xE042, 0xE042, 0xE042, 0xE042, 0xE042, 0xE042, 0xE042, 0xE042, 0xE042, 0xE042,
    0xE063, 0xE063, 0xE001, 0xDA6A, 0xF71C, 0xFFFF, 0xFFFF, 0xFFDF, 0xFFFF, 0xFFFF, 0xFFFF, 0xFFFF,
    0xFFFF, 0xFFFF, 0xFFFF, 0xFFDF, 0xFFFF, 0xFFFF, 0xEDD7, 0xE0A4, 0xD821, 0xE063, 0xE042, 0xE042,
    0xE042, 0xE042, 0xE042, 0xE042, 0xE063, 0xE000, 0xE3D0, 0xFFFF, 0xFFFF, 0xFFFF, 0xFFFF, 0xFFFF,
    0xFFFF, 0xECD4, 0xD801, 0xE063, 0xE063, 0xE042, 0xE042, 0xE042, 0xE042, 0xE043, 0xD883, 0xE801,
    0xD8A4, 0xEEBB, 0xFFFF, 0xFFFF, 0xFFFF, 0xFFFF, 0xFFFF, 0xF71C, 0xD8A4, 0xE022, 0xE063, 0xE043,
    0xE042, 0xE042, 0xE042, 0xE042, 0xE063, 0xE001, 0xD8C4, 0xE555, 0xFFFF, 0xFFFF, 0xFFFF, 0xFFFF,
    0xFFDF, 0xFFFF, 0xFFDF, 0xFFDF, 0xFFFF, 0xFFFF, 0xFFFF, 0xFFFF, 0xED56, 0xD0C5, 0xE001, 0xE063,
    0xE042, 0xE042, 0xE042, 0xE042, 0xE042, 0xE042, 0xE042, 0xE042, 0xE042, 0xE042, 0xE042, 0xE042,
    0xE042, 0xE042, 0xE042, 0xE042, 0xE042, 0xE043, 0xD862, 0xE001, 0xDA09, 0x0001, 0x0001, 0x0001,
    0x0001, 0x0001, 0x0001, 0x0001, 0x0001, 0x0001, 0x0001, 0x0001, 0x0001, 0x0001, 0x0001, 0x0001,
    0x0001, 0x0001, 0x0001, 0x0001, 0x0001, 0x0001, 0x0001, 0x0001, 0x0001, 0x0001, 0x0001, 0x0001,
    0x0001, 0x0001, 0x0001, 0x0001, 0x0001, 0x0001, 0x0001, 0x0001, 0x0001, 0x0001, 0x0001, 0x0001,
    0x0001, 0x0001, 0x0001, 0x0001, 0x0001, 0x0001, 0x0001, 0x0001, 0x0001, 0x0001, 0x0001, 0x0001,
    0x0001, 0x0001, 0x0001, 0x0001, 0x0001, 0x0001, 0x0001, 0x0001, 0x0001, 0x0001, 0x0001, 0x0001,
    0xEB2E, 0xE001, 0xE063, 0xE042, 0xE042, 0xE042, 0xE042, 0xE042, 0xE042, 0xE042, 0xE042, 0xE042,
    0xE042, 0xE042, 0xE042, 0xE042, 0xE042, 0xE042, 0xE042, 0xE042, 0xE042, 0xE042, 0xE063, 0xE001,
    0xE3D0, 0xFFFF, 0xFFFF, 0xFFDF, 0xFFFF, 0xFFFF, 0xFFFF, 0xFFFF, 0xFFFF, 0xFFFF, 0xFFFF, 0xFFFF,
    0xFFFF, 0xFFFF, 0xFFFF, 0xFFDF, 0xFFFF, 0xF6DB, 0xE127, 0xE001, 0xE063, 0xE042, 0xE042, 0xE042,
    0xE042, 0xE043, 0xE041, 0xD8C4, 0xF71D, 0xFFFF, 0xFFFF, 0xFFFF, 0xFFFF, 0xFFFF, 0xEE19, 0xD802,
    0xE042, 0xE063, 0xE042, 0xE042, 0xE042, 0xE042, 0xE042, 0xE043, 0xE043, 0xE063, 0xE001, 0xE147,
    0xF75D, 0xFFFF, 0xFFFF, 0xFFFF, 0xFFFF, 0xFFFF, 0xE2ED, 0xE001, 0xE063, 0xE043, 0xE042, 0xE042,
    0xE042, 0xE062, 0xE001, 0xD9E9, 0xEEFB, 0xFFFF, 0xFFFF, 0xFFFF, 0xFFFF, 0xFFFF, 0xFFFF, 0xFFFF,
    0xFFFF, 0xFFFF, 0xFFFF, 0xFFFF, 0xFFFF, 0xFFFF, 0xFFFF, 0xF6FC, 0xDA09, 0xE001, 0xE063, 0xE042,
    0xE042, 0xE042, 0xE042, 0xE042, 0xE042, 0xE042, 0xE042, 0xE042, 0xE042, 0xE042, 0xE042, 0xE042,
    0xE042, 0xE042, 0xE042, 0xE043, 0xD862, 0xE042, 0xE043, 0xF6BB, 0x0001, 0x0001, 0x0001, 0x0001,
    0x0001, 0x0001, 0x0001, 0x0001, 0x0001, 0x0001, 0x0001, 0x0001, 0x0001, 0x0001, 0x0001, 0x0001,
    0x0001, 0x0001, 0x0001, 0x0001, 0x0001, 0x0001, 0x0001, 0x0001, 0x0001, 0x0001, 0x0001, 0x0001,
    0x0001, 0x0001, 0x0001, 0x0001, 0x0001, 0x0001, 0x0001, 0x0001, 0x0001, 0x0001, 0x0001, 0x0001,
    0x0001, 0x0001, 0x0001, 0x0001, 0x0001, 0x0001, 0x0001, 0x0001, 0x0001, 0x0001, 0x0001, 0x0001,
    0x0001, 0x0001, 0x0001, 0x0001, 0x0001, 0x0001, 0x0001, 0x0001, 0x0001, 0x0001, 0xE0E5, 0xE022,
    0xE043, 0xE042, 0xE042, 0xE042, 0xE042, 0xE042, 0xE042, 0xE042, 0xE042, 0xE042, 0xE042, 0xE042,
    0xE042, 0xE042, 0xE042, 0xE042, 0xE042, 0xE042, 0xE043, 0xE063, 0xD800, 0xDBD0, 0xFFFF, 0xFFFF,
    0xFFFF, 0xFFFF, 0xFFFF, 0xFFFF, 0xFFFF, 0xFFFF, 0xFFFF, 0xFFFF, 0xFFFF, 0xFFFF, 0xFFFF, 0xFFFF,
    0xFFFF, 0xFFFF, 0xFFDF, 0xFFFF, 0xF71C, 0xD905, 0xE022, 0xE043, 0xE042, 0xE042, 0xE042, 0xE063,
    0xD800, 0xE32E, 0xFFFF, 0xFFDF, 0xFFFF, 0xFFFF, 0xFFFF, 0xF7DF, 0xD988, 0xE020, 0xE063, 0xE042,
    0xE042, 0xE042, 0xE042, 0xE042, 0xE042, 0xE042, 0xE043, 0xE043, 0xD883, 0xD800, 0xEBB0, 0xFFFF,
    0xFFDF, 0xFFFF, 0xFFFF, 0xFFFF, 0xED76, 0xD801, 0xE062, 0xD862, 0xE042, 0xD843, 0xE063, 0xE001,
    0xDA09, 0xF79E, 0xFFFF, 0xFFDF, 0xFFFF, 0xFFFF, 0xFFFF, 0xFFFF, 0xFFFF, 0xFFFF, 0xFFFF, 0xFFFF,
    0xFFFF, 0xFFFF, 0xFFFF, 0xFFFF, 0xFFDF, 0xFFFF, 0xF7BF, 0xDA6A, 0xE001, 0xE063, 0xD842, 0xE042,
    0xE042, 0xE042, 0xE042, 0xE042, 0xE042, 0xE042, 0xE042, 0xE042, 0xE042, 0xE042, 0xE042, 0xE042,
    0xE042, 0xD842, 0xE043, 0xE063, 0xD800, 0xEC93, 0x0001, 0x0001, 0x0001, 0x0001, 0x0001, 0x0001,
    0x0001, 0x0001, 0x0001, 0x0001, 0x0001, 0x0001, 0x0001, 0x0001, 0x0001, 0x0001, 0x0001, 0x0001,
    0x0001, 0x0001, 0x0001, 0x0001, 0x0001, 0x0001, 0x0001, 0x0001, 0x0001, 0x0001, 0x0001, 0x0001,
    0x0001, 0x0001, 0x0001, 0x0001, 0x0001, 0x0001, 0x0001, 0x0001, 0x0001, 0x0001, 0x0001, 0x0001,
    0x0001, 0x0001, 0x0001, 0x0001, 0x0001, 0x0001, 0x0001, 0x0001, 0x0001, 0x0001, 0x0001, 0x0001,
    0x0001, 0x0001, 0x0001, 0x0001, 0x0001, 0x0001, 0x0001, 0xEE18, 0xD801, 0xE043, 0xE042, 0xE042,
    0xE042, 0xE042, 0xE042, 0xE042, 0xE042, 0xE042, 0xE042, 0xE042, 0xE042, 0xE042, 0xE042, 0xE042,
    0xE042, 0xE042, 0xE042, 0xE042, 0xD883, 0xE001, 0xDAEC, 0xFFFF, 0xFFFF, 0xFFFF, 0xFFFF, 0xFFFF,
    0xFFFF, 0xFFFF, 0xFFFF, 0xFFFF, 0xFFFF, 0xFFFF, 0xFFFF, 0xFFFF, 0xFFFF, 0xFFFF, 0xFFFF, 0xFFFF,
    0xFFFF, 0xFFDF, 0xFFFF, 0xF639, 0xD842, 0xE042, 0xD862, 0xE042, 0xE042, 0xE043, 0xD801, 0xEE18,
    0xFFFF, 0xFFFF, 0xFFFF, 0xFFFF, 0xFFFF, 0xE472, 0xE001, 0xE062, 0xE043, 0xE043, 0xE042, 0xE042,
    0xE042, 0xE042, 0xE042, 0xE042, 0xE042, 0xE042, 0xE063, 0xE042, 0xE0C5, 0xF75D, 0xFFFF, 0xFFFF,
    0xFFFF, 0xFFFF, 0xF75D, 0xD8A4, 0xE042, 0xE043, 0xE043, 0xE063, 0xE021, 0xD947, 0xF77D, 0xFFFF,
    0xFFFF, 0xFFFF, 0xFFFF, 0xFFFF, 0xFFFF, 0xFFFF, 0xFFDF, 0xFFFF, 0xFFDF, 0xFFDF, 0xFFFF, 0xFFFF,
    0xFFFF, 0xFFFF, 0xFFFF, 0xFFFF, 0xFFFF, 0xFFDF, 0xD9C8, 0xE001, 0xE063, 0xE043, 0xE042, 0xE042,
    0xE042, 0xE042, 0xE042, 0xE042, 0xE042, 0xE042, 0xE042, 0xE042, 0xE042, 0xE042, 0xE042, 0xE042,
    0xE042, 0xE063, 0xE001, 0xE30D, 0x0001, 0x0001, 0x0001, 0x0001, 0x0001, 0x0001, 0x0001, 0x0001,
    0x0001, 0x0001, 0x0001, 0x0001, 0x0001, 0x0001, 0x0001, 0x0001, 0x0001, 0x0001, 0x0001, 0x0001,
    0x0001, 0x0001, 0x0001, 0x0001, 0x0001, 0x0001, 0x0001, 0x0001, 0x0001, 0x0001, 0x0001, 0x0001,
    0x0001, 0x0001, 0x0001, 0x0001, 0x0001, 0x0001, 0x0001, 0x0001, 0x0001, 0x0001, 0x0001, 0x0001,
    0x0001, 0x0001, 0x0001, 0x0001, 0x0001, 0x0001, 0x0001, 0x0001, 0x0001, 0x0001, 0x0001, 0x0001,
    0x0001, 0x0001, 0x0001, 0x0001, 0x0001, 0xECB4, 0xD800, 0xE063, 0xE042, 0xE042, 0xE042, 0xE042,
    0xE042, 0xE042, 0xE042, 0xE042, 0xE042, 0xE042, 0xE042, 0xE042, 0xE042, 0xE042, 0xE042, 0xE042,
    0xE043, 0xE043, 0xE020, 0xD967, 0xF77E, 0xFFFF, 0xFFFF, 0xFFFF, 0xFFFF, 0xFFFF, 0xFFFF, 0xFFFF,
    0xFFFF, 0xF71C, 0xFEFC, 0xFF1C, 0xF7DF, 0xFFFF, 0xFFFF, 0xFFFF, 0xFFFF, 0xFFFF, 0xFFFF, 0xFFFF,
    0xFFDF, 0xFFFF, 0xEC93, 0xD800, 0xE063, 0xE042, 0xE063, 0xE001, 0xE1A8, 0xFFFF, 0xFFFF, 0xFFFF,
    0xFFFF, 0xFFFF, 0xF71C, 0xD884, 0xE042, 0xD863, 0xE043, 0xE042, 0xE042, 0xE042, 0xE042, 0xE042,
    0xE042, 0xE042, 0xE042, 0xE042, 0xE043, 0xE063, 0xD801, 0xEC93, 0xFFFF, 0xFFDF, 0xFFFF, 0xFFFF,
    0xFFFF, 0xE22A, 0xE001, 0xE063, 0xE063, 0xE042, 0xD884, 0xF69A, 0xFFFF, 0xFFDF, 0xFFFF, 0xFFFF,
    0xFFFF, 0xFFFF, 0xFFFF, 0xFFFF, 0xFFFF, 0xFFFF, 0xFFFF, 0xFFFF, 0xFFFF, 0xFFFF, 0xFFDF, 0xFFFF,
    0xFFFF, 0xFFFF, 0xFFFF, 0xFFFF, 0xF71C, 0xD8C4, 0xE021, 0xE063, 0xE042, 0xE042, 0xE042, 0xE042,
    0xE042, 0xE042, 0xE042, 0xE042, 0xE042, 0xE042, 0xE042, 0xE042, 0xE042, 0xE042, 0xE042, 0xE063,
    0xE001, 0xE1E9, 0x0001, 0x0001, 0x0001, 0x0001, 0x0001, 0x0001, 0x0001, 0x0001, 0x0001, 0x0001,
    0x0001, 0x0001, 0x0001, 0x0001, 0x0001, 0x0001, 0x0001, 0x0001, 0x0001, 0x0001, 0x0001, 0x0001,
    0x0001, 0x0001, 0x0001, 0x0001, 0x0001, 0x0001, 0x0001, 0x0001, 0x0001, 0x0001, 0x0001, 0x0001,
    0x0001, 0x0001, 0x0001, 0x0001, 0x0001, 0x0001, 0x0001, 0x0001, 0x0001, 0x0001, 0x0001, 0x0001,
    0x0001, 0x0001, 0x0001, 0x0001, 0x0001, 0x0001, 0x0001, 0x0001, 0x0001, 0x0001, 0x0001, 0x0001,
    0x0001, 0x0001, 0x0001, 0xE3B0, 0xE000, 0xE064, 0xE042, 0xE042, 0xE042, 0xE042, 0xE042, 0xE042,
    0xE042, 0xE042, 0xE042, 0xE042, 0xE042, 0xE042, 0xE042, 0xE042, 0xE042, 0xE042, 0xE042, 0xE062,
    0xD842, 0xF659, 0xFFFF, 0xFFDF, 0xFFFF, 0xFFFF, 0xFFFF, 0xFFFF, 0xFFDF, 0xE4D4, 0xDA09, 0xE063,
    0xE064, 0xE083, 0xD947, 0xE2AC, 0xECF4, 0xF73D, 0xFFFF, 0xFFFF, 0xFFFF, 0xFFFF, 0xFFFF, 0xFFDF,
    0xFFFF, 0xE24A, 0xE001, 0xE063, 0xE063, 0xE000, 0xEC92, 0xFFFF, 0xFFDF, 0xFFFF, 0xFFDF, 0xFFFF,
    0xE411, 0xE000, 0xD883, 0xE042, 0xE042, 0xE042, 0xE042, 0xE042, 0xE042, 0xE042, 0xE042, 0xE042,
    0xE042, 0xE042, 0xE042, 0xE062, 0xE001, 0xE1E9, 0xFFFF, 0xFFFF, 0xFFFF, 0xFFDF, 0xFFFF, 0xEC52,
    0xD800, 0xE064, 0xE063, 0xD801, 0xE576, 0xFFFF, 0xFFDF, 0xFFFF, 0xFFFF, 0xFFFF, 0xFFFF, 0xFFFF,
    0xFFFF, 0xF69B, 0xE4D3, 0xE3F0, 0xEC11, 0xE493, 0xF5D7, 0xF7BE, 0xFFFF, 0xFFFF, 0xFFFF, 0xFFFF,
    0xFFFF, 0xFFDF, 0xFFFF, 0xE5B7, 0xD822, 0xE062, 0xE042, 0xE042, 0xE042, 0xE042, 0xE042, 0xE042,
    0xE042, 0xE042, 0xE042, 0xE042, 0xE042, 0xE042, 0xE042, 0xE042, 0xE042, 0xE043, 0xE022, 0xD905,
    0x0001, 0x0001, 0x0001, 0x0001, 0x0001, 0x0001, 0x0001, 0x0001, 0x0001, 0x0001, 0x0001, 0x0001,
    0x0001, 0x0001, 0x0001, 0x0001, 0x0001, 0x0001, 0x0001, 0x0001, 0x0001, 0x0001, 0x0001, 0x0001,
    0x0001, 0x0001, 0x0001, 0x0001, 0x0001, 0x0001, 0x0001, 0x0001, 0x0001, 0x0001, 0x0001, 0x0001,
    0x0001, 0x0001, 0x0001, 0x0001, 0x0001, 0x0001, 0x0001, 0x0001, 0x0001, 0x0001, 0x0001, 0x0001,
    0x0001, 0x0001, 0x0001, 0x0001, 0x0001, 0x0001, 0x0001, 0x0001, 0x0001, 0x0001, 0x0001, 0x0001,
    0x0001, 0xD2AB, 0xE001, 0xE063, 0xE042, 0xE042, 0xE042, 0xE042, 0xE042, 0xE042, 0xE042, 0xE042,
    0xE042, 0xE042, 0xE042, 0xE042, 0xE042, 0xE042, 0xE042, 0xE042, 0xE063, 0xD800, 0xDB4E, 0xFFFF,
    0xFFFF, 0xFFFF, 0xFFFF, 0xFFDF, 0xFFFF, 0xEEBB, 0xD9C8, 0xD800, 0xE001, 0xE042, 0xE042, 0xE042,
    0xE001, 0xE000, 0xD801, 0xD8C5, 0xE472, 0xFFFF, 0xFFFF, 0xFFFF, 0xFFFF, 0xFFFF, 0xFFFF, 0xEE59,
    0xD822, 0xE063, 0xE042, 0xD842, 0xF67A, 0xFFFF, 0xFFFF, 0xFFFF, 0xFFFF, 0xF7DF, 0xD967, 0xE021,
    0xE043, 0xE042, 0xE042, 0xE042, 0xE042, 0xE042, 0xE042, 0xE042, 0xE042, 0xE042, 0xE042, 0xE042,
    0xE042, 0xE042, 0xE022, 0xD883, 0xF6FC, 0xFFFF, 0xFFFF, 0xFFDF, 0xFFFF, 0xED76, 0xD801, 0xE063,
    0xD801, 0xE209, 0xFFFF, 0xFFFF, 0xFFFF, 0xFFFF, 0xFFFF, 0xFFFF, 0xF7BF, 0xE452, 0xE1A7, 0xD863,
    0xE000, 0xD800, 0xE000, 0xE001, 0xE001, 0xD966, 0xE4B3, 0xF7DF, 0xFFFF, 0xFFFF, 0xFFFF, 0xFFFF,
    0xFFDF, 0xFFFF, 0xE2AC, 0xE000, 0xE063, 0xE042, 0xE042, 0xE042, 0xE042, 0xE042, 0xE042, 0xE042,
    0xE042, 0xE042, 0xE042, 0xE042, 0xE042, 0xE042, 0xE042, 0xE043, 0xE022, 0xD8C4, 0x0001, 0x0001,
    0x0001, 0x0001, 0x0001, 0x0001, 0x0001, 0x0001, 0x0001, 0x0001, 0x0001, 0x0001, 0x0001, 0x0001,
    0x0001, 0x0001, 0x0001, 0x0001, 0x0001, 0x0001, 0x0001, 0x0001, 0x0001, 0x0001, 0x0001, 0x0001,
    0x0001, 0x0001, 0x0001, 0x0001, 0x0001, 0x0001, 0x0001, 0x0001, 0x0001, 0x0001, 0x0001, 0x0001,
    0x0001, 0x0001, 0x0001, 0x0001, 0x0001, 0x0001, 0x0001, 0x0001, 0x0001, 0x0001, 0x0001, 0x0001,
    0x0001, 0x0001, 0x0001, 0x0001, 0x0001, 0x0001, 0x0001, 0x0001, 0x0001, 0x0001, 0x0001, 0xDA8B,
    0xE001, 0xE063, 0xE042, 0xE042, 0xE042, 0xE042, 0xE042, 0xE042, 0xE042, 0xE042, 0xE042, 0xE042,
    0xE042, 0xE042, 0xE042, 0xE042, 0xE042, 0xE043, 0xE022, 0xD8E5, 0xF75D, 0xFFFF, 0xFFFF, 0xFFFF,
    0xFFFF, 0xFFFF, 0xEE39, 0xD0A4, 0xE001, 0xE083, 0xE063, 0xE043, 0xE043, 0xE043, 0xE063, 0xE063,
    0xE063, 0xE022, 0xD800, 0xDB2E, 0xFFFF, 0xFFFF, 0xFFFF, 0xFFFF, 0xFFDF, 0xFFFF, 0xE2CC, 0xD801,
    0xE021, 0xD946, 0xF7BE, 0xFFFF, 0xFFFF, 0xFFFF, 0xFFFF, 0xEDB7, 0xD801, 0xE063, 0xE042, 0xE042,
    0xE043, 0xE042, 0xE042, 0xE042, 0xE042, 0xE042, 0xE042, 0xE042, 0xE042, 0xE042, 0xE042, 0xE042,
    0xE063, 0xE001, 0xED56, 0xFFFF, 0xFFFF, 0xFFFF, 0xFFFF, 0xFF1C, 0xD884, 0xE042, 0xD822, 0xEE39,
    0xFFFF, 0xFFFF, 0xFFFF, 0xFFFF, 0xFFFF, 0xF659, 0xE187, 0xE000, 0xE001, 0xE042, 0xE063, 0xE063,
    0xE063, 0xE063, 0xE063, 0xE002, 0xD800, 0xE26B, 0xFFBE, 0xFFFF, 0xFFFF, 0xFFFF, 0xFFFF, 0xFFFF,
    0xF6FC, 0xD884, 0xE822, 0xE043, 0xE042, 0xE042, 0xE042, 0xE042, 0xE042, 0xE042, 0xE042, 0xE042,
    0xE042, 0xE042, 0xE042, 0xE042, 0xE042, 0xE042, 0xE043, 0xD822, 0xF679, 0x0001, 0x0001, 0x0001,
    0x0001, 0x0001, 0x0001, 0x0001, 0x0001, 0x0001, 0x0001, 0x0001, 0x0001, 0x0001, 0x0001, 0x0001,
    0x0001, 0x0001, 0x0001, 0x0001, 0x0001, 0x0001, 0x0001, 0x0001, 0x0001, 0x0001, 0x0001, 0x0001,
    0x0001, 0x0001, 0x0001, 0x0001, 0x0001, 0x0001, 0x0001, 0x0001, 0x0001, 0x0001, 0x0001, 0x0001,
    0x0001, 0x0001, 0x0001, 0x0001, 0x0001, 0x0001, 0x0001, 0x0001, 0x0001, 0x0001, 0x0001, 0x0001,
    0x0001, 0x0001, 0x0001, 0x0001, 0x0001, 0x0001, 0x0001, 0x0001, 0x0001, 0xE188, 0xD802, 0xE063,
    0xE042, 0xE042, 0xE042, 0xE042, 0xE042, 0xE042, 0xE042, 0xE042, 0xE042, 0xE042, 0xE042, 0xE042,
    0xE042, 0xE042, 0xE042, 0xE063, 0xE001, 0xE3D0, 0xFFFF, 0xFFFF, 0xFFFF, 0xFFFF, 0xFFFF, 0xFF9E,
    0xD906, 0xE801, 0xD883, 0xE043, 0xE042, 0xE042, 0xE042, 0xE042, 0xE042, 0xE042, 0xD862, 0xE042,
    0xE082, 0xE000, 0xE30D, 0xFFFF, 0xFFDF, 0xFFFF, 0xFFFF, 0xFFFF, 0xF69A, 0xD863, 0xE000, 0xE34E,
    0xFFFF, 0xFFDF, 0xFFFF, 0xFFFF, 0xFFFF, 0xE2AC, 0xE000, 0xE063, 0xE042, 0xE042, 0xE042, 0xE042,
    0xE042, 0xE042, 0xE042, 0xE042, 0xE042, 0xE042, 0xE042, 0xE042, 0xE042, 0xE042, 0xE063, 0xE000,
    0xE32D, 0xFFFF, 0xFFFF, 0xFFFF, 0xFFFF, 0xFFDF, 0xD9C8, 0xE000, 0xE32E, 0xFFFF, 0xFFDF, 0xFFFF,
    0xFFFF, 0xFFFF, 0xEE59, 0xD862, 0xE801, 0xD883, 0xE043, 0xE042, 0xE042, 0xE042, 0xE042, 0xE042,
    0xE042, 0xD863, 0xD882, 0xD800, 0xDAED, 0xFFFF, 0xFFFF, 0xFFFF, 0xFFFF, 0xFFFF, 0xFFFF, 0xDB2D,
    0xD800, 0xE843, 0xE042, 0xE042, 0xE042, 0xE042, 0xE042, 0xE042, 0xE042, 0xE042, 0xE042, 0xE042,
    0xE042, 0xE042, 0xE042, 0xE042, 0xE063, 0xE001, 0xFE38, 0x0001, 0x0001, 0x0001, 0x0001, 0x0001,
    0x0001, 0x0001, 0x0001, 0x0001, 0x0001, 0x0001, 0x0001, 0x0001, 0x0001, 0x0001, 0x0001, 0x0001,
    0x0001, 0x0001, 0x0001, 0x0001, 0x0001, 0x0001, 0x0001, 0x0001, 0x0001, 0x0001, 0x0001, 0x0001,
    0x0001, 0x0001, 0x0001, 0x0001, 0x0001, 0x0001, 0x0001, 0x0001, 0x0001, 0x0001, 0x0001, 0x0001,
    0x0001, 0x0001, 0x0001, 0x0001, 0x0001, 0x0001, 0x0001, 0x0001, 0x0001, 0x0001, 0x0001, 0x0001,
    0x0001, 0x0001, 0x0001, 0x0001, 0x0001, 0x0001, 0x0001, 0xE106, 0xD822, 0xE043, 0xE042, 0xE042,
    0xE042, 0xE042, 0xE042, 0xE042, 0xE042, 0xE042, 0xE042, 0xE042, 0xE042, 0xE042, 0xE042, 0xE042,
    0xE043, 0xE042, 0xD842, 0xF6BA, 0xFFFF, 0xFFFF, 0xFFFF, 0xFFFF, 0xFFFF, 0xDB6E, 0xD800, 0xE063,
    0xE043, 0xE042, 0xE042, 0xE042, 0xE042, 0xE042, 0xE042, 0xE042, 0xE042, 0xE043, 0xE043, 0xE083,
    0xD800, 0xE493, 0xFFFF, 0xFFFF, 0xFFFF, 0xFFFF, 0xFFFF, 0xE30D, 0xD800, 0xEDF8, 0xFFFF, 0xFFDF,
    0xFFFF, 0xFFFF, 0xF71C, 0xE083, 0xD841, 0xE043, 0xE042, 0xE042, 0xE042, 0xE042, 0xE042, 0xE042,
    0xE042, 0xE042, 0xE042, 0xE042, 0xE042, 0xE042, 0xE042, 0xE042, 0xD863, 0xE001, 0xE187, 0xFFDF,
    0xFFFF, 0xFFFF, 0xFFFF, 0xFFFF, 0xD9A7, 0xD883, 0xF73C, 0xFFFF, 0xFFFF, 0xFFFF, 0xFFFF, 0xFF3C,
    0xD0E5, 0xE002, 0xE063, 0xE042, 0xE042, 0xE042, 0xE042, 0xE042, 0xE042, 0xE042, 0xE042, 0xE043,
    0xE043, 0xE063, 0xD800, 0xE432, 0xFFFF, 0xFFDF, 0xFFFF, 0xFFFF, 0xFFFF, 0xEDF8, 0xD821, 0xE062,
    0xE042, 0xE042, 0xE042, 0xE042, 0xE042, 0xE042, 0xE042, 0xE042, 0xE042, 0xE042, 0xE042, 0xE042,
    0xE042, 0xE042, 0xD863, 0xE001, 0xFE39, 0x0001, 0x0001, 0x0001, 0x0001, 0x0001, 0x0001, 0x0001,
    0x0001, 0x0001, 0x0001, 0x0001, 0x0001, 0x0001, 0x0001, 0x0001, 0x0001, 0x0001, 0x0001, 0x0001,
    0x0001, 0x0001, 0x0001, 0x0001, 0x0001, 0x0001, 0x0001, 0x0001, 0x0001, 0x0001, 0x0001, 0x0001,
    0x0001, 0x0001, 0x0001, 0x0001, 0x0001, 0x0001, 0x0001, 0x0001, 0x0001, 0x0001, 0x0001, 0x0001,
    0x0001, 0x0001, 0x0001, 0x0001, 0x0001, 0x0001, 0x0001, 0x0001, 0x0001, 0x0001, 0x0001, 0x0001,
    0x0001, 0x0001, 0x0001, 0x0001, 0x0001, 0xE1E9, 0xD801, 0xE062, 0xE042, 0xE042, 0xE042, 0xE042,
    0xE042, 0xE042, 0xE042, 0xE042, 0xE042, 0xE042, 0xE042, 0xE042, 0xE042, 0xD842, 0xE043, 0xE001,
    0xD9A8, 0xFFFF, 0xFFFF, 0xFFFF, 0xFFFF, 0xFFFF, 0xEDF8, 0xD801, 0xE063, 0xE042, 0xE042, 0xE042,
    0xE042, 0xE042, 0xE042, 0xE042, 0xE042, 0xE042, 0xE042, 0xE042, 0xE042, 0xE043, 0xE042, 0xD8A3,
    0xF73D, 0xFFFF, 0xFFFF, 0xFFFF, 0xFFFF, 0xEE7A, 0xD800, 0xE431, 0xFFFF, 0xFFFF, 0xFFDF, 0xFFFF,
    0xE493, 0xD800, 0xE063, 0xE042, 0xE042, 0xE042, 0xE042, 0xE042, 0xE042, 0xE042, 0xE042, 0xE042,
    0xE042, 0xE042, 0xE042, 0xE042, 0xE042, 0xE042, 0xE042, 0xE042, 0xD823, 0xF6BB, 0xFFFF, 0xFFDF,
    0xFFFF, 0xF679, 0xD820, 0xE3D0, 0xFFFF, 0xFFDF, 0xFFFF, 0xFFFF, 0xFFFF, 0xDB0D, 0xD800, 0xE063,
    0xE042, 0xE043, 0xE042, 0xE042, 0xE042, 0xE042, 0xE042, 0xE042, 0xE042, 0xE042, 0xE042, 0xE043,
    0xE042, 0xD083, 0xF6FC, 0xFFFF, 0xFFFF, 0xFFFF, 0xFFFF, 0xFFDF, 0xD987, 0xE021, 0xE063, 0xE042,
    0xE042, 0xE042, 0xE042, 0xE042, 0xE042, 0xE042, 0xE042, 0xE042, 0xE042, 0xE042, 0xE042, 0xE042,
    0xE063, 0xE001, 0xFE38, 0x0001, 0x0001, 0x0001, 0x0001, 0x0001, 0x0001, 0x0001, 0x0001, 0x0001,
    0x0001, 0x0001, 0x0001, 0x0001, 0x0001, 0x0001, 0x0001, 0x0001, 0x0001, 0x0001, 0x0001, 0x0001,
    0x0001, 0x0001, 0x0001, 0x0001, 0x0001, 0x0001, 0x0001, 0x0001, 0x0001, 0x0001, 0x0001, 0x0001,
    0x0001, 0x0001, 0x0001, 0x0001, 0x0001, 0x0001, 0x0001, 0x0001, 0x0001, 0x0001, 0x0001, 0x0001,
    0x0001, 0x0001, 0x0001, 0x0001, 0x0001, 0x0001, 0x0001, 0x0001, 0x0001, 0x0001, 0x0001, 0x0001,
    0x0001, 0x0001, 0x0001, 0xE2EC, 0xD801, 0xE063, 0xE042, 0xE042, 0xE042, 0xE042, 0xE042, 0xE042,
    0xE042, 0xE042, 0xE042, 0xE042, 0xE042, 0xE042, 0xE042, 0xD862, 0xE843, 0xE000, 0xE3D0, 0xFFFF,
    0xFFDF, 0xFFFF, 0xFFFF, 0xFFFF, 0xE20A, 0xE001, 0xE063, 0xE043, 0xE042, 0xE042, 0xE042, 0xE042,
    0xE042, 0xE042, 0xE042, 0xE042, 0xE042, 0xE042, 0xE042, 0xD843, 0xE064, 0xD800, 0xE3AF, 0xFFFF,
    0xFFDF, 0xFFFF, 0xFFFF, 0xFFFF, 0xE229, 0xD862, 0xF75D, 0xFFFF, 0xFFFF, 0xFFFF, 0xE209, 0xD801,
    0xE843, 0xD862, 0xE042, 0xE042, 0xE042, 0xE042, 0xE042, 0xE042, 0xE042, 0xE042, 0xE042, 0xE042,
    0xE042, 0xE042, 0xE042, 0xE042, 0xE042, 0xE063, 0xD801, 0xEDD7, 0xFFFF, 0xFFDF, 0xFFFF, 0xDAAB,
    0xD800, 0xF69B, 0xFFFF, 0xFFFF, 0xFFFF, 0xFFFF, 0xF639, 0xD822, 0xE042, 0xE042, 0xE042, 0xE042,
    0xE042, 0xE042, 0xE042, 0xE042, 0xE042, 0xE042, 0xE042, 0xE042, 0xE042, 0xE043, 0xE063, 0xE000,
    0xE2ED, 0xFFFF, 0xFFFF, 0xFFFF, 0xFFDF, 0xFFFF, 0xE3D0, 0xE000, 0xE063, 0xE042, 0xE042, 0xE042,
    0xE042, 0xE042, 0xE042, 0xE042, 0xE042, 0xE042, 0xE042, 0xE042, 0xE042, 0xE042, 0xE043, 0xD821,
    0xF659, 0x0001, 0x0001, 0x0001, 0x0001, 0x0001, 0x0001, 0x0001, 0x0001, 0x0001, 0x0001, 0x0001,
    0x0001, 0x0001, 0x0001, 0x0001, 0x0001, 0x0001, 0x0001, 0x0001, 0x0001, 0x0001, 0x0001, 0x0001,
    0x0001, 0x0001, 0x0001, 0x0001, 0x0001, 0x0001, 0x0001, 0x0001, 0x0001, 0x0001, 0x0001, 0x0001,
    0x0001, 0x0001, 0x0001, 0x0001, 0x0001, 0x0001, 0x0001, 0x0001, 0x0001, 0x0001, 0x0001, 0x0001,
    0x0001, 0x0001, 0x0001, 0x0001, 0x0001, 0x0001, 0x0001, 0x0001, 0x0001, 0x0001, 0x0001, 0x0001,
    0x0001, 0xDACC, 0xE001, 0xE063, 0xE042, 0xE042, 0xE042, 0xE042, 0xE042, 0xE042, 0xE042, 0xE042,
    0xE042, 0xE042, 0xE042, 0xE042, 0xE042, 0xE043, 0xE043, 0xD801, 0xEDD8, 0xFFFF, 0xFFFF, 0xFFFF,
    0xFFFF, 0xF619, 0xE001, 0xE063, 0xE043, 0xE042, 0xE042, 0xE042, 0xE042, 0xE042, 0xE042, 0xE042,
    0xE042, 0xE042, 0xE042, 0xE042, 0xE043, 0xE042, 0xE042, 0xE023, 0xD0C4, 0xF71C, 0xFFFF, 0xFFFF,
    0xFFFF, 0xFFFF, 0xEE38, 0xD000, 0xE3F0, 0xFFFF, 0xFFFF, 0xF6DB, 0xD862, 0xE843, 0xD843, 0xE042,
    0xE042, 0xE042, 0xE042, 0xE042, 0xE042, 0xE042, 0xE042, 0xE042, 0xE042, 0xE042, 0xE042, 0xE042,
    0xE042, 0xE042, 0xE042, 0xE063, 0xD800, 0xEBD0, 0xFFFF, 0xFFFF, 0xF619, 0xD800, 0xDACC, 0xFFFF,
    0xFFFF, 0xFFFF, 0xFFDF, 0xFFFF, 0xEB0D, 0xE000, 0xE063, 0xE042, 0xE042, 0xE042, 0xE042, 0xE042,
    0xE042, 0xE042, 0xE042, 0xE042, 0xE042, 0xE042, 0xE042, 0xE042, 0xD843, 0xE042, 0xD883, 0xF6FC,
    0xFFFF, 0xFFFF, 0xFFFF, 0xFFFF, 0xEDD8, 0xD821, 0xE062, 0xE042, 0xE043, 0xE042, 0xE042, 0xE042,
    0xE042, 0xE042, 0xE042, 0xE042, 0xE042, 0xE042, 0xE042, 0xE043, 0xE022, 0xD8C4, 0x0001, 0x0001,
    0x0001, 0x0001, 0x0001, 0x0001, 0x0001, 0x0001, 0x0001, 0x0001, 0x0001, 0x0001, 0x0001, 0x0001,
    0x0001, 0x0001, 0x0001, 0x0001, 0x0001, 0x0001, 0x0001, 0x0001, 0x0001, 0x0001, 0x0001, 0x0001,
    0x0001, 0x0001, 0x0001, 0x0001, 0x0001, 0x0001, 0x0001, 0x0001, 0x0001, 0x0001, 0x0001, 0x0001,
    0x0001, 0x0001, 0x0001, 0x0001, 0x0001, 0x0001, 0x0001, 0x0001, 0x0001, 0x0001, 0x0001, 0x0001,
    0x0001, 0x0001, 0x0001, 0x0001, 0x0001, 0x0001, 0x0001, 0x0001, 0x0001, 0x0001, 0x0001, 0xE3D0,
    0xE000, 0xE063, 0xE042, 0xE042, 0xE042, 0xE042, 0xE042, 0xE042, 0xE042, 0xE042, 0xE042, 0xE042,
    0xE042, 0xE042, 0xE042, 0xE043, 0xE042, 0xD822, 0xF69B, 0xFFFF, 0xFFFF, 0xFFDF, 0xFFFF, 0xEB8F,
    0xD800, 0xE063, 0xE042, 0xE042, 0xE042, 0xE042, 0xE042, 0xE042, 0xE042, 0xE042, 0xE042, 0xE042,
    0xE042, 0xE042, 0xE042, 0xE042, 0xE043, 0xE043, 0xD801, 0xED96, 0xFFFF, 0xFFFF, 0xFFFF, 0xFFFF,
    0xFFDF, 0xD987, 0xE0C4, 0xFF9E, 0xFFFF, 0xED15, 0xD801, 0xE063, 0xE042, 0xE042, 0xE042, 0xE042,
    0xE042, 0xE042, 0xE042, 0xE042, 0xE042, 0xE042, 0xE042, 0xE042, 0xE042, 0xE042, 0xE042, 0xE042,
    0xE042, 0xE063, 0xD800, 0xF32E, 0xFFFF, 0xFFFF, 0xE28B, 0xD800, 0xED96, 0xFFFF, 0xFFDF, 0xFFFF,
    0xFFFF, 0xF77D, 0xD8C4, 0xE042, 0xE062, 0xE042, 0xE042, 0xE042, 0xE042, 0xE042, 0xE042, 0xE042,
    0xE042, 0xE042, 0xE042, 0xE042, 0xE042, 0xE042, 0xD862, 0xE843, 0xD800, 0xE4B3, 0xFFFF, 0xFFDF,
    0xFFFF, 0xFFFF, 0xFE9B, 0xE022, 0xE042, 0xE043, 0xE042, 0xE042, 0xE042, 0xE042, 0xE042, 0xE042,
    0xE042, 0xE042, 0xE042, 0xE042, 0xE042, 0xE043, 0xE021, 0xD8E4, 0x0001, 0x0001, 0x0001, 0x0001,
    0x0001, 0x0001, 0x0001, 0x0001, 0x0001, 0x0001, 0x0001, 0x0001, 0x0001, 0x0001, 0x0001, 0x0001,
    0x0001, 0x0001, 0x0001, 0x0001, 0x0001, 0x0001, 0x0001, 0x0001, 0x0001, 0x0001, 0x0001, 0x0001,
    0x0001, 0x0001, 0x0001, 0x0001, 0x0001, 0x0001, 0x0001, 0x0001, 0x0001, 0x0001, 0x0001, 0x0001,
    0x0001, 0x0001, 0x0001, 0x0001, 0x0001, 0x0001, 0x0001, 0x0001, 0x0001, 0x0001, 0x0001, 0x0001,
    0x0001, 0x0001, 0x0001, 0x0001, 0x0001, 0x0001, 0x0001, 0x0001, 0x0001, 0xED35, 0xD801, 0xE063,
    0xE042, 0xE042, 0xE042, 0xE042, 0xE042, 0xE042, 0xE042, 0xE042, 0xE042, 0xE042, 0xE042, 0xE042,
    0xE042, 0xD863, 0xE001, 0xD9A7, 0xFFDF, 0xFFFF, 0xFFFF, 0xFFFF, 0xFFBF, 0xE147, 0xD841, 0xE043,
    0xE042, 0xE042, 0xE042, 0xE042, 0xE042, 0xE042, 0xE042, 0xE042, 0xE042, 0xE042, 0xE042, 0xE042,
    0xE042, 0xE042, 0xD843, 0xE043, 0xE001, 0xE26B, 0xFFFF, 0xFFFF, 0xFFFF, 0xFFFF, 0xFFFF, 0xEDB7,
    0xD800, 0xEC52, 0xFFFF, 0xEB6E, 0xE000, 0xE063, 0xE042, 0xE042, 0xE042, 0xE042, 0xE042, 0xE042,
    0xE042, 0xE042, 0xE042, 0xE042, 0xE042, 0xE042, 0xE042, 0xE042, 0xE042, 0xE042, 0xE042, 0xE063,
    0xE001, 0xDA09, 0xFFFF, 0xED97, 0xE001, 0xE167, 0xFF9E, 0xFFFF, 0xFFFF, 0xFFDF, 0xFFFF, 0xF515,
    0xD801, 0xE063, 0xE042, 0xE042, 0xE042, 0xE042, 0xE042, 0xE042, 0xE042, 0xE042, 0xE042, 0xE042,
    0xE042, 0xE042, 0xE042, 0xE042, 0xE043, 0xE043, 0xE001, 0xE1E9, 0xFFDF, 0xFFFF, 0xFFFF, 0xFFFF,
    0xF79E, 0xD8E5, 0xE022, 0xE063, 0xE042, 0xE042, 0xE042, 0xE042, 0xE042, 0xE042, 0xE042, 0xE042,
    0xE042, 0xE042, 0xE042, 0xE063, 0xE001, 0xD987, 0x0001, 0x0001, 0x0001, 0x0001, 0x0001, 0x0001,
    0x0001, 0x0001, 0x0001, 0x0001, 0x0001, 0x0001, 0x0001, 0x0001, 0x0001, 0x0001, 0x0001, 0x0001,
    0x0001, 0x0001, 0x0001, 0x0001, 0x0001, 0x0001, 0x0001, 0x0001, 0x0001, 0x0001, 0x0001, 0x0001,
    0x0001, 0x0001, 0x0001, 0x0001, 0x0001, 0x0001, 0x0001, 0x0001, 0x0001, 0x0001, 0x0001, 0x0001,
    0x0001, 0x0001, 0x0001, 0x0001, 0x0001, 0x0001, 0x0001, 0x0001, 0x0001, 0x0001, 0x0001, 0x0001,
    0x0001, 0x0001, 0x0001, 0x0001, 0x0001, 0x0001, 0x0001, 0xF6BB, 0xD842, 0xE042, 0xE043, 0xE042,
    0xE042, 0xE042, 0xE042, 0xE042, 0xE042, 0xE042, 0xE042, 0xE042, 0xE042, 0xE042, 0xE042, 0xE063,
    0xE001, 0xEA0A, 0xFFFF, 0xFFFF, 0xFFFF, 0xFFFF, 0xF67A, 0xD842, 0xE042, 0xE043, 0xE042, 0xE042,
    0xE042, 0xE042, 0xE042, 0xE042, 0xE042, 0xE042, 0xE042, 0xE042, 0xE042, 0xE042, 0xE042, 0xE042,
    0xE043, 0xE043, 0xE043, 0xD801, 0xEE18, 0xFFFF, 0xFFFF, 0xFFFF, 0xFFFF, 0xFFDF, 0xD947, 0xD8C4,
    0xF77E, 0xD9C8, 0xE001, 0xE063, 0xE042, 0xE042, 0xE042, 0xE042, 0xE042, 0xE042, 0xE042, 0xE042,
    0xE042, 0xE042, 0xE042, 0xE042, 0xE042, 0xE042, 0xE042, 0xE042, 0xE042, 0xE043, 0xE001, 0xD946,
    0xF79F, 0xD9E9, 0xE000, 0xED15, 0xFFFF, 0xFFDF, 0xFFFF, 0xFFFF, 0xFFFF, 0xDA09, 0xE001, 0xE063,
    0xE042, 0xE042, 0xE042, 0xE042, 0xE042, 0xE042, 0xE042, 0xE042, 0xE042, 0xE042, 0xE042, 0xE042,
    0xE042, 0xE042, 0xE042, 0xE043, 0xE021, 0xD862, 0xF71C, 0xFFFF, 0xFFFF, 0xFFFF, 0xFFFF, 0xE209,
    0xE001, 0xE063, 0xE042, 0xE042, 0xE042, 0xE042, 0xE042, 0xE042, 0xE042, 0xE042, 0xE042, 0xE042,
    0xE042, 0xE063, 0xE001, 0xDB2D, 0x0001, 0x0001, 0x0001, 0x0001, 0x0001, 0x0001, 0x0001, 0x0001,
    0x0001, 0x0001, 0x0001, 0x0001, 0x0001, 0x0001, 0x0001, 0x0001, 0x0001, 0x0001, 0x0001, 0x0001,
    0x0001, 0x0001, 0x0001, 0x0001, 0x0001, 0x0001, 0x0001, 0x0001, 0x0001, 0x0001, 0x0001, 0x0001,
    0x0001, 0x0001, 0x0001, 0x0001, 0x0001, 0x0001, 0x0001, 0x0001, 0x0001, 0x0001, 0x0001, 0x0001,
    0x0001, 0x0001, 0x0001, 0x0001, 0x0001, 0x0001, 0x0001, 0x0001, 0xBDD7, 0x0001, 0x0001, 0x0001,
    0x0001, 0x0001, 0x0001, 0x0001, 0x0001, 0x0001, 0xE105, 0xE022, 0xE043, 0xE042, 0xE042, 0xE042,
    0xE042, 0xE042, 0xE042, 0xE042, 0xE042, 0xE042, 0xE042, 0xE042, 0xE042, 0xE063, 0xE001, 0xE26B,
    0xFFFF, 0xFFFF, 0xFFDF, 0xFFFF, 0xF4B3, 0xD800, 0xE063, 0xE042, 0xE042, 0xE042, 0xE042, 0xE042,
    0xE042, 0xE042, 0xE042, 0xE042, 0xE042, 0xE042, 0xE042, 0xE042, 0xE042, 0xE042, 0xE042, 0xE042,
    0xE063, 0xE001, 0xE28B, 0xFFFF, 0xFFFF, 0xFFFF, 0xFFDF, 0xFFFF, 0xECF4, 0xD800, 0xE2AD, 0xE0C4,
    0xE022, 0xE043, 0xE042, 0xE042, 0xE042, 0xE042, 0xE042, 0xE042, 0xE042, 0xE042, 0xE042, 0xE042,
    0xE042, 0xE042, 0xE042, 0xE042, 0xE042, 0xE042, 0xE042, 0xE043, 0xE021, 0xE0E5, 0xE3B0, 0xD821,
    0xD946, 0xFFBF, 0xFFFF, 0xFFFF, 0xFFFF, 0xFFFF, 0xF639, 0xD822, 0xE042, 0xE043, 0xE042, 0xE042,
    0xE042, 0xE042, 0xE042, 0xE042, 0xE042, 0xE042, 0xE042, 0xE042, 0xE042, 0xE042, 0xE042, 0xE042,
    0xE042, 0xE042, 0xE063, 0xD801, 0xE515, 0xFFFF, 0xFFDF, 0xFFFF, 0xFFFF, 0xEA4B, 0xE001, 0xE063,
    0xE042, 0xE042, 0xE042, 0xE042, 0xE042, 0xE042, 0xE042, 0xE042, 0xE042, 0xE042, 0xE042, 0xE063,
    0xD801, 0xF556, 0x0001, 0x0001, 0x0001, 0x0001, 0x0001, 0x0001, 0x0001, 0x0001, 0x0001, 0x0001,
    0x0001, 0x0001, 0x0001, 0x0001, 0x0001, 0x0001, 0x0001, 0x0001, 0x0001, 0x0001, 0x0001, 0x0001,
    0x0001, 0x0001, 0x0001, 0x0001, 0x0001, 0x0001, 0x0001, 0x0001, 0x0001, 0x0001, 0x0001, 0x0001,
    0x0001, 0x0001, 0x0001, 0x0001, 0x0001, 0x0001, 0x0001, 0x0001, 0x0001, 0x0001, 0x0001, 0x0001,
    0x0001, 0x0001, 0x0001, 0xDEDB, 0x8430, 0xC638, 0x0000, 0x5AEB, 0x0001, 0x0001, 0x0001, 0x0001,
    0x0001, 0x0001, 0x0001, 0x0001, 0xEB6F, 0xE000, 0xE063, 0xE042, 0xE042, 0xE042, 0xE042, 0xE042,
    0xE042, 0xE042, 0xE042, 0xE042, 0xE042, 0xE042, 0xE042, 0xE063, 0xD800, 0xE2CC, 0xFFFF, 0xFFFF,
    0xFFDF, 0xFFFF, 0xDB8F, 0xE001, 0xE063, 0xE042, 0xE042, 0xE042, 0xE042, 0xE042, 0xE042, 0xE042,
    0xE042, 0xE042, 0xE042, 0xE042, 0xE042, 0xE042, 0xE042, 0xE042, 0xE042, 0xE042, 0xE042, 0xE043,
    0xD842, 0xEE59, 0xFFFF, 0xFFFF, 0xFFFF, 0xFFFF, 0xF79E, 0xE105, 0xE001, 0xE043, 0xE042, 0xE042,
    0xE042, 0xE042, 0xE042, 0xE042, 0xE042, 0xE042, 0xE042, 0xE042, 0xE042, 0xE042, 0xE042, 0xE042,
    0xE042, 0xE042, 0xE042, 0xE042, 0xE042, 0xE042, 0xD842, 0xE063, 0xD862, 0xE000, 0xE472, 0xFFFF,
    0xFFFF, 0xFFFF, 0xFFFF, 0xFFFF, 0xE2CD, 0xE001, 0xE063, 0xE042, 0xE042, 0xE042, 0xE042, 0xE042,
    0xE042, 0xE042, 0xE042, 0xE042, 0xE042, 0xE042, 0xE042, 0xE042, 0xE042, 0xE042, 0xE042, 0xE042,
    0xE063, 0xE001, 0xF432, 0xFFFF, 0xFFDF, 0xFFFF, 0xFFFF, 0xEA4A, 0xD801, 0xE063, 0xE042, 0xE042,
    0xE042, 0xE042, 0xE042, 0xE042, 0xE042, 0xE042, 0xE042, 0xE043, 0xE043, 0xE042, 0xE083, 0x0001,
    0x0001, 0x0001, 0x0001, 0x0001, 0x0001, 0x9492, 0x4228, 0xCE59, 0x0001, 0x0001, 0x0001, 0x0001,
    0x0001, 0x0001, 0x0001, 0x0001, 0x0001, 0x0001, 0x0001, 0x0001, 0x0001, 0x0001, 0x0001, 0x0001,
    0x0001, 0x0001, 0x0001, 0x0001, 0x0001, 0x0001, 0x0001, 0x0001, 0x0001, 0x0001, 0x0001, 0x0001,
    0x0001, 0x0001, 0x0001, 0x0001, 0x0001, 0x0001, 0x0001, 0x0001, 0x0001, 0x0001, 0xA534, 0x0001,
    0x0001, 0xAD55, 0x0000, 0xBDF7, 0x5ACB, 0x0000, 0x0841, 0x94B2, 0x0001, 0x0001, 0x0001, 0x0001,
    0x0001, 0x0001, 0xF618, 0xD822, 0xE043, 0xE042, 0xE042, 0xE042, 0xE042, 0xE042, 0xE042, 0xE042,
    0xE042, 0xE042, 0xE042, 0xE042, 0xE042, 0xE063, 0xD800, 0xE2CC, 0xFFFF, 0xFFFF, 0xFFDF, 0xFFFF,
    0xDB2D, 0xE001, 0xE063, 0xE042, 0xE042, 0xE042, 0xE042, 0xE042, 0xE042, 0xE042, 0xE042, 0xE042,
    0xE042, 0xE042, 0xE042, 0xE042, 0xE042, 0xE042, 0xE042, 0xE042, 0xE042, 0xE083, 0xE001, 0xDA6B,
    0xFFFF, 0xFFFF, 0xFFFF, 0xFFDF, 0xFFFF, 0xE432, 0xE000, 0xE063, 0xE042, 0xE042, 0xE042, 0xE042,
    0xE042, 0xE042, 0xE042, 0xE042, 0xE042, 0xE042, 0xE042, 0xE042, 0xE042, 0xE042, 0xE042, 0xE042,
    0xE042, 0xE042, 0xE042, 0xE042, 0xD862, 0xE043, 0xE801, 0xD125, 0xF75D, 0xFFFF, 0xFFFF, 0xFFFF,
    0xFFFF, 0xF6DB, 0xD863, 0xE042, 0xE043, 0xE042, 0xE042, 0xE042, 0xE042, 0xE042, 0xE042, 0xE042,
    0xE042, 0xE042, 0xE042, 0xE042, 0xE042, 0xE042, 0xE042, 0xE042, 0xE042, 0xE042, 0xE063, 0xE000,
    0xF452, 0xFFFF, 0xFFDF, 0xFFFF, 0xFFFF, 0xEA2A, 0xD801, 0xE063, 0xE042, 0xE042, 0xE042, 0xE042,
    0xE042, 0xE042, 0xE042, 0xE042, 0xE042, 0xE043, 0xE063, 0xE000, 0xE24A, 0x0001, 0x0001, 0x0001,
    0x0001, 0x0001, 0x0001, 0x2945, 0x0841, 0x8430, 0x4A49, 0x9CD3, 0xB5B6, 0x0001, 0x0001, 0x0001,
    0x0001, 0x0001, 0x0001, 0x0001, 0x0001, 0x0001, 0x0001, 0x0001, 0x0001, 0x0001, 0x0001, 0x0001,
    0x0001, 0x0001, 0x0001, 0x0001, 0x0001, 0x0001, 0x0001, 0x0001, 0x0001, 0x0001, 0x0001, 0x0001,
    0x0001, 0x0001, 0x0001, 0x0001, 0x738E, 0xCE59, 0x0001, 0xBDF7, 0x0000, 0xAD75, 0x0001, 0x0001,
    0x0020, 0x6B4D, 0xEF5D, 0x8430, 0x1082, 0x2945, 0x0001, 0x0001, 0x0001, 0x0001, 0x0001, 0x0001,
    0x0001, 0xD8C4, 0xE022, 0xE043, 0xE042, 0xE042, 0xE042, 0xE042, 0xE042, 0xE042, 0xE042, 0xE042,
    0xE042, 0xE042, 0xE042, 0xE063, 0xD801, 0xE2AC, 0xFFFF, 0xFFFF, 0xFFDF, 0xFFFF, 0xDB2D, 0xE001,
    0xE063, 0xE042, 0xE042, 0xE042, 0xE042, 0xE042, 0xE042, 0xE042, 0xE042, 0xE042, 0xE042, 0xE042,
    0xE042, 0xE042, 0xE042, 0xE042, 0xE042, 0xE042, 0xE042, 0xE043, 0xE063, 0xD821, 0xF69A, 0xFFFF,
    0xFFFF, 0xFFFF, 0xFFFF, 0xF75D, 0xD8A4, 0xE042, 0xE063, 0xE042, 0xE042, 0xE042, 0xE042, 0xE042,
    0xE042, 0xE042, 0xE042, 0xE042, 0xE042, 0xE042, 0xE042, 0xE042, 0xE042, 0xE042, 0xE042, 0xE042,
    0xE042, 0xE042, 0xE042, 0xE063, 0xD800, 0xE3D0, 0xFFFF, 0xFFDF, 0xFFFF, 0xFFDF, 0xFFFF, 0xEC11,
    0xD800, 0xE063, 0xE042, 0xE042, 0xE042, 0xE042, 0xE042, 0xE042, 0xE042, 0xE042, 0xE042, 0xE042,
    0xE042, 0xE042, 0xE042, 0xE042, 0xE042, 0xE042, 0xE042, 0xE042, 0xE063, 0xE000, 0xF432, 0xFFFF,
    0xFFDF, 0xFFFF, 0xFFFF, 0xEACC, 0xD801, 0xE063, 0xE042, 0xE042, 0xE042, 0xE042, 0xE042, 0xE042,
    0xE042, 0xE042, 0xE042, 0xD863, 0xE863, 0xD800, 0xECD4, 0x0001, 0x0001, 0x0001, 0x0001, 0x0001,
    0xCE79, 0x0841, 0xAD55, 0x2945, 0x5AEB, 0x31A6, 0x9CF3, 0x5ACB, 0xCE79, 0x94B2, 0x0001, 0x0001,
    0x0001, 0x0001, 0x0001, 0x0001, 0x0001, 0x0001, 0x0001, 0x0001, 0x0001, 0x0001, 0x0001, 0x0001,
    0x0001, 0x0001, 0x0001, 0x0001, 0x0001, 0x0001, 0x0001, 0x0001, 0x0001, 0x0001, 0x0001, 0x0001,
    0x0001, 0xCE59, 0x0000, 0x7BEF, 0x0001, 0x0001, 0x1082, 0x630C, 0x0001, 0x0001, 0x31A6, 0x10A2,
    0xFFDF, 0xFFFF, 0x8430, 0x0000, 0xDEFB, 0x0001, 0x0001, 0x0001, 0x0001, 0x0001, 0x0001, 0xE2ED,
    0xE000, 0xE063, 0xE043, 0xE042, 0xE042, 0xE042, 0xE042, 0xE042, 0xE042, 0xE042, 0xE042, 0xE042,
    0xE042, 0xE063, 0xE001, 0xE20A, 0xFFFF, 0xFFFF, 0xFFDF, 0xFFFF, 0xDB6E, 0xE001, 0xE063, 0xE042,
    0xE042, 0xE042, 0xE042, 0xE042, 0xE042, 0xE042, 0xE042, 0xE042, 0xE042, 0xE042, 0xE042, 0xE042,
    0xE042, 0xE042, 0xE042, 0xE042, 0xE042, 0xE043, 0xD883, 0xE001, 0xE34E, 0xFFFF, 0xFFFF, 0xFFFF,
    0xFFFF, 0xFFFF, 0xE2EC, 0xE000, 0xE063, 0xE042, 0xE042, 0xE042, 0xE042, 0xE042, 0xE042, 0xE042,
    0xE042, 0xE042, 0xE042, 0xE042, 0xE042, 0xE042, 0xE042, 0xE042, 0xE042, 0xE042, 0xE042, 0xE042,
    0xE043, 0xD862, 0xD862, 0xF69B, 0xFFFF, 0xFFFF, 0xFFFF, 0xFFFF, 0xFFBE, 0xD967, 0xE022, 0xE043,
    0xE042, 0xE042, 0xE042, 0xE042, 0xE042, 0xE042, 0xE042, 0xE042, 0xE042, 0xE042, 0xE042, 0xE042,
    0xE042, 0xE042, 0xE042, 0xE042, 0xE042, 0xE042, 0xE063, 0xE000, 0xF432, 0xFFFF, 0xFFDF, 0xFFFF,
    0xFFFF, 0xE30D, 0xE001, 0xE063, 0xE042, 0xE042, 0xE042, 0xE042, 0xE042, 0xE042, 0xE042, 0xE042,
    0xE042, 0xE042, 0xE042, 0xE063, 0xF6DB, 0x0001, 0x0001, 0x0001, 0x0001, 0x0001, 0x738E, 0x39E7,
    0x94B2, 0x0000, 0x0000, 0x1082, 0x4208, 0x4A69, 0x5ACB, 0x0000, 0x8C71, 0xDEDB, 0x0001, 0xD69A,
    0x0001, 0x0001, 0x0001, 0x0001, 0x0001, 0x0001, 0x0001, 0x0001, 0x0001, 0x0001, 0x0001, 0x0001,
    0x0001, 0x0001, 0x0001, 0x0001, 0x0001, 0x0001, 0xDEFB, 0x0001, 0x0001, 0x0001, 0x0001, 0x0001,
    0x18E3, 0x3186, 0x0001, 0x0001, 0x4A69, 0x10A2, 0x0001, 0x0001, 0x8C51, 0x0000, 0xCE79, 0xFFDF,
    0xCE79, 0x0000, 0x94B2, 0x0001, 0x0001, 0x0001, 0x0001, 0x0001, 0x0001, 0xEE79, 0xD821, 0xD862,
    0xE043, 0xE042, 0xE042, 0xE042, 0xE042, 0xE042, 0xE042, 0xE042, 0xE042, 0xE042, 0xE042, 0xE063,
    0xE001, 0xEA0A, 0xFFFF, 0xFFFF, 0xFFDF, 0xFFFF, 0xF492, 0xE000, 0xE063, 0xE042, 0xE042, 0xE042,
    0xE042, 0xE042, 0xE042, 0xE042, 0xE042, 0xE042, 0xE042, 0xE042, 0xE042, 0xE042, 0xE042, 0xE042,
    0xE042, 0xE042, 0xE042, 0xE042, 0xD863, 0xE022, 0xD8A3, 0xF73C, 0xFFFF, 0xFFFF, 0xFFFF, 0xFFFF,
    0xF619, 0xD822, 0xE043, 0xE042, 0xE042, 0xE042, 0xE042, 0xE042, 0xE042, 0xE042, 0xE042, 0xE042,
    0xE042, 0xE042, 0xE042, 0xE042, 0xE042, 0xE042, 0xE042, 0xE042, 0xE042, 0xE043, 0xE062, 0xE000,
    0xE30E, 0xFFFF, 0xFFFF, 0xFFFF, 0xFFDF, 0xFFFF, 0xEC93, 0xE000, 0xE063, 0xE043, 0xE042, 0xE042,
    0xE042, 0xE042, 0xE042, 0xE042, 0xE042, 0xE042, 0xE042, 0xE042, 0xE042, 0xE042, 0xE042, 0xE042,
    0xE042, 0xE042, 0xE042, 0xE042, 0xE063, 0xE000, 0xEC51, 0xFFFF, 0xFFDF, 0xFFFF, 0xFFFF, 0xE24B,
    0xE001, 0xE063, 0xE042, 0xE042, 0xE042, 0xE042, 0xE042, 0xE042, 0xE042, 0xE042, 0xE042, 0xE063,
    0xD801, 0xDB0E, 0x0001, 0x0001, 0x0001, 0x0001, 0x0001, 0x0001, 0x18E3, 0x94B2, 0xAD55, 0x10A2,
    0x2104, 0x0000, 0x0000, 0x0000, 0x0000, 0x0841, 0x0000, 0x0861, 0xBDF7, 0x0000, 0xB596, 0x0001,
    0x0001, 0x0001, 0x0001, 0x0001, 0x0001, 0x0001, 0x0001, 0x0001, 0x0001, 0x0001, 0x0001, 0x0001,
    0xE71C, 0xA514, 0x632C, 0x4A49, 0x0000, 0x7BEF, 0x0001, 0x0001, 0x0001, 0x0001, 0x632C, 0x0000,
    0xDEFB, 0x0001, 0x9CD3, 0x0000, 0xD69A, 0x0001, 0xCE79, 0x0000, 0x8430, 0xFFFF, 0xFFDF, 0x10A2,
    0x4A49, 0x0001, 0x0001, 0x0001, 0x0001, 0x0001, 0x0001, 0x0001, 0xDA8B, 0xD801, 0xE063, 0xD862,
    0xE042, 0xE042, 0xE042, 0xE042, 0xE042, 0xE042, 0xE042, 0xE042, 0xE042, 0xE042, 0xE021, 0xD947,
    0xF7DF, 0xFFFF, 0xFFDF, 0xFFFF, 0xF4B3, 0xE000, 0xE063, 0xE042, 0xE042, 0xE042, 0xE042, 0xE042,
    0xE042, 0xE042, 0xE042, 0xE042, 0xE042, 0xE042, 0xE042, 0xE042, 0xE042, 0xE042, 0xE042, 0xE042,
    0xE043, 0xE021, 0xE1A8, 0xE452, 0xE000, 0xE3F0, 0xFFFF, 0xFFDF, 0xFFFF, 0xFFFF, 0xFFFF, 0xE24A,
    0xE001, 0xE063, 0xE042, 0xE042, 0xE042, 0xE042, 0xE042, 0xE042, 0xE042, 0xE042, 0xE042, 0xE042,
    0xE042, 0xE042, 0xE042, 0xE042, 0xE042, 0xE042, 0xE042, 0xE043, 0xE042, 0xD843, 0xF69A, 0xFFFF,
    0xFFFF, 0xFFFF, 0xFFFF, 0xF79E, 0xD925, 0xE042, 0xD883, 0xE042, 0xE042, 0xE042, 0xE042, 0xE042,
    0xE042, 0xE042, 0xE042, 0xE042, 0xE042, 0xE042, 0xE042, 0xE042, 0xE042, 0xE042, 0xE042, 0xE042,
    0xE042, 0xE042, 0xE063, 0xD800, 0xEC72, 0xFFFF, 0xFFDF, 0xFFFF, 0xFFFF, 0xEA2A, 0xE001, 0xE063,
    0xE042, 0xE042, 0xE042, 0xE042, 0xE042, 0xE042, 0xE042, 0xE042, 0xE043, 0xE042, 0xD863, 0xF6DB,
    0x0001, 0x0001, 0x0001, 0x0001, 0x0001, 0x6B4D, 0x0000, 0xF79E, 0x5AEB, 0x5AEB, 0x39E7, 0x8430,
    0x2965, 0x528A, 0x0000, 0xB5B6, 0xA534, 0x9492, 0x8410, 0x0841, 0x0001, 0x0001, 0x0001, 0x0001,
    0x0001, 0x0001, 0x0001, 0x0001, 0x0001, 0x0001, 0x0001, 0x0001, 0x73AE, 0x4208, 0x39E7, 0x4A69,
    0xA534, 0x4A49, 0x2945, 0x0001, 0x0001, 0x0001, 0x0001, 0x0001, 0xB5B6, 0x0000, 0xA514, 0x0001,
    0x0001, 0x0841, 0x52AA, 0x73AE, 0x2965, 0x0000, 0x4208, 0xFFFF, 0xFFFF, 0x630C, 0x0861, 0x0001,
    0x0001, 0x0001, 0x0001, 0x0001, 0x0001, 0x0001, 0xF69A, 0xD863, 0xE042, 0xE042, 0xE042, 0xE042,
    0xE042, 0xE042, 0xE042, 0xE042, 0xE042, 0xE042, 0xE042, 0xE043, 0xE022, 0xD884, 0xF71C, 0xFFFF,
    0xFFDF, 0xFFFF, 0xEDF8, 0xD821, 0xE043, 0xD843, 0xE042, 0xE042, 0xE042, 0xE042, 0xE042, 0xE042,
    0xE042, 0xE042, 0xE042, 0xE042, 0xE042, 0xE042, 0xE042, 0xE042, 0xE042, 0xE042, 0xE063, 0xD800,
    0xEBB0, 0xFFFF, 0xE146, 0xD883, 0xF73D, 0xFFFF, 0xFFFF, 0xFFFF, 0xFFFF, 0xEDB7, 0xD800, 0xE063,
    0xE023, 0xE042, 0xE042, 0xE042, 0xE042, 0xE042, 0xE042, 0xE042, 0xE042, 0xE042, 0xE042, 0xE042,
    0xE042, 0xE042, 0xE042, 0xD862, 0xE043, 0xE063, 0xE000, 0xE2ED, 0xFFFF, 0xFFDF, 0xFFFF, 0xFFFF,
    0xFFFF, 0xE4B3, 0xD800, 0xECB3, 0xE2CC, 0xE000, 0xE043, 0xE042, 0xE042, 0xE042, 0xE042, 0xE042,
    0xE042, 0xE042, 0xE042, 0xE042, 0xE042, 0xE042, 0xE042, 0xE042, 0xE042, 0xE042, 0xE042, 0xE042,
    0xE043, 0xD801, 0xED96, 0xFFFF, 0xFFDF, 0xFFFF, 0xF7BE, 0xD126, 0xE001, 0xE043, 0xE042, 0xE042,
    0xE042, 0xE042, 0xE042, 0xE042, 0xE042, 0xE043, 0xE063, 0xE001, 0xE32E, 0x0001, 0x0001, 0x0001,
    0x0001, 0x0001, 0x0001, 0x1082, 0x31A6, 0xFFFF, 0x2945, 0x6B2C, 0x39E7, 0x9492, 0x6B6D, 0x8C51,
    0x10A2, 0xFFFF, 0xFFFF, 0xF7BE, 0x18C3, 0x52AA, 0x0001, 0x0001, 0x0001, 0x0001, 0xBDD7, 0x6B6D,
    0x4A49, 0xAD55, 0x0001, 0x0001, 0x0001, 0x0001, 0xA534, 0xCE59, 0x0001, 0x0001, 0x9CD3, 0x2124,
    0x0001, 0x0001, 0x0001, 0x0001, 0x0001, 0x0001, 0x0001, 0x0861, 0x39E7, 0x9492, 0x4228, 0x0841,
    0x0000, 0x0000, 0x0000, 0x0020, 0x0861, 0xE71C, 0xFFFF, 0xB596, 0x0000, 0xBDD7, 0x0001, 0x0001,
    0x0001, 0x0001, 0x0001, 0x0001, 0x0001, 0xE472, 0xD800, 0xE063, 0xE042, 0xE042, 0xE042, 0xE042,
    0xE042, 0xE042, 0xE042, 0xE042, 0xE042, 0xE043, 0xE043, 0xD801, 0xEDF8, 0xFFFF, 0xFFDF, 0xFFFF,
    0xFF5D, 0xD8C5, 0xE022, 0xE043, 0xE042, 0xE042, 0xE042, 0xE042, 0xE042, 0xE042, 0xE042, 0xE042,
    0xE042, 0xE042, 0xE042, 0xE042, 0xE042, 0xE042, 0xE042, 0xE042, 0xE042, 0xD823, 0xF659, 0xFFFF,
    0xED76, 0xD000, 0xEBF1, 0xFFFF, 0xFFDF, 0xFFFF, 0xFFFF, 0xF7DF, 0xE1A8, 0xD821, 0xE043, 0xE042,
    0xE042, 0xE042, 0xE042, 0xE042, 0xE042, 0xE042, 0xE042, 0xE042, 0xE042, 0xE042, 0xE042, 0xE042,
    0xE042, 0xE043, 0xD862, 0xE042, 0xD883, 0xF6FB, 0xFFFF, 0xFFFF, 0xFFFF, 0xFFFF, 0xF79E, 0xD8E4,
    0xE105, 0xFFFF, 0xED96, 0xD801, 0xE063, 0xE042, 0xE042, 0xE042, 0xE042, 0xE042, 0xE042, 0xE042,
    0xE042, 0xE042, 0xE042, 0xE042, 0xE042, 0xE042, 0xE042, 0xE042, 0xE043, 0xD862, 0xE042, 0xE043,
    0xEEFB, 0xFFFF, 0xFFDF, 0xFFFF, 0xF6DB, 0xD063, 0xE042, 0xE043, 0xE042, 0xE042, 0xE042, 0xE042,
    0xE042, 0xE043, 0xE043, 0xD862, 0xE042, 0xD863, 0xF6FC, 0x0001, 0x0001, 0x0001, 0x0001, 0x0001,
    0x0001, 0x18C3, 0x8C71, 0xBDF7, 0x3186, 0x5ACB, 0x73AE, 0x52AA, 0xA534, 0x2104, 0x7BCF, 0xFFFF,
    0xDEDB, 0x2124, 0x0000, 0xCE59, 0x0001, 0x0001, 0x0001, 0x0001, 0x0001, 0x73AE, 0x0020, 0x3186,
    0x31A6, 0x630C, 0x8410, 0x2945, 0x0001, 0x0001, 0x0001, 0x9CD3, 0x0861, 0xDEDB, 0x0001, 0x0001,
    0x0001, 0x0001, 0x0001, 0x0001, 0x0001, 0x4A69, 0x0000, 0x0000, 0x0000, 0x0000, 0x0020, 0x6B4D,
    0xBDF7, 0xA534, 0x0000, 0xA534, 0xFFFF, 0xF79E, 0x0861, 0x6B6D, 0x0001, 0x0001, 0x0001, 0x0001,
    0x0001, 0x0001, 0x0001, 0x0001, 0xE167, 0xE001, 0xE063, 0xE042, 0xE042, 0xE042, 0xE042, 0xE042,
    0xE042, 0xE042, 0xE042, 0xE042, 0xE063, 0xD800, 0xEC93, 0xFFFF, 0xFFDF, 0xFFFF, 0xFFFF, 0xE28B,
    0xD801, 0xE063, 0xE042, 0xE042, 0xE042, 0xE042, 0xE042, 0xE042, 0xE042, 0xE042, 0xE042, 0xE042,
    0xE042, 0xE042, 0xE042, 0xE042, 0xE042, 0xE063, 0xE001, 0xE20A, 0xFFFF, 0xFFFF, 0xFFFF, 0xD966,
    0xE083, 0xF75D, 0xFFFF, 0xFFFF, 0xFFFF, 0xFFFF, 0xECD4, 0xD801, 0xE063, 0xE042, 0xE042, 0xE042,
    0xE042, 0xE042, 0xE042, 0xE042, 0xE042, 0xE042, 0xE042, 0xE042, 0xE042, 0xE042, 0xE042, 0xE043,
    0xE063, 0xE000, 0xE38F, 0xFFFF, 0xFFFF, 0xFFFF, 0xFFDF, 0xFFFF, 0xE472, 0xD800, 0xED15, 0xFFFF,
    0xFF9E, 0xD925, 0xD822, 0xE043, 0xE042, 0xE042, 0xE042, 0xE042, 0xE042, 0xE042, 0xE042, 0xE042,
    0xE042, 0xE042, 0xE042, 0xE042, 0xE042, 0xE042, 0xE043, 0xE063, 0xD801, 0xE20A, 0xFFFF, 0xFFFF,
    0xFFFF, 0xFFFF, 0xEDD8, 0xD801, 0xE063, 0xE043, 0xE042, 0xE042, 0xE042, 0xE042, 0xE042, 0xE043,
    0xD843, 0xE062, 0xD801, 0xE4D4, 0x0001, 0x0001, 0x0001, 0x0001, 0x0001, 0x0001, 0xD69A, 0x0000,
    0xEF5D, 0x5AEB, 0x632C, 0x31A6, 0xA514, 0x4228, 0xB5B6, 0x0020, 0x630C, 0x6B4D, 0x2945, 0x0000,
    0xA534, 0x0001, 0x0001, 0x0001, 0x0001, 0x0001, 0x0001, 0x0001, 0x0001, 0x0001, 0xD6BA, 0xAD55,
    0x5AEB, 0x9CD3, 0x0001, 0x0001, 0xB596, 0x3186, 0xEF7D, 0xFFDF, 0xC618, 0x8410, 0x8C71, 0x0001,
    0x0001, 0x0001, 0x0001, 0x94B2, 0x0000, 0x4228, 0xA514, 0xB596, 0x0000, 0xB596, 0x0001, 0x0001,
    0x0841, 0x52AA, 0xFFFF, 0xCE79, 0x0020, 0x39C7, 0x0001, 0x0001, 0x0001, 0x0001, 0x0001, 0x0001,
    0x0001, 0x0001, 0xEDD7, 0xD821, 0xE063, 0xE043, 0xE042, 0xE042, 0xE042, 0xE042, 0xE042, 0xE042,
    0xE042, 0xD843, 0xE063, 0xD800, 0xEB2E, 0xFFFF, 0xFFDF, 0xFFDF, 0xFFFF, 0xF452, 0xD800, 0xE063,
    0xE043, 0xE042, 0xE042, 0xE042, 0xE042, 0xE042, 0xE042, 0xE042, 0xE042, 0xE042, 0xE042, 0xE042,
    0xE042, 0xD842, 0xE043, 0xE063, 0xD820, 0xED76, 0xFFFF, 0xFFDF, 0xFFFF, 0xE36F, 0xD800, 0xECF4,
    0xFFFF, 0xFFDF, 0xFFFF, 0xFFFF, 0xF75D, 0xD8C4, 0xE021, 0xE063, 0xE042, 0xE042, 0xE042, 0xE042,
    0xE042, 0xE042, 0xE042, 0xE042, 0xE042, 0xE042, 0xE042, 0xE042, 0xE042, 0xE043, 0xE021, 0xD8E5,
    0xF75D, 0xFFFF, 0xFFFF, 0xFFFF, 0xFFFF, 0xF7BE, 0xD8E4, 0xD9A8, 0xFFFF, 0xFFDF, 0xFFFF, 0xE38F,
    0xD800, 0xE063, 0xE042, 0xE042, 0xE042, 0xE042, 0xE042, 0xE042, 0xE042, 0xE042, 0xE042, 0xE042,
    0xE042, 0xE042, 0xE042, 0xE042, 0xE043, 0xE063, 0xD800, 0xEBF1, 0xFFFF, 0xFFDF, 0xFFDF, 0xFFFF,
    0xEC52, 0xD800, 0xE063, 0xE042, 0xE042, 0xE042, 0xE042, 0xE042, 0xE042, 0xE043, 0xE063, 0xE000,
    0xD2ED, 0x0001, 0x0001, 0x0001, 0x0001, 0x0001, 0x0001, 0x0001, 0x738E, 0x39C7, 0x9CD3, 0x0841,
    0x4A49, 0x4A49, 0x94B2, 0x738E, 0x8430, 0x18C3, 0x39E7, 0x0000, 0x0020, 0xBDF7, 0x0001, 0x0001,
    0x0001, 0x0001, 0x0001, 0x0001, 0x0001, 0xDEFB, 0x528A, 0x0001, 0xDEFB, 0xC638, 0x0001, 0x0001,
    0x0001, 0xBDD7, 0x0000, 0x632C, 0x630C, 0x3186, 0x4228, 0x738E, 0xC618, 0x0001, 0x0001, 0x0001,
    0x0001, 0xDEDB, 0x0000, 0x7BEF, 0x0001, 0x0001, 0x1082, 0x528A, 0x0001, 0x0001, 0x4228, 0x0861,
    0xF79E, 0x39E7, 0x0020, 0xB5B6, 0x0001, 0x0001, 0x0001, 0x0001, 0x0001, 0x0001, 0x0001, 0x0001,
    0x0001, 0xDBD0, 0xD800, 0xE863, 0xD843, 0xE042, 0xE042, 0xE042, 0xE042, 0xE042, 0xE042, 0xE043,
    0xE043, 0xD821, 0xD988, 0xFFDF, 0xFFFF, 0xFFFF, 0xFFFF, 0xF6FC, 0xD884, 0xD842, 0xE042, 0xE042,
    0xE042, 0xE042, 0xE042, 0xE042, 0xE042, 0xE042, 0xE042, 0xE042, 0xE042, 0xE042, 0xE042, 0xE042,
    0xE063, 0xD800, 0xD9E8, 0xFFFF, 0xFFFF, 0xFFFF, 0xFFFF, 0xF6FC, 0xE062, 0xE209, 0xFFFF, 0xFFFF,
    0xFFFF, 0xFFFF, 0xFFFF, 0xDC72, 0xE000, 0xE063, 0xE042, 0xE042, 0xE042, 0xE042, 0xE042, 0xE042,
    0xE042, 0xE042, 0xE042, 0xE042, 0xE042, 0xE042, 0xE042, 0xE063, 0xD801, 0xED76, 0xFFFF, 0xFFFF,
    0xFFFF, 0xFFFF, 0xFFFF, 0xDBD0, 0xD800, 0xF618, 0xFFFF, 0xFFDF, 0xFFFF, 0xF71C, 0xD863, 0xD862,
    0xE042, 0xE042, 0xE042, 0xE042, 0xE042, 0xE042, 0xE042, 0xE042, 0xE042, 0xE042, 0xE042, 0xE042,
    0xE042, 0xE043, 0xE042, 0xD842, 0xE063, 0xF6DB, 0xFFFF, 0xFFFF, 0xFFFF, 0xFFFF, 0xE26B, 0xD801,
    0xE063, 0xE042, 0xE042, 0xE042, 0xE042, 0xE042, 0xE042, 0xE063, 0xE821, 0xD8E5, 0x0001, 0x0001,
    0x0001, 0x0001, 0x0001, 0x0001, 0x0001, 0x0001, 0x2124, 0x7BCF, 0x4A69, 0x0000, 0x0000, 0x18E3,
    0x18E3, 0xAD75, 0x2945, 0x738E, 0xF79E, 0x738E, 0x0841, 0xDEFB, 0x0001, 0x0001, 0x0001, 0x0001,
    0x0001, 0x0001, 0x0001, 0x528A, 0x8C51, 0xCE59, 0x18C3, 0x2124, 0x8C51, 0x0001, 0x0001, 0x6B6D,
    0x39C7, 0x73AE, 0xA534, 0xDEFB, 0x0001, 0x0001, 0x0001, 0x0001, 0x0001, 0x0001, 0x0001, 0x0001,
    0x2124, 0x2104, 0x0001, 0x0001, 0x52AA, 0x0861, 0x0001, 0x0001, 0x94B2, 0x0000, 0xC618, 0x31A6,
    0x2104, 0x0001, 0x0001, 0x0001, 0x0001, 0x0001, 0x0001, 0x0001, 0x0001, 0x0001, 0x0001, 0x0001,
    0xD9E9, 0xE000, 0xE063, 0xE042, 0xE042, 0xE042, 0xE042, 0xE042, 0xE042, 0xE043, 0xE043, 0xD842,
    0xE043, 0xF6FB, 0xFFFF, 0xFFFF, 0xFFFF, 0xFFFF, 0xE411, 0xE000, 0xE063, 0xE042, 0xE042, 0xE042,
    0xE042, 0xE042, 0xE042, 0xE042, 0xE042, 0xE042, 0xE042, 0xE042, 0xE042, 0xE043, 0xE062, 0xE042,
    0xF639, 0xFFFF, 0xFFFF, 0xFFFF, 0xFFFF, 0xFFFF, 0xDAAB, 0xE001, 0xF65A, 0xFFFF, 0xFFFF, 0xFFFF,
    0xFFFF, 0xFFDF, 0xD9E9, 0xE001, 0xE063, 0xE042, 0xE042, 0xE042, 0xE042, 0xE042, 0xE042, 0xE042,
    0xE042, 0xE042, 0xE042, 0xE042, 0xE063, 0xD800, 0xE2CD, 0xFFFF, 0xFFDF, 0xFFFF, 0xFFFF, 0xFFFF,
    0xF6DB, 0xE001, 0xE26A, 0xFFFF, 0xFFFF, 0xFFFF, 0xFFFF, 0xFFFF, 0xE431, 0xE000, 0xE083, 0xE042,
    0xE042, 0xE042, 0xE042, 0xE042, 0xE042, 0xE042, 0xE042, 0xE042, 0xE042, 0xE042, 0xE042, 0xE042,
    0xE063, 0xD800, 0xE38F, 0xFFFF, 0xFFFF, 0xFFFF, 0xFFFF, 0xFF5D, 0xE8A5, 0xE022, 0xE043, 0xE042,
    0xE042, 0xE042, 0xE042, 0xE042, 0xE043, 0xE042, 0xD822, 0xF619, 0x0001, 0x0001, 0x0001, 0x0001,
    0x0001, 0x0001, 0x0001, 0xCE79, 0x0000, 0x4208, 0x52AA, 0x4208, 0x2104, 0x10A2, 0x0000, 0x2104,
    0x0841, 0xCE79, 0xFFFF, 0xBDF7, 0x0000, 0xAD55, 0x0001, 0x0001, 0x0001, 0x0001, 0x0001, 0x0001,
    0x0001, 0x3186, 0xFFDF, 0x18E3, 0xAD55, 0xEF7D, 0x4A49, 0x0001, 0x0001, 0x0001, 0x0001, 0x0001,
    0x0001, 0x0001, 0x4208, 0xC638, 0x0001, 0x0001, 0x0001, 0x0001, 0x0001, 0x0001, 0x73AE, 0x0000,
    0xD6BA, 0x0001, 0xA534, 0x0000, 0xBDF7, 0x0001, 0xD6BA, 0x31A6, 0xBDD7, 0xC618, 0xAD75, 0x0001,
    0x0001, 0x0001, 0x0001, 0x0001, 0x0001, 0x0001, 0x0001, 0x0001, 0x0001, 0x0001, 0x0001, 0xD8C4,
    0xE021, 0xE063, 0xE042, 0xE042, 0xE042, 0xE042, 0xE042, 0xE042, 0xE042, 0xE043, 0xD801, 0xED35,
    0xFFFF, 0xFFDF, 0xFFFF, 0xFFFF, 0xFFBE, 0xD967, 0xE001, 0xE063, 0xE043, 0xE042, 0xE042, 0xE042,
    0xE042, 0xE042, 0xE042, 0xE042, 0xE042, 0xE043, 0xE042, 0xE083, 0xD800, 0xE3D0, 0xFFFF, 0xFFDF,
    0xFFFF, 0xFFFF, 0xFFFF, 0xFFBF, 0xD9A8, 0xE000, 0xDAEC, 0xFFFF, 0xFFFF, 0xFFFF, 0xFFFF, 0xFFFF,
    0xF6DB, 0xD884, 0xE022, 0xE063, 0xE043, 0xE042, 0xE042, 0xE042, 0xE042, 0xE042, 0xE042, 0xE042,
    0xE043, 0xE043, 0xE042, 0xD8C4, 0xF71C, 0xFFFF, 0xFFFF, 0xFFFF, 0xFFFF, 0xFFFF, 0xE24A, 0xE000,
    0xE1E9, 0xFFDF, 0xFFFF, 0xFFFF, 0xFFFF, 0xFFFF, 0xFFDF, 0xD9A7, 0xE001, 0xE063, 0xE043, 0xE043,
    0xE042, 0xE042, 0xE042, 0xE042, 0xE042, 0xE042, 0xE042, 0xE042, 0xE043, 0xE043, 0xE042, 0xE0C4,
    0xF73C, 0xFFFF, 0xFFFF, 0xFFDF, 0xFFFF, 0xED56, 0xD801, 0xE043, 0xE042, 0xE042, 0xE042, 0xE042,
    0xE042, 0xE063, 0xE063, 0xD801, 0xEC93, 0x0001, 0x0001, 0x0001, 0x0001, 0x0001, 0x0001, 0x0001,
    0x0001, 0x0001, 0x94B2, 0x9CD3, 0x4208, 0x73AE, 0x4208, 0x9CD3, 0x10A2, 0x0020, 0x2965, 0xFFFF,
    0xFFFF, 0xE71C, 0x0000, 0x8C51, 0x0001, 0x0001, 0x0001, 0x0001, 0x0001, 0x0001, 0x0001, 0x6B6D,
    0x18E3, 0x738E, 0xE73C, 0x5ACB, 0x7BCF, 0x0001, 0x0001, 0x0001, 0xC618, 0x31A6, 0x2124, 0xCE59,
    0xAD75, 0x3186, 0xDEFB, 0x0001, 0x0001, 0x0001, 0x0001, 0x0001, 0xC618, 0x0000, 0x8C71, 0x0001,
    0x0001, 0x0841, 0x7BEF, 0x0001, 0x0001, 0x0001, 0x0001, 0x0001, 0x0001, 0x0001, 0x0001, 0x73AE,
    0x0001, 0x0001, 0x0001, 0x0001, 0x0001, 0x0001, 0x0001, 0x0001, 0x0001, 0xEDD7, 0xD801, 0xE042,
    0xD862, 0xE042, 0xE042, 0xE042, 0xE042, 0xE042, 0xE042, 0xE063, 0xE001, 0xE28B, 0xFFFF, 0xFFFF,
    0xFFFF, 0xFFFF, 0xFFFF, 0xEE39, 0xD842, 0xE041, 0xE063, 0xE043, 0xE042, 0xE042, 0xE042, 0xE042,
    0xE042, 0xE042, 0xD863, 0xE043, 0xE083, 0xE001, 0xDA0A, 0xF7BE, 0xFFFF, 0xFFFF, 0xFFFF, 0xFFFF,
    0xFFFF, 0xE5B7, 0xD801, 0xE863, 0xD022, 0xF618, 0xFFFF, 0xFFFF, 0xFFFF, 0xFFFF, 0xFFFF, 0xED96,
    0xD822, 0xE042, 0xE063, 0xE042, 0xE042, 0xE042, 0xE042, 0xE042, 0xE042, 0xE043, 0xE063, 0xE063,
    0xD800, 0xED76, 0xFFFF, 0xFFFF, 0xFFFF, 0xFFDF, 0xFFFF, 0xE4D3, 0xD801, 0xE863, 0xD002, 0xEDF8,
    0xFFFF, 0xFFFF, 0xFFFF, 0xFFFF, 0xFFFF, 0xEE7A, 0xD883, 0xE041, 0xE043, 0xE043, 0xD863, 0xE042,
    0xE042, 0xE042, 0xE042, 0xE042, 0xE042, 0xE042, 0xE043, 0xE063, 0xD800, 0xED35, 0xFFFF, 0xFFDF,
    0xFFFF, 0xFFFF, 0xFFFF, 0xDAAC, 0xE001, 0xE063, 0xE042, 0xE042, 0xE042, 0xE042, 0xE042, 0xD882,
    0xE001, 0xE36F, 0x0001, 0x0001, 0x0001, 0x0001, 0x0001, 0x0001, 0x0001, 0x0001, 0x0001, 0x0001,
    0x0001, 0x0001, 0x0001, 0xB5B6, 0xAD75, 0x632C, 0xA514, 0x2104, 0x0000, 0x2124, 0x7BEF, 0xCE79,
    0x0000, 0xAD55, 0x0001, 0x0001, 0x0001, 0x0001, 0x0001, 0x0001, 0x0001, 0xDEFB, 0xDEDB, 0x0001,
    0x6B6D, 0x528A, 0x0001, 0x0001, 0x0001, 0x0001, 0x528A, 0x9492, 0xBDF7, 0x2965, 0xFFFF, 0x5AEB,
    0x8430, 0x0001, 0x0001, 0x0001, 0x0001, 0x0001, 0x0001, 0x0000, 0x4208, 0x0001, 0x0001, 0xDEDB,
    0x0001, 0x0001, 0x0001, 0x0001, 0x0001, 0x0001, 0x0001, 0xCE59, 0x2945, 0x0000, 0x6B4D, 0x0001,
    0x0001, 0x0001, 0x0001, 0x0001, 0x0001, 0x0001, 0x0001, 0x0001, 0xE4B3, 0xE001, 0xE062, 0xD862,
    0xE042, 0xE042, 0xE042, 0xE042, 0xE042, 0xE042, 0xE042, 0xD821, 0xF639, 0xFFFF, 0xFFFF, 0xFFFF,
    0xFFFF, 0xFFFF, 0xED56, 0xD862, 0xE001, 0xE063, 0xE042, 0xE042, 0xE042, 0xE042, 0xE042, 0xE042,
    0xE063, 0xE063, 0xE001, 0xDA09, 0xF77E, 0xFFFF, 0xFFFF, 0xFFFF, 0xFFFF, 0xFFFF, 0xFFDF, 0xE1C8,
    0xD821, 0xD863, 0xE001, 0xD988, 0xF7BE, 0xFFFF, 0xFFFF, 0xFFFF, 0xFFFF, 0xFFFF, 0xED97, 0xD863,
    0xE000, 0xE063, 0xE063, 0xE042, 0xE042, 0xE042, 0xE042, 0xE043, 0xE062, 0xD800, 0xEBD1, 0xFFFF,
    0xFFDF, 0xFFFF, 0xFFFF, 0xFFFF, 0xF71C, 0xD884, 0xE042, 0xD883, 0xE000, 0xE2CC, 0xFFFF, 0xFFFF,
    0xFFFF, 0xFFFF, 0xFFDF, 0xFFFF, 0xEDB7, 0xD822, 0xE022, 0xE063, 0xE043, 0xE042, 0xE042, 0xE042,
    0xE042, 0xE042, 0xE042, 0xE063, 0xD883, 0xE001, 0xDBF1, 0xFFFF, 0xFFDF, 0xFFFF, 0xFFFF, 0xFFFF,
    0xF69A, 0xD843, 0xE042, 0xE042, 0xE042, 0xE042, 0xE042, 0xE042, 0xE083, 0xE000, 0xE34E, 0x0001,
    0x0001, 0x0001, 0x0001, 0x0001, 0x0001, 0x0001, 0x0001, 0x0001, 0x7BCF, 0x738E, 0x0001, 0x0001,
    0x0001, 0x0001, 0x0001, 0x0001, 0x0001, 0x528A, 0x5AEB, 0x10A2, 0x4A49, 0x7BEF, 0x0020, 0x0001,
    0x0001, 0x0001, 0x0001, 0x0001, 0x0001, 0xD69A, 0x39E7, 0x4208, 0x528A, 0x0001, 0x0001, 0x0001,
    0x0001, 0x0001, 0x0001, 0x0001, 0xAD75, 0x4A69, 0xFFFF, 0x632C, 0x39C7, 0x10A2, 0xB5B6, 0x0001,
    0x0001, 0x0001, 0x0001, 0x0001, 0x0001, 0xB596, 0xCE79, 0x0001, 0x0001, 0x0001, 0x0001, 0x0001,
    0x0001, 0x0001, 0x0001, 0x0001, 0xAD75, 0x0861, 0x0000, 0x3186, 0x0000, 0x8430, 0x0001, 0x0001,
    0x0001, 0x0001, 0x0001, 0x0001, 0x0001, 0x0001, 0x0001, 0xE473, 0xD801, 0xE042, 0xE063, 0xE042,
    0xE042, 0xE042, 0xE042, 0xE042, 0xE063, 0xE000, 0xDA8B, 0xFFFF, 0xFFDF, 0xFFFF, 0xFFFF, 0xFFDF,
    0xFFFF, 0xF5F8, 0xD905, 0xD800, 0xE042, 0xE063, 0xE063, 0xE063, 0xE063, 0xE042, 0xE001, 0xD802,
    0xE34E, 0xFFDF, 0xFFFF, 0xFFFF, 0xFFFF, 0xFFFF, 0xFFFF, 0xFFFF, 0xEE18, 0xE001, 0xE063, 0xE043,
    0xE062, 0xD801, 0xECB4, 0xFFFF, 0xFFDF, 0xFFFF, 0xFFFF, 0xFFFF, 0xFFFF, 0xF639, 0xD9C8, 0xD801,
    0xE021, 0xE043, 0xE063, 0xE063, 0xE063, 0xE022, 0xD801, 0xEBD0, 0xFFFF, 0xFFFF, 0xFFFF, 0xFFFF,
    0xFFDF, 0xFFFF, 0xE28B, 0xE000, 0xD863, 0xE043, 0xE022, 0xD8A4, 0xF77D, 0xFFFF, 0xFFFF, 0xFFFF,
    0xFFFF, 0xFFDF, 0xFFFF, 0xED76, 0xD863, 0xE000, 0xE062, 0xE063, 0xE063, 0xE043, 0xE043, 0xE063,
    0xE063, 0xE022, 0xE001, 0xE36F, 0xFFFF, 0xFFDF, 0xFFFF, 0xFFFF, 0xFFDF, 0xFFFF, 0xDB2E, 0xE000,
    0xE063, 0xE042, 0xE042, 0xE042, 0xE042, 0xE063, 0xE000, 0xDB0D, 0x0001, 0x0001, 0x0001, 0x0001,
    0x0001, 0x0001, 0x0001, 0x0001, 0x0001, 0x8C71, 0x0000, 0x73AE, 0x0001, 0x0001, 0x0001, 0x0001,
    0x0001, 0x0001, 0x0001, 0x0001, 0x0001, 0x0001, 0x0001, 0x2965, 0x52AA, 0x0001, 0x0001, 0x0001,
    0x0001, 0x0001, 0x0001, 0x39E7, 0xBDF7, 0xAD55, 0x5ACB, 0xA514, 0x73AE, 0x0001, 0x0001, 0x0001,
    0x0001, 0x0001, 0x0001, 0x8430, 0x0841, 0x2945, 0x52AA, 0xCE79, 0xDEDB, 0xBDD7, 0x9CD3, 0xDEDB,
    0x0001, 0x0001, 0x0001, 0x0001, 0x0001, 0x0001, 0x0001, 0x0001, 0x0001, 0x0001, 0x0001, 0x0001,
    0x0001, 0x8430, 0x0000, 0x0000, 0x7BCF, 0xFFFF, 0x738E, 0x0000, 0xAD75, 0x0001, 0x0001, 0x0001,
    0x0001, 0x0001, 0x0001, 0x0001, 0x0001, 0x0001, 0xE4B3, 0xE042, 0xE042, 0xE063, 0xE043, 0xD862,
    0xE042, 0xE042, 0xE043, 0xE063, 0xD821, 0xED97, 0xFFFF, 0xFFDF, 0xFFFF, 0xFFFF, 0xFFDF, 0xFFFF,
    0xF75D, 0xE36E, 0xD863, 0xD801, 0xD800, 0xD800, 0xD801, 0xD863, 0xDACC, 0xEE39, 0xFFFF, 0xFFFF,
    0xFFFF, 0xFFFF, 0xFFFF, 0xFFFF, 0xFFDF, 0xFFFF, 0xDA4A, 0xE001, 0xE063, 0xE043, 0xE063, 0xE022,
    0xD0C5, 0xEF3C, 0xFFFF, 0xFFFF, 0xFFFF, 0xFFFF, 0xFFFF, 0xFFFF, 0xFFDF, 0xECB3, 0xE167, 0xE001,
    0xD800, 0xE000, 0xD801, 0xD0C5, 0xE4D3, 0xFFFF, 0xFFFF, 0xFFFF, 0xFFFF, 0xFFDF, 0xFFFF, 0xDC52,
    0xE001, 0xE082, 0xE043, 0xE042, 0xD863, 0xE001, 0xECB3, 0xFFFF, 0xFFDF, 0xFFFF, 0xFFFF, 0xFFFF,
    0xFFFF, 0xFFFF, 0xF6BA, 0xE2CC, 0xD822, 0xE001, 0xE001, 0xD822, 0xE022, 0xE001, 0xD800, 0xD906,
    0xED55, 0xFFFF, 0xFFFF, 0xFFFF, 0xFFFF, 0xFFFF, 0xFFFF, 0xF65A, 0xD843, 0xE042, 0xE043, 0xE042,
    0xE043, 0xE043, 0xE063, 0xD800, 0xDB0D, 0x0001, 0x0001, 0x0001, 0x0001, 0x0001, 0x0001, 0x0001,
    0x0001, 0x0001, 0x9CD3, 0x0000, 0x5AEB, 0x8C71, 0x528A, 0x5ACB, 0x0001, 0x0001, 0x0001, 0x0001,
    0x0001, 0x0001, 0x0001, 0x0001, 0x0001, 0x0001, 0x0001, 0x0001, 0x0001, 0x0001, 0x0001, 0x0001,
    0x0001, 0x31A6, 0xFFFF, 0x39E7, 0xD6BA, 0xDEDB, 0x39C7, 0x0001, 0x0001, 0x0001, 0x0001, 0x0001,
    0x0001, 0xC638, 0x6B6D, 0xEF7D, 0xFFFF, 0xEF5D, 0x4228, 0x0000, 0x632C, 0x0001, 0x0001, 0x0001,
    0x0001, 0x0001, 0x0001, 0x0001, 0x0001, 0x0001, 0x0001, 0x0001, 0x0001, 0x0001, 0x5AEB, 0x0000,
    0x0020, 0xA514, 0x8430, 0x4228, 0xFFFF, 0x52AA, 0x0000, 0xCE59, 0x0001, 0x0001, 0x0001, 0x0001,
    0x0001, 0x0001, 0x0001, 0x0001, 0x0001, 0xEDD8, 0xE083, 0xE002, 0xE063, 0xE042, 0xE042, 0xE042,
    0xE042, 0xE043, 0xE021, 0xD8E5, 0xF71C, 0xFFFF, 0xFFFF, 0xFFFF, 0xFFFF, 0xFFDF, 0xFFFF, 0xFFFF,
    0xF6FC, 0xED76, 0xF473, 0xECB4, 0xED96, 0xF6FC, 0xFFFF, 0xFFFF, 0xFFFF, 0xFFFF, 0xFFFF, 0xFFFF,
    0xFFFF, 0xFFDF, 0xFFFF, 0xECB4, 0xE000, 0xE063, 0xE042, 0xE042, 0xD843, 0xD882, 0xE801, 0xDA2A,
    0xFFFF, 0xFFFF, 0xFFFF, 0xFFFF, 0xFFFF, 0xFFFF, 0xFFFF, 0xFFFF, 0xFFDF, 0xEE18, 0xEC93, 0xECF4,
    0xEDD7, 0xFF5D, 0xFFFF, 0xFFFF, 0xFFFF, 0xFFFF, 0xFFDF, 0xFFFF, 0xECF4, 0xD801, 0xE862, 0xD863,
    0xE043, 0xE042, 0xE043, 0xE042, 0xE0A4, 0xFEFC, 0xFFFF, 0xFFFF, 0xFFFF, 0xFFFF, 0xFFFF, 0xFFDF,
    0xFFFF, 0xFFFF, 0xEE18, 0xDB6F, 0xE1A7, 0xE0C4, 0xE106, 0xDA2A, 0xEC10, 0xF75D, 0xFFFF, 0xFFDF,
    0xFFFF, 0xFFFF, 0xFFFF, 0xFFFF, 0xFFFF, 0xD9E9, 0xD801, 0xE063, 0xE042, 0xE042, 0xE063, 0xE062,
    0xD800, 0xE3AF, 0x0001, 0x0001, 0x0001, 0x0001, 0x0001, 0x0001, 0x0001, 0x0001, 0x0001, 0x8C71,
    0x0000, 0x632C, 0xAD55, 0x0000, 0x0000, 0x630C, 0xDEDB, 0x0001, 0x0001, 0x0001, 0x0001, 0x0001,
    0x0001, 0x0001, 0x0001, 0x0001, 0x0001, 0x0001, 0x0001, 0x0001, 0x0001, 0x0001, 0x0001, 0x5AEB,
    0x39E7, 0x528A, 0xFFFF, 0x738E, 0x73AE, 0x0001, 0x0001, 0x0001, 0x0001, 0x0001, 0x0001, 0x0001,
    0x0001, 0xDEFB, 0x5AEB, 0x2945, 0x8410, 0x6B6D, 0x0001, 0x0001, 0x9CD3, 0x0001, 0x0001, 0x0001,
    0x0001, 0x0001, 0x0001, 0x0001, 0x0001, 0x0001, 0xE71C, 0x31A6, 0x0000, 0x2104, 0xBDD7, 0xFFFF,
    0xA514, 0x0000, 0x6B4D, 0xFFFF, 0x3186, 0x0861, 0xDEFB, 0x0001, 0x0001, 0x0001, 0x0001, 0x0001,
    0x0001, 0x0001, 0x0001, 0x0001, 0xEEBA, 0xD947, 0xD800, 0xE863, 0xE043, 0xE042, 0xE042, 0xE042,
    0xE843, 0xD801, 0xDA09, 0xF7DF, 0xFFDF, 0xFFFF, 0xFFFF, 0xFFFF, 0xFFFF, 0xFFFF, 0xFFFF, 0xFFFF,
    0xFFFF, 0xFFFF, 0xFFFF, 0xFFFF, 0xFFFF, 0xFFFF, 0xFFFF, 0xFFFF, 0xFFFF, 0xFFFF, 0xFFFF, 0xFFFF,
    0xF6FC, 0xD8C4, 0xE042, 0xE063, 0xE043, 0xE042, 0xE043, 0xE042, 0xE082, 0xD801, 0xDAED, 0xFFFF,
    0xFFFF, 0xFFFF, 0xFFFF, 0xFFFF, 0xFFFF, 0xFFFF, 0xFFFF, 0xFFFF, 0xFFFF, 0xFFFF, 0xFFFF, 0xFFFF,
    0xFFFF, 0xFFFF, 0xFFFF, 0xFFDF, 0xFFFF, 0xED35, 0xD822, 0xE062, 0xD862, 0xE042, 0xE043, 0xE042,
    0xE042, 0xE063, 0xE001, 0xE26B, 0xFFFF, 0xFFDF, 0xFFFF, 0xFFFF, 0xFFFF, 0xFFFF, 0xFFFF, 0xFFFF,
    0xFFFF, 0xFFFF, 0xFFFF, 0xFF9E, 0xFF9E, 0xFFFF, 0xFFFF, 0xFFFF, 0xFFFF, 0xFFFF, 0xFFFF, 0xFFFF,
    0xFFDF, 0xFFFF, 0xDBB0, 0xD800, 0xE863, 0xD843, 0xE042, 0xE063, 0xE021, 0xD822, 0xEC52, 0x0001,
    0x0001, 0x0001, 0x0001, 0x0001, 0x0001, 0x0001, 0x0001, 0xCE59, 0x18C3, 0x0000, 0x52AA, 0xFFFF,
    0x8C51, 0x0000, 0x5AEB, 0xE71C, 0x18C3, 0x630C, 0x0001, 0x0001, 0x0001, 0x0001, 0x0001, 0x0001,
    0x0001, 0x0001, 0x0001, 0x0001, 0x0001, 0x0001, 0x528A, 0x8C71, 0x8C71, 0xFFFF, 0x630C, 0x3186,
    0x39E7, 0x4228, 0x0001, 0x0001, 0x0001, 0x0001, 0x0001, 0x0001, 0x0001, 0x0001, 0xD69A, 0x10A2,
    0x7BEF, 0xEF5D, 0xFFFF, 0xFFFF, 0x8C71, 0xD6BA, 0x73AE, 0x0001, 0x0001, 0x0001, 0x0001, 0x0001,
    0x0001, 0x0001, 0x0001, 0xBDF7, 0x18E3, 0x0000, 0x39E7, 0xCE79, 0x39C7, 0x8410, 0xFFFF, 0x9CD3,
    0x0000, 0x9492, 0xF7BE, 0x18C3, 0x2945, 0x0001, 0x0001, 0x0001, 0x0001, 0x0001, 0x0001, 0x0001,
    0x0001, 0x0001, 0x0001, 0x0001, 0xDA8B, 0xD801, 0xE062, 0xE043, 0xE042, 0xE042, 0xD863, 0xE063,
    0xE000, 0xDB4E, 0xFFFF, 0xFFDF, 0xFFFF, 0xFFFF, 0xFFFF, 0xFFFF, 0xFFFF, 0xFFFF, 0xFFDF, 0xFFDF,
    0xFFFF, 0xFFFF, 0xFFFF, 0xFFFF, 0xFFFF, 0xFFFF, 0xFFFF, 0xFFDF, 0xFFFF, 0xF77D, 0xD947, 0xE001,
    0xD863, 0xE042, 0xE042, 0xE042, 0xE042, 0xE043, 0xE043, 0xE063, 0xE000, 0xE32E, 0xFFFF, 0xFFFF,
    0xFFDF, 0xFFFF, 0xFFFF, 0xFFFF, 0xFFFF, 0xFFFF, 0xFFDF, 0xFFDF, 0xFFFF, 0xFFFF, 0xFFFF, 0xFFFF,
    0xFFDF, 0xFFFF, 0xE535, 0xD801, 0xE042, 0xE043, 0xE043, 0xE042, 0xE042, 0xE042, 0xE042, 0xE043,
    0xE063, 0xD801, 0xE473, 0xFFFF, 0xFFDF, 0xFFFF, 0xFFFF, 0xFFFF, 0xFFFF, 0xFFFF, 0xFFFF, 0xFFDF,
    0xFFFF, 0xFFFF, 0xFFFF, 0xFFFF, 0xFFDF, 0xFFFF, 0xFFFF, 0xFFFF, 0xFFFF, 0xFFDF, 0xFFFF, 0xE555,
    0xD801, 0xE063, 0xE043, 0xE063, 0xE062, 0xD801, 0xD905, 0xEDB7, 0x0001, 0x0001, 0x0001, 0x0001,
    0x0001, 0x0001, 0x0001, 0x0001, 0x0001, 0x4A69, 0x0000, 0x4208, 0xFFFF, 0xA534, 0x0000, 0x5ACB,
    0xDEDB, 0x10A2, 0x0000, 0x0000, 0x52AA, 0x0001, 0x0001, 0x0001, 0x0001, 0x0001, 0x0001, 0x0001,
    0x0001, 0x0001, 0x0001, 0x0001, 0xAD75, 0x0000, 0x18E3, 0xBDF7, 0x0001, 0x0001, 0x0001, 0x0001,
    0x0001, 0x0001, 0x0001, 0x0001, 0x0001, 0x0001, 0x0001, 0x0001, 0xDEDB, 0x5AEB, 0xFFFF, 0xFFFF,
    0x9492, 0x2124, 0x528A, 0x0001, 0x0001, 0x0001, 0x0001, 0x0001, 0x0001, 0x0001, 0x0001, 0x0001,
    0x94B2, 0x0000, 0x0000, 0x738E, 0xFFFF, 0xFFFF, 0x4228, 0x0000, 0x94B2, 0x52AA, 0x0000, 0x0000,
    0xB596, 0xE73C, 0x0000, 0x4208, 0x0001, 0x0001, 0x0001, 0x0001, 0x0001, 0x0001, 0x0001, 0x0001,
    0x0001, 0x0001, 0x0001, 0xDC11, 0xD822, 0xD801, 0xE063, 0xE043, 0xE042, 0xE043, 0xE062, 0xE001,
    0xEBF1, 0xFFFF, 0xFFFF, 0xFFFF, 0xFFFF, 0xFFFF, 0xFFFF, 0xFFFF, 0xFFFF, 0xFFFF, 0xFFFF, 0xFFFF,
    0xFFFF, 0xFFFF, 0xFFFF, 0xFFFF, 0xFFDF, 0xFFFF, 0xF77E, 0xDA09, 0xD801, 0xE043, 0xE043, 0xE042,
    0xE042, 0xE042, 0xE042, 0xE042, 0xE042, 0xE043, 0xD882, 0xD801, 0xD28C, 0xF73D, 0xFFFF, 0xFFFF,
    0xFFFF, 0xFFFF, 0xFFFF, 0xFFFF, 0xFFFF, 0xFFFF, 0xFFFF, 0xFFFF, 0xFFDF, 0xFFFF, 0xFFFF, 0xE4F4,
    0xD822, 0xE042, 0xE063, 0xE042, 0xE042, 0xE042, 0xE042, 0xE042, 0xE042, 0xE042, 0xD862, 0xE843,
    0xD822, 0xE596, 0xFFFF, 0xFFDF, 0xFFFF, 0xFFFF, 0xFFFF, 0xFFFF, 0xFFFF, 0xFFFF, 0xFFFF, 0xFFFF,
    0xFFFF, 0xFFFF, 0xFFFF, 0xFFFF, 0xFFFF, 0xFFFF, 0xFFDF, 0xFFFF, 0xEDB7, 0xD842, 0xE022, 0xE043,
    0xD863, 0xE022, 0xE000, 0xE26B, 0x0001, 0x0001, 0x0001, 0x0001, 0x0001, 0x0001, 0x0001, 0x0001,
    0x0001, 0x0001, 0xB5B6, 0x0020, 0x39E7, 0xFFFF, 0xA534, 0x0000, 0x52AA, 0xDEDB, 0x18E3, 0x10A2,
    0xC618, 0x31A6, 0x0000, 0x9CF3, 0x0001, 0x0001, 0x0001, 0x0001, 0x0001, 0x0001, 0x0001, 0x0001,
    0x0001, 0x0001, 0x0001, 0xC618, 0xA534, 0x3186, 0x528A, 0xC638, 0x94B2, 0x0001, 0x0001, 0x0001,
    0x0001, 0x0001, 0x0001, 0x0001, 0x0001, 0x0001, 0x0001, 0x0001, 0xA534, 0x2965, 0x39C7, 0xBDD7,
    0xCE79, 0xC638, 0x0001, 0x0001, 0x0001, 0x0001, 0x0001, 0x0001, 0x0001, 0x8430, 0x0000, 0x0861,
    0x8C51, 0x9492, 0xA534, 0xFFFF, 0xFFFF, 0x39C7, 0x0000, 0x0000, 0x528A, 0x5AEB, 0x0000, 0xD69A,
    0xC618, 0x0000, 0x630C, 0x0001, 0x0001, 0x0001, 0x0001, 0x0001, 0x0001, 0x0001, 0x0001, 0x0001,
    0x0001, 0x0001, 0xEE18, 0xD9E8, 0xE001, 0xE043, 0xE063, 0xE042, 0xE043, 0xE062, 0xD800, 0xE3D0,
    0xFFFF, 0xFFFF, 0xFFDF, 0xFFFF, 0xFFFF, 0xFFFF, 0xFFFF, 0xFFFF, 0xFFFF, 0xFFFF, 0xFFFF, 0xFFFF,
    0xFFDF, 0xFFFF, 0xFFFF, 0xF619, 0xD967, 0xE001, 0xE063, 0xD863, 0xE043, 0xE042, 0xE042, 0xE042,
    0xE042, 0xE042, 0xE042, 0xE043, 0xE042, 0xE062, 0xE001, 0xD946, 0xF596, 0xFFFF, 0xFFFF, 0xFFFF,
    0xFFFF, 0xFFFF, 0xFFFF, 0xFFFF, 0xFFFF, 0xFFFF, 0xFFFF, 0xFF1C, 0xE32D, 0xD801, 0xE842, 0xE062,
    0xE043, 0xE042, 0xE042, 0xE042, 0xE042, 0xE042, 0xE042, 0xE042, 0xE042, 0xD863, 0xE043, 0xD863,
    0xED76, 0xFFFF, 0xFFFF, 0xFFDF, 0xFFFF, 0xFFFF, 0xFFFF, 0xFFFF, 0xFFFF, 0xFFFF, 0xFFFF, 0xFFFF,
    0xFFFF, 0xFFFF, 0xFFFF, 0xFFFF, 0xFFFF, 0xE596, 0xD883, 0xE822, 0xD863, 0xE062, 0xE801, 0xD883,
    0xEC93, 0x0001, 0x0001, 0x0001, 0x0001, 0x0001, 0x0001, 0x0001, 0x0001, 0x0001, 0x0001, 0xBDF7,
    0x0000, 0x39E7, 0xFFFF, 0xC638, 0x0000, 0x39E7, 0xEF7D, 0x2945, 0x0000, 0xCE59, 0xEF5D, 0x18E3,
    0x18C3, 0xDEFB, 0x0001, 0x0001, 0x0001, 0x0001, 0x0001, 0x0001, 0x0001, 0x0001, 0x0001, 0x0001,
    0x6B4D, 0x94B2, 0xFFFF, 0xFFFF, 0x8C51, 0x2945, 0x73AE, 0x0001, 0x0001, 0x0001, 0x0001, 0x0001,
    0x0001, 0x0001, 0x0001, 0x0001, 0x0001, 0x0001, 0x5ACB, 0x9CD3, 0xE71C, 0x4A69, 0x31A6, 0x4228,
    0x4A69, 0x0001, 0x0001, 0x0001, 0x0001, 0x0001, 0x0001, 0xD69A, 0x2104, 0x10A2, 0xEF5D, 0x4208,
    0x0000, 0xCE79, 0xB5B6, 0x18C3, 0x0000, 0x0841, 0xDEFB, 0xFFFF, 0x31A6, 0x0020, 0xFFFF, 0x738E,
    0x0000, 0x73AE, 0x0001, 0x0001, 0x0001, 0x0001, 0x0001, 0x0001, 0x0001, 0x0001, 0x0001, 0x0001,
    0x0001, 0x0001, 0xE3AF, 0xD821, 0xE001, 0xE063, 0xE043, 0xE042, 0xE063, 0xD800, 0xE2CC, 0xEEDB,
    0xFFFF, 0xFFFF, 0xFFFF, 0xFFDF, 0xFFDF, 0xFFDF, 0xFFDF, 0xFFDF, 0xFFFF, 0xFFFF, 0xFFFF, 0xFF7E,
    0xE38F, 0xE042, 0xE001, 0xD883, 0xE043, 0xE043, 0xE043, 0xE042, 0xE042, 0xE042, 0xE042, 0xE042,
    0xE042, 0xE042, 0xE042, 0xE042, 0xE062, 0xE022, 0xD801, 0xE26A, 0xED56, 0xF75D, 0xFFDE, 0xFFDF,
    0xFFDF, 0xFFBF, 0xF71C, 0xEE39, 0xE38F, 0xD8C4, 0xD801, 0xE063, 0xD863, 0xE043, 0xE042, 0xE042,
    0xE042, 0xE042, 0xE042, 0xE042, 0xE042, 0xE042, 0xE022, 0xE042, 0xE062, 0xE042, 0xD801, 0xE3F0,
    0xFFBF, 0xFFFF, 0xFFFF, 0xFFDF, 0xFFFF, 0xFFFF, 0xFFFF, 0xFFFF, 0xFFFF, 0xFFFF, 0xFFFF, 0xFFDF,
    0xFFFF, 0xFFFF, 0xE4B2, 0xD822, 0xE042, 0xE084, 0xE022, 0xE001, 0xDA4A, 0xEEBB, 0x0001, 0x0001,
    0x0001, 0x0001, 0x0001, 0x0001, 0x0001, 0x0001, 0x0001, 0x0001, 0xCE59, 0x0841, 0x3186, 0xDEDB,
    0xB596, 0x0000, 0x39E7, 0xE71C, 0x3186, 0x0000, 0xC618, 0xF7BE, 0x18E3, 0x10A2, 0xCE59, 0xFFFF,
    0xAD55, 0x2965, 0xDEDB, 0x0001, 0x0001, 0x0001, 0x0001, 0x0001, 0x0001, 0x632C, 0x528A, 0x528A,
    0x18E3, 0xAD55, 0x0001, 0x0001, 0x0001, 0x0001, 0x0001, 0x0001, 0x0001, 0x0001, 0x0001, 0x0001,
    0x0001, 0x0001, 0x0001, 0x0001, 0x0001, 0x0001, 0x39C7, 0x738E, 0xFFFF, 0xFFFF, 0x5ACB, 0x8430,
    0x0001, 0x0001, 0x0001, 0x0001, 0x0001, 0x0001, 0xC638, 0x0020, 0x31A6, 0xE73C, 0x2965, 0x0020,
    0x0000, 0x0000, 0x738E, 0x1082, 0x3186, 0xF79E, 0xDEFB, 0xAD55, 0x9492, 0x0861, 0x0000, 0x738E,
    0x0001, 0x0001, 0x0001, 0x0001, 0x0001, 0x0001, 0x0001, 0x0001, 0x0001, 0x0001, 0x0001, 0x0001,
    0x0001, 0xEDF8, 0xD9A8, 0xE000, 0xE002, 0xE063, 0xE043, 0xE063, 0xE000, 0xD8A4, 0xE3D0, 0xF639,
    0xFFFF, 0xFFFF, 0xFFFF, 0xFFFF, 0xFFFF, 0xFFFF, 0xFFDF, 0xF67A, 0xEBF1, 0xE105, 0xE001, 0xE042,
    0xE063, 0xE042, 0xE042, 0xE042, 0xE042, 0xE042, 0xE042, 0xE042, 0xE042, 0xE042, 0xE042, 0xE042,
    0xE042, 0xE042, 0xE042, 0xE063, 0xE063, 0xE001, 0xD801, 0xD8C4, 0xE126, 0xE125, 0xE125, 0xE126,
    0xD884, 0xD822, 0xD801, 0xE022, 0xE063, 0xE043, 0xE043, 0xE043, 0xE042, 0xE042, 0xE042, 0xE042,
    0xE042, 0xE042, 0xE042, 0xE042, 0xE042, 0xE042, 0xE042, 0xE043, 0xE062, 0xD801, 0xE187, 0xED15,
    0xFF9E, 0xFFFF, 0xFFFF, 0xFFFF, 0xFFFF, 0xFFFF, 0xFFFF, 0xFFFF, 0xFFFF, 0xFFFF, 0xF67A, 0xDA4A,
    0xD801, 0xE063, 0xE043, 0xE000, 0xE0E4, 0xECF4, 0x0001, 0x0001, 0x0001, 0x0001, 0x0001, 0x0001,
    0x0001, 0x0001, 0x0001, 0x0001, 0x0001, 0x0001, 0x0861, 0x2965, 0xAD75, 0x18C3, 0x0000, 0x31A6,
    0xDEFB, 0x39C7, 0x0020, 0xC638, 0xFFDF, 0x31A6, 0x0000, 0x5ACB, 0xFFFF, 0xB596, 0x0000, 0x528A,
    0x0001, 0x0001, 0x0001, 0x0001, 0x0001, 0x0001, 0xCE79, 0x4A69, 0x0001, 0x0001, 0xB596, 0x2124,
    0x528A, 0x0001, 0x0001, 0x0001, 0x0001, 0x0001, 0x0001, 0x0001, 0x0001, 0x0001, 0x0001, 0x0001,
    0x0001, 0x0001, 0x0001, 0xD69A, 0x31A6, 0xFFFF, 0xFFFF, 0xFFFF, 0x73AE, 0x738E, 0x0001, 0x0001,
    0x0001, 0x0001, 0x0001, 0x0001, 0x0001, 0xAD75, 0x0000, 0x4A69, 0xDEFB, 0x10A2, 0x0000, 0xA534,
    0xFFFF, 0xBDD7, 0x0000, 0x738E, 0xFFFF, 0x7BCF, 0x0000, 0x0020, 0x9CF3, 0x0001, 0x0001, 0x0001,
    0x0001, 0x0001, 0x0001, 0x0001, 0x0001, 0x0001, 0x0001, 0x0001, 0x0001, 0x0001, 0x0001, 0x0001,
    0x0001, 0xECB3, 0xD946, 0xD801, 0xE022, 0xE063, 0xE063, 0xE041, 0xD800, 0xD822, 0xD9C8, 0xE32E,
    0xEBD0, 0xEBF1, 0xEB4E, 0xEACD, 0xE187, 0xD842, 0xE001, 0xE021, 0xE063, 0xE043, 0xE042, 0xE042,
    0xE042, 0xE042, 0xE042, 0xE042, 0xE042, 0xE042, 0xE042, 0xE042, 0xE042, 0xE042, 0xE042, 0xE042,
    0xE042, 0xE042, 0xE043, 0xE063, 0xE063, 0xE022, 0xE002, 0xE002, 0xE002, 0xE022, 0xE022, 0xE062,
    0xE063, 0xE043, 0xE042, 0xE042, 0xE042, 0xE042, 0xE042, 0xE042, 0xE042, 0xE042, 0xE042, 0xE042,
    0xE042, 0xE042, 0xE042, 0xE042, 0xE043, 0xE042, 0xE043, 0xE063, 0xE001, 0xE000, 0xD926, 0xDB2E,
    0xED97, 0xF6DB, 0xF77D, 0xF77D, 0xF73C, 0xF639, 0xED56, 0xE2CC, 0xD863, 0xE001, 0xE063, 0xD801,
    0xD862, 0xEBB0, 0x0001, 0x0001, 0x0001, 0x0001, 0x0001, 0x0001, 0x0001, 0x0001, 0x0001, 0x0001,
    0x0001, 0x0001, 0x0001, 0x0001, 0xAD75, 0x0001, 0x7BCF, 0x0000, 0x3186, 0xF79E, 0x39E7, 0x0000,
    0xB5B6, 0xFFDF, 0x2945, 0x0000, 0x1082, 0x0000, 0x39C7, 0x0000, 0x4228, 0x0001, 0x0001, 0x0001,
    0x0001, 0x0001, 0x0001, 0x0001, 0x8C51, 0x0000, 0x8C71, 0x0001, 0x0001, 0x0001, 0x9CF3, 0x0001,
    0x0001, 0x0001, 0x0001, 0x0001, 0x0001, 0x0001, 0x0001, 0x0001, 0x0001, 0x0001, 0x0001, 0x0001,
    0x0001, 0x0001, 0x39C7, 0xAD55, 0xE71C, 0x7BEF, 0x18E3, 0x0001, 0x0001, 0x0001, 0x0001, 0x0001,
    0x0001, 0x0001, 0x0001, 0x0001, 0x8C71, 0x0000, 0x738E, 0xCE79, 0x0020, 0x4228, 0x632C, 0xE73C,
    0xBDD7, 0xC638, 0x4A69, 0x0000, 0x2104, 0xC618, 0x0001, 0x0001, 0x0001, 0x0001, 0x0001, 0x0001,
    0x0001, 0x0001, 0x0001, 0x0001, 0x0001, 0x0001, 0x0001, 0x0001, 0x0001, 0x0001, 0x0001, 0x0001,
    0x0001, 0xDC31, 0xE105, 0xE000, 0xD822, 0xE063, 0xE063, 0xE823, 0xE002, 0xD801, 0xE000, 0xD800,
    0xD800, 0xD800, 0xE001, 0xE042, 0xE063, 0xE043, 0xE042, 0xE042, 0xE042, 0xE042, 0xE042, 0xE042,
    0xE042, 0xE042, 0xE042, 0xE042, 0xE042, 0xE042, 0xE042, 0xE042, 0xE042, 0xE042, 0xE042, 0xE042,
    0xE042, 0xE042, 0xE042, 0xE043, 0xE063, 0xE063, 0xE063, 0xE063, 0xE043, 0xE042, 0xE042, 0xE042,
    0xE042, 0xE042, 0xE042, 0xE042, 0xE042, 0xE042, 0xE042, 0xE042, 0xE042, 0xE042, 0xE042, 0xE042,
    0xE042, 0xE042, 0xE042, 0xE042, 0xE042, 0xE042, 0xE063, 0xD883, 0xD821, 0xE000, 0xD801, 0xD083,
    0xD0E4, 0xD8C5, 0xD8A4, 0xD802, 0xD801, 0xD801, 0xE822, 0xE001, 0xD842, 0xE2CC, 0xF67A, 0x0001,
    0x0001, 0x0001, 0x0001, 0x0001, 0x0001, 0x0001, 0x0001, 0x0001, 0x0001, 0x0001, 0x0001, 0x0001,
    0x0001, 0x0001, 0x0001, 0x0001, 0x3186, 0x2124, 0xDEFB, 0x4A69, 0x0000, 0xA534, 0xFFDF, 0x2965,
    0x18C3, 0xDEDB, 0xCE59, 0x2104, 0x0000, 0x4208, 0x0001, 0x0001, 0x0001, 0x0001, 0x0001, 0x0001,
    0x0001, 0x0001, 0x0001, 0xD69A, 0x3186, 0x4228, 0xDEDB, 0x0001, 0x0001, 0x0001, 0x0001, 0x0001,
    0x0001, 0x0001, 0x0001, 0x0001, 0x0001, 0x0001, 0x0001, 0x0001, 0x0001, 0x0001, 0x0001, 0x0001,
    0xCE79, 0x4A49, 0x39C7, 0x4A49, 0xEF5D, 0xDEDB, 0x18C3, 0xA534, 0x0001, 0x0001, 0x0001, 0x0001,
    0x0001, 0x0001, 0x0001, 0x738E, 0x0000, 0x9492, 0xB596, 0x0000, 0x0000, 0xDEFB, 0xDEFB, 0x2124,
    0x0000, 0x39C7, 0x0001, 0x0001, 0x0001, 0x0001, 0x0001, 0xCE59, 0x0001, 0x0001, 0x0001, 0x0001,
    0x0001, 0x0001, 0x0001, 0x0001, 0x0001, 0x0001, 0x0001, 0x0001, 0x0001, 0x0001, 0x0001, 0x0001,
    0x0001, 0xEC93, 0xD905, 0xE000, 0xE001, 0xD882, 0xE083, 0xE063, 0xD883, 0xE063, 0xE063, 0xE063,
    0xE063, 0xE043, 0xE062, 0xE042, 0xE042, 0xE042, 0xE042, 0xE042, 0xE042, 0xE042, 0xE042, 0xE042,
    0xE042, 0xE042, 0xE042, 0xE042, 0xE042, 0xE042, 0xE042, 0xE042, 0xE042, 0xE042, 0xE042, 0xE042,
    0xE042, 0xE042, 0xE042, 0xE042, 0xE042, 0xE042, 0xE042, 0xE042, 0xE042, 0xE042, 0xE042, 0xE042,
    0xE042, 0xE042, 0xE042, 0xE042, 0xE042, 0xE042, 0xE042, 0xE042, 0xE042, 0xE042, 0xE042, 0xE042,
    0xE042, 0xE042, 0xE042, 0xE042, 0xE042, 0xE042, 0xE043, 0xE063, 0xE063, 0xE822, 0xE022, 0xE022,
    0xE062, 0xE083, 0xE042, 0xE001, 0xD864, 0xE30D, 0xF65A, 0x0001, 0x0001, 0x0001, 0x0001, 0x0001,
    0x0001, 0x0001, 0x0001, 0x0001, 0x0001, 0x0001, 0x0001, 0x0001, 0x0001, 0x0001, 0x0001, 0x0001,
    0x0001, 0x0001, 0xCE59, 0xC638, 0x4A69, 0x0000, 0x9CF3, 0xFFFF, 0x4228, 0x0841, 0x528A, 0xCE79,
    0x0001, 0xE71C, 0x94B2, 0x0001, 0x0001, 0x0001, 0x0001, 0x0001, 0x0001, 0x0001, 0x9CD3, 0x31A6,
    0x2945, 0x7BEF, 0xFFDF, 0x7BCF, 0x2104, 0xDEDB, 0x0001, 0x0001, 0x0001, 0x0001, 0x0001, 0x0001,
    0x0001, 0x0001, 0x0001, 0x0001, 0x0001, 0x0001, 0x0001, 0x0001, 0x0001, 0x0001, 0x0001, 0x0001,
    0x0001, 0x0001, 0xAD55, 0x18E3, 0x6B4D, 0x52AA, 0x8C51, 0x0001, 0x0001, 0x0001, 0x0001, 0x0001,
    0x0001, 0x0001, 0x528A, 0x0000, 0xB5B6, 0x9492, 0x52AA, 0xAD75, 0x0841, 0x0000, 0x630C, 0x0001,
    0x0001, 0x0001, 0x0001, 0x0001, 0x73AE, 0x0000, 0x632C, 0x0001, 0x0001, 0x0001, 0x0001, 0xBDD7,
    0x0001, 0x0001, 0x0001, 0x0001, 0x0001, 0x0001, 0x0001, 0x0001, 0x0001, 0x0001, 0x0001, 0x0001,
    0x0001, 0xEC73, 0xE188, 0xE001, 0xE001, 0xD842, 0xE063, 0xE063, 0xE042, 0xE042, 0xE042, 0xE042,
    0xE042, 0xE042, 0xE042, 0xE042, 0xE042, 0xE042, 0xE042, 0xE042, 0xE042, 0xE042, 0xE042, 0xE042,
    0xE042, 0xE042, 0xE042, 0xE042, 0xE042, 0xE042, 0xE042, 0xE042, 0xE042, 0xE042, 0xE042, 0xE042,
    0xE042, 0xE042, 0xE042, 0xE042, 0xE042, 0xE042, 0xE042, 0xE042, 0xE042, 0xE042, 0xE042, 0xE042,
    0xE042, 0xE042, 0xE042, 0xE042, 0xE042, 0xE042, 0xE042, 0xE042, 0xE042, 0xE042, 0xE042, 0xE042,
    0xE042, 0xE042, 0xE043, 0xE043, 0xE042, 0xE042, 0xE043, 0xD863, 0xE062, 0xE042, 0xE002, 0xE001,
    0xD125, 0xEB8F, 0xF6DB, 0x0001, 0x0001, 0x0001, 0x0001, 0x0001, 0x0001, 0x0001, 0x0001, 0x0001,
    0x0001, 0x0001, 0xBDF7, 0x18E3, 0x31A6, 0x0001, 0x0001, 0x0001, 0x0001, 0x0001, 0x0001, 0x0001,
    0x0001, 0xE71C, 0x10A2, 0x0000, 0x5ACB, 0x4A49, 0x0861, 0x73AE, 0x0000, 0x630C, 0x0001, 0x0001,
    0x0001, 0x0001, 0x0001, 0x0001, 0x0001, 0x0001, 0x0001, 0xC618, 0x31A6, 0xD6BA, 0xD6BA, 0x39E7,
    0x630C, 0xFFFF, 0xDEDB, 0x0001, 0x0001, 0x0001, 0x0001, 0x0001, 0x0001, 0x0001, 0x0001, 0x0001,
    0x0001, 0x0001, 0x0001, 0x0001, 0x0001, 0x0001, 0x0001, 0x0001, 0x0001, 0x0001, 0x0001, 0x632C,
    0x2945, 0xD69A, 0x0001, 0x0001, 0x1082, 0x0001, 0x0001, 0x0001, 0x0001, 0x0001, 0x0001, 0x0001,
    0x0001, 0x3186, 0x0000, 0xC618, 0x8430, 0x0000, 0x0000, 0x8C51, 0x0001, 0x0001, 0x0001, 0x0001,
    0x0001, 0x0001, 0xBDF7, 0x31A6, 0x0000, 0x1082, 0x94B2, 0x0001, 0xA534, 0x0000, 0x5ACB, 0x0001,
    0x0001, 0x0001, 0x0001, 0x0001, 0x0001, 0x0001, 0x0001, 0x0001, 0x0001, 0x0001, 0x0001, 0x0001,
    0x0001, 0xEDD8, 0xDACC, 0xE084, 0xE000, 0xE001, 0xE042, 0xE063, 0xE063, 0xE043, 0xE042, 0xE042,
    0xE042, 0xE042, 0xE042, 0xE042, 0xE042, 0xE042, 0xE042, 0xE042, 0xE042, 0xE042, 0xE042, 0xE042,
    0xE042, 0xE042, 0xE042, 0xE042, 0xE042, 0xE042, 0xE042, 0xE042, 0xE042, 0xE042, 0xE042, 0xE042,
    0xE042, 0xE042, 0xE042, 0xE042, 0xE042, 0xE042, 0xE042, 0xE042, 0xE042, 0xE042, 0xE042, 0xE042,
    0xE042, 0xE042, 0xE042, 0xE042, 0xE042, 0xE042, 0xE042, 0xE042, 0xE042, 0xE042, 0xE042, 0xE042,
    0xE042, 0xE042, 0xE063, 0xE063, 0xE043, 0xE001, 0xE001, 0xD842, 0xE209, 0xED15, 0x0001, 0x0001,
    0x0001, 0x0001, 0x0001, 0x0001, 0x0001, 0x0001, 0x0001, 0x0001, 0x0001, 0x0001, 0x0001, 0x0001,
    0xC638, 0x0020, 0x0000, 0x9492, 0x0001, 0x0001, 0x0001, 0x0001, 0x0001, 0x0001, 0x0001, 0x0001,
    0x0001, 0x2965, 0x0000, 0x0000, 0xCE79, 0xC638, 0x0000, 0x2945, 0x0001, 0x0001, 0x0001, 0x0001,
    0x0001, 0x0001, 0x0001, 0x0001, 0x0001, 0x8C71, 0x6B4D, 0xFFFF, 0xFFFF, 0xFFFF, 0x2945, 0xCE59,
    0x0001, 0x0001, 0x0001, 0x0001, 0x0001, 0x0001, 0x0001, 0x0001, 0x0001, 0x0001, 0x0001, 0x0001,
    0x0001, 0x0001, 0x0001, 0x0001, 0x0001, 0x0001, 0x0001, 0x0001, 0xD69A, 0x630C, 0x0001, 0x0001,
    0x0001, 0x632C, 0x4228, 0x0001, 0x0001, 0x0001, 0x0001, 0x0001, 0x0001, 0x0001, 0x0001, 0x0001,
    0x10A2, 0x0000, 0x0000, 0x0861, 0xB5B6, 0x0001, 0x0001, 0x0001, 0x0001, 0x0001, 0x0001, 0x0001,
    0x0001, 0x0001, 0x9492, 0x0841, 0x0000, 0x39C7, 0x18C3, 0x0020, 0x9CD3, 0x0001, 0x0001, 0x0001,
    0x0001, 0x0001, 0x0001, 0x0001, 0x0001, 0x0001, 0x0001, 0x0001, 0x0001, 0x0001, 0x0001, 0x0001,
    0x0001, 0xF71C, 0xEC73, 0xE1C8, 0xD843, 0xE001, 0xD801, 0xE042, 0xE063, 0xE063, 0xE043, 0xE043,
    0xE042, 0xE042, 0xE042, 0xE042, 0xE042, 0xE042, 0xE042, 0xE042, 0xE042, 0xE042, 0xE042, 0xE042,
    0xE042, 0xE042, 0xE042, 0xE042, 0xE042, 0xE042, 0xE042, 0xE042, 0xE042, 0xE042, 0xE042, 0xE042,
    0xE042, 0xE042, 0xE042, 0xE042, 0xE042, 0xE042, 0xE042, 0xE042, 0xE042, 0xE042, 0xE042, 0xE042,
    0xE043, 0xE043, 0xE042, 0xE042, 0xE042, 0xE042, 0xE043, 0xE042, 0xE043, 0xE063, 0xE063, 0xE042,
    0xE001, 0xE000, 0xD802, 0xE146, 0xE38F, 0xF65A, 0x0001, 0x0001, 0x0001, 0x0001, 0x0001, 0x0001,
    0x0001, 0x0001, 0x0001, 0x0001, 0x0001, 0x0001, 0x0001, 0xD69A, 0x0001, 0x0001, 0x0001, 0x7BEF,
    0x0000, 0x1082, 0x0001, 0xC638, 0x2965, 0x1082, 0x0001, 0x0001, 0x0001, 0x0001, 0x0001, 0x0001,
    0x4A69, 0xAD55, 0x0001, 0xCE59, 0x0000, 0x2945, 0x0001, 0x0001, 0x0001, 0x0001, 0x0001, 0x8430,
    0x5AEB, 0x9492, 0x0001, 0xD69A, 0x1082, 0xBDD7, 0xFFFF, 0xFFFF, 0x39C7, 0xD69A, 0x0001, 0x0001,
    0x0001, 0x0001, 0x0001, 0x0001, 0x0001, 0x0001, 0x0001, 0x0001, 0x0001, 0x0001, 0x0001, 0x0001,
    0x0001, 0x0001, 0x0001, 0x0001, 0x0001, 0x0001, 0x0001, 0x0001, 0x0001, 0x0001, 0x4208, 0x4A49,
    0xFFDF, 0xA514, 0x7BCF, 0x0001, 0x0001, 0x0001, 0x0001, 0x0001, 0x0001, 0x0001, 0xCE79, 0x2124,
    0x31A6, 0xD69A, 0x0001, 0x0001, 0x0001, 0x0001, 0x0001, 0x0001, 0x0001, 0x0001, 0x0001, 0x0001,
    0x0001, 0x0001, 0x4A49, 0x0000, 0x0000, 0x2124, 0x0001, 0x0001, 0x0001, 0x0001, 0x0001, 0x0001,
    0x0001, 0x0001, 0x0001, 0x0001, 0x0001, 0x0001, 0x0001, 0x0001, 0x0001, 0x0001, 0x0001, 0x0001,
    0x0001, 0x0001, 0xF69B, 0xEC72, 0xE22A, 0xD8A4, 0xD801, 0xE000, 0xE001, 0xE022, 0xE063, 0xE063,
    0xE063, 0xE063, 0xE043, 0xE042, 0xE042, 0xE042, 0xE042, 0xE042, 0xE042, 0xE042, 0xE042, 0xE042,
    0xE042, 0xE042, 0xE042, 0xE042, 0xE042, 0xE042, 0xE042, 0xE042, 0xE042, 0xE042, 0xE042, 0xE042,
    0xE042, 0xE042, 0xE042, 0xE042, 0xE042, 0xE042, 0xE042, 0xE042, 0xE042, 0xE042, 0xE043, 0xD843,
    0xE043, 0xE043, 0xE043, 0xE063, 0xE063, 0xE042, 0xD822, 0xE000, 0xD800, 0xE022, 0xE167, 0xE3AF,
    0xEDF8, 0x0001, 0x0001, 0x0001, 0x0001, 0x0001, 0x0001, 0x0001, 0x0001, 0x0001, 0x0001, 0x0001,
    0x0001, 0x0001, 0x0001, 0xB5B6, 0x2124, 0x0000, 0x0001, 0x0001, 0x0001, 0x0001, 0x31A6, 0x0000,
    0x2945, 0x0000, 0x0000, 0x630C, 0x0001, 0x0001, 0x0001, 0x0001, 0x0001, 0x0001, 0x0001, 0x0001,
    0x0001, 0x31A6, 0x0000, 0xBDF7, 0x0001, 0x0001, 0x0001, 0x0001, 0x4208, 0x5AEB, 0xA514, 0x94B2,
    0x0001, 0x0001, 0xAD75, 0x2124, 0x4A49, 0x31A6, 0x7BCF, 0x0001, 0x0001, 0x0001, 0x0001, 0x0001,
    0x0001, 0x0001, 0x0001, 0x0001, 0x0001, 0x0001, 0x0001, 0x0001, 0x0001, 0x0001, 0x0001, 0x0001,
    0x0001, 0x0001, 0x0001, 0x0001, 0x0001, 0x0001, 0x0001, 0x2965, 0x7BEF, 0xFFFF, 0xF79E, 0xAD75,
    0x6B4D, 0x39E7, 0x0001, 0x0001, 0x0001, 0x0001, 0x0001, 0x0001, 0x0001, 0x0001, 0x0001, 0x0001,
    0x0001, 0x0001, 0x0001, 0x0001, 0x0001, 0x0001, 0x0001, 0x0001, 0x0001, 0x0001, 0x0001, 0x8C51,
    0x18E3, 0x0020, 0x0020, 0x0000, 0x10A2, 0xA514, 0x0001, 0x0001, 0x0001, 0x0001, 0x0001, 0x0001,
    0x0001, 0x0001, 0x0001, 0x0001, 0x0001, 0x0001, 0x0001, 0x0001, 0x0001, 0x0001, 0x0001, 0x0001,
    0x0001, 0x0001, 0x0001, 0x0001, 0xED35, 0xE36E, 0xD967, 0xD8A4, 0xD801, 0xE000, 0xE001, 0xE001,
    0xE042, 0xE063, 0xE063, 0xE063, 0xE063, 0xE063, 0xE043, 0xE043, 0xE042, 0xE042, 0xE042, 0xE042,
    0xE042, 0xE042, 0xE042, 0xE042, 0xE042, 0xE042, 0xE042, 0xE042, 0xE042, 0xE042, 0xE042, 0xE042,
    0xE042, 0xE042, 0xE042, 0xE043, 0xE043, 0xE043, 0xE063, 0xE063, 0xE063, 0xE063, 0xE043, 0xE022,
    0xE001, 0xE000, 0xE000, 0xD843, 0xE0E6, 0xE28B, 0xEC72, 0xF67A, 0x0001, 0x0001, 0x0001, 0x0001,
    0x0001, 0x0001, 0x0001, 0x0001, 0x0001, 0x0001, 0x0001, 0x0001, 0x0001, 0x0001, 0x0001, 0xD6BA,
    0x528A, 0x0000, 0x0841, 0x8430, 0x0001, 0x0001, 0x0001, 0x0001, 0x5AEB, 0x0020, 0x0000, 0x2965,
    0xC638, 0x0001, 0x0001, 0x0001, 0x0001, 0x0001, 0x0001, 0x0001, 0x0001, 0x0001, 0x8430, 0x0000,
    0xA534, 0x0001, 0x0001, 0x0001, 0x0001, 0xAD55, 0x528A, 0x0001, 0x0001, 0x0001, 0x0001, 0x0001,
    0x0001, 0x0001, 0xA514, 0xC618, 0x0001, 0x0001, 0x0001, 0x0001, 0x0001, 0x0001, 0x0001, 0x0001,
    0x0001, 0x0001, 0x0001, 0x0001, 0x0001, 0x0001, 0x0001, 0x0001, 0x0001, 0x0001, 0x0001, 0x0001,
    0x0001, 0x0001, 0x0001, 0x0001, 0x0001, 0xD69A, 0xFFFF, 0x4A49, 0x2104, 0x7BEF, 0xFFFF, 0x73AE,
    0x4A69, 0x0001, 0x0001, 0xD6BA, 0xD6BA, 0x0001, 0x0001, 0x0001, 0x0001, 0x0001, 0x0001, 0x0001,
    0x0001, 0x0001, 0x0001, 0x0001, 0x0001, 0x0001, 0x0001, 0xB5B6, 0x2945, 0x0000, 0x0000, 0x0841,
    0x0861, 0x6B4D, 0x0841, 0x0000, 0x4208, 0xCE79, 0x0001, 0x0001, 0x0001, 0x0001, 0x0001, 0x0001,
    0x0001, 0x0001, 0x0001, 0x0001, 0x0001, 0x0001, 0x0001, 0x0001, 0x0001, 0x0001, 0x0001, 0x0001,
    0x0001, 0x0001, 0x0001, 0x0001, 0x0001, 0x0001, 0xF556, 0xEC31, 0xDA8B, 0xD946, 0xE062, 0xE001,
    0xD800, 0xE001, 0xE001, 0xE001, 0xE022, 0xE042, 0xE043, 0xE063, 0xE063, 0xE063, 0xE063, 0xE063,
    0xE063, 0xE063, 0xE063, 0xE063, 0xE063, 0xE063, 0xE063, 0xE063, 0xE063, 0xE063, 0xE063, 0xE063,
    0xE063, 0xE042, 0xE042, 0xE022, 0xE001, 0xE001, 0xE001, 0xE001, 0xD822, 0xD905, 0xE9E9, 0xDB6E,
    0xED15, 0xF69A, 0x0001, 0x0001, 0x0001, 0x0001, 0x0001, 0x0001, 0x0001, 0x0001, 0x0001, 0x0001,
    0x0001, 0x0001, 0x0001, 0x0001, 0x0001, 0x0001, 0x0001, 0x0001, 0x0001, 0xB596, 0x0000, 0x630C,
    0xDEFB, 0x0001, 0x0001, 0x0001, 0xB596, 0x2965, 0x0000, 0x0020, 0x0000, 0x31A6, 0x0001, 0x0001,
    0x0001, 0x0001, 0x0001, 0x0001, 0x0001, 0x0001, 0x0001, 0x0001, 0x0001, 0xBDF7, 0x0001, 0x0001,
    0x0001, 0x0001, 0x0001, 0x8430, 0x9492, 0x0001, 0x0001, 0x0001, 0x0001, 0xB5B6, 0x39E7, 0x0001,
    0x0001, 0x0001, 0x0001, 0x0001, 0x0001, 0x0001, 0x0001, 0x0001, 0x0001, 0x0001, 0x0001, 0x0001,
    0x0001, 0x0001, 0x0001, 0x0001, 0x0001, 0x0001, 0x0001, 0x0001, 0x0001, 0x0001, 0x0001, 0x0001,
    0x0001, 0x0001, 0x0001, 0x0001, 0xB596, 0x31A6, 0xF79E, 0x630C, 0x52AA, 0x18E3, 0x738E, 0x0001,
    0xDEDB, 0x0861, 0xAD75, 0x0001, 0x0001, 0x0001, 0x0001, 0x0001, 0x0001, 0x0001, 0x0001, 0x0001,
    0x0001, 0x0001, 0x0001, 0xDEDB, 0x5ACB, 0x0000, 0x0000, 0x528A, 0xCE59, 0x18C3, 0x0861, 0x0001,
    0xDEFB, 0x5ACB, 0x0000, 0x0000, 0xD69A, 0x0001, 0x0001, 0x0001, 0x0001, 0x9CF3, 0xB596, 0x0001,
    0x0001, 0x0001, 0x0001, 0x0001, 0x0001, 0x0001, 0x0001, 0x0001, 0x0001, 0x0001, 0x0001, 0x0001,
    0x0001, 0x0001, 0x0001, 0x0001, 0x0001, 0x0001, 0x0001, 0x0001, 0xF6BB, 0xEDB7, 0xE431, 0xE2ED,
    0xDA2A, 0xD987, 0xE0C4, 0xE063, 0xD801, 0xD801, 0xD801, 0xD801, 0xD800, 0xD800, 0xD800, 0xE000,
    0xE000, 0xE000, 0xE000, 0xE001, 0xD800, 0xD800, 0xD800, 0xD800, 0xD801, 0xD801, 0xD801, 0xE043,
    0xE063, 0xD905, 0xD9C8, 0xEAAC, 0xEB4F, 0xED15, 0xF639, 0x0001, 0x0001, 0x0001, 0x0001, 0x0001,
    0x0001, 0x0001, 0x0001, 0x0001, 0x0001, 0x0001, 0x0001, 0x0001, 0x0001, 0x0001, 0x0001, 0x0001,
    0x0001, 0x0001, 0xCE59, 0x8C71, 0x0001, 0x0001, 0x0001, 0x0001, 0xDEDB, 0x0001, 0x0001, 0x0001,
    0x0001, 0x0001, 0x0000, 0x0000, 0x73AE, 0xC638, 0x10A2, 0x0000, 0x7BEF, 0x0001, 0x0001, 0x0001,
    0x0001, 0x0001, 0x0001, 0x0001, 0x0001, 0x0001, 0x0001, 0x0001, 0x0001, 0x0001, 0x0001, 0x0001,
    0x0001, 0xB5B6, 0x3186, 0x0001, 0x0001, 0x0001, 0x0001, 0x0001, 0x31A6, 0x0001, 0x0001, 0x0001,
    0x0001, 0x0001, 0x0001, 0x0001, 0x0001, 0x0001, 0x0001, 0x0001, 0x0001, 0x0001, 0x0001, 0x0001,
    0x0001, 0x0001, 0x0001, 0x0001, 0x0001, 0x0001, 0x0001, 0x0001, 0x0001, 0x0001, 0x0001, 0x0001,
    0x0001, 0x0001, 0x0001, 0x39C7, 0x9CD3, 0xD69A, 0x0000, 0x5ACB, 0x0001, 0x0001, 0x18E3, 0x94B2,
    0x0001, 0x0001, 0x0001, 0x0001, 0x0001, 0x0001, 0x0001, 0x0001, 0x0001, 0xD6BA, 0xC618, 0x0001,
    0x8C51, 0x0861, 0x0000, 0x18E3, 0xA534, 0x0001, 0x0001, 0x0000, 0x2124, 0x0001, 0x0001, 0x0001,
    0xAD75, 0x6B4D, 0x0001, 0x0001, 0x0001, 0x0001, 0x632C, 0x0000, 0x1082, 0x0001, 0x0001, 0x0001,
    0x0001, 0x0001, 0x0001, 0x0001, 0x0001, 0x0001, 0x0001, 0x0001, 0x0001, 0x0001, 0x0001, 0x0001,
    0x0001, 0x0001, 0x0001, 0x0001, 0x0001, 0x0001, 0x0001, 0x0001, 0x0001, 0x0001, 0x0001, 0x0001,
    0x0001, 0xFEFC, 0xEE18, 0xEDD7, 0xEDD8, 0xECB3, 0xF410, 0xF411, 0xF411, 0xDB2D, 0xDAAB, 0xDACC,
    0xDAAC, 0xDACC, 0xEC11, 0xF411, 0xF410, 0xEC10, 0xED55, 0xEDD7, 0xE5D7, 0xF69A, 0xFF1C, 0x0001,
    0x0001, 0x0001, 0x0001, 0x0001, 0x0001, 0x0001, 0x0001, 0x0001, 0x0001, 0x0001, 0x0001, 0x0001,
    0x0001, 0x0001, 0x0001, 0x0001, 0x0001, 0x0001, 0x0001, 0x0001, 0x0001, 0xD69A, 0x8C51, 0x3186,
    0x0000, 0x0000, 0xC618, 0x0001, 0x0001, 0x0001, 0x0001, 0x0001, 0xC638, 0x39C7, 0x39C7, 0x0001,
    0x9CD3, 0xC618, 0x0001, 0x0001, 0x9492, 0x0000, 0x0861, 0xD6BA, 0x0001, 0x0001, 0x0001, 0x0001,
    0x0001, 0x0001, 0x0001, 0x0001, 0x0001, 0x0001, 0x0001, 0x0001, 0x0001, 0x0001, 0x0001, 0x0001,
    0x4A69, 0x5AEB, 0x0001, 0x0001, 0x0001, 0xA534, 0x31A6, 0x0001, 0x0001, 0x0001, 0x0001, 0x0001,
    0x0001, 0x0001, 0x0001, 0x0001, 0x0001, 0x0001, 0x0001, 0x0001, 0x0001, 0x0001, 0x0001, 0x0001,
    0x0001, 0x0001, 0x0001, 0x0001, 0x0001, 0x0001, 0x0001, 0x0001, 0x0001, 0x0001, 0x0001, 0x0001,
    0x0001, 0x0001, 0x6B6D, 0x0000, 0x6B6D, 0xFFFF, 0xE71C, 0x18E3, 0x9492, 0x0001, 0x0001, 0x0001,
    0x0001, 0x0001, 0x0001, 0x0001, 0x0001, 0x0001, 0x0001, 0x2965, 0x0000, 0x2124, 0x0000, 0x0000,
    0x632C, 0x0001, 0x0001, 0x0001, 0xCE79, 0x0000, 0x39E7, 0x0001, 0x0001, 0x0001, 0x0001, 0x0001,
    0x0001, 0x0001, 0x0001, 0x0001, 0x0861, 0x0020, 0x0000, 0x0020, 0x632C, 0x5AEB, 0x18E3, 0xD6BA,
    0x0001, 0x0001, 0x0001, 0x0001, 0x0001, 0x0001, 0x0001, 0x0001, 0x0001, 0x0001, 0x0001, 0x0001,
    0x0001, 0x0001, 0x0001, 0x0001, 0x0001, 0x0001, 0x0001, 0x0001, 0x0001, 0x0001, 0x0001, 0x0001,
    0x0001, 0x0001, 0x0001, 0x0001, 0x0001, 0x0001, 0x0001, 0x0001, 0x0001, 0x0001, 0x0001, 0x0001,
    0x0001, 0x0001, 0x0001, 0x0001, 0x0001, 0x0001, 0x0001, 0x0001, 0x0001, 0x0001, 0x0001, 0x0001,
    0x0001, 0x0001, 0x0001, 0x0001, 0x0001, 0x0001, 0x0001, 0x0001, 0x0001, 0x0001, 0x0001, 0x0001,
    0x0001, 0x0001, 0x0001, 0x0001, 0x0001, 0x8410, 0x31A6, 0x0000, 0x0000, 0x10A2, 0x4A49, 0x0000,
    0x6B6D, 0x0001, 0x0001, 0x0001, 0x0001, 0xBDF7, 0x0000, 0x0000, 0x0000, 0x9CD3, 0x0001, 0x0001,
    0x0001, 0x0001, 0x0001, 0x31A6, 0x0000, 0x4A49, 0x0001, 0x0001, 0x0001, 0x0001, 0x0001, 0x0001,
    0x0001, 0x0001, 0x0001, 0x0001, 0x0001, 0x0001, 0x0001, 0x0001, 0x0001, 0x0001, 0x0001, 0x4A49,
    0x3186, 0x8410, 0x738E, 0x2945, 0xCE59, 0x0001, 0x0001, 0x0001, 0x0001, 0x0001, 0x0001, 0x0001,
    0x0001, 0x0001, 0x0001, 0x0001, 0x0001, 0x0001, 0x0001, 0x0001, 0x0001, 0x0001, 0x0001, 0x0001,
    0x0001, 0x0001, 0x0001, 0x0001, 0x0001, 0x0001, 0x0001, 0x0001, 0x0001, 0x0001, 0x0001, 0x0001,
    0x0001, 0x8430, 0xFFFF, 0xDEFB, 0x18C3, 0x9CD3, 0x0001, 0x0001, 0x0001, 0x0001, 0xCE79, 0x3186,
    0x0001, 0x0001, 0x0001, 0x0001, 0x0001, 0xA534, 0x2945, 0x0000, 0x4208, 0xBDF7, 0x0001, 0x0001,
    0x0001, 0x0001, 0xAD75, 0x0000, 0x630C, 0x0001, 0x0001, 0x0001, 0x0001, 0x0001, 0x0001, 0x0001,
    0x0001, 0xA534, 0x528A, 0xB596, 0xDEDB, 0x7BCF, 0x18E3, 0x0000, 0x0000, 0x4208, 0xB5B6, 0x0001,
    0xDEDB, 0xBDD7, 0x0001, 0x0001, 0x0001, 0x0001, 0x0001, 0x0001, 0x0001, 0x0001, 0x0001, 0x0001,
    0x0001, 0x0001, 0x0001, 0x0001, 0x0001, 0x0001, 0x0001, 0x0001, 0x0001, 0x0001, 0x0001, 0x0001,
    0x0001, 0x0001, 0x0001, 0x0001, 0x0001, 0x0001, 0x0001, 0x0001, 0x0001, 0x0001, 0x0001, 0x0001,
    0x0001, 0x0001, 0x0001, 0x0001, 0x0001, 0x0001, 0x0001, 0x0001, 0x0001, 0x0001, 0x0001, 0x0001,
    0x0001, 0x0001, 0x0001, 0x0001, 0x0001, 0x0001, 0x0001, 0x0001, 0x0001, 0x0001, 0x0001, 0xD6BA,
    0x9492, 0x0001, 0x0001, 0x0841, 0x0000, 0x52AA, 0xB5B6, 0xF7BE, 0xFFDF, 0x10A2, 0x10A2, 0x0001,
    0x0001, 0x0001, 0x0001, 0x0001, 0x738E, 0xAD55, 0x0861, 0x10A2, 0x0001, 0x0001, 0x0001, 0x0001,
    0x0001, 0xCE59, 0x0841, 0x0000, 0xAD55, 0x0001, 0x0001, 0x0001, 0x0001, 0x0001, 0x0001, 0x0001,
    0x0001, 0x0001, 0x0001, 0x0001, 0x0001, 0x0001, 0x0001, 0x0001, 0x0001, 0x0001, 0xBDD7, 0x7BCF,
    0x8410, 0x0001, 0x0001, 0x0001, 0x0001, 0x0001, 0x0001, 0x0001, 0x0001, 0x0001, 0x0001, 0x0001,
    0x0001, 0x0001, 0x0001, 0x0001, 0x0001, 0x0001, 0x0001, 0x0001, 0x0001, 0x0001, 0x0001, 0x0001,
    0x0001, 0x0001, 0x0001, 0x0001, 0x0001, 0x0001, 0x0001, 0x0001, 0x0001, 0x0001, 0x0001, 0x0001,
    0xE71C, 0x10A2, 0x8C71, 0x0001, 0x0001, 0x0001, 0x0001, 0x0001, 0x2104, 0xAD75, 0x0001, 0x0001,
    0x0001, 0x0001, 0x0001, 0x0001, 0x0001, 0xDEDB, 0x0001, 0x0001, 0x0001, 0x0001, 0x0001, 0x0001,
    0x8430, 0x0000, 0x73AE, 0x0001, 0x0001, 0x0001, 0x0001, 0x0001, 0x0001, 0x0001, 0x0001, 0x4A49,
    0x0000, 0x2124, 0x73AE, 0xD69A, 0xFFDF, 0xCE79, 0x7BCF, 0x18C3, 0x0000, 0x18C3, 0x18C3, 0x0000,
    0xC638, 0x0001, 0x0001, 0x0001, 0x0001, 0x0001, 0x0001, 0x0001, 0x0001, 0x0001, 0x0001, 0x0001,
    0x0001, 0x0001, 0x0001, 0x0001, 0x0001, 0x0001, 0x0001, 0x0001, 0x0001, 0x0001, 0x0001, 0x0001,
    0x0001, 0x0001, 0x0001, 0x0001, 0x0001, 0x0001, 0x0001, 0x0001, 0x0001, 0x0001, 0x0001, 0x0001,
    0x0001, 0x0001, 0x0001, 0x0001, 0x0001, 0x0001, 0x0001, 0x0001, 0x0001, 0x0001, 0x0001, 0x0001,
    0x0001, 0x0001, 0x0001, 0x0001, 0x0001, 0x0001, 0x0001, 0x0001, 0x39C7, 0x0000, 0x0000, 0xA534,
    0x0001, 0x6B6D, 0x0000, 0xA534, 0xFFFF, 0xFFDF, 0xFFFF, 0x632C, 0x0000, 0x6B4D, 0x0001, 0x0001,
    0x0001, 0x0001, 0x0001, 0x0001, 0x8430, 0x0000, 0x630C, 0x0001, 0x0001, 0x0001, 0x0001, 0x0001,
    0x6B6D, 0x0000, 0x1082, 0x0001, 0x0001, 0x0001, 0x0001, 0x0001, 0x0001, 0x0001, 0x0001, 0x0001,
    0x0001, 0x9CF3, 0x4208, 0xAD55, 0x0001, 0x0001, 0x0001, 0x0001, 0x0001, 0x0001, 0x0001, 0x0001,
    0x0001, 0x0001, 0x0001, 0x0001, 0x0001, 0x0001, 0x0001, 0x0001, 0x0001, 0x0001, 0x0001, 0x0001,
    0x0001, 0x0001, 0x0001, 0x0001, 0x0001, 0x0001, 0x0001, 0x0001, 0x0001, 0x0001, 0x0001, 0x0001,
    0x0001, 0x0001, 0x0001, 0x0001, 0x0001, 0x0001, 0x0001, 0x0001, 0x0001, 0x0001, 0x0001, 0xAD55,
    0x0001, 0x0001, 0x0001, 0x0001, 0x0001, 0x39C7, 0x8C51, 0x0001, 0x0001, 0x0001, 0x0001, 0xD6BA,
    0x0001, 0x0001, 0x0001, 0x0001, 0x0001, 0x0001, 0x0001, 0x0001, 0x0001, 0x0001, 0x6B4D, 0x0000,
    0x9CD3, 0x0001, 0x0001, 0x0001, 0x0001, 0x0001, 0x0001, 0x0001, 0x0001, 0x0001, 0xAD55, 0x4A69,
    0x0000, 0x0000, 0x10A2, 0x7BCF, 0xDEDB, 0xFFDF, 0xD69A, 0x6B4D, 0x1082, 0x0000, 0x52AA, 0x0001,
    0x0001, 0x0001, 0x0001, 0x0001, 0xD6BA, 0xA514, 0xCE79, 0x0001, 0x0001, 0x0001, 0x0001, 0x0001,
    0x0001, 0x0001, 0x0001, 0x0001, 0x0001, 0x0001, 0x0001, 0x0001, 0x0001, 0x0001, 0x0001, 0x0001,
    0x0001, 0x0001, 0x0001, 0x0001, 0x0001, 0x0001, 0x0001, 0x0001, 0x0001, 0x0001, 0x0001, 0x0001,
    0x0001, 0x0001, 0x0001, 0x0001, 0x0001, 0x0001, 0x0001, 0x0001, 0x0001, 0x0001, 0x0001, 0x0001,
    0x0001, 0xCE59, 0xDEFB, 0x0001, 0x0001, 0x0001, 0x4A69, 0x4A69, 0xAD55, 0x0001, 0x0001, 0xCE59,
    0x0000, 0x31A6, 0xFFFF, 0xFFDF, 0xFFFF, 0xBDD7, 0x0000, 0x0841, 0xDEDB, 0x0001, 0x0001, 0x0001,
    0x0001, 0x0001, 0x0001, 0x2945, 0x0000, 0xBDF7, 0x0001, 0x0001, 0x0001, 0x0001, 0x0001, 0x2104,
    0x630C, 0x0001, 0x0001, 0x0001, 0x0001, 0x0001, 0x0001, 0x0001, 0x0001, 0x0001, 0xC638, 0x4208,
    0x9492, 0x18E3, 0xAD75, 0x0001, 0x0001, 0x0001, 0x0001, 0x0001, 0x0001, 0x0001, 0x0001, 0x0001,
    0x0001, 0x0001, 0x0001, 0x0001, 0x0001, 0x0001, 0x0001, 0x0001, 0x0001, 0x0001, 0x0001, 0x0001,
    0x0001, 0x0001, 0x0001, 0x0001, 0x0001, 0x0001, 0x0001, 0x0001, 0x0001, 0x0001, 0x0001, 0x0001,
    0x0001, 0x0001, 0x0001, 0x0001, 0x0001, 0x0001, 0x0001, 0x0001, 0x0001, 0x0001, 0x0001, 0x0001,
    0x0001, 0x0001, 0x6B4D, 0x52AA, 0x0001, 0x0001, 0x0001, 0x0001, 0x7BEF, 0x52AA, 0x0001, 0x0001,
    0x0001, 0x0001, 0x0001, 0x0001, 0x0001, 0x0001, 0x0001, 0x0001, 0x4A49, 0x0000, 0xBDD7, 0x0001,
    0x0001, 0x0001, 0x0001, 0x0001, 0x0001, 0x0001, 0x0001, 0x0001, 0x0001, 0x0001, 0xDEDB, 0xB596,
    0x5ACB, 0x0020, 0x0000, 0x2104, 0x8410, 0xDEDB, 0xA514, 0x18C3, 0x8C71, 0x0001, 0x0001, 0x0001,
    0x0001, 0x0001, 0x528A, 0x0000, 0x4A49, 0x0001, 0x8410, 0x4A49, 0xC618, 0x0001, 0x0001, 0x0001,
    0x0001, 0x0001, 0x0001, 0x0001, 0x0001, 0x0001, 0x0001, 0x0001, 0x0001, 0x0001, 0x0001, 0x0001,
    0x0001, 0x0001, 0x0001, 0x0001, 0x0001, 0x0001, 0x0001, 0x0001, 0x0001, 0x0001, 0x0001, 0x0001,
    0x0001, 0x0001, 0x0001, 0x0001, 0xCE59, 0xA514, 0x8410, 0x5AEB, 0x39E7, 0x2104, 0x1082, 0x0000,
    0x528A, 0x0001, 0x0001, 0x0001, 0x0001, 0x0001, 0x0001, 0x0001, 0x0001, 0x0001, 0x2124, 0x0000,
    0xD69A, 0xFFFF, 0xFFFF, 0xFFFF, 0xAD55, 0x8410, 0xB5B6, 0x0001, 0x0001, 0x0001, 0x0001, 0x0001,
    0x0001, 0xBDF7, 0x0000, 0x2965, 0xDEFB, 0xAD75, 0x0001, 0x0001, 0x0001, 0x0001, 0x0001, 0x0001,
    0x0001, 0x0001, 0x0001, 0x0001, 0x0001, 0x0001, 0x0001, 0xBDF7, 0x0020, 0xC638, 0x0001, 0xCE79,
    0x10A2, 0xD69A, 0x0001, 0x0001, 0x0001, 0x0001, 0x0001, 0x0001, 0x0001, 0x0001, 0x0001, 0x0001,
    0x0001, 0x0001, 0x0001, 0x0001, 0x0001, 0x0001, 0x0001, 0x0001, 0x0001, 0x0001, 0x0001, 0x0001,
    0x0001, 0x0001, 0x0001, 0x0001, 0x0001, 0x0001, 0x0001, 0x0001, 0x0001, 0x0001, 0x0001, 0x0001,
    0x0001, 0x0001, 0x0001, 0x0001, 0x0001, 0x0001, 0x0001, 0x0001, 0x0001, 0x0001, 0x0001, 0xD69A,
    0x2104, 0x0001, 0x0001, 0x0001, 0x0001, 0xB596, 0x18E3, 0x0001, 0x0001, 0x0001, 0x0001, 0x0001,
    0x0001, 0x0001, 0x0001, 0x0001, 0x0001, 0x0001, 0x2945, 0x0000, 0xAD75, 0x0001, 0x0001, 0x0001,
    0x0001, 0x0001, 0x0001, 0x0001, 0x0001, 0x0001, 0x0001, 0xAD75, 0x0020, 0x5ACB, 0xB5B6, 0xDEDB,
    0xAD75, 0x39E7, 0x0000, 0x0000, 0x2965, 0x528A, 0x0001, 0x0001, 0x0001, 0x0001, 0xDEDB, 0x8C71,
    0x0020, 0x0000, 0x0000, 0x0841, 0x0000, 0x0000, 0x4A69, 0xAD55, 0xCE79, 0x0001, 0x0001, 0x0001,
    0x0001, 0x0001, 0x0001, 0x0001, 0x0001, 0x0001, 0x0001, 0x0001, 0x0001, 0xBDF7, 0x6B6D, 0xCE79,
    0x0001, 0x0001, 0x0001, 0x0001, 0x0001, 0x0001, 0x0001, 0x0001, 0x0001, 0x0001, 0x4A69, 0x3186,
    0x0861, 0x0000, 0x0000, 0x0000, 0x0000, 0x0000, 0x1082, 0x2124, 0x0020, 0x0000, 0x6B4D, 0x0001,
    0x0001, 0x0001, 0x0001, 0xDEDB, 0x8C51, 0x7BEF, 0x0001, 0xCE59, 0x0000, 0x0861, 0xE71C, 0xFFFF,
    0xC638, 0x7BCF, 0x39C7, 0x0000, 0x2124, 0x0001, 0x0001, 0x0001, 0x0001, 0x0001, 0x0001, 0x0001,
    0x5ACB, 0x0000, 0x0861, 0x0000, 0x94B2, 0x0001, 0x0001, 0x0001, 0x0001, 0x0001, 0x0001, 0x0001,
    0x0001, 0x0001, 0x0001, 0xD6BA, 0x7BCF, 0xFFFF, 0x630C, 0x4228, 0x0001, 0x0001, 0xAD55, 0x2104,
    0x0001, 0x0001, 0x0001, 0x0001, 0x0001, 0x0001, 0x0001, 0x0001, 0x0001, 0x0001, 0x0001, 0x0001,
    0x0001, 0x0001, 0x0001, 0x0001, 0x0001, 0x0001, 0x0001, 0x0001, 0x0001, 0x0001, 0x0001, 0x0001,
    0x0001, 0x0001, 0x0001, 0x0001, 0x0001, 0x0001, 0x0001, 0x0001, 0x0001, 0x0001, 0x0001, 0x0001,
    0x0001, 0x0001, 0x0001, 0x0001, 0x0001, 0x0001, 0x0001, 0x0001, 0x0001, 0xA514, 0x3186, 0x0001,
    0x0001, 0x0001, 0xD6BA, 0x1082, 0xCE79, 0x0001, 0x0001, 0x0001, 0x0001, 0x0001, 0x0001, 0x0001,
    0x0001, 0x0001, 0x0001, 0x0001, 0x73AE, 0x0000, 0x0000, 0xC638, 0x0001, 0x0001, 0x0001, 0x0001,
    0x0001, 0xC618, 0x5AEB, 0xBDF7, 0x0001, 0x0001, 0x738E, 0x10A2, 0x0000, 0x18C3, 0x632C, 0x31A6,
    0x0000, 0x0000, 0x0861, 0x6B6D, 0x0001, 0x0001, 0x0001, 0x0001, 0x528A, 0x0000, 0x0000, 0x5ACB,
    0x632C, 0x39C7, 0x0841, 0x0020, 0x0000, 0x0000, 0x0000, 0x0000, 0x18C3, 0x738E, 0x0001, 0x0001,
    0x0001, 0x0001, 0x5AEB, 0x4228, 0x39C7, 0x31A6, 0x31A6, 0x10A2, 0x0000, 0x18C3, 0x31A6, 0x31A6,
    0x39C7, 0x4208, 0x4A69, 0x0001, 0x0001, 0x0001, 0x0001, 0xDEDB, 0x0861, 0x18C3, 0x4228, 0x5ACB,
    0x8410, 0xA534, 0xC618, 0xDEFB, 0x0001, 0x9492, 0x0000, 0x18C3, 0x0001, 0x0001, 0x0001, 0x0001,
    0x0001, 0x18C3, 0x0000, 0x0020, 0x0001, 0x0001, 0x7BEF, 0x9CD3, 0x73AE, 0x2104, 0x0000, 0x0000,
    0x0841, 0x0000, 0x4A69, 0x0001, 0x0001, 0x0001, 0x0001, 0x0001, 0x0001, 0x0001, 0x0001, 0x18E3,
    0x0841, 0x7BEF, 0x0001, 0x0001, 0x0001, 0x0001, 0x0001, 0x0001, 0xAD75, 0x0001, 0x0001, 0x0001,
    0x738E, 0x4228, 0x0000, 0xA514, 0xFFFF, 0x31A6, 0x7BEF, 0x0001, 0x0001, 0xC618, 0x0001, 0x0001,
    0x0001, 0x0001, 0x0001, 0x0001, 0x0001, 0x0001, 0x0001, 0x0001, 0x0001, 0x0001, 0x0001, 0x0001,
    0x0001, 0x0001, 0x0001, 0x0001, 0x0001, 0x0001, 0x0001, 0x0001, 0x0001, 0x0001, 0x0001, 0x0001,
    0x0001, 0x0001, 0x0001, 0x0001, 0x0001, 0x0001, 0x0001, 0x0001, 0x0001, 0x0001, 0x0001, 0x0001,
    0x0001, 0x0001, 0x0001, 0x0001, 0x0001, 0x0001, 0x0001, 0x0001, 0x2965, 0x8410, 0x0001, 0xCE79,
    0x2104, 0xA534, 0xFFFF, 0x39E7, 0x3186, 0x9CD3, 0x0001, 0x0001, 0x0001, 0x0001, 0x0001, 0x0001,
    0x0001, 0x0001, 0x0001, 0x9492, 0x5AEB, 0x0001, 0x0001, 0x0001, 0x0001, 0x0001, 0x0001, 0xB596,
    0x10A2, 0x0000, 0x1082, 0x6B6D, 0xDEDB, 0xFFDF, 0xD69A, 0x10A2, 0x0000, 0x1082, 0x5ACB, 0xAD55,
    0x0001, 0x0001, 0x0001, 0x0001, 0x0001, 0x0001, 0xB596, 0x738E, 0xA514, 0x0001, 0x0001, 0x0001,
    0x0861, 0x10A2, 0xB596, 0xA514, 0x738E, 0x4A49, 0x18C3, 0x5AEB, 0x0001, 0x0001, 0x0001, 0x0001,
    0x0020, 0x0841, 0x632C, 0x630C, 0x632C, 0x39C7, 0x0020, 0x39E7, 0x632C, 0x630C, 0x632C, 0x18E3,
    0x0000, 0xDEFB, 0x0001, 0x0001, 0x0001, 0x0001, 0x0001, 0x0001, 0x0001, 0x0001, 0x0001, 0x0001,
    0x0001, 0x0001, 0x0001, 0x10A2, 0x0000, 0xAD75, 0x0001, 0x0001, 0x0001, 0x0001, 0x0001, 0x9CF3,
    0x2965, 0x0000, 0x9CD3, 0x0001, 0xC618, 0x0000, 0x0000, 0x31A6, 0x8430, 0xD6BA, 0x4A49, 0x0000,
    0xBDF7, 0x0001, 0x0001, 0x0001, 0x0001, 0x0001, 0x0001, 0x0001, 0x0001, 0x0001, 0xDEDB, 0x0001,
    0x0001, 0x0001, 0x0001, 0x0001, 0x0001, 0x0001, 0x7BCF, 0x0001, 0x0001, 0x8C51, 0x5ACB, 0xEF7D,
    0xBDF7, 0x0841, 0xD69A, 0xF79E, 0x18E3, 0xAD55, 0x0001, 0x0001, 0x0001, 0x0001, 0x0001, 0x0001,
    0x0001, 0x0001, 0x0001, 0x0001, 0x0001, 0x0001, 0x0001, 0x0001, 0x0001, 0x0001, 0x0001, 0x0001,
    0x0001, 0x0001, 0x0001, 0x0001, 0x0001, 0x0001, 0x0001, 0x0001, 0x0001, 0x0001, 0x0001, 0x0001,
    0x0001, 0x0001, 0x0001, 0x0001, 0x0001, 0x0001, 0x0001, 0x0001, 0x0001, 0x0001, 0x0001, 0x0001,
    0x0001, 0x0001, 0x0001, 0x0001, 0x0001, 0x0001, 0xDEFB, 0x31A6, 0x31A6, 0x2124, 0x9CD3, 0x0001,
    0x9CF3, 0x10A2, 0xB5B6, 0x630C, 0x4A69, 0x0001, 0x0001, 0x0001, 0x0001, 0x0001, 0x0001, 0x0001,
    0x0001, 0x0001, 0x0001, 0x0001, 0x0001, 0x0001, 0x0001, 0x0001, 0x0001, 0x0001, 0x0001, 0xCE59,
    0x6B4D, 0x10A2, 0x0000, 0x18E3, 0x6B6D, 0x0841, 0x2945, 0x0001, 0x0001, 0x0001, 0x0001, 0x0001,
    0x0001, 0x0001, 0x0001, 0x0001, 0x0001, 0x0001, 0x0001, 0x0001, 0x0001, 0xC638, 0x0000, 0x3186,
    0x0001, 0x0001, 0x0001, 0x0001, 0x0001, 0x0001, 0x0001, 0x0001, 0x0001, 0x0001, 0x0861, 0x39E7,
    0xFFFF, 0xFFFF, 0xFFFF, 0x8C51, 0x0000, 0xA514, 0xFFFF, 0xFFFF, 0xFFFF, 0x630C, 0x0000, 0x0001,
    0x0001, 0x0001, 0x0001, 0x0001, 0x0001, 0x0001, 0x0001, 0xD69A, 0xBDF7, 0x9CF3, 0x73AE, 0x5AEB,
    0x2104, 0x0000, 0x5AEB, 0x0001, 0x0001, 0x0001, 0x0001, 0x0001, 0x0001, 0x0001, 0x9CD3, 0x0000,
    0x4208, 0x0001, 0x0001, 0x6B4D, 0x7BEF, 0x73AE, 0x8C51, 0x9CD3, 0x0000, 0x52AA, 0x0001, 0x0001,
    0x0001, 0x0001, 0x0001, 0x0001, 0x0001, 0x0001, 0x0001, 0x0001, 0x0001, 0x0001, 0x0001, 0x0001,
    0x0001, 0x0001, 0x0001, 0x0001, 0x0001, 0x738E, 0x0001, 0x6B4D, 0x8C51, 0xFFFF, 0xFFFF, 0x8410,
    0x2945, 0xFFFF, 0xDEDB, 0xCE79, 0x0001, 0x0001, 0x0001, 0x0001, 0x0001, 0x0001, 0x0001, 0x0001,
    0x0001, 0x0001, 0x0001, 0x0001, 0x0001, 0x0001, 0x0001, 0x0001, 0x0001, 0x0001, 0x0001, 0x0001,
    0x0001, 0x0001, 0x0001, 0x0001, 0x0001, 0x0001, 0x0001, 0x0001, 0x0001, 0x0001, 0x0001, 0x0001,
    0x0001, 0x0001, 0x0001, 0x0001, 0x0001, 0x0001, 0x0001, 0x0001, 0x0001, 0x0001, 0x0001, 0x0001,
    0x0001, 0x0001, 0x0001, 0x0001, 0x0001, 0x0001, 0xDEDB, 0x0001, 0x0001, 0x0001, 0x1082, 0xC618,
    0x0001, 0xD6BA, 0x18E3, 0x0001, 0x0001, 0x0001, 0x0001, 0x0001, 0xBDD7, 0xDEDB, 0x0001, 0x0001,
    0x0001, 0x0001, 0x0001, 0x0001, 0x0001, 0x0001, 0x0001, 0x0001, 0x0001, 0x0001, 0x0001, 0x0001,
    0xC618, 0x630C, 0x0020, 0x0000, 0x0861, 0x7BCF, 0xCE59, 0x0001, 0x0001, 0x0001, 0x0001, 0x0001,
    0x0001, 0x0001, 0x7BEF, 0x9CD3, 0xBDF7, 0xDEFB, 0x0001, 0xAD55, 0x0000, 0x5AEB, 0x0001, 0x0001,
    0x0001, 0x0001, 0x0001, 0x0001, 0x0001, 0x0001, 0x0001, 0x0001, 0x0841, 0x39C7, 0xFFFF, 0xFFFF,
    0xFFFF, 0x8430, 0x0000, 0x9CF3, 0xFFFF, 0xFFFF, 0xFFFF, 0x5AEB, 0x0000, 0x0001, 0x0001, 0x0001,
    0x0001, 0x0001, 0x0001, 0x0001, 0x0001, 0x0000, 0x0000, 0x0000, 0x0000, 0x0000, 0x0000, 0x0000,
    0xBDF7, 0x0001, 0x0001, 0x0001, 0x0001, 0x0001, 0x0001, 0x0001, 0x0001, 0x1082, 0x0020, 0xD6BA,
    0x0001, 0x0001, 0x8430, 0x0861, 0x0000, 0x0000, 0x0000, 0x4208, 0x9CF3, 0x5ACB, 0xBDD7, 0x0001,
    0x0001, 0x0001, 0x0001, 0x0001, 0x0001, 0x0001, 0x0001, 0x0001, 0x0001, 0x0001, 0x0001, 0x0001,
    0x0001, 0x0001, 0x0001, 0x8430, 0x4208, 0xD6BA, 0x18E3, 0xE71C, 0xFFFF, 0xB596, 0x0000, 0x8410,
    0x0001, 0x0001, 0x0001, 0x0001, 0x0001, 0x0001, 0x0001, 0x0001, 0x0001, 0x0001, 0x0001, 0x0001,
    0x0001, 0x0001, 0x0001, 0x0001, 0x0001, 0x0001, 0x0001, 0x0001, 0x0001, 0x0001, 0x0001, 0x0001,
    0x0001, 0x0001, 0x0001, 0x0001, 0x0001, 0x0001, 0x0001, 0x0001, 0x0001, 0x0001, 0x0001, 0x0001,
    0x0001, 0x0001, 0x0001, 0x0001, 0x0001, 0x0001, 0x0001, 0x0001, 0x0001, 0x0001, 0x0001, 0x0001,
    0x0001, 0x0001, 0x0001, 0x0001, 0x0001, 0x0001, 0x0001, 0x31A6, 0x738E, 0x0001, 0x0001, 0x3186,
    0x8C51, 0x0001, 0x4208, 0x31A6, 0x94B2, 0x0001, 0x1082, 0xC618, 0x0001, 0x0001, 0x0001, 0x0001,
    0x0001, 0x0001, 0x0001, 0x0001, 0x0001, 0x0001, 0xC618, 0x0020, 0x4A49, 0xB596, 0xFFFF, 0xFFFF,
    0x31A6, 0x0000, 0x52AA, 0x1082, 0x0000, 0x2104, 0xD69A, 0x0001, 0x0001, 0x0001, 0x0001, 0x0001,
    0x0000, 0x0000, 0x0000, 0x0000, 0x18E3, 0x2124, 0x0000, 0x4228, 0xBDD7, 0xDEDB, 0x0001, 0x0001,
    0x0001, 0x0001, 0x0001, 0x0001, 0x0001, 0x0001, 0x10A2, 0x0861, 0x4228, 0x4208, 0x4208, 0x2124,
    0x0000, 0x2945, 0x4208, 0x4208, 0x4228, 0x18C3, 0x0020, 0xE71C, 0x0001, 0x0001, 0x0001, 0x0001,
    0x0001, 0x0001, 0x0001, 0x6B6D, 0x8410, 0xAD55, 0xCE59, 0xEF7D, 0x3186, 0x0000, 0x9492, 0x0001,
    0xBDF7, 0xDEFB, 0x0001, 0x0001, 0x0001, 0x0001, 0x0001, 0x5ACB, 0x0000, 0x8C51, 0x0001, 0x0001,
    0x0001, 0x0001, 0x73AE, 0x0020, 0x0020, 0x0000, 0x0000, 0x0020, 0x9492, 0x0001, 0x0001, 0x0001,
    0x0001, 0x0001, 0x0001, 0x0001, 0x0001, 0x0001, 0x0001, 0x0001, 0x0001, 0xB5B6, 0x4A49, 0x2965,
    0xD69A, 0xFFFF, 0x39E7, 0x9CF3, 0xA514, 0x2124, 0x6B4D, 0x31A6, 0xB5B6, 0x31A6, 0x0001, 0x0001,
    0x0001, 0x0001, 0x0001, 0x0001, 0x0001, 0x0001, 0x0001, 0x0001, 0x0001, 0x0001, 0x0001, 0x0001,
    0x0001, 0x0001, 0x0001, 0x0001, 0x0001, 0x0001, 0x0001, 0x0001, 0x0001, 0x0001, 0x0001, 0x0001,
    0x0001, 0x0001, 0x0001, 0x0001, 0x0001, 0x0001, 0x0001, 0x0001, 0x0001, 0x0001, 0x0001, 0x0001,
    0x0001, 0x0001, 0x0001, 0x0001, 0x0001, 0x0001, 0x0001, 0x0001, 0x0001, 0x0001, 0x0001, 0x0001,
    0x0001, 0x0001, 0x0001, 0x0001, 0x0001, 0xA514, 0x0001, 0x0001, 0x8C51, 0x2965, 0xFFFF, 0x2965,
    0x8430, 0xDEDB, 0x630C, 0x2945, 0x6B6D, 0x0001, 0x0001, 0x0001, 0x0001, 0x0001, 0x0001, 0x0001,
    0x0001, 0x0001, 0x0001, 0x0001, 0x0001, 0x8410, 0x2965, 0x0000, 0x0861, 0x31A6, 0x0000, 0x2124,
    0x0001, 0x0001, 0xB5B6, 0x6B4D, 0x0001, 0x0001, 0x0001, 0x0001, 0x0001, 0x0001, 0xBDF7, 0xA514,
    0x73AE, 0x4A49, 0x2124, 0x0000, 0x0000, 0x0000, 0x0000, 0x0000, 0x1082, 0x2965, 0x7BCF, 0x0001,
    0x0001, 0x0001, 0x0001, 0x0001, 0x10A2, 0x0841, 0x2965, 0x2945, 0x2945, 0x18C3, 0x0000, 0x18E3,
    0x2945, 0x2945, 0x2965, 0x1082, 0x0020, 0xE71C, 0x0001, 0x0001, 0x0001, 0x0001, 0x0001, 0x0001,
    0x0001, 0x0001, 0x0001, 0xCE79, 0xA534, 0x8410, 0x18C3, 0x0020, 0x0020, 0x0000, 0x0000, 0x4228,
    0x0001, 0x0001, 0x0001, 0x0001, 0x0001, 0xAD75, 0x0000, 0x31A6, 0x0001, 0x0001, 0xC638, 0x7BEF,
    0x10A2, 0x0000, 0xB596, 0xC638, 0xB596, 0x0001, 0x0001, 0x0001, 0x0001, 0x0001, 0x0001, 0x0001,
    0x0001, 0x0001, 0x0001, 0x0001, 0x0001, 0x0001, 0xDEDB, 0x2945, 0xE73C, 0xD69A, 0xD69A, 0xFFFF,
    0xE73C, 0x18E3, 0xDEFB, 0xCE79, 0x8C51, 0xEF7D, 0xCE59, 0x39C7, 0x0001, 0x0001, 0x0001, 0x0001,
    0x0001, 0x0001, 0x0001, 0x0001, 0x0001, 0x0001, 0x0001, 0x0001, 0x0001, 0x0001, 0x0001, 0x0001,
    0x0001, 0x0001, 0x0001, 0x0001, 0x0001, 0x0001, 0x0001, 0x0001, 0x0001, 0x0001, 0x0001, 0x0001,
    0x0001, 0x0001, 0x0001, 0x0001, 0x0001, 0x0001, 0x0001, 0x0001, 0x0001, 0x0001, 0x0001, 0x0001,
    0x0001, 0x0001, 0x0001, 0x0001, 0x0001, 0x0001, 0x0001, 0x0001, 0x0001, 0x0001, 0x0001, 0x0001,
    0x0001, 0x0001, 0x0001, 0x0001, 0x0001, 0x0001, 0x10A2, 0x0001, 0x9CF3, 0x4A69, 0xFFFF, 0xFFFF,
    0xA514, 0x0020, 0x0001, 0x0001, 0xDEFB, 0x0001, 0x0001, 0x0001, 0x0001, 0x0001, 0x0001, 0x0001,
    0x0001, 0x0001, 0x0001, 0x0001, 0x0001, 0xD6BA, 0x7BCF, 0x2945, 0x0841, 0x9492, 0x0001, 0x0001,
    0x0001, 0x0001, 0x0001, 0x0001, 0x0001, 0x0001, 0x0001, 0x0001, 0x0001, 0x0001, 0x0001, 0x0001,
    0x0001, 0x2965, 0x0000, 0x8410, 0x8410, 0x5ACB, 0x3186, 0x0020, 0x39E7, 0x0001, 0x0001, 0x0001,
    0x0001, 0x0001, 0x0861, 0x31A6, 0xFFFF, 0xFFFF, 0xFFFF, 0x8410, 0x0000, 0x9CD3, 0xFFFF, 0xFFFF,
    0xFFFF, 0x5ACB, 0x0000, 0x0001, 0x0001, 0x0001, 0x0001, 0x0001, 0x7BCF, 0x39C7, 0x2124, 0x0000,
    0x0000, 0x0000, 0x0000, 0x0000, 0x0841, 0x0000, 0x18E3, 0x5AEB, 0x8C51, 0xAD55, 0x0001, 0x0001,
    0x0001, 0x0001, 0x0001, 0x0001, 0x10A2, 0x0020, 0x4228, 0x8C51, 0x4A69, 0x0000, 0x39E7, 0xA534,
    0x0001, 0x0001, 0x0001, 0x0001, 0x0001, 0x0001, 0x0001, 0x0001, 0x0001, 0x0001, 0x0001, 0x0001,
    0x0001, 0xBDF7, 0x8430, 0xC638, 0xF79E, 0x31A6, 0x630C, 0x3186, 0x2945, 0x4228, 0xFFFF, 0xA534,
    0x6B6D, 0x0001, 0x73AE, 0x39C7, 0x39C7, 0xCE79, 0x0001, 0x0001, 0x0001, 0x0001, 0x0001, 0x0001,
    0x0001, 0x0001, 0x0001, 0x0001, 0x0001, 0x0001, 0x0001, 0x0001, 0x0001, 0x0001, 0x0001, 0x0001,
    0x0001, 0x0001, 0x0001, 0x0001, 0x0001, 0x0001, 0x0001, 0x0001, 0x0001, 0x0001, 0x0001, 0x0001,
    0x0001, 0x0001, 0x0001, 0x0001, 0x0001, 0x0001, 0x0001, 0x0001, 0x0001, 0x0001, 0x0001, 0x0001,
    0x0001, 0x0001, 0x0001, 0x0001, 0x0001, 0x0001, 0x0001, 0x0001, 0x0001, 0x0001, 0x0001, 0x0001,
    0x0001, 0x0001, 0x0001, 0x0001, 0xDEDB, 0x0001, 0x5AEB, 0x8410, 0xFFFF, 0xFFFF, 0x3186, 0x9CD3,
    0xDEFB, 0x4208, 0x5ACB, 0x4208, 0xCE59, 0x0001, 0x0001, 0x0001, 0x0001, 0x0001, 0x0001, 0x0001,
    0x0001, 0x0001, 0x0001, 0x0001, 0x0001, 0x0001, 0x0001, 0x0001, 0x0001, 0x0001, 0x0001, 0x0001,
    0x0001, 0x0001, 0x0001, 0x0001, 0x0001, 0x0001, 0x0001, 0x0001, 0x0001, 0x0001, 0x0001, 0x0861,
    0x1082, 0x0001, 0x0001, 0x0001, 0x0001, 0x0001, 0x0001, 0x0001, 0x0001, 0x0001, 0x0001, 0x0001,
    0x0861, 0x39E7, 0xFFFF, 0xFFFF, 0xFFFF, 0x8C51, 0x0000, 0xA514, 0xFFFF, 0xFFFF, 0xFFFF, 0x630C,
    0x0000, 0x0001, 0x0001, 0x0001, 0x0001, 0x0001, 0x2965, 0x0861, 0x2965, 0x4A69, 0x6B6D, 0x8C71,
    0xB5B6, 0xD6BA, 0x8C51, 0x0000, 0x39E7, 0x0001, 0x0001, 0x0001, 0x0001, 0x0001, 0x0001, 0x0001,
    0x0001, 0x0001, 0x5AEB, 0x0000, 0x0000, 0x630C, 0xDEDB, 0xDEDB, 0x0001, 0x0001, 0x0001, 0x0001,
    0x0001, 0x0001, 0x0001, 0x0001, 0xB5B6, 0x6B6D, 0x632C, 0xB596, 0x0001, 0x0001, 0x8430, 0x4208,
    0xA514, 0x3186, 0x94B2, 0xDEDB, 0x94B2, 0xD69A, 0xFFDF, 0x3186, 0xD69A, 0x0001, 0x0001, 0x0001,
    0x0001, 0xB5B6, 0x0001, 0x0001, 0x0001, 0x0001, 0x0001, 0x0001, 0x0001, 0x0001, 0x0001, 0x0001,
    0x0001, 0x0001, 0x0001, 0x0001, 0x0001, 0x0001, 0x0001, 0x0001, 0x0001, 0x0001, 0x0001, 0x0001,
    0x0001, 0x0001, 0x0001, 0x0001, 0x0001, 0x0001, 0x0001, 0x0001, 0x0001, 0x0001, 0x0001, 0x0001,
    0x0001, 0x0001, 0x0001, 0x0001, 0x0001, 0x0001, 0x0001, 0x0001, 0x0001, 0x0001, 0x0001, 0x0001,
    0x0001, 0x0001, 0x0001, 0x0001, 0x0001, 0x0001, 0x0001, 0x0001, 0x0001, 0x0001, 0x0001, 0x0001,
    0x0001, 0x0001, 0x0001, 0x0001, 0xBDF7, 0x2945, 0xAD55, 0x6B4D, 0x2945, 0xFFFF, 0x18E3, 0x4208,
    0xFFFF, 0xBDD7, 0x31A6, 0x0001, 0x0001, 0x0001, 0x0001, 0x0001, 0x0001, 0x0001, 0x0001, 0x0001,
    0x0001, 0x0001, 0x0001, 0x0001, 0x0001, 0x0001, 0x0001, 0x0001, 0x0001, 0x0001, 0x0001, 0x0001,
    0x0001, 0x0001, 0x0001, 0xB5B6, 0xC638, 0x0001, 0x0001, 0x0001, 0xDEFB, 0x0000, 0x31A6, 0x0001,
    0x0001, 0x0001, 0x0001, 0x0001, 0x0001, 0x0001, 0x0001, 0x0001, 0x0001, 0x0001, 0x0020, 0x1082,
    0x8410, 0x7BCF, 0x7BEF, 0x4208, 0x0000, 0x4A49, 0x7BEF, 0x7BCF, 0x7BEF, 0x18C3, 0x0000, 0xE71C,
    0x0001, 0x0001, 0x0001, 0x0001, 0x0001, 0x0001, 0x0001, 0x0001, 0x0001, 0x0001, 0x0001, 0x0001,
    0xCE79, 0x0000, 0x18C3, 0x0001, 0x0001, 0x0001, 0x0001, 0x0001, 0x0001, 0x0001, 0x0001, 0x0001,
    0xE71C, 0x9492, 0xDEDB, 0x0001, 0x0001, 0x0001, 0x0001, 0x0001, 0x0001, 0x0001, 0x0001, 0x0001,
    0xAD55, 0x4228, 0x4A49, 0x9492, 0x9CD3, 0x2124, 0x94B2, 0x0001, 0x2965, 0xF79E, 0xB596, 0x3186,
    0x738E, 0xFFFF, 0x8C71, 0x8410, 0x6B6D, 0x630C, 0x0001, 0x0001, 0x0001, 0x0001, 0x0001, 0x0001,
    0x0001, 0x0001, 0x0001, 0x0001, 0x0001, 0x0001, 0x0001, 0x0001, 0x0001, 0x0001, 0x0001, 0x0001,
    0x0001, 0x0001, 0x0001, 0x0001, 0x0001, 0x0001, 0x0001, 0x0001, 0x0001, 0x0001, 0x0001, 0x0001,
    0x0001, 0x0001, 0x0001, 0x0001, 0x0001, 0x0001, 0x0001, 0x0001, 0x0001, 0x0001, 0x0001, 0x0001,
    0x0001, 0x0001, 0x0001, 0x0001, 0x0001, 0x0001, 0x0001, 0x0001, 0x0001, 0x0001, 0x0001, 0x0001,
    0x0001, 0x0001, 0x0001, 0x0001, 0x0001, 0x0001, 0x0001, 0x0001, 0x0001, 0x0001, 0x0001, 0x0001,
    0x0001, 0x0001, 0x0001, 0xC638, 0x8430, 0x0000, 0xCE79, 0xB5B6, 0x39C7, 0x73AE, 0x31A6, 0x8C51,
    0x2965, 0x0001, 0x632C, 0x4208, 0x8410, 0x0001, 0x0001, 0x0001, 0x0001, 0x0001, 0x0001, 0x0001,
    0x0001, 0x0001, 0x0001, 0x0001, 0x0001, 0x0001, 0x0001, 0x0001, 0x0001, 0x0001, 0x0001, 0x0001,
    0x0001, 0x0000, 0x0000, 0x0000, 0x2104, 0x4208, 0x528A, 0x0020, 0x4208, 0xE71C, 0x0001, 0x0001,
    0x0001, 0x0001, 0x0001, 0x0001, 0x0001, 0x0001, 0x0001, 0x0001, 0x4A49, 0x3186, 0x2124, 0x2104,
    0x2104, 0x10A2, 0x0000, 0x10A2, 0x2104, 0x18E3, 0x2104, 0x2965, 0x5ACB, 0x0001, 0x0001, 0x0001,
    0x0001, 0x0001, 0x0001, 0x0001, 0x0001, 0x0001, 0x0001, 0x0001, 0xE71C, 0xCE79, 0x7BEF, 0x0000,
    0x0000, 0xD69A, 0x0001, 0x0001, 0x0001, 0x0001, 0x0001, 0x0001, 0x0001, 0x0001, 0x0001, 0x0001,
    0x0001, 0x0001, 0x0001, 0x0001, 0x0001, 0x0001, 0x0001, 0x0001, 0x0001, 0x0001, 0x5ACB, 0x528A,
    0xFFFF, 0xFFFF, 0xFFFF, 0xE73C, 0x2104, 0xDEDB, 0x39E7, 0x4A49, 0x5AEB, 0xD6BA, 0xB596, 0xBDF7,
    0xCE79, 0x5AEB, 0x9CD3, 0x0001, 0x0001, 0x0001, 0x0001, 0x0001, 0x0001, 0x0001, 0x0001, 0x0001,
    0x0001, 0x0001, 0x0001, 0x0001, 0x0001, 0x0001, 0x0001, 0x0001, 0x0001, 0x0001, 0x0001, 0x0001,
    0x0001, 0x0001, 0x0001, 0x0001, 0x0001, 0x0001, 0x0001, 0x0001, 0x0001, 0x0001, 0x0001, 0x0001,
    0x0001, 0x0001, 0x0001, 0x0001, 0x0001, 0x0001, 0x0001, 0x0001, 0x0001, 0x0001, 0x0001, 0x0001,
    0x0001, 0x0001, 0x0001, 0x0001, 0x0001, 0x0001, 0x0001, 0x0001, 0x0001, 0x0001, 0x0001, 0x0001,
    0x0001, 0x0001, 0x0001, 0x0001, 0x0001, 0x0001, 0x0001, 0x0001, 0x0001, 0x0001, 0x0001, 0x0001,
    0x0001, 0x0001, 0x0001, 0xD6BA, 0x0001, 0xA534, 0x39E7, 0xFFFF, 0xEF7D, 0x6B4D, 0x6B4D, 0x0001,
    0x10A2, 0xBDD7, 0xAD75, 0xDEDB, 0x7BCF, 0x94B2, 0x0001, 0x0001, 0x0001, 0x0001, 0x0001, 0x0001,
    0x0001, 0x0001, 0x0001, 0x0001, 0x0001, 0x0001, 0x0001, 0x0001, 0x0001, 0x0001, 0x0001, 0xAD75,
    0x8410, 0x52AA, 0x2965, 0x0861, 0x0000, 0x0000, 0x0000, 0x0000, 0x1082, 0x39C7, 0x632C, 0x8C71,
    0x0001, 0x0001, 0x0001, 0x0001, 0x0001, 0x0001, 0x0001, 0x0001, 0x0001, 0x0001, 0x0001, 0x8410,
    0x0000, 0xA534, 0x0001, 0x0001, 0x0001, 0x0001, 0x0001, 0x0001, 0x0001, 0x0001, 0x0001, 0x0001,
    0x0001, 0x0001, 0x7BEF, 0x52AA, 0x39C7, 0x10A2, 0x0020, 0x0000, 0x0000, 0x0000, 0x2965, 0x0001,
    0x0001, 0x0001, 0x0001, 0x0001, 0x0001, 0x0001, 0x0001, 0x0001, 0x0001, 0x0001, 0x0001, 0x0001,
    0x0001, 0x0001, 0x0001, 0x0001, 0x0001, 0x0001, 0x0001, 0x0001, 0xDEDB, 0x2945, 0xF79E, 0xFFDF,
    0xF7BE, 0xFFFF, 0x6B4D, 0x8430, 0x94B2, 0x2945, 0xFFFF, 0xEF5D, 0x18E3, 0xBDD7, 0x0001, 0x0001,
    0x0001, 0x0001, 0x0001, 0x0001, 0x0001, 0x0001, 0x0001, 0x0001, 0x0001, 0x0001, 0x0001, 0x0001,
    0x0001, 0x0001, 0x0001, 0x0001, 0x0001, 0x0001, 0x0001, 0x0001, 0x0001, 0x0001, 0x0001, 0x0001,
    0x0001, 0x0001, 0x0001, 0x0001, 0x0001, 0x0001, 0x0001, 0x0001, 0x0001, 0x0001, 0x0001, 0x0001,
    0x0001, 0x0001, 0x0001, 0x0001, 0x0001, 0x0001, 0x0001, 0x0001, 0x0001, 0x0001, 0x0001, 0x0001,
    0x0001, 0x0001, 0x0001, 0x0001, 0x0001, 0x0001, 0x0001, 0x0001, 0x0001, 0x0001, 0x0001, 0x0001,
    0x0001, 0x0001, 0x0001, 0x0001, 0x0001, 0x0001, 0x0001, 0x0001, 0x0001, 0x0001, 0x0001, 0x0001,
    0x0001, 0x0001, 0x0001, 0x0001, 0x4A49, 0x5ACB, 0x8C51, 0x9492, 0xFFFF, 0x73AE, 0x5AEB, 0x0001,
    0x0001, 0x2124, 0x7BEF, 0x738E, 0x528A, 0xA514, 0x0001, 0x0001, 0x0001, 0x0001, 0x0001, 0x0001,
    0x0001, 0x0001, 0x0001, 0x0001, 0x0001, 0x0001, 0x0001, 0x0001, 0x0001, 0x0001, 0x0001, 0x0001,
    0x0001, 0x0001, 0xDEDB, 0xB596, 0x8C51, 0x6B4D, 0x4208, 0x10A2, 0x0000, 0x0000, 0xD6BA, 0x0001,
    0x0001, 0x0001, 0x0001, 0x0001, 0x0001, 0x0001, 0x0001, 0x0001, 0x0001, 0x8C51, 0x0000, 0x18E3,
    0x4208, 0x39E7, 0x39E7, 0x39E7, 0x4208, 0x0001, 0x0001, 0x0001, 0x0001, 0x0001, 0x0001, 0x0001,
    0x0000, 0x0000, 0x0000, 0x18C3, 0x3186, 0x4A69, 0x7BEF, 0xBDD7, 0x0001, 0x0001, 0x0001, 0x0001,
    0x0001, 0x0001, 0x0001, 0x0001, 0x0001, 0x0001, 0x0001, 0x0001, 0x0001, 0x0001, 0x0001, 0x0001,
    0x0001, 0x0001, 0x0001, 0x0001, 0x0001, 0x0001, 0x0001, 0x4A49, 0x9492, 0xFFFF, 0xFFDF, 0xFFDF,
    0xB5B6, 0x4A69, 0x0001, 0x5ACB, 0x39C7, 0x39C7, 0x9CD3, 0x0001, 0x0001, 0x0001, 0x0001, 0x0001,
    0x0001, 0x0001, 0x0001, 0x0001, 0x0001, 0x0001, 0x0001, 0x0001, 0x0001, 0x0001, 0x0001, 0x0001,
    0x0001, 0x0001, 0x0001, 0x0001, 0x0001, 0x0001, 0x0001, 0x0001, 0x0001, 0x0001, 0x0001, 0x0001,
    0x0001, 0x0001, 0x0001, 0x0001, 0x0001, 0x0001, 0x0001, 0x0001, 0x0001, 0x0001, 0x0001, 0x0001,
    0x0001, 0x0001, 0x0001, 0x0001, 0x0001, 0x0001, 0x0001, 0x0001, 0x0001, 0x0001, 0x0001, 0x0001,
    0x0001, 0x0001, 0x0001, 0x0001, 0x0001, 0x0001, 0x0001, 0x0001, 0x0001, 0x0001, 0x0001, 0x0001,
    0x0001, 0x0001, 0x0001, 0x0001, 0x0001, 0x0001, 0x0001, 0x0001, 0x0001, 0x0001, 0x0001, 0x0001,
    0x0001, 0x0001, 0x0001, 0x9CD3, 0x6B6D, 0xBDF7, 0xEF7D, 0x18E3, 0xCE79, 0x0001, 0x528A, 0x7BEF,
    0xFFFF, 0xFFFF, 0x0841, 0x9492, 0x0001, 0x5ACB, 0x8C51, 0xCE59, 0x0001, 0x0001, 0x0001, 0x0001,
    0x0001, 0x0001, 0x0001, 0x0001, 0x0001, 0x0001, 0x0001, 0x0001, 0x0001, 0x0001, 0x0001, 0x0001,
    0x0001, 0x0001, 0x0001, 0x0001, 0x0001, 0x0001, 0x0001, 0xCE79, 0x0001, 0x0001, 0x0001, 0x0001,
    0x0001, 0x0001, 0x0001, 0x0001, 0x0001, 0x0001, 0x0001, 0xE71C, 0x528A, 0x39C7, 0x2965, 0x2965,
    0x2965, 0x2965, 0x3186, 0x0001, 0x0001, 0x0001, 0x0001, 0x0001, 0x0001, 0x0001, 0xBDD7, 0xC638,
    0xDEDB, 0x0001, 0x0001, 0x0001, 0x0001, 0x0001, 0x0001, 0x0001, 0x0001, 0x0001, 0x0001, 0x0001,
    0x0001, 0x0001, 0x0001, 0x0001, 0x0001, 0x0001, 0xB596, 0x9CD3, 0x0001, 0x0001, 0x0001, 0x8C51,
    0x738E, 0x0001, 0x0001, 0x0001, 0x0001, 0xBDD7, 0x2965, 0xFFFF, 0xFFFF, 0xFFFF, 0x9492, 0x5AEB,
    0x0001, 0x0001, 0x0001, 0x0001, 0x0001, 0x0001, 0x0001, 0x0001, 0x0001, 0x0001, 0x0001, 0x0001,
    0x0001, 0x0001, 0x0001, 0x0001, 0x0001, 0x0001, 0x0001, 0x0001, 0x0001, 0x0001, 0x0001, 0x0001,
    0x0001, 0x0001, 0x0001, 0x0001, 0x0001, 0x0001, 0x0001, 0x0001, 0x0001, 0x0001, 0x0001, 0x0001,
    0x0001, 0x0001, 0x0001, 0x0001, 0x0001, 0x0001, 0x0001, 0x0001, 0x0001, 0x0001, 0x0001, 0x0001,
    0x0001, 0x0001, 0x0001, 0x0001, 0x0001, 0x0001, 0x0001, 0x0001, 0x0001, 0x0001, 0x0001, 0x0001,
    0x0001, 0x0001, 0x0001, 0x0001, 0x0001, 0x0001, 0x0001, 0x0001, 0x0001, 0x0001, 0x0001, 0x0001,
    0x0001, 0x0001, 0x0001, 0x0001, 0x0001, 0x0001, 0x0001, 0x0001, 0x0001, 0x0001, 0x0001, 0x0001,
    0x0001, 0x0001, 0x0001, 0x0001, 0xB596, 0x5ACB, 0x0001, 0x0001, 0x4208, 0xDEDB, 0xFFFF, 0xEF5D,
    0x2945, 0xF7BE, 0x9CF3, 0x18C3, 0x8C71, 0xB5B6, 0xB596, 0x8430, 0xAD75, 0x0001, 0x0001, 0x0001,
    0x0001, 0x0001, 0x0001, 0xA534, 0xCE79, 0x0001, 0x0001, 0x0001, 0x0001, 0x0001, 0x0001, 0x0001,
    0x0001, 0x0001, 0x0001, 0x0001, 0x0001, 0x0001, 0x0001, 0x0001, 0x0001, 0x0001, 0x0001, 0x0001,
    0x0001, 0x0001, 0x0001, 0x0001, 0x0001, 0x0001, 0x0001, 0x0001, 0x0001, 0x0001, 0x0001, 0x0001,
    0x0001, 0x0001, 0x0001, 0x0001, 0x0001, 0x0001, 0x0001, 0x0001, 0x0001, 0x0001, 0x0001, 0x0001,
    0x0001, 0x0001, 0x0001, 0x0001, 0x0001, 0x0001, 0x0001, 0x0001, 0x0001, 0x0001, 0x0001, 0x0001,
    0x0001, 0x0001, 0x0001, 0x0001, 0x0001, 0x0001, 0x0001, 0x0001, 0x2945, 0x8C51, 0x6B6D, 0x8C51,
    0x0001, 0x0001, 0x0001, 0x0001, 0x3186, 0xBDD7, 0xFFFF, 0xA514, 0x2945, 0xD69A, 0x0001, 0x0001,
    0x0001, 0x0001, 0x0001, 0x0001, 0x0001, 0x0001, 0x0001, 0x0001, 0x0001, 0x0001, 0x0001, 0x0001,
    0x0001, 0x0001, 0x0001, 0x0001, 0x0001, 0x0001, 0x0001, 0x0001, 0x0001, 0x0001, 0x0001, 0x0001,
    0x0001, 0x0001, 0x0001, 0x0001, 0x0001, 0x0001, 0x0001, 0x0001, 0x0001, 0x0001, 0x0001, 0x0001,
    0x0001, 0x0001, 0x0001, 0x0001, 0x0001, 0x0001, 0x0001, 0x0001, 0x0001, 0x0001, 0x0001, 0x0001,
    0x0001, 0x0001, 0x0001, 0x0001, 0x0001, 0x0001, 0x0001, 0x0001, 0x0001, 0x0001, 0x0001, 0x0001,
    0x0001, 0x0001, 0x0001, 0x0001, 0x0001, 0x0001, 0x0001, 0x0001, 0x0001, 0x0001, 0x0001, 0x0001,
    0x0001, 0x0001, 0x0001, 0x0001, 0x0001, 0x0001, 0x0001, 0x0001, 0x0001, 0x0001, 0x0001, 0x0001,
    0x0001, 0x0001, 0x0001, 0x0001, 0x0001, 0x0001, 0x528A, 0x7BCF, 0xEF5D, 0x5ACB, 0x5ACB, 0xFFFF,
    0x3186, 0xA514, 0x0001, 0x0001, 0x4A69, 0x9CF3, 0x4A49, 0x4A69, 0x0001, 0x0001, 0x0001, 0xD69A,
    0x0001, 0x31A6, 0xB596, 0x0001, 0x0001, 0x0001, 0x0001, 0x0001, 0x0001, 0x0001, 0x0001, 0x0001,
    0x0001, 0x0001, 0x0001, 0x0001, 0x0001, 0x0001, 0x0001, 0x0001, 0x0001, 0x0001, 0x0001, 0x0001,
    0x0001, 0x0001, 0x0001, 0x0001, 0x0001, 0x0001, 0x0001, 0x0001, 0x0001, 0x0001, 0x0001, 0x0001,
    0x0001, 0x0001, 0x0001, 0x0001, 0x0001, 0x0001, 0x0001, 0x0001, 0x0001, 0x0001, 0x0001, 0x0001,
    0x0001, 0x0001, 0x0001, 0x0001, 0x0001, 0x0001, 0x0001, 0x0001, 0x0001, 0x0001, 0x0001, 0xDEFB,
    0x9CF3, 0x0001, 0x0001, 0x4208, 0xD69A, 0xB596, 0x4A49, 0x0001, 0x0001, 0x0001, 0x0001, 0x0001,
    0x0001, 0x0001, 0xA514, 0x18C3, 0x4A69, 0x630C, 0xD6BA, 0x0001, 0x0001, 0x0001, 0x0001, 0x0001,
    0x0001, 0x0001, 0x0001, 0x0001, 0x0001, 0x0001, 0x0001, 0x0001, 0x0001, 0x0001, 0x0001, 0x0001,
    0x0001, 0x0001, 0x0001, 0x0001, 0x0001, 0x0001, 0x0001, 0x0001, 0x0001, 0x0001, 0x0001, 0x0001,
    0x0001, 0x0001, 0x0001, 0x0001, 0x0001, 0x0001, 0x0001, 0x0001, 0x0001, 0x0001, 0x0001, 0x0001,
    0x0001, 0x0001, 0x0001, 0x0001, 0x0001, 0x0001, 0x0001, 0x0001, 0x0001, 0x0001, 0x0001, 0x0001,
    0x0001, 0x0001, 0x0001, 0x0001, 0x0001, 0x0001, 0x0001, 0x0001, 0x0001, 0x0001, 0x0001, 0x0001,
    0x0001, 0x0001, 0x0001, 0x0001, 0x0001, 0x0001, 0x0001, 0x0001, 0x0001, 0x0001, 0x0001, 0x0001,
    0x0001, 0x0001, 0x0001, 0x0001, 0x0001, 0x0001, 0x0001, 0x0001, 0x0001, 0x0001, 0x0001, 0x0001,
    0x0001, 0x0001, 0x0001, 0x9CD3, 0xCE79, 0x528A, 0x630C, 0x0841, 0xD6BA, 0xE71C, 0x18E3, 0x0001,
    0x0001, 0x0001, 0xAD75, 0xE71C, 0xCE79, 0x0841, 0x0001, 0xA534, 0x2965, 0x4A49, 0x73AE, 0x39E7,
    0x0001, 0x0001, 0x0001, 0x0001, 0x0001, 0x0001, 0x0001, 0x0001, 0x0001, 0x0001, 0x0001, 0x0001,
    0x0001, 0x0001, 0x0001, 0x0001, 0x0001, 0x0001, 0x0001, 0x0001, 0x0001, 0x0001, 0x0001, 0x0001,
    0x0001, 0x0001, 0x0001, 0x0001, 0x0001, 0x0001, 0x0001, 0x0001, 0x0001, 0x0001, 0x0001, 0x0001,
    0x0001, 0x0001, 0x0001, 0x0001, 0x0001, 0x0001, 0x0001, 0x0001, 0xD69A, 0x0001, 0x0001, 0x0001,
    0x0001, 0x0001, 0x0001, 0x0001, 0x0001, 0x0001, 0x0001, 0xD69A, 0x630C, 0x5AEB, 0x5ACB, 0x2945,
    0x0001, 0x8430, 0x73AE, 0xCE79, 0x4A49, 0x0001, 0x0001, 0xCE79, 0x9CF3, 0x0001, 0x0001, 0x0001,
    0x0001, 0x9CD3, 0xDEFB, 0x0001, 0x0001, 0x0001, 0x0001, 0x0001, 0x0001, 0x0001, 0x0001, 0x0001,
    0x0001, 0x0001, 0x0001, 0x0001, 0x0001, 0x0001, 0x0001, 0x0001, 0x0001, 0x0001, 0x0001, 0x0001,
    0x0001, 0x0001, 0x0001, 0x0001, 0x0001, 0x0001, 0x0001, 0x0001, 0x0001, 0x0001, 0x0001, 0x0001,
    0x0001, 0x0001, 0x0001, 0x0001, 0x0001, 0x0001, 0x0001, 0x0001, 0x0001, 0x0001, 0x0001, 0x0001,
    0x0001, 0x0001, 0x0001, 0x0001, 0x0001, 0x0001, 0x0001, 0x0001, 0x0001, 0x0001, 0x0001, 0x0001,
    0x0001, 0x0001, 0x0001, 0x0001, 0x0001, 0x0001, 0x0001, 0x0001, 0x0001, 0x0001, 0x0001, 0x0001,
    0x0001, 0x0001, 0x0001, 0x0001, 0x0001, 0x0001, 0x0001, 0x0001, 0x0001, 0x0001, 0x0001, 0x0001,
    0x0001, 0x0001, 0x0001, 0x0001, 0x0001, 0x0001, 0x0001, 0x0001, 0x0001, 0x0001, 0x0001, 0x0001,
    0x0001, 0x4A69, 0x5AEB, 0xF7BE, 0x94B2, 0x39C7, 0x0001, 0x738E, 0x52AA, 0x0001, 0x0001, 0x39E7,
    0x5ACB, 0x52AA, 0x2965, 0x4A49, 0x0001, 0x2104, 0xDEFB, 0xFFFF, 0x4208, 0x31A6, 0x0001, 0x738E,
    0xBDF7, 0x0001, 0xDEFB, 0xDEDB, 0x0001, 0x0001, 0x0001, 0x0001, 0x0001, 0x0001, 0x0001, 0x6B4D,
    0x0001, 0x0001, 0x0001, 0x0001, 0x0001, 0x0001, 0x0001, 0x0001, 0x0001, 0x0001, 0xC618, 0x8C71,
    0x8C71, 0x8430, 0x8410, 0xD6BA, 0x0001, 0x8C51, 0x0001, 0x0001, 0x0001, 0x0001, 0x0001, 0x0001,
    0x0001, 0x0001, 0x0001, 0x0001, 0x0001, 0x0001, 0x4208, 0x0001, 0x0001, 0x0001, 0xB596, 0xDEFB,
    0x0001, 0x52AA, 0x52AA, 0x39E7, 0xE71C, 0x0001, 0x0020, 0xDEDB, 0x0001, 0x39C7, 0xBDF7, 0x0001,
    0x31A6, 0xFFFF, 0x3186, 0xAD55, 0x0001, 0x52AA, 0x6B6D, 0x0001, 0x0001, 0x0001, 0x0001, 0x0001,
    0x0001, 0x0001, 0x0001, 0x0001, 0x0001, 0x0001, 0x0001, 0x0001, 0x0001, 0x0001, 0x0001, 0x0001,
    0x0001, 0x0001, 0x0001, 0x0001, 0x0001, 0x0001, 0x0001, 0x0001, 0x0001, 0x0001, 0x0001, 0x0001,
    0x0001, 0x0001, 0x0001, 0x0001, 0x0001, 0x0001, 0x0001, 0x0001, 0x0001, 0x0001, 0x0001, 0x0001,
    0x0001, 0x0001, 0x0001, 0x0001, 0x0001, 0x0001, 0x0001, 0x0001, 0x0001, 0x0001, 0x0001, 0x0001,
    0x0001, 0x0001, 0x0001, 0x0001, 0x0001, 0x0001, 0x0001, 0x0001, 0x0001, 0x0001, 0x0001, 0x0001,
    0x0001, 0x0001, 0x0001, 0x0001, 0x0001, 0x0001, 0x0001, 0x0001, 0x0001, 0x0001, 0x0001, 0x0001,
    0x0001, 0x0001, 0x0001, 0x0001, 0x0001, 0x0001, 0x0001, 0x0001, 0x0001, 0x0001, 0x0001, 0x0001,
    0x0001, 0x0001, 0x0001, 0x0001, 0x0001, 0x0001, 0x0001, 0x0001, 0x0001, 0x0001, 0x0001, 0x0001,
    0x738E, 0x4208, 0x39C7, 0xCE59, 0x0001, 0xC638, 0xDEDB, 0x0001, 0xBDD7, 0x18E3, 0xFFFF, 0xF79E,
    0x2965, 0x9CD3, 0xB5B6, 0x4A49, 0xFFFF, 0xFFDF, 0x7BCF, 0x73AE, 0x0001, 0x31A6, 0xD69A, 0x0001,
    0x6B6D, 0x8C71, 0x0001, 0x5AEB, 0x4228, 0x4A69, 0xB596, 0x0001, 0xA514, 0x2945, 0xDEFB, 0x0001,
    0x0001, 0x0001, 0x0001, 0x0001, 0x0001, 0x0001, 0x0001, 0x0001, 0x528A, 0x6B6D, 0xAD55, 0x7BEF,
    0x7BCF, 0xD69A, 0xDEDB, 0x3186, 0x0001, 0x0001, 0x0001, 0x0001, 0x0001, 0x0001, 0x0001, 0x0001,
    0xD69A, 0xBDD7, 0x0001, 0xB5B6, 0x0861, 0x6B6D, 0x0001, 0x2965, 0x5ACB, 0xD6BA, 0x630C, 0x738E,
    0xFFDF, 0x8C51, 0x31A6, 0x0001, 0x4208, 0xC618, 0x0001, 0x7BEF, 0x73AE, 0x0001, 0x31A6, 0xCE59,
    0xD69A, 0x31A6, 0x4208, 0x52AA, 0x0001, 0x0001, 0x0001, 0x0001, 0x0001, 0x0001, 0x0001, 0x0001,
    0x0001, 0x0001, 0x0001, 0x0001, 0x0001, 0x0001, 0x0001, 0x0001, 0x0001, 0x0001, 0x0001, 0x0001,
    0x0001, 0x0001, 0x0001, 0x0001, 0x0001, 0x0001, 0x0001, 0x0001, 0x0001, 0x0001, 0x0001, 0x0001,
    0x0001, 0x0001, 0x0001, 0x0001, 0x0001, 0x0001, 0x0001, 0x0001, 0x0001, 0x0001, 0x0001, 0x0001,
    0x0001, 0x0001, 0x0001, 0x0001, 0x0001, 0x0001, 0x0001, 0x0001, 0x0001, 0x0001, 0x0001, 0x0001,
    0x0001, 0x0001, 0x0001, 0x0001, 0x0001, 0x0001, 0x0001, 0x0001, 0x0001, 0x0001, 0x0001, 0x0001,
    0x0001, 0x0001, 0x0001, 0x0001, 0x0001, 0x0001, 0x0001, 0x0001, 0x0001, 0x0001, 0x0001, 0x0001,
    0x0001, 0x0001, 0x0001, 0x0001, 0x0001, 0x0001, 0x0001, 0x0001, 0x0001, 0x0001, 0x0001, 0x0001,
    0x0001, 0x0001, 0x0001, 0x0001, 0x0001, 0x0001, 0x0001, 0x0001, 0x0001, 0x0001, 0x0001, 0x0001,
    0x0001, 0x0001, 0x0001, 0x0001, 0x0001, 0x0001, 0x0001, 0x7BCF, 0x4208, 0x528A, 0x0020, 0x0001,
    0xB5B6, 0x4A49, 0xFFFF, 0xFFFF, 0x39C7, 0xBDF7, 0x0001, 0x39E7, 0x0001, 0x0001, 0x4A69, 0xCE79,
    0xDEFB, 0x7BEF, 0xF79E, 0xAD55, 0x1082, 0x0001, 0x738E, 0x18C3, 0xAD75, 0xDEFB, 0x5AEB, 0x632C,
    0x6B6D, 0x0001, 0x0001, 0x0001, 0x0001, 0x0001, 0x630C, 0xCE79, 0x0001, 0x0001, 0x0001, 0x0001,
    0xD69A, 0x4208, 0x0001, 0xDEDB, 0x6B4D, 0x5AEB, 0x7BEF, 0x0001, 0x0001, 0x632C, 0x52AA, 0x528A,
    0x528A, 0xDEDB, 0x2945, 0xBDD7, 0x0001, 0x18E3, 0x0001, 0x0001, 0x39E7, 0xDEDB, 0xFFFF, 0xFFFF,
    0x3186, 0x0001, 0x738E, 0x8410, 0x0001, 0xB596, 0x2965, 0x0001, 0x8430, 0x8C51, 0x0001, 0x0001,
    0xE71C, 0x0001, 0x0001, 0x0001, 0x0001, 0x0001, 0x0001, 0x0001, 0x0001, 0x0001, 0x0001, 0x0001,
    0x0001, 0x0001, 0x0001, 0x0001, 0x0001, 0x0001, 0x0001, 0x0001, 0x0001, 0x0001, 0x0001, 0x0001,
    0x0001, 0x0001, 0x0001, 0x0001, 0x0001, 0x0001, 0x0001, 0x0001, 0x0001, 0x0001, 0x0001, 0x0001,
    0x0001, 0x0001, 0x0001, 0x0001, 0x0001, 0x0001, 0x0001, 0x0001, 0x0001, 0x0001, 0x0001, 0x0001,
    0x0001, 0x0001, 0x0001, 0x0001, 0x0001, 0x0001, 0x0001, 0x0001, 0x0001, 0x0001, 0x0001, 0x0001,
    0x0001, 0x0001, 0x0001, 0x0001, 0x0001, 0x0001, 0x0001, 0x0001, 0x0001, 0x0001, 0x0001, 0x0001,
    0x0001, 0x0001, 0x0001, 0x0001, 0x0001, 0x0001, 0x0001, 0x0001, 0x0001, 0x0001, 0x0001, 0x0001,
    0x0001, 0x0001, 0x0001, 0x0001, 0x0001, 0x0001, 0x0001, 0x0001, 0x0001, 0x0001, 0x0001, 0x0001,
    0x0001, 0x0001, 0x0001, 0x0001, 0x0001, 0x0001, 0x0001, 0x0001, 0x0001, 0x0001, 0x0001, 0x0001,
    0x0001, 0x0001, 0x0001, 0x0001, 0x0001, 0x0001, 0x0001, 0x0001, 0xB5B6, 0x0001, 0x0001, 0x31A6,
    0x8410, 0x6B6D, 0x0000, 0x0001, 0xB596, 0x630C, 0x0001, 0x0001, 0x39C7, 0x0001, 0x0001, 0x9CD3,
    0x8C51, 0x738E, 0x18C3, 0x0001, 0xA514, 0x6B6D, 0x0001, 0x39E7, 0xA514, 0xFFFF, 0x8410, 0x632C,
    0x0001, 0x0001, 0x0001, 0x0001, 0x52AA, 0x8C51, 0xAD75, 0xAD55, 0xAD55, 0x0001, 0xD6BA, 0x39E7,
    0x0001, 0x4A69, 0xA534, 0xF7BE, 0x738E, 0x9CF3, 0xDEFB, 0x2965, 0xFFFF, 0xFFFF, 0xBDD7, 0xFFFF,
    0x52AA, 0xB5B6, 0x0001, 0x4228, 0xCE59, 0x0001, 0x4208, 0x9492, 0xFFFF, 0xFFFF, 0x2965, 0x0001,
    0xB596, 0x31A6, 0x0001, 0x0001, 0x7BCF, 0x0001, 0x0001, 0x0001, 0x0001, 0x0001, 0x0001, 0x0001,
    0x0001, 0x0001, 0x0001, 0x0001, 0x0001, 0x0001, 0x0001, 0x0001, 0x0001, 0x0001, 0x0001, 0x0001,
    0x0001, 0x0001, 0x0001, 0x0001, 0x0001, 0x0001, 0x0001, 0x0001, 0x0001, 0x0001, 0x0001, 0x0001,
    0x0001, 0x0001, 0x0001, 0x0001, 0x0001, 0x0001, 0x0001, 0x0001, 0x0001, 0x0001, 0x0001, 0x0001,
    0x0001, 0x0001, 0x0001, 0x0001, 0x0001, 0x0001, 0x0001, 0x0001, 0x0001, 0x0001, 0x0001, 0x0001,
    0x0001, 0x0001, 0x0001, 0x0001, 0x0001, 0x0001, 0x0001, 0x0001, 0x0001, 0x0001, 0x0001, 0x0001,
    0x0001, 0x0001, 0x0001, 0x0001, 0x0001, 0x0001, 0x0001, 0x0001, 0x0001, 0x0001, 0x0001, 0x0001,
    0x0001, 0x0001, 0x0001, 0x0001, 0x0001, 0x0001, 0x0001, 0x0001, 0x0001, 0x0001, 0x0001, 0x0001,
    0x0001, 0x0001, 0x0001, 0x0001, 0x0001, 0x0001, 0x0001, 0x0001, 0x0001, 0x0001, 0x0001, 0x0001,
    0x0001, 0x0001, 0x0001, 0x0001, 0x0001, 0x0001, 0x0001, 0x0001, 0x0001, 0x0001, 0x0001, 0x0001,
    0x0001, 0x0001, 0x0001, 0x0001, 0x0001, 0x0001, 0x0001, 0x0001, 0x0001, 0x0001, 0x8C71, 0xA514,
    0x7BEF, 0x0001, 0xAD75, 0x2104, 0xCE79, 0x6B6D, 0x3186, 0x0001, 0x4228, 0x6B6D, 0xA534, 0x73AE,
    0x2965, 0x0001, 0x738E, 0x738E, 0x0001, 0x10A2, 0x630C, 0x6B4D, 0x528A, 0x3186, 0x0001, 0x0001,
    0x0001, 0x0001, 0x3186, 0x4A69, 0x5AEB, 0x5ACB, 0x5ACB, 0x0001, 0xD6BA, 0x4208, 0x0001, 0x2965,
    0x9CD3, 0x6B4D, 0x528A, 0x4A49, 0xB5B6, 0x528A, 0xFFFF, 0xF7BE, 0xFFFF, 0xFFFF, 0x6B6D, 0x9CD3,
    0x0001, 0x5ACB, 0xA534, 0x0001, 0xBDF7, 0x18E3, 0x9CF3, 0x6B4D, 0x4A49, 0x0001, 0x0001, 0xA534,
    0x0001, 0x0001, 0x0001, 0x0001, 0x0001, 0x0001, 0x0001, 0x0001, 0x0001, 0x0001, 0x0001, 0x0001,
    0x0001, 0x0001, 0x0001, 0x0001, 0x0001, 0x0001, 0x0001, 0x0001, 0x0001, 0x0001, 0x0001, 0x0001,
    0x0001, 0x0001, 0x0001, 0x0001, 0x0001, 0x0001, 0x0001, 0x0001, 0x0001, 0x0001, 0x0001, 0x0001,
    0x0001, 0x0001, 0x0001, 0x0001, 0x0001, 0x0001, 0x0001, 0x0001, 0x0001, 0x0001, 0x0001, 0x0001,
    0x0001, 0x0001, 0x0001, 0x0001, 0x0001, 0x0001, 0x0001, 0x0001, 0x0001, 0x0001, 0x0001, 0x0001,
    0x0001, 0x0001, 0x0001, 0x0001, 0x0001, 0x0001, 0x0001, 0x0001, 0x0001, 0x0001, 0x0001, 0x0001,
    0x0001, 0x0001, 0x0001, 0x0001, 0x0001, 0x0001, 0x0001, 0x0001, 0x0001, 0x0001, 0x0001, 0x0001,
    0x0001, 0x0001, 0x0001, 0x0001, 0x0001, 0x0001, 0x0001, 0x0001, 0x0001, 0x0001, 0x0001, 0x0001,
    0x0001, 0x0001, 0x0001, 0x0001, 0x0001, 0x0001, 0x0001, 0x0001, 0x0001, 0x0001, 0x0001, 0x0001,
    0x0001, 0x0001, 0x0001, 0x0001, 0x0001, 0x0001, 0x0001, 0x0001, 0x0001, 0x0001, 0x0001, 0x0001,
    0x0001, 0x0001, 0x0001, 0x0001, 0x0001, 0x0001, 0x0001, 0x0001, 0x0001, 0x0001, 0x0001, 0x0001,
    0x0001, 0x9492, 0x6B4D, 0x7BCF, 0x7BCF, 0x0001, 0x2945, 0xA514, 0xD6BA, 0x39C7, 0x39E7, 0x0001,
    0x52AA, 0xB5B6, 0x0001, 0x39C7, 0xEF5D, 0xC618, 0xBDD7, 0xCE59, 0x0001, 0x0001, 0x0001, 0x0001,
    0x39E7, 0x0001, 0x0001, 0x0001, 0x0001, 0x0001, 0x0001, 0x630C, 0x0001, 0x2104, 0xAD75, 0xB596,
    0xB596, 0xB5B6, 0xDEFB, 0x2124, 0xFFDF, 0xFFFF, 0x6B4D, 0xC638, 0xA514, 0x39C7, 0x0001, 0x8410,
    0x738E, 0x0001, 0x0001, 0xCE59, 0x7BEF, 0x8C71, 0x0001, 0x0001, 0x0001, 0x0001, 0x0001, 0x0001,
    0x0001, 0x0001, 0x0001, 0x0001, 0x0001, 0x0001, 0x0001, 0x0001, 0x0001, 0x0001, 0x0001, 0x0001,
    0x0001, 0x0001, 0x0001, 0x0001, 0x0001, 0x0001, 0x0001, 0x0001, 0x0001, 0x0001, 0x0001, 0x0001,
    0x0001, 0x0001, 0x0001, 0x0001, 0x0001, 0x0001, 0x0001, 0x0001, 0x0001, 0x0001, 0x0001, 0x0001,
    0x0001, 0x0001, 0x0001, 0x0001, 0x0001, 0x0001, 0x0001, 0x0001, 0x0001, 0x0001, 0x0001, 0x0001,
    0x0001, 0x0001, 0x0001, 0x0001, 0x0001, 0x0001, 0x0001, 0x0001, 0x0001, 0x0001, 0x0001, 0x0001,
    0x0001, 0x0001, 0x0001, 0x0001, 0x0001, 0x0001, 0x0001, 0x0001, 0x0001, 0x0001, 0x0001, 0x0001,
    0x0001, 0x0001, 0x0001, 0x0001, 0x0001, 0x0001, 0x0001, 0x0001, 0x0001, 0x0001, 0x0001, 0x0001,
    0x0001, 0x0001, 0x0001, 0x0001, 0x0001, 0x0001, 0x0001, 0x0001, 0x0001, 0x0001, 0x0001, 0x0001,
    0x0001, 0x0001, 0x0001, 0x0001, 0x0001, 0x0001, 0x0001, 0x0001, 0x0001, 0x0001, 0x0001, 0x0001,
    0x0001, 0x0001, 0x0001, 0x0001, 0x0001, 0x0001, 0x0001, 0x0001, 0x0001, 0x0001, 0x0001, 0x0001,
    0x0001, 0x0001, 0x0001, 0x0001, 0x0001, 0x0001, 0x0001, 0x0001, 0x0001, 0x0001, 0x0001, 0x0001,
    0x0001, 0x0001, 0x0001, 0x0001, 0xD6BA, 0x738E, 0x8410, 0x8C71, 0x73AE, 0x0001, 0x6B4D, 0x4208,
    0x0001, 0x39E7, 0x94B2, 0xE71C, 0x6B6D, 0xA534, 0x0001, 0x0001, 0x0001, 0x0001, 0x31A6, 0xCE79,
    0x0001, 0x0001, 0x0001, 0x0001, 0x0001, 0x4208, 0x0001, 0x4A69, 0x94B2, 0xFFFF, 0x8430, 0x630C,
    0x0001, 0x73AE, 0x4A49, 0x632C, 0x39C7, 0x0001, 0x0001, 0x630C, 0xBDD7, 0x0001, 0xCE79, 0x0001,
    0x0001, 0x0001, 0x0001, 0x0001, 0x0001, 0x0001, 0x0001, 0x0001, 0x0001, 0x0001, 0x0001, 0x0001,
    0x0001, 0x0001, 0x0001, 0x0001, 0x0001, 0x0001, 0x0001, 0x0001, 0x0001, 0x0001, 0x0001, 0x0001,
    0x0001, 0x0001, 0x0001, 0x0001, 0x0001, 0x0001, 0x0001, 0x0001, 0x0001, 0x0001, 0x0001, 0x0001,
    0x0001, 0x0001, 0x0001, 0x0001, 0x0001, 0x0001, 0x0001, 0x0001, 0x0001, 0x0001, 0x0001, 0x0001,
    0x0001, 0x0001, 0x0001, 0x0001, 0x0001, 0x0001, 0x0001, 0x0001, 0x0001, 0x0001, 0x0001, 0x0001,
    0x0001, 0x0001, 0x0001, 0x0001, 0x0001, 0x0001, 0x0001, 0x0001, 0x0001, 0x0001, 0x0001, 0x0001,
    0x0001, 0x0001, 0x0001, 0x0001, 0x0001, 0x0001, 0x0001, 0x0001, 0x0001, 0x0001, 0x0001, 0x0001,
    0x0001, 0x0001, 0x0001, 0x0001, 0x0001, 0x0001, 0x0001, 0x0001, 0x0001, 0x0001, 0x0001, 0x0001,
    0x0001, 0x0001, 0x0001, 0x0001, 0x0001, 0x0001, 0x0001, 0x0001, 0x0001, 0x0001, 0x0001, 0x0001,
    0x0001, 0x0001, 0x0001, 0x0001, 0x0001, 0x0001, 0x0001, 0x0001, 0x0001, 0x0001, 0x0001, 0x0001,
    0x0001, 0x0001, 0x0001, 0x0001, 0x0001, 0x0001, 0x0001, 0x0001, 0x0001, 0x0001, 0x0001, 0x0001,
    0x0001, 0x0001, 0x0001, 0x0001, 0x0001, 0x0001, 0x0001, 0x0001, 0x0001, 0x0001, 0x0001, 0x0001,
    0x0001, 0x0001, 0x0001, 0x0001, 0x0001, 0x0001, 0x0001, 0x0001, 0x0001, 0x9492, 0x0001, 0xDEFB,
    0x630C, 0x4A49, 0x6B4D, 0x0001, 0x0001, 0x0001, 0x0001, 0x0001, 0x52AA, 0x4A69, 0x5AEB, 0x4A49,
    0x2965, 0x8410, 0x0001, 0x52AA, 0x0001, 0xDEDB, 0x4A69, 0x4A69, 0x528A, 0xD6BA, 0x0001, 0x0001,
    0xB596, 0x9492, 0x0001, 0x0001, 0x0001, 0x0001, 0x0001, 0x0001, 0x0001, 0x0001, 0x0001, 0x0001,
    0x0001, 0x0001, 0x0001, 0x0001, 0x0001, 0x0001, 0x0001, 0x0001, 0x0001, 0x0001, 0x0001, 0x0001,
    0x0001, 0x0001, 0x0001, 0x0001, 0x0001, 0x0001, 0x0001, 0x0001, 0x0001, 0x0001, 0x0001, 0x0001,
    0x0001, 0x0001, 0x0001, 0x0001, 0x0001, 0x0001, 0x0001, 0x0001, 0x0001, 0x0001, 0x0001, 0x0001,
    0x0001, 0x0001, 0x0001, 0x0001, 0x0001, 0x0001, 0x0001, 0x0001, 0x0001, 0x0001, 0x0001, 0x0001,
    0x0001, 0x0001, 0x0001, 0x0001, 0x0001, 0x0001, 0x0001, 0x0001, 0x0001, 0x0001, 0x0001, 0x0001,
    0x0001, 0x0001, 0x0001, 0x0001, 0x0001, 0x0001, 0x0001, 0x0001, 0x0001, 0x0001,
};

#endif
