#ifndef BOTTOM_BANNER_DATA_H
#define BOTTOM_BANNER_DATA_H

#include <stdint.h>

#define BOTTOM_BANNER_WIDTH  (480U)
#define BOTTOM_BANNER_HEIGHT (200U)

static const uint16_t g_bottom_banner_palette[256] = {
    0xffff, 0xffff, 0xffff, 0xffff, 0xf7df, 0xf7bf, 0xf7bf, 0xefbf,
    0xef9f, 0xef7f, 0xf77e, 0xefbf, 0xef7f, 0xe79f, 0xe75f, 0xe75e,
    0xdf5e, 0xe73e, 0xe73e, 0xdf3e, 0xdf1e, 0xdf3e, 0xe6fc, 0xdefc,
    0xd6fd, 0xd6dc, 0xd71d, 0xcedd, 0xcebc, 0xc6fc, 0xc6bd, 0xce9c,
    0xbe9c, 0xc67c, 0xce79, 0xbe5c, 0xbe5a, 0xb65c, 0xb63b, 0xb658,
    0xb637, 0xbe19, 0xb619, 0xae19, 0xae16, 0xb5f8, 0xadf7, 0xadd9,
    0xb5b4, 0xae18, 0xa5f7, 0xa5d7, 0xa5b9, 0xa5b5, 0xa598, 0xa594,
    0x9d96, 0x9d77, 0x9d57, 0x9d73, 0xa533, 0x9557, 0x8d37, 0x9553,
    0x9513, 0x94f3, 0x94f3, 0x8cf6, 0x8cf2, 0x8cb2, 0x84b3, 0x8c6f,
    0x8472, 0x7c94, 0x7c73, 0x7c32, 0x7433, 0x7412, 0x6bf2, 0x7bf0,
    0x6bef, 0x73ae, 0x6b8e, 0x6b8e, 0x6b6e, 0x6390, 0x636e, 0x634e,
    0x634c, 0x632d, 0x5b2c, 0x5b0c, 0x5b2d, 0x5b0c, 0x5aec, 0x532e,
    0x530c, 0x530c, 0x52eb, 0x52ed, 0x52eb, 0x52eb, 0x52eb, 0x52eb,
    0x4aec, 0x52cc, 0x52cb, 0x52cb, 0x52cb, 0x52ca, 0x52ca, 0x52ca,
    0x4acc, 0x4acb, 0x4acc, 0x52ab, 0x4aab, 0x4aab, 0x4aab, 0x4aab,
    0x52aa, 0x52a9, 0x4aaa, 0x4aaa, 0x4aad, 0x4aab, 0x4aab, 0x4aab,
    0x42ab, 0x528a, 0x4a8a, 0x4a89, 0x4a88, 0x4aaa, 0x4a8a, 0x4a89,
    0x4aab, 0x4a8b, 0x4aaa, 0x4a8a, 0x4a8a, 0x4a69, 0x4a8b, 0x428a,
    0x428a, 0x428a, 0x428a, 0x4a89, 0x4289, 0x4289, 0x4289, 0x428b,
    0x4289, 0x4289, 0x426a, 0x428a, 0x428a, 0x428a, 0x428a, 0x4289,
    0x4289, 0x4289, 0x4289, 0x4289, 0x4289, 0x4289, 0x426a, 0x4269,
    0x4269, 0x426a, 0x428a, 0x428a, 0x428a, 0x4289, 0x4269, 0x426a,
    0x426a, 0x426a, 0x4269, 0x426a, 0x426a, 0x3a6a, 0x3a69, 0x3a6b,
    0x424a, 0x3a4a, 0x3a4a, 0x3a49, 0x3a4a, 0x3a49, 0x3a49, 0x3a49,
    0x3a29, 0x3a29, 0x3a29, 0x3a29, 0x3a29, 0x3229, 0x3209, 0x3209,
    0x3208, 0x3209, 0x3209, 0x31e9, 0x31e8, 0x3208, 0x31e8, 0x31e8,
    0x31c8, 0x29e8, 0x29c8, 0x29c8, 0x29c8, 0x29c8, 0x29c7, 0x29a7,
    0x29a8, 0x29a7, 0x29a7, 0x29a7, 0x2987, 0x21a7, 0x21a7, 0x21a7,
    0x2987, 0x2187, 0x2187, 0x2187, 0x2186, 0x2187, 0x2186, 0x2167,
    0x2167, 0x2166, 0x2186, 0x2166, 0x2166, 0x2166, 0x2166, 0x2166,
    0x2166, 0x2166, 0x2166, 0x2166, 0x2166, 0x2166, 0x2166, 0x1946,
    0x1946, 0x1946, 0x1946, 0x1946, 0x2105, 0x1105, 0x08a3, 0x0021,
};

static const uint8_t g_bottom_banner_pixels[BOTTOM_BANNER_WIDTH * BOTTOM_BANNER_HEIGHT] = {
    0x54, 0x54, 0x56, 0x56, 0x57, 0x57, 0x57, 0x57, 0x57, 0x52, 0x4b, 0x4b, 0x4d, 0x4b, 0x4a, 0x46, 0x43, 0x43, 0x43, 0x3e, 0x3d, 0x3d, 0x3e, 0x3a,
    0x3a, 0x3a, 0x39, 0x39, 0x39, 0x39, 0x36, 0x36, 0x36, 0x36, 0x36, 0x36, 0x2f, 0x2f, 0x2f, 0x2f, 0x2b, 0x2b, 0x2b, 0x2b, 0x2a, 0x2a, 0x2a, 0x2a,
    0x2a, 0x2a, 0x24, 0x24, 0x23, 0x23, 0x23, 0x23, 0x23, 0x21, 0x21, 0x21, 0x21, 0x21, 0x21, 0x1f, 0x1c, 0x1f, 0x1f, 0x1c, 0x1c, 0x1c, 0x1c, 0x19,
    0x19, 0x18, 0x18, 0x18, 0x18, 0x15, 0x14, 0x14, 0x14, 0x13, 0x13, 0x13, 0x13, 0x10, 0x10, 0x10, 0x10, 0x0f, 0x0f, 0x0f, 0x0f, 0x0f, 0x0e, 0x0e,
    0x0e, 0x0c, 0x0c, 0x0c, 0x0c, 0x09, 0x09, 0x08, 0x08, 0x08, 0x08, 0x08, 0x07, 0x07, 0x07, 0x07, 0x07, 0x07, 0x07, 0x07, 0x07, 0x04, 0x04, 0x04,
    0x04, 0x05, 0x05, 0x05, 0x05, 0x04, 0x04, 0x04, 0x04, 0x04, 0x04, 0x04, 0x04, 0x04, 0x04, 0x07, 0x07, 0x07, 0x07, 0x07, 0x07, 0x07, 0x07, 0x08,
    0x08, 0x08, 0x08, 0x08, 0x08, 0x09, 0x0c, 0x0c, 0x09, 0x09, 0x0c, 0x0e, 0x0e, 0x0c, 0x0e, 0x0e, 0x0f, 0x0f, 0x0f, 0x0f, 0x0f, 0x0f, 0x0f, 0x0f,
    0x0f, 0x0f, 0x12, 0x13, 0x13, 0x13, 0x13, 0x13, 0x13, 0x14, 0x14, 0x14, 0x14, 0x14, 0x14, 0x14, 0x14, 0x14, 0x14, 0x18, 0x18, 0x1f, 0x24, 0x2d,
    0x3a, 0x3a, 0x42, 0x48, 0x4f, 0x52, 0x52, 0x52, 0x52, 0x52, 0x52, 0x52, 0x52, 0x52, 0x52, 0x52, 0x52, 0x52, 0x52, 0x52, 0x52, 0x52, 0x52, 0x52,
    0x52, 0x52, 0x52, 0x52, 0x52, 0x53, 0x53, 0x53, 0x53, 0x54, 0x56, 0x56, 0x56, 0x56, 0x56, 0x56, 0x56, 0x56, 0x56, 0x57, 0x58, 0x58, 0x59, 0x58,
    0x59, 0x59, 0x59, 0x5a, 0x5a, 0x5a, 0x5a, 0x5a, 0x5a, 0x5a, 0x5d, 0x5d, 0x5d, 0x5d, 0x5d, 0x5d, 0x5d, 0x5d, 0x5d, 0x5d, 0x5d, 0x61, 0x61, 0x61,
    0x61, 0x61, 0x61, 0x61, 0x61, 0x61, 0x60, 0x61, 0x61, 0x61, 0x60, 0x60, 0x60, 0x60, 0x60, 0x60, 0x60, 0x60, 0x60, 0x60, 0x60, 0x60, 0x60, 0x60,
    0x60, 0x60, 0x60, 0x60, 0x60, 0x60, 0x60, 0x60, 0x60, 0x60, 0x60, 0x60, 0x67, 0x67, 0x67, 0x67, 0x67, 0x67, 0x67, 0x70, 0x70, 0x70, 0x75, 0x75,
    0x77, 0x88, 0x88, 0x8e, 0x8f, 0x8f, 0x9b, 0xaa, 0xb0, 0xb0, 0xb5, 0xb9, 0xb9, 0xba, 0xc2, 0xc2, 0xc4, 0xc4, 0xc8, 0xc8, 0xcc, 0xcd, 0xcf, 0xcf,
    0xd2, 0xd4, 0xd4, 0xd6, 0xd7, 0xd9, 0xd9, 0xdb, 0xdd, 0xe1, 0xe1, 0xe3, 0xe3, 0xe5, 0xe7, 0xe8, 0xeb, 0xed, 0xed, 0xed, 0xed, 0xed, 0xee, 0xee,
    0xf5, 0xf5, 0xf5, 0xf5, 0xf5, 0xed, 0xed, 0xed, 0xed, 0xed, 0xed, 0xeb, 0xeb, 0xe8, 0xe7, 0xe5, 0xe3, 0xe3, 0xe2, 0xe1, 0xdc, 0xdc, 0xd9, 0xd9,
    0xd9, 0xd8, 0xd5, 0xd5, 0xd3, 0xd3, 0xd0, 0xd0, 0xcf, 0xcc, 0xcc, 0xcb, 0xc9, 0xc7, 0xc6, 0xc3, 0xc2, 0xc2, 0xbc, 0xbc, 0xba, 0xb9, 0xb8, 0xb8,
    0xb3, 0xaf, 0xaf, 0xaf, 0xa6, 0x97, 0x97, 0x8e, 0x8e, 0x89, 0x88, 0x88, 0x88, 0x7d, 0x7d, 0x76, 0x76, 0x76, 0x75, 0x74, 0x74, 0x70, 0x70, 0x70,
    0x70, 0x70, 0x70, 0x70, 0x69, 0x69, 0x69, 0x69, 0x69, 0x69, 0x69, 0x69, 0x69, 0x70, 0x70, 0x70, 0x70, 0x70, 0x70, 0x70, 0x70, 0x74, 0x74, 0x74,
    0x74, 0x74, 0x74, 0x74, 0x75, 0x75, 0x76, 0x76, 0x76, 0x76, 0x76, 0x76, 0x76, 0x76, 0x77, 0x7d, 0x7d, 0x7d, 0x7d, 0x7d, 0x7d, 0x7d, 0x7d, 0x7d,
    0x54, 0x54, 0x56, 0x56, 0x57, 0x57, 0x57, 0x57, 0x57, 0x52, 0x4b, 0x4b, 0x4d, 0x4b, 0x4a, 0x46, 0x43, 0x43, 0x43, 0x3d, 0x3d, 0x3e, 0x3d, 0x39,
    0x3a, 0x3a, 0x39, 0x39, 0x39, 0x39, 0x36, 0x36, 0x36, 0x36, 0x36, 0x36, 0x2f, 0x2f, 0x2f, 0x2f, 0x2b, 0x2b, 0x2b, 0x2b, 0x2a, 0x2a, 0x2a, 0x2a,
    0x2a, 0x2a, 0x24, 0x24, 0x23, 0x23, 0x23, 0x23, 0x23, 0x21, 0x21, 0x21, 0x21, 0x21, 0x21, 0x1f, 0x1c, 0x1c, 0x1c, 0x1c, 0x1c, 0x1c, 0x1c, 0x19,
    0x19, 0x18, 0x18, 0x18, 0x18, 0x14, 0x14, 0x14, 0x13, 0x13, 0x13, 0x13, 0x13, 0x10, 0x10, 0x0f, 0x0f, 0x0f, 0x0f, 0x0f, 0x0e, 0x0e, 0x0f, 0x0e,
    0x0c, 0x0c, 0x0c, 0x0c, 0x09, 0x09, 0x09, 0x08, 0x08, 0x08, 0x08, 0x07, 0x07, 0x07, 0x07, 0x07, 0x07, 0x07, 0x04, 0x04, 0x04, 0x05, 0x04, 0x04,
    0x04, 0x05, 0x05, 0x05, 0x04, 0x04, 0x04, 0x04, 0x04, 0x04, 0x05, 0x05, 0x05, 0x04, 0x04, 0x04, 0x05, 0x07, 0x07, 0x07, 0x07, 0x07, 0x07, 0x08,
    0x08, 0x08, 0x08, 0x08, 0x08, 0x09, 0x09, 0x09, 0x09, 0x0c, 0x0c, 0x0e, 0x0e, 0x0c, 0x0e, 0x0e, 0x0e, 0x0e, 0x0f, 0x0f, 0x0f, 0x0f, 0x0f, 0x0f,
    0x0f, 0x11, 0x11, 0x13, 0x12, 0x13, 0x13, 0x13, 0x13, 0x13, 0x14, 0x14, 0x14, 0x14, 0x14, 0x14, 0x14, 0x14, 0x14, 0x18, 0x18, 0x21, 0x24, 0x2d,
    0x39, 0x3a, 0x42, 0x48, 0x4f, 0x52, 0x52, 0x52, 0x52, 0x52, 0x52, 0x52, 0x52, 0x52, 0x52, 0x52, 0x52, 0x52, 0x52, 0x52, 0x52, 0x52, 0x52, 0x52,
    0x52, 0x52, 0x52, 0x52, 0x53, 0x53, 0x53, 0x53, 0x53, 0x54, 0x56, 0x56, 0x56, 0x56, 0x56, 0x56, 0x56, 0x56, 0x56, 0x58, 0x58, 0x59, 0x59, 0x58,
    0x59, 0x59, 0x59, 0x5a, 0x5a, 0x5a, 0x5a, 0x5a, 0x5a, 0x5a, 0x5d, 0x5d, 0x5d, 0x5d, 0x5d, 0x5d, 0x5d, 0x5d, 0x5d, 0x5d, 0x5d, 0x61, 0x61, 0x61,
    0x61, 0x61, 0x61, 0x61, 0x61, 0x61, 0x60, 0x61, 0x61, 0x61, 0x60, 0x60, 0x61, 0x60, 0x60, 0x60, 0x60, 0x60, 0x60, 0x60, 0x60, 0x60, 0x60, 0x60,
    0x60, 0x60, 0x60, 0x60, 0x60, 0x60, 0x60, 0x60, 0x60, 0x60, 0x60, 0x60, 0x67, 0x67, 0x67, 0x67, 0x67, 0x67, 0x67, 0x70, 0x70, 0x70, 0x75, 0x75,
    0x77, 0x88, 0x88, 0x8e, 0x8f, 0x8f, 0x9b, 0xaa, 0xb0, 0xb0, 0xb5, 0xb4, 0xb9, 0xba, 0xc2, 0xc2, 0xc4, 0xc4, 0xc8, 0xc8, 0xcc, 0xcd, 0xcf, 0xcf,
    0xd2, 0xd3, 0xd4, 0xd6, 0xd7, 0xd9, 0xd9, 0xdb, 0xdd, 0xe1, 0xe1, 0xe3, 0xe3, 0xe5, 0xe7, 0xe8, 0xeb, 0xed, 0xed, 0xed, 0xed, 0xed, 0xee, 0xee,
    0xf5, 0xf5, 0xf5, 0xf5, 0xf5, 0xed, 0xed, 0xed, 0xed, 0xed, 0xed, 0xeb, 0xeb, 0xe8, 0xe7, 0xe5, 0xe3, 0xe3, 0xe2, 0xe1, 0xe1, 0xdc, 0xd9, 0xd9,
    0xd9, 0xd8, 0xd5, 0xd5, 0xd5, 0xd3, 0xd0, 0xd0, 0xcf, 0xcc, 0xcc, 0xcb, 0xc9, 0xc7, 0xc6, 0xc3, 0xc2, 0xc2, 0xc2, 0xbc, 0xba, 0xb9, 0xb8, 0xb8,
    0xb3, 0xaf, 0xaf, 0xaf, 0xa6, 0x9b, 0x97, 0x8e, 0x8e, 0x89, 0x88, 0x88, 0x88, 0x7d, 0x7d, 0x76, 0x76, 0x76, 0x75, 0x74, 0x74, 0x70, 0x70, 0x70,
    0x70, 0x70, 0x70, 0x70, 0x69, 0x69, 0x69, 0x69, 0x69, 0x69, 0x69, 0x69, 0x69, 0x70, 0x70, 0x70, 0x70, 0x70, 0x70, 0x70, 0x70, 0x74, 0x74, 0x74,
    0x74, 0x74, 0x74, 0x74, 0x75, 0x75, 0x75, 0x76, 0x76, 0x76, 0x76, 0x76, 0x76, 0x76, 0x77, 0x77, 0x7d, 0x7d, 0x7d, 0x7d, 0x7d, 0x7d, 0x7d, 0x7d,
    0x54, 0x54, 0x56, 0x56, 0x57, 0x57, 0x57, 0x57, 0x57, 0x52, 0x4b, 0x4b, 0x4d, 0x4b, 0x4a, 0x46, 0x43, 0x43, 0x43, 0x3d, 0x3e, 0x3d, 0x39, 0x3a,
    0x3a, 0x39, 0x39, 0x39, 0x39, 0x39, 0x36, 0x36, 0x36, 0x36, 0x36, 0x36, 0x2f, 0x2f, 0x2f, 0x2b, 0x2b, 0x2b, 0x2b, 0x2b, 0x2a, 0x2a, 0x2a, 0x2a,
    0x24, 0x24, 0x24, 0x26, 0x23, 0x23, 0x23, 0x23, 0x23, 0x21, 0x21, 0x21, 0x21, 0x21, 0x1f, 0x1c, 0x1c, 0x1c, 0x1c, 0x1c, 0x1c, 0x1c, 0x19, 0x19,
    0x18, 0x18, 0x18, 0x18, 0x18, 0x14, 0x14, 0x14, 0x13, 0x13, 0x13, 0x13, 0x13, 0x10, 0x10, 0x0f, 0x0f, 0x0f, 0x0e, 0x0e, 0x0e, 0x0e, 0x0e, 0x0e,
    0x0c, 0x0c, 0x09, 0x09, 0x09, 0x08, 0x08, 0x08, 0x08, 0x08, 0x08, 0x07, 0x07, 0x07, 0x07, 0x07, 0x06, 0x05, 0x04, 0x04, 0x04, 0x04, 0x04, 0x04,
    0x04, 0x04, 0x04, 0x04, 0x04, 0x04, 0x04, 0x04, 0x04, 0x04, 0x05, 0x05, 0x05, 0x04, 0x04, 0x05, 0x04, 0x04, 0x07, 0x07, 0x07, 0x07, 0x07, 0x08,
    0x08, 0x08, 0x08, 0x08, 0x08, 0x08, 0x09, 0x09, 0x0c, 0x0c, 0x09, 0x0c, 0x0c, 0x0e, 0x0e, 0x0e, 0x0e, 0x0e, 0x0e, 0x0e, 0x0e, 0x0f, 0x0f, 0x0f,
    0x0f, 0x11, 0x11, 0x11, 0x11, 0x11, 0x13, 0x13, 0x13, 0x13, 0x13, 0x14, 0x14, 0x14, 0x14, 0x14, 0x14, 0x14, 0x14, 0x18, 0x18, 0x1f, 0x24, 0x2d,
    0x39, 0x3a, 0x42, 0x48, 0x4f, 0x52, 0x52, 0x52, 0x52, 0x52, 0x52, 0x52, 0x52, 0x52, 0x52, 0x52, 0x52, 0x52, 0x52, 0x52, 0x52, 0x52, 0x52, 0x52,
    0x52, 0x52, 0x52, 0x52, 0x53, 0x53, 0x53, 0x53, 0x53, 0x56, 0x56, 0x56, 0x56, 0x56, 0x56, 0x56, 0x56, 0x56, 0x58, 0x58, 0x58, 0x59, 0x59, 0x59,
    0x59, 0x59, 0x59, 0x5a, 0x5a, 0x5a, 0x5a, 0x5a, 0x5a, 0x5a, 0x5d, 0x5d, 0x5d, 0x5d, 0x5d, 0x5d, 0x5d, 0x5d, 0x5d, 0x5d, 0x5d, 0x61, 0x61, 0x61,
    0x61, 0x61, 0x61, 0x61, 0x61, 0x61, 0x60, 0x61, 0x61, 0x61, 0x60, 0x60, 0x61, 0x60, 0x60, 0x60, 0x60, 0x60, 0x60, 0x60, 0x60, 0x60, 0x60, 0x60,
    0x60, 0x60, 0x60, 0x60, 0x60, 0x60, 0x60, 0x60, 0x60, 0x60, 0x60, 0x60, 0x67, 0x67, 0x67, 0x67, 0x67, 0x67, 0x67, 0x70, 0x70, 0x70, 0x75, 0x75,
    0x77, 0x88, 0x88, 0x8e, 0x8f, 0x8f, 0x9b, 0xaa, 0xb0, 0xb0, 0xb5, 0xb4, 0xb9, 0xba, 0xc2, 0xc2, 0xc4, 0xc4, 0xc8, 0xc8, 0xcc, 0xcd, 0xcf, 0xcf,
    0xd2, 0xd3, 0xd4, 0xd6, 0xd7, 0xd9, 0xd9, 0xdb, 0xdd, 0xe1, 0xe1, 0xe3, 0xe3, 0xe5, 0xe7, 0xe8, 0xeb, 0xed, 0xed, 0xed, 0xed, 0xed, 0xee, 0xee,
    0xf5, 0xf5, 0xf5, 0xf5, 0xf5, 0xee, 0xed, 0xed, 0xed, 0xed, 0xed, 0xed, 0xeb, 0xe8, 0xe7, 0xe7, 0xe3, 0xe3, 0xe2, 0xe1, 0xe1, 0xdc, 0xd9, 0xd9,
    0xd9, 0xd8, 0xd5, 0xd5, 0xd5, 0xd3, 0xd0, 0xd0, 0xcf, 0xcf, 0xcc, 0xcb, 0xc9, 0xc7, 0xc6, 0xc6, 0xc3, 0xc2, 0xc2, 0xbc, 0xba, 0xb9, 0xb9, 0xb8,
    0xb3, 0xb0, 0xaf, 0xaf, 0xa6, 0x9b, 0x97, 0x8e, 0x8e, 0x8e, 0x89, 0x88, 0x88, 0x7d, 0x7d, 0x76, 0x76, 0x76, 0x75, 0x74, 0x74, 0x70, 0x70, 0x70,
    0x70, 0x70, 0x70, 0x70, 0x69, 0x69, 0x69, 0x69, 0x69, 0x69, 0x69, 0x69, 0x69, 0x70, 0x70, 0x70, 0x70, 0x70, 0x70, 0x70, 0x70, 0x74, 0x74, 0x74,
    0x74, 0x74, 0x74, 0x74, 0x75, 0x75, 0x75, 0x76, 0x76, 0x76, 0x76, 0x76, 0x76, 0x76, 0x77, 0x77, 0x7d, 0x7d, 0x7d, 0x7d, 0x7d, 0x7d, 0x7d, 0x7d,
    0x54, 0x54, 0x56, 0x56, 0x56, 0x57, 0x57, 0x57, 0x57, 0x52, 0x4b, 0x4b, 0x4d, 0x4b, 0x4a, 0x46, 0x43, 0x43, 0x3e, 0x3e, 0x3d, 0x3a, 0x3a, 0x3a,
    0x39, 0x39, 0x39, 0x39, 0x39, 0x36, 0x36, 0x36, 0x36, 0x36, 0x36, 0x2f, 0x2f, 0x2f, 0x2f, 0x2b, 0x2b, 0x2b, 0x2b, 0x2a, 0x2a, 0x2a, 0x2a, 0x2a,
    0x24, 0x24, 0x26, 0x23, 0x23, 0x23, 0x21, 0x21, 0x21, 0x21, 0x21, 0x21, 0x21, 0x1f, 0x1c, 0x1c, 0x1c, 0x1c, 0x1c, 0x1c, 0x1c, 0x1c, 0x19, 0x18,
    0x18, 0x18, 0x18, 0x18, 0x18, 0x14, 0x14, 0x13, 0x13, 0x13, 0x13, 0x13, 0x10, 0x10, 0x10, 0x0f, 0x0f, 0x0f, 0x0e, 0x0e, 0x0e, 0x09, 0x0e, 0x0c,
    0x0c, 0x09, 0x09, 0x09, 0x08, 0x08, 0x08, 0x08, 0x08, 0x08, 0x07, 0x07, 0x07, 0x07, 0x07, 0x07, 0x04, 0x05, 0x05, 0x05, 0x04, 0x04, 0x04, 0x04,
    0x04, 0x04, 0x04, 0x04, 0x04, 0x04, 0x04, 0x04, 0x04, 0x04, 0x04, 0x04, 0x04, 0x04, 0x04, 0x04, 0x05, 0x05, 0x04, 0x04, 0x07, 0x07, 0x07, 0x07,
    0x08, 0x08, 0x08, 0x08, 0x08, 0x08, 0x08, 0x09, 0x0c, 0x0c, 0x09, 0x0c, 0x0c, 0x0e, 0x0e, 0x0c, 0x0c, 0x0e, 0x0e, 0x0e, 0x0e, 0x0e, 0x0f, 0x0f,
    0x0f, 0x0f, 0x0f, 0x11, 0x11, 0x11, 0x13, 0x13, 0x13, 0x13, 0x13, 0x14, 0x14, 0x14, 0x14, 0x14, 0x14, 0x14, 0x14, 0x14, 0x18, 0x1f, 0x24, 0x2d,
    0x39, 0x3a, 0x42, 0x48, 0x4f, 0x52, 0x52, 0x52, 0x52, 0x52, 0x52, 0x52, 0x52, 0x52, 0x52, 0x52, 0x52, 0x52, 0x52, 0x52, 0x52, 0x52, 0x52, 0x52,
    0x52, 0x52, 0x52, 0x52, 0x53, 0x53, 0x53, 0x53, 0x53, 0x56, 0x56, 0x56, 0x56, 0x56, 0x56, 0x56, 0x56, 0x57, 0x58, 0x58, 0x58, 0x59, 0x58, 0x59,
    0x59, 0x59, 0x59, 0x5a, 0x5a, 0x5a, 0x5a, 0x5a, 0x5a, 0x5b, 0x5d, 0x5d, 0x5d, 0x5d, 0x5d, 0x5d, 0x5d, 0x5d, 0x5d, 0x5d, 0x5d, 0x61, 0x61, 0x61,
    0x61, 0x61, 0x61, 0x61, 0x61, 0x61, 0x61, 0x61, 0x61, 0x61, 0x61, 0x60, 0x61, 0x61, 0x60, 0x60, 0x60, 0x60, 0x60, 0x60, 0x60, 0x60, 0x60, 0x60,
    0x60, 0x60, 0x60, 0x60, 0x60, 0x60, 0x60, 0x60, 0x60, 0x60, 0x60, 0x60, 0x67, 0x67, 0x67, 0x67, 0x67, 0x67, 0x67, 0x70, 0x70, 0x70, 0x75, 0x75,
    0x77, 0x88, 0x88, 0x8e, 0x8f, 0x8f, 0x9b, 0xaa, 0xb0, 0xb0, 0xb5, 0xb4, 0xb9, 0xba, 0xc2, 0xc2, 0xc4, 0xc4, 0xc8, 0xc8, 0xcc, 0xcd, 0xcf, 0xcf,
    0xd2, 0xd3, 0xd4, 0xd6, 0xd7, 0xd9, 0xd9, 0xdb, 0xdd, 0xe1, 0xe1, 0xe3, 0xe3, 0xe5, 0xe7, 0xe8, 0xeb, 0xed, 0xed, 0xed, 0xed, 0xee, 0xee, 0xee,
    0xf5, 0xf5, 0xf5, 0xf5, 0xf5, 0xee, 0xed, 0xed, 0xed, 0xed, 0xed, 0xed, 0xeb, 0xe8, 0xe7, 0xe7, 0xe5, 0xe3, 0xe2, 0xe1, 0xe1, 0xdc, 0xd9, 0xd9,
    0xd9, 0xd8, 0xd5, 0xd5, 0xd5, 0xd3, 0xd0, 0xd0, 0xcf, 0xcf, 0xcc, 0xcb, 0xc9, 0xc7, 0xc6, 0xc6, 0xc3, 0xc2, 0xc2, 0xbc, 0xba, 0xb9, 0xb9, 0xb8,
    0xb3, 0xb0, 0xaf, 0xaf, 0xa6, 0x9b, 0x97, 0x8e, 0x8e, 0x8e, 0x89, 0x88, 0x88, 0x7d, 0x7d, 0x76, 0x76, 0x76, 0x75, 0x74, 0x74, 0x70, 0x70, 0x70,
    0x70, 0x70, 0x70, 0x70, 0x69, 0x69, 0x69, 0x69, 0x69, 0x69, 0x69, 0x69, 0x69, 0x70, 0x70, 0x70, 0x70, 0x70, 0x70, 0x70, 0x70, 0x74, 0x74, 0x74,
    0x74, 0x74, 0x74, 0x74, 0x75, 0x75, 0x75, 0x76, 0x76, 0x76, 0x76, 0x76, 0x76, 0x76, 0x77, 0x77, 0x7d, 0x7d, 0x7d, 0x7d, 0x7d, 0x7d, 0x7d, 0x7d,
    0x54, 0x54, 0x56, 0x56, 0x56, 0x57, 0x57, 0x57, 0x57, 0x52, 0x4b, 0x4b, 0x4d, 0x4b, 0x4a, 0x46, 0x43, 0x43, 0x3e, 0x3d, 0x3e, 0x3d, 0x39, 0x39,
    0x39, 0x39, 0x39, 0x39, 0x39, 0x36, 0x36, 0x36, 0x36, 0x36, 0x34, 0x2f, 0x2f, 0x2f, 0x2f, 0x2b, 0x2b, 0x2a, 0x26, 0x2a, 0x2a, 0x2a, 0x2a, 0x24,
    0x24, 0x26, 0x23, 0x23, 0x23, 0x23, 0x21, 0x21, 0x21, 0x21, 0x21, 0x21, 0x21, 0x21, 0x1c, 0x1c, 0x1c, 0x1c, 0x1c, 0x1c, 0x1c, 0x19, 0x18, 0x18,
    0x18, 0x18, 0x18, 0x18, 0x14, 0x14, 0x14, 0x14, 0x13, 0x13, 0x13, 0x10, 0x10, 0x0f, 0x0f, 0x0f, 0x0f, 0x0f, 0x0e, 0x0e, 0x09, 0x0e, 0x0c, 0x09,
    0x09, 0x0c, 0x0c, 0x09, 0x08, 0x08, 0x08, 0x08, 0x08, 0x07, 0x07, 0x07, 0x07, 0x05, 0x05, 0x05, 0x04, 0x04, 0x04, 0x04, 0x04, 0x04, 0x04, 0x04,
    0x04, 0x04, 0x04, 0x04, 0x04, 0x04, 0x04, 0x04, 0x04, 0x04, 0x04, 0x04, 0x04, 0x04, 0x04, 0x04, 0x04, 0x05, 0x04, 0x04, 0x06, 0x07, 0x07, 0x07,
    0x07, 0x08, 0x08, 0x08, 0x08, 0x08, 0x08, 0x08, 0x09, 0x09, 0x09, 0x09, 0x0c, 0x0c, 0x0c, 0x0c, 0x0c, 0x0e, 0x0c, 0x0c, 0x0e, 0x0e, 0x0e, 0x0f,
    0x0e, 0x0e, 0x0f, 0x0f, 0x11, 0x11, 0x11, 0x11, 0x13, 0x13, 0x13, 0x13, 0x13, 0x14, 0x14, 0x14, 0x14, 0x14, 0x14, 0x14, 0x18, 0x1f, 0x24, 0x2d,
    0x39, 0x3a, 0x42, 0x48, 0x4f, 0x52, 0x52, 0x52, 0x52, 0x52, 0x52, 0x52, 0x52, 0x52, 0x52, 0x52, 0x52, 0x52, 0x52, 0x52, 0x52, 0x52, 0x52, 0x52,
    0x52, 0x52, 0x52, 0x52, 0x53, 0x53, 0x53, 0x53, 0x56, 0x56, 0x56, 0x56, 0x56, 0x56, 0x56, 0x56, 0x56, 0x57, 0x58, 0x58, 0x58, 0x59, 0x58, 0x59,
    0x59, 0x59, 0x59, 0x5a, 0x5a, 0x5a, 0x5a, 0x5a, 0x5b, 0x5b, 0x5d, 0x5d, 0x5d, 0x5d, 0x5d, 0x5d, 0x5d, 0x5d, 0x5d, 0x5d, 0x5d, 0x61, 0x61, 0x61,
    0x61, 0x61, 0x61, 0x61, 0x61, 0x61, 0x61, 0x61, 0x61, 0x61, 0x61, 0x60, 0x61, 0x61, 0x60, 0x60, 0x60, 0x60, 0x60, 0x60, 0x60, 0x60, 0x60, 0x60,
    0x60, 0x60, 0x60, 0x60, 0x60, 0x60, 0x60, 0x60, 0x60, 0x60, 0x60, 0x60, 0x67, 0x67, 0x67, 0x67, 0x67, 0x67, 0x67, 0x70, 0x70, 0x70, 0x75, 0x75,
    0x77, 0x88, 0x88, 0x8e, 0x8f, 0x8f, 0x9b, 0xaa, 0xb0, 0xb0, 0xb5, 0xb4, 0xb9, 0xba, 0xc2, 0xc2, 0xc4, 0xc4, 0xc8, 0xc8, 0xcb, 0xcc, 0xcf, 0xcf,
    0xd2, 0xd3, 0xd4, 0xd6, 0xd7, 0xd9, 0xd9, 0xdb, 0xdd, 0xe1, 0xe1, 0xe3, 0xe3, 0xe5, 0xe7, 0xe8, 0xeb, 0xed, 0xed, 0xed, 0xed, 0xee, 0xee, 0xee,
    0xf5, 0xf5, 0xf5, 0xf5, 0xf5, 0xee, 0xed, 0xed, 0xed, 0xed, 0xed, 0xed, 0xeb, 0xe8, 0xe7, 0xe7, 0xe5, 0xe3, 0xe2, 0xe1, 0xe1, 0xdc, 0xd9, 0xd9,
    0xd9, 0xd8, 0xd5, 0xd5, 0xd5, 0xd3, 0xd0, 0xd0, 0xcf, 0xcf, 0xcc, 0xcb, 0xc9, 0xc7, 0xc6, 0xc6, 0xc3, 0xc2, 0xc2, 0xbc, 0xba, 0xba, 0xb9, 0xb8,
    0xb3, 0xb3, 0xaf, 0xaf, 0xa6, 0x9b, 0x97, 0x97, 0x8e, 0x8e, 0x89, 0x88, 0x88, 0x88, 0x7d, 0x7d, 0x76, 0x76, 0x75, 0x74, 0x74, 0x74, 0x70, 0x70,
    0x70, 0x70, 0x70, 0x70, 0x70, 0x69, 0x69, 0x69, 0x69, 0x69, 0x69, 0x69, 0x69, 0x70, 0x70, 0x70, 0x70, 0x70, 0x70, 0x70, 0x70, 0x74, 0x74, 0x74,
    0x74, 0x74, 0x74, 0x74, 0x75, 0x75, 0x75, 0x76, 0x76, 0x76, 0x76, 0x76, 0x76, 0x76, 0x77, 0x77, 0x7d, 0x7d, 0x7d, 0x7d, 0x7d, 0x7d, 0x7d, 0x7d,
    0x54, 0x54, 0x56, 0x56, 0x56, 0x57, 0x57, 0x57, 0x57, 0x52, 0x4b, 0x4b, 0x4f, 0x4b, 0x46, 0x46, 0x43, 0x43, 0x3e, 0x3d, 0x3a, 0x39, 0x3a, 0x39,
    0x39, 0x39, 0x39, 0x38, 0x39, 0x36, 0x36, 0x36, 0x36, 0x36, 0x2f, 0x2f, 0x2f, 0x2b, 0x2b, 0x2b, 0x2b, 0x2a, 0x2a, 0x2a, 0x2a, 0x2a, 0x2a, 0x24,
    0x24, 0x23, 0x23, 0x23, 0x23, 0x23, 0x21, 0x21, 0x21, 0x21, 0x21, 0x21, 0x1e, 0x21, 0x1c, 0x1c, 0x1c, 0x1c, 0x1c, 0x1c, 0x1c, 0x17, 0x18, 0x18,
    0x18, 0x18, 0x18, 0x18, 0x14, 0x14, 0x14, 0x14, 0x13, 0x13, 0x13, 0x13, 0x10, 0x0f, 0x0f, 0x0f, 0x0f, 0x0f, 0x0e, 0x0e, 0x0c, 0x0e, 0x0c, 0x09,
    0x0c, 0x0c, 0x09, 0x08, 0x08, 0x08, 0x08, 0x08, 0x07, 0x07, 0x07, 0x06, 0x06, 0x05, 0x04, 0x04, 0x04, 0x04, 0x04, 0x04, 0x03, 0x03, 0x03, 0x04,
    0x04, 0x04, 0x04, 0x04, 0x03, 0x03, 0x03, 0x03, 0x04, 0x04, 0x04, 0x04, 0x04, 0x04, 0x04, 0x04, 0x04, 0x04, 0x04, 0x04, 0x04, 0x06, 0x04, 0x07,
    0x07, 0x07, 0x07, 0x08, 0x08, 0x08, 0x08, 0x08, 0x09, 0x09, 0x09, 0x09, 0x0c, 0x09, 0x0c, 0x0c, 0x0c, 0x0c, 0x0c, 0x0c, 0x0c, 0x0e, 0x0e, 0x0e,
    0x0e, 0x0e, 0x0e, 0x0f, 0x0f, 0x0f, 0x0f, 0x11, 0x12, 0x13, 0x13, 0x13, 0x13, 0x13, 0x14, 0x14, 0x14, 0x14, 0x14, 0x14, 0x14, 0x1f, 0x24, 0x2d,
    0x39, 0x3a, 0x42, 0x48, 0x4f, 0x52, 0x52, 0x52, 0x52, 0x52, 0x52, 0x52, 0x52, 0x52, 0x52, 0x52, 0x52, 0x52, 0x52, 0x52, 0x52, 0x52, 0x52, 0x52,
    0x52, 0x52, 0x52, 0x52, 0x53, 0x53, 0x53, 0x53, 0x56, 0x56, 0x56, 0x56, 0x56, 0x56, 0x56, 0x56, 0x56, 0x57, 0x58, 0x58, 0x58, 0x58, 0x58, 0x59,
    0x59, 0x59, 0x59, 0x5a, 0x5a, 0x5a, 0x5a, 0x5a, 0x5b, 0x5b, 0x5d, 0x5d, 0x5d, 0x5d, 0x5d, 0x5d, 0x5d, 0x5d, 0x5d, 0x5d, 0x5d, 0x61, 0x61, 0x61,
    0x61, 0x61, 0x61, 0x61, 0x61, 0x61, 0x61, 0x61, 0x61, 0x61, 0x61, 0x60, 0x61, 0x61, 0x60, 0x60, 0x60, 0x60, 0x60, 0x60, 0x60, 0x60, 0x60, 0x60,
    0x60, 0x60, 0x60, 0x60, 0x60, 0x60, 0x60, 0x60, 0x60, 0x60, 0x60, 0x60, 0x67, 0x67, 0x67, 0x67, 0x67, 0x67, 0x70, 0x70, 0x70, 0x70, 0x75, 0x75,
    0x77, 0x88, 0x88, 0x8e, 0x8f, 0x8f, 0x9b, 0xaa, 0xb0, 0xb0, 0xb5, 0xb4, 0xbb, 0xba, 0xc2, 0xc2, 0xc4, 0xc5, 0xc8, 0xc8, 0xcb, 0xcc, 0xcf, 0xcf,
    0xd2, 0xd3, 0xd4, 0xd6, 0xd7, 0xd9, 0xda, 0xdb, 0xdd, 0xe1, 0xe1, 0xe3, 0xe3, 0xe5, 0xe7, 0xe8, 0xeb, 0xed, 0xed, 0xed, 0xed, 0xee, 0xee, 0xee,
    0xf5, 0xf5, 0xf5, 0xf5, 0xf5, 0xee, 0xed, 0xed, 0xed, 0xed, 0xed, 0xed, 0xeb, 0xe8, 0xe7, 0xe7, 0xe5, 0xe3, 0xe2, 0xe2, 0xe1, 0xdc, 0xd9, 0xd9,
    0xd9, 0xd8, 0xd8, 0xd5, 0xd5, 0xd3, 0xd0, 0xd0, 0xd0, 0xcf, 0xcc, 0xcb, 0xc9, 0xc9, 0xc7, 0xc6, 0xc3, 0xc2, 0xc2, 0xbc, 0xbc, 0xba, 0xb9, 0xb8,
    0xb3, 0xb3, 0xaf, 0xaf, 0xa6, 0x9b, 0x97, 0x97, 0x8e, 0x8e, 0x89, 0x88, 0x88, 0x88, 0x7d, 0x7d, 0x76, 0x76, 0x76, 0x75, 0x74, 0x74, 0x70, 0x70,
    0x70, 0x70, 0x70, 0x70, 0x70, 0x69, 0x69, 0x69, 0x69, 0x69, 0x69, 0x69, 0x69, 0x70, 0x70, 0x70, 0x70, 0x70, 0x70, 0x70, 0x70, 0x74, 0x74, 0x74,
    0x74, 0x74, 0x74, 0x74, 0x75, 0x75, 0x75, 0x75, 0x76, 0x76, 0x76, 0x76, 0x76, 0x76, 0x77, 0x77, 0x7d, 0x7d, 0x7d, 0x7d, 0x7d, 0x7d, 0x7d, 0x7d,
    0x54, 0x54, 0x54, 0x56, 0x56, 0x57, 0x57, 0x57, 0x57, 0x52, 0x4b, 0x4b, 0x4f, 0x4b, 0x46, 0x46, 0x43, 0x43, 0x3e, 0x3d, 0x39, 0x3a, 0x3a, 0x39,
    0x39, 0x39, 0x36, 0x36, 0x36, 0x36, 0x36, 0x36, 0x36, 0x36, 0x2f, 0x2f, 0x2f, 0x2b, 0x2f, 0x2a, 0x2a, 0x2a, 0x2a, 0x2a, 0x2a, 0x2a, 0x2a, 0x24,
    0x24, 0x23, 0x23, 0x23, 0x23, 0x21, 0x21, 0x21, 0x21, 0x21, 0x21, 0x1f, 0x1e, 0x21, 0x1c, 0x1c, 0x1c, 0x1c, 0x1c, 0x1c, 0x19, 0x19, 0x18, 0x18,
    0x18, 0x18, 0x18, 0x18, 0x14, 0x14, 0x13, 0x13, 0x13, 0x13, 0x13, 0x12, 0x0f, 0x0f, 0x0f, 0x0f, 0x0f, 0x0e, 0x0e, 0x0e, 0x0c, 0x0c, 0x09, 0x0c,
    0x0c, 0x09, 0x08, 0x08, 0x08, 0x07, 0x07, 0x07, 0x07, 0x07, 0x07, 0x04, 0x05, 0x04, 0x04, 0x04, 0x04, 0x04, 0x04, 0x04, 0x01, 0x01, 0x01, 0x01,
    0x01, 0x04, 0x04, 0x04, 0x03, 0x00, 0x00, 0x00, 0x00, 0x00, 0x00, 0x04, 0x04, 0x04, 0x04, 0x04, 0x04, 0x04, 0x04, 0x05, 0x04, 0x04, 0x05, 0x04,
    0x07, 0x07, 0x07, 0x07, 0x08, 0x08, 0x08, 0x08, 0x08, 0x09, 0x0c, 0x0c, 0x09, 0x09, 0x0c, 0x0c, 0x0c, 0x0c, 0x0e, 0x0c, 0x0c, 0x0c, 0x0c, 0x0c,
    0x0e, 0x0e, 0x0e, 0x0e, 0x0f, 0x0f, 0x0f, 0x11, 0x11, 0x13, 0x13, 0x13, 0x13, 0x13, 0x13, 0x14, 0x14, 0x14, 0x14, 0x14, 0x14, 0x1f, 0x24, 0x2d,
    0x36, 0x3a, 0x42, 0x48, 0x4f, 0x52, 0x50, 0x52, 0x52, 0x52, 0x52, 0x52, 0x52, 0x52, 0x52, 0x52, 0x52, 0x52, 0x52, 0x52, 0x52, 0x52, 0x52, 0x52,
    0x52, 0x52, 0x52, 0x52, 0x53, 0x53, 0x53, 0x53, 0x56, 0x56, 0x56, 0x56, 0x56, 0x56, 0x56, 0x56, 0x57, 0x58, 0x58, 0x58, 0x58, 0x58, 0x58, 0x59,
    0x59, 0x59, 0x5a, 0x5a, 0x5a, 0x5a, 0x5a, 0x5a, 0x5b, 0x5d, 0x5d, 0x5d, 0x5d, 0x5d, 0x5d, 0x5d, 0x5d, 0x5d, 0x5d, 0x5d, 0x5d, 0x61, 0x61, 0x61,
    0x61, 0x61, 0x61, 0x61, 0x61, 0x61, 0x61, 0x61, 0x61, 0x61, 0x61, 0x61, 0x61, 0x61, 0x61, 0x60, 0x60, 0x60, 0x60, 0x60, 0x60, 0x60, 0x60, 0x60,
    0x60, 0x60, 0x60, 0x60, 0x60, 0x60, 0x60, 0x60, 0x60, 0x60, 0x60, 0x60, 0x67, 0x67, 0x67, 0x67, 0x67, 0x67, 0x70, 0x70, 0x70, 0x70, 0x75, 0x75,
    0x7e, 0x88, 0x88, 0x8e, 0x8f, 0x8f, 0x9b, 0xaa, 0xb0, 0xb0, 0xb5, 0xb4, 0xbb, 0xba, 0xc2, 0xc2, 0xc4, 0xc5, 0xc8, 0xc8, 0xcb, 0xcc, 0xcf, 0xcf,
    0xd2, 0xd3, 0xd4, 0xd6, 0xd7, 0xd9, 0xda, 0xdb, 0xdd, 0xdd, 0xe1, 0xe3, 0xe3, 0xe5, 0xe7, 0xe8, 0xeb, 0xed, 0xed, 0xed, 0xed, 0xee, 0xee, 0xee,
    0xf5, 0xf5, 0xf5, 0xf5, 0xf5, 0xee, 0xed, 0xed, 0xed, 0xed, 0xed, 0xed, 0xeb, 0xe8, 0xe7, 0xe7, 0xe5, 0xe3, 0xe3, 0xe2, 0xe1, 0xdc, 0xdc, 0xd9,
    0xd9, 0xd8, 0xd8, 0xd5, 0xd5, 0xd3, 0xd3, 0xd2, 0xd0, 0xcf, 0xcc, 0xcc, 0xcb, 0xc9, 0xc7, 0xc6, 0xc3, 0xc2, 0xc2, 0xbc, 0xbc, 0xba, 0xb9, 0xb8,
    0xb8, 0xb3, 0xaf, 0xaf, 0xaf, 0xa6, 0x9b, 0x97, 0x8e, 0x8e, 0x89, 0x89, 0x88, 0x88, 0x7d, 0x7d, 0x76, 0x76, 0x76, 0x75, 0x74, 0x74, 0x70, 0x70,
    0x70, 0x70, 0x70, 0x70, 0x70, 0x70, 0x69, 0x69, 0x69, 0x69, 0x70, 0x70, 0x70, 0x70, 0x70, 0x70, 0x70, 0x70, 0x70, 0x70, 0x70, 0x74, 0x74, 0x74,
    0x74, 0x74, 0x74, 0x74, 0x75, 0x75, 0x75, 0x75, 0x76, 0x76, 0x76, 0x76, 0x76, 0x76, 0x77, 0x77, 0x7d, 0x7d, 0x7d, 0x7d, 0x7d, 0x7d, 0x7d, 0x7d,
    0x54, 0x54, 0x54, 0x56, 0x56, 0x57, 0x57, 0x57, 0x57, 0x52, 0x4b, 0x4b, 0x4d, 0x4b, 0x46, 0x46, 0x43, 0x43, 0x3d, 0x3a, 0x3a, 0x3a, 0x3a, 0x39,
    0x39, 0x39, 0x39, 0x39, 0x36, 0x36, 0x36, 0x36, 0x36, 0x36, 0x34, 0x2f, 0x2f, 0x2b, 0x2b, 0x2b, 0x2a, 0x2a, 0x2a, 0x2a, 0x2a, 0x2a, 0x2a, 0x23,
    0x23, 0x23, 0x23, 0x23, 0x23, 0x21, 0x21, 0x21, 0x21, 0x21, 0x21, 0x1e, 0x1c, 0x1c, 0x1c, 0x1c, 0x1c, 0x1c, 0x1c, 0x19, 0x19, 0x18, 0x18, 0x18,
    0x18, 0x18, 0x14, 0x14, 0x14, 0x13, 0x13, 0x13, 0x13, 0x13, 0x12, 0x0f, 0x0f, 0x0f, 0x0f, 0x0f, 0x0e, 0x0e, 0x0e, 0x0c, 0x0c, 0x09, 0x09, 0x09,
    0x09, 0x08, 0x08, 0x08, 0x08, 0x08, 0x06, 0x04, 0x04, 0x04, 0x04, 0x04, 0x06, 0x04, 0x04, 0x04, 0x03, 0x04, 0x04, 0x04, 0x03, 0x03, 0x01, 0x01,
    0x01, 0x00, 0x00, 0x03, 0x03, 0x00, 0x00, 0x00, 0x00, 0x00, 0x00, 0x00, 0x00, 0x00, 0x03, 0x04, 0x04, 0x04, 0x04, 0x04, 0x05, 0x04, 0x04, 0x05,
    0x07, 0x07, 0x07, 0x07, 0x08, 0x08, 0x08, 0x08, 0x08, 0x09, 0x09, 0x0c, 0x09, 0x09, 0x0c, 0x0c, 0x0c, 0x0c, 0x0c, 0x0c, 0x0c, 0x0c, 0x0c, 0x0c,
    0x0c, 0x0e, 0x0e, 0x0e, 0x0e, 0x0f, 0x0f, 0x0f, 0x0f, 0x11, 0x13, 0x13, 0x13, 0x13, 0x13, 0x13, 0x13, 0x14, 0x14, 0x14, 0x14, 0x1c, 0x24, 0x2d,
    0x39, 0x3a, 0x42, 0x48, 0x4f, 0x52, 0x50, 0x52, 0x52, 0x52, 0x52, 0x52, 0x52, 0x52, 0x52, 0x52, 0x52, 0x52, 0x52, 0x52, 0x52, 0x52, 0x52, 0x52,
    0x52, 0x52, 0x52, 0x52, 0x53, 0x53, 0x53, 0x53, 0x56, 0x56, 0x56, 0x56, 0x56, 0x56, 0x56, 0x57, 0x57, 0x58, 0x58, 0x58, 0x58, 0x58, 0x59, 0x59,
    0x59, 0x5a, 0x5a, 0x5a, 0x5a, 0x5a, 0x5a, 0x5a, 0x5d, 0x5d, 0x5d, 0x5d, 0x5d, 0x5d, 0x5d, 0x5d, 0x5d, 0x5d, 0x5d, 0x5d, 0x5d, 0x61, 0x61, 0x61,
    0x61, 0x61, 0x61, 0x61, 0x61, 0x61, 0x61, 0x61, 0x61, 0x61, 0x61, 0x61, 0x61, 0x61, 0x61, 0x60, 0x60, 0x60, 0x60, 0x60, 0x60, 0x60, 0x60, 0x60,
    0x60, 0x60, 0x60, 0x60, 0x60, 0x60, 0x60, 0x60, 0x60, 0x60, 0x60, 0x60, 0x67, 0x67, 0x67, 0x67, 0x67, 0x67, 0x70, 0x70, 0x70, 0x70, 0x75, 0x75,
    0x7e, 0x88, 0x88, 0x8e, 0x8f, 0x8f, 0x9b, 0xaa, 0xb0, 0xb0, 0xb5, 0xb4, 0xbb, 0xba, 0xc2, 0xc2, 0xc4, 0xc5, 0xc8, 0xc8, 0xcb, 0xcc, 0xcf, 0xcf,
    0xd2, 0xd3, 0xd4, 0xd6, 0xd7, 0xd9, 0xda, 0xdb, 0xdd, 0xdd, 0xe1, 0xe3, 0xe3, 0xe5, 0xe7, 0xe8, 0xeb, 0xed, 0xed, 0xed, 0xee, 0xee, 0xee, 0xee,
    0xee, 0xf5, 0xf5, 0xf5, 0xf5, 0xee, 0xee, 0xed, 0xed, 0xed, 0xed, 0xed, 0xeb, 0xe8, 0xe7, 0xe7, 0xe5, 0xe3, 0xe3, 0xe2, 0xe1, 0xdc, 0xdc, 0xd9,
    0xd9, 0xd9, 0xd8, 0xd5, 0xd5, 0xd3, 0xd3, 0xd2, 0xd0, 0xcf, 0xcc, 0xcc, 0xcb, 0xc9, 0xc7, 0xc6, 0xc3, 0xc2, 0xc2, 0xc2, 0xbc, 0xba, 0xb9, 0xb8,
    0xb8, 0xb3, 0xb0, 0xaf, 0xaf, 0xa6, 0x9b, 0x97, 0x8e, 0x8e, 0x8e, 0x89, 0x88, 0x88, 0x7d, 0x7d, 0x76, 0x76, 0x76, 0x75, 0x74, 0x74, 0x70, 0x70,
    0x70, 0x70, 0x70, 0x70, 0x70, 0x70, 0x69, 0x69, 0x69, 0x69, 0x70, 0x70, 0x70, 0x70, 0x70, 0x70, 0x70, 0x70, 0x70, 0x70, 0x70, 0x70, 0x74, 0x74,
    0x74, 0x74, 0x74, 0x74, 0x75, 0x75, 0x75, 0x75, 0x76, 0x76, 0x76, 0x76, 0x76, 0x76, 0x77, 0x77, 0x7d, 0x7d, 0x7d, 0x7d, 0x7d, 0x7d, 0x7d, 0x7d,
    0x54, 0x54, 0x54, 0x56, 0x56, 0x57, 0x57, 0x57, 0x57, 0x52, 0x4b, 0x4b, 0x4d, 0x4b, 0x46, 0x46, 0x43, 0x3e, 0x3e, 0x3a, 0x3a, 0x3a, 0x3a, 0x39,
    0x39, 0x39, 0x39, 0x39, 0x36, 0x36, 0x36, 0x36, 0x36, 0x36, 0x2f, 0x2f, 0x2f, 0x2b, 0x2b, 0x2a, 0x2a, 0x2a, 0x2a, 0x2a, 0x24, 0x24, 0x24, 0x23,
    0x23, 0x23, 0x23, 0x23, 0x21, 0x21, 0x21, 0x21, 0x1e, 0x1e, 0x1e, 0x1f, 0x1c, 0x1c, 0x1c, 0x1c, 0x1c, 0x1c, 0x19, 0x19, 0x18, 0x18, 0x18, 0x18,
    0x18, 0x18, 0x14, 0x14, 0x14, 0x13, 0x13, 0x13, 0x13, 0x13, 0x0f, 0x0f, 0x0f, 0x0f, 0x0f, 0x0e, 0x0e, 0x0e, 0x0e, 0x0c, 0x0c, 0x09, 0x09, 0x09,
    0x08, 0x08, 0x08, 0x08, 0x08, 0x08, 0x08, 0x05, 0x05, 0x04, 0x05, 0x05, 0x00, 0x04, 0x04, 0x04, 0x04, 0x04, 0x04, 0x04, 0x03, 0x01, 0x01, 0x01,
    0x01, 0x01, 0x03, 0x03, 0x00, 0x03, 0x01, 0x00, 0x00, 0x00, 0x00, 0x00, 0x00, 0x00, 0x00, 0x00, 0x03, 0x04, 0x04, 0x04, 0x04, 0x04, 0x04, 0x04,
    0x05, 0x06, 0x07, 0x07, 0x08, 0x08, 0x08, 0x08, 0x08, 0x08, 0x09, 0x09, 0x09, 0x0c, 0x0c, 0x09, 0x0c, 0x0c, 0x0c, 0x0c, 0x0c, 0x0c, 0x0c, 0x0c,
    0x0c, 0x0e, 0x0e, 0x0e, 0x0e, 0x0f, 0x0f, 0x0f, 0x0f, 0x11, 0x11, 0x13, 0x13, 0x13, 0x13, 0x13, 0x13, 0x13, 0x13, 0x14, 0x14, 0x1c, 0x24, 0x2d,
    0x36, 0x3a, 0x42, 0x48, 0x4f, 0x52, 0x50, 0x50, 0x52, 0x52, 0x52, 0x52, 0x52, 0x52, 0x52, 0x52, 0x52, 0x52, 0x52, 0x52, 0x52, 0x52, 0x52, 0x52,
    0x52, 0x52, 0x52, 0x52, 0x53, 0x53, 0x53, 0x53, 0x56, 0x56, 0x56, 0x56, 0x56, 0x56, 0x56, 0x57, 0x57, 0x58, 0x59, 0x58, 0x58, 0x58, 0x59, 0x59,
    0x59, 0x5a, 0x5a, 0x5a, 0x5a, 0x5a, 0x5a, 0x5a, 0x5d, 0x5d, 0x5d, 0x5d, 0x5d, 0x5d, 0x5d, 0x5d, 0x5d, 0x5d, 0x61, 0x61, 0x5d, 0x61, 0x61, 0x61,
    0x61, 0x61, 0x61, 0x61, 0x61, 0x61, 0x61, 0x61, 0x61, 0x61, 0x61, 0x61, 0x61, 0x61, 0x61, 0x60, 0x60, 0x60, 0x60, 0x60, 0x60, 0x60, 0x60, 0x60,
    0x60, 0x60, 0x60, 0x60, 0x60, 0x60, 0x60, 0x60, 0x60, 0x60, 0x60, 0x67, 0x67, 0x67, 0x67, 0x67, 0x67, 0x67, 0x70, 0x70, 0x70, 0x70, 0x75, 0x77,
    0x88, 0x88, 0x88, 0x8e, 0x8f, 0x8f, 0x9b, 0xaa, 0xb0, 0xb0, 0xb5, 0xb4, 0xbb, 0xba, 0xc2, 0xc2, 0xc4, 0xc5, 0xc8, 0xc8, 0xcb, 0xcc, 0xcf, 0xcf,
    0xd2, 0xd3, 0xd4, 0xd6, 0xd7, 0xd9, 0xda, 0xdb, 0xdd, 0xdd, 0xe1, 0xe3, 0xe3, 0xe5, 0xe7, 0xe8, 0xeb, 0xeb, 0xed, 0xed, 0xee, 0xee, 0xee, 0xee,
    0xee, 0xee, 0xf5, 0xf5, 0xf5, 0xee, 0xee, 0xed, 0xed, 0xed, 0xed, 0xed, 0xeb, 0xe8, 0xe8, 0xe7, 0xe5, 0xe3, 0xe3, 0xe2, 0xe1, 0xe1, 0xdc, 0xd9,
    0xd9, 0xd9, 0xd8, 0xd5, 0xd5, 0xd3, 0xd3, 0xd0, 0xd0, 0xcf, 0xcc, 0xcc, 0xcb, 0xc9, 0xc7, 0xc6, 0xc6, 0xc3, 0xc2, 0xc2, 0xbc, 0xba, 0xb9, 0xb9,
    0xb8, 0xb3, 0xb0, 0xaf, 0xaf, 0xa6, 0x9b, 0x97, 0x8e, 0x8e, 0x8e, 0x89, 0x88, 0x88, 0x7d, 0x7d, 0x76, 0x76, 0x76, 0x75, 0x74, 0x74, 0x74, 0x70,
    0x70, 0x70, 0x70, 0x70, 0x70, 0x70, 0x70, 0x69, 0x69, 0x69, 0x70, 0x70, 0x70, 0x70, 0x70, 0x70, 0x70, 0x70, 0x70, 0x70, 0x70, 0x70, 0x74, 0x74,
    0x74, 0x74, 0x74, 0x74, 0x75, 0x75, 0x75, 0x75, 0x76, 0x76, 0x76, 0x76, 0x76, 0x76, 0x77, 0x77, 0x7d, 0x7d, 0x7d, 0x7d, 0x7d, 0x7d, 0x7d, 0x7d,
    0x54, 0x54, 0x54, 0x54, 0x56, 0x57, 0x57, 0x57, 0x57, 0x52, 0x4b, 0x4b, 0x4f, 0x4b, 0x46, 0x46, 0x43, 0x3e, 0x3d, 0x3a, 0x3a, 0x3a, 0x3a, 0x39,
    0x39, 0x39, 0x39, 0x36, 0x36, 0x36, 0x36, 0x36, 0x36, 0x34, 0x2f, 0x2f, 0x2b, 0x2b, 0x2b, 0x2a, 0x2a, 0x2a, 0x2a, 0x2a, 0x2a, 0x24, 0x24, 0x23,
    0x23, 0x23, 0x23, 0x23, 0x21, 0x21, 0x21, 0x21, 0x1e, 0x1e, 0x1e, 0x1e, 0x1c, 0x1c, 0x1c, 0x1c, 0x1c, 0x1c, 0x19, 0x19, 0x18, 0x18, 0x18, 0x18,
    0x18, 0x14, 0x14, 0x14, 0x13, 0x13, 0x13, 0x13, 0x13, 0x13, 0x0f, 0x0f, 0x0f, 0x0f, 0x0f, 0x0e, 0x0e, 0x0e, 0x0c, 0x0c, 0x09, 0x09, 0x09, 0x08,
    0x08, 0x08, 0x08, 0x08, 0x08, 0x08, 0x08, 0x05, 0x04, 0x04, 0x05, 0x04, 0x04, 0x04, 0x03, 0x04, 0x04, 0x04, 0x04, 0x04, 0x04, 0x01, 0x01, 0x01,
    0x03, 0x01, 0x01, 0x01, 0x03, 0x03, 0x03, 0x01, 0x01, 0x01, 0x00, 0x00, 0x01, 0x01, 0x01, 0x00, 0x00, 0x03, 0x03, 0x04, 0x04, 0x04, 0x04, 0x04,
    0x04, 0x07, 0x07, 0x07, 0x08, 0x08, 0x07, 0x07, 0x07, 0x08, 0x09, 0x08, 0x09, 0x0c, 0x0c, 0x09, 0x09, 0x0c, 0x0c, 0x0c, 0x0c, 0x0c, 0x0c, 0x0c,
    0x0c, 0x0c, 0x0e, 0x0e, 0x0e, 0x0e, 0x0f, 0x0f, 0x0f, 0x11, 0x11, 0x11, 0x13, 0x13, 0x13, 0x13, 0x13, 0x14, 0x13, 0x14, 0x14, 0x1f, 0x24, 0x2d,
    0x36, 0x3a, 0x42, 0x48, 0x4f, 0x52, 0x50, 0x50, 0x52, 0x52, 0x52, 0x52, 0x52, 0x52, 0x52, 0x52, 0x52, 0x52, 0x52, 0x52, 0x52, 0x52, 0x52, 0x52,
    0x52, 0x52, 0x52, 0x53, 0x53, 0x53, 0x53, 0x56, 0x56, 0x56, 0x56, 0x56, 0x56, 0x56, 0x56, 0x57, 0x57, 0x58, 0x59, 0x58, 0x58, 0x59, 0x59, 0x59,
    0x59, 0x5a, 0x5a, 0x5a, 0x5a, 0x5a, 0x5b, 0x5b, 0x5d, 0x5d, 0x5d, 0x5d, 0x5d, 0x5d, 0x5d, 0x5d, 0x5d, 0x5d, 0x61, 0x61, 0x61, 0x61, 0x61, 0x61,
    0x61, 0x61, 0x61, 0x61, 0x61, 0x61, 0x61, 0x61, 0x61, 0x61, 0x61, 0x61, 0x61, 0x61, 0x61, 0x61, 0x61, 0x60, 0x60, 0x60, 0x60, 0x60, 0x60, 0x60,
    0x60, 0x60, 0x60, 0x60, 0x60, 0x60, 0x60, 0x60, 0x60, 0x60, 0x60, 0x67, 0x67, 0x67, 0x67, 0x67, 0x67, 0x67, 0x70, 0x70, 0x70, 0x70, 0x75, 0x77,
    0x88, 0x88, 0x88, 0x8e, 0x8f, 0x8f, 0x9b, 0xaa, 0xb0, 0xb0, 0xb5, 0xb4, 0xbb, 0xba, 0xc2, 0xc2, 0xc4, 0xc5, 0xc8, 0xc8, 0xcb, 0xcc, 0xcf, 0xcf,
    0xd2, 0xd3, 0xd4, 0xd6, 0xd7, 0xd9, 0xda, 0xdb, 0xdd, 0xdd, 0xe1, 0xe3, 0xe3, 0xe5, 0xe7, 0xe8, 0xeb, 0xeb, 0xed, 0xed, 0xee, 0xee, 0xee, 0xee,
    0xee, 0xee, 0xf5, 0xf5, 0xf5, 0xee, 0xee, 0xed, 0xed, 0xed, 0xed, 0xed, 0xeb, 0xe8, 0xe8, 0xe7, 0xe5, 0xe3, 0xe3, 0xe2, 0xe1, 0xe1, 0xdc, 0xd9,
    0xd9, 0xd9, 0xd8, 0xd5, 0xd5, 0xd5, 0xd3, 0xd0, 0xd0, 0xcf, 0xcf, 0xcc, 0xcb, 0xc9, 0xc7, 0xc6, 0xc6, 0xc3, 0xc2, 0xc2, 0xbc, 0xba, 0xb9, 0xb9,
    0xb8, 0xb3, 0xb3, 0xaf, 0xaf, 0xa6, 0x9b, 0x97, 0x8f, 0x8e, 0x8e, 0x89, 0x88, 0x88, 0x88, 0x7d, 0x7d, 0x76, 0x76, 0x75, 0x74, 0x74, 0x74, 0x70,
    0x70, 0x70, 0x70, 0x70, 0x70, 0x70, 0x70, 0x70, 0x69, 0x69, 0x70, 0x70, 0x70, 0x70, 0x70, 0x70, 0x70, 0x70, 0x70, 0x70, 0x70, 0x70, 0x74, 0x74,
    0x74, 0x74, 0x74, 0x74, 0x75, 0x75, 0x75, 0x75, 0x76, 0x76, 0x76, 0x76, 0x76, 0x76, 0x77, 0x77, 0x7d, 0x7d, 0x7d, 0x7d, 0x7d, 0x7d, 0x7d, 0x7d,
    0x54, 0x54, 0x54, 0x54, 0x56, 0x56, 0x57, 0x57, 0x57, 0x52, 0x4b, 0x4b, 0x4d, 0x4b, 0x46, 0x46, 0x43, 0x43, 0x3a, 0x39, 0x3a, 0x3a, 0x39, 0x39,
    0x39, 0x39, 0x39, 0x36, 0x36, 0x36, 0x36, 0x36, 0x36, 0x2f, 0x2f, 0x2f, 0x2b, 0x2b, 0x2b, 0x2a, 0x2a, 0x2a, 0x2a, 0x2a, 0x2a, 0x24, 0x23, 0x23,
    0x23, 0x23, 0x23, 0x21, 0x21, 0x21, 0x21, 0x21, 0x1e, 0x1e, 0x1f, 0x1c, 0x1c, 0x1c, 0x1c, 0x1c, 0x1c, 0x1c, 0x19, 0x18, 0x18, 0x18, 0x18, 0x18,
    0x18, 0x14, 0x14, 0x14, 0x13, 0x13, 0x13, 0x10, 0x13, 0x12, 0x0f, 0x0f, 0x0f, 0x0f, 0x0e, 0x0e, 0x0e, 0x0e, 0x0c, 0x09, 0x09, 0x09, 0x09, 0x08,
    0x08, 0x08, 0x08, 0x08, 0x08, 0x08, 0x05, 0x04, 0x04, 0x04, 0x04, 0x04, 0x04, 0x04, 0x03, 0x04, 0x03, 0x04, 0x04, 0x04, 0x03, 0x04, 0x04, 0x03,
    0x03, 0x01, 0x01, 0x03, 0x01, 0x03, 0x00, 0x01, 0x01, 0x00, 0x00, 0x00, 0x00, 0x00, 0x00, 0x00, 0x00, 0x00, 0x00, 0x03, 0x04, 0x04, 0x04, 0x04,
    0x04, 0x04, 0x06, 0x06, 0x07, 0x07, 0x07, 0x07, 0x08, 0x08, 0x08, 0x08, 0x09, 0x09, 0x0c, 0x09, 0x09, 0x0c, 0x09, 0x0c, 0x0c, 0x0c, 0x0c, 0x0c,
    0x0c, 0x0c, 0x0e, 0x0e, 0x0e, 0x0e, 0x0e, 0x0f, 0x0f, 0x0f, 0x0f, 0x11, 0x11, 0x13, 0x13, 0x13, 0x13, 0x14, 0x14, 0x13, 0x14, 0x1c, 0x24, 0x2d,
    0x2e, 0x3a, 0x42, 0x48, 0x4f, 0x52, 0x52, 0x50, 0x52, 0x52, 0x52, 0x52, 0x52, 0x52, 0x52, 0x52, 0x52, 0x52, 0x52, 0x52, 0x52, 0x52, 0x52, 0x52,
    0x52, 0x52, 0x53, 0x53, 0x53, 0x53, 0x53, 0x56, 0x56, 0x56, 0x56, 0x56, 0x56, 0x56, 0x56, 0x57, 0x57, 0x59, 0x59, 0x58, 0x58, 0x59, 0x59, 0x59,
    0x59, 0x5a, 0x5a, 0x5a, 0x5a, 0x5a, 0x5b, 0x5b, 0x5d, 0x5d, 0x5d, 0x5d, 0x5d, 0x5d, 0x5d, 0x5d, 0x5d, 0x5d, 0x61, 0x61, 0x61, 0x61, 0x61, 0x61,
    0x61, 0x61, 0x61, 0x61, 0x61, 0x61, 0x61, 0x61, 0x61, 0x61, 0x61, 0x61, 0x61, 0x61, 0x61, 0x61, 0x61, 0x60, 0x60, 0x60, 0x60, 0x60, 0x60, 0x60,
    0x60, 0x60, 0x60, 0x60, 0x60, 0x60, 0x60, 0x60, 0x60, 0x60, 0x60, 0x67, 0x67, 0x67, 0x67, 0x67, 0x67, 0x67, 0x70, 0x70, 0x70, 0x70, 0x75, 0x77,
    0x88, 0x88, 0x88, 0x8e, 0x8f, 0x8f, 0x9b, 0xaa, 0xb0, 0xb0, 0xb5, 0xb4, 0xbb, 0xba, 0xc2, 0xc2, 0xc4, 0xc5, 0xc8, 0xc8, 0xcb, 0xcc, 0xcf, 0xcf,
    0xd2, 0xd3, 0xd4, 0xd6, 0xd7, 0xd7, 0xda, 0xdb, 0xdd, 0xdd, 0xe1, 0xe3, 0xe3, 0xe5, 0xe7, 0xe9, 0xeb, 0xeb, 0xed, 0xed, 0xee, 0xee, 0xee, 0xee,
    0xee, 0xee, 0xee, 0xf5, 0xf5, 0xee, 0xee, 0xed, 0xed, 0xed, 0xed, 0xed, 0xeb, 0xe8, 0xe8, 0xe7, 0xe7, 0xe3, 0xe3, 0xe2, 0xe1, 0xe1, 0xdc, 0xd9,
    0xd9, 0xd9, 0xd8, 0xd5, 0xd5, 0xd5, 0xd3, 0xd0, 0xd0, 0xcf, 0xcf, 0xcc, 0xcb, 0xc9, 0xc7, 0xc6, 0xc6, 0xc3, 0xc2, 0xc2, 0xbc, 0xbc, 0xba, 0xb9,
    0xb8, 0xb3, 0xb3, 0xaf, 0xaf, 0xa6, 0xa6, 0x97, 0x97, 0x8e, 0x8e, 0x89, 0x89, 0x88, 0x88, 0x7d, 0x7d, 0x76, 0x76, 0x76, 0x75, 0x74, 0x74, 0x70,
    0x70, 0x70, 0x70, 0x70, 0x70, 0x70, 0x70, 0x70, 0x70, 0x69, 0x70, 0x70, 0x70, 0x70, 0x70, 0x70, 0x70, 0x70, 0x70, 0x70, 0x70, 0x70, 0x74, 0x74,
    0x74, 0x74, 0x74, 0x74, 0x75, 0x75, 0x75, 0x75, 0x76, 0x76, 0x76, 0x76, 0x76, 0x76, 0x77, 0x77, 0x7d, 0x7d, 0x7d, 0x7d, 0x7d, 0x7d, 0x7d, 0x7d,
    0x54, 0x54, 0x54, 0x54, 0x56, 0x56, 0x57, 0x57, 0x57, 0x52, 0x4b, 0x4b, 0x4d, 0x4a, 0x46, 0x46, 0x43, 0x43, 0x3a, 0x39, 0x39, 0x39, 0x39, 0x39,
    0x39, 0x39, 0x36, 0x36, 0x36, 0x36, 0x36, 0x36, 0x36, 0x2f, 0x2f, 0x2b, 0x2b, 0x2b, 0x2a, 0x2a, 0x2a, 0x2a, 0x2a, 0x24, 0x24, 0x24, 0x23, 0x23,
    0x23, 0x23, 0x21, 0x21, 0x21, 0x21, 0x21, 0x1e, 0x1e, 0x1f, 0x1c, 0x1c, 0x1c, 0x1c, 0x1c, 0x1c, 0x1c, 0x1c, 0x18, 0x18, 0x18, 0x18, 0x18, 0x18,
    0x18, 0x14, 0x14, 0x13, 0x13, 0x13, 0x13, 0x10, 0x0f, 0x0f, 0x0f, 0x0f, 0x0f, 0x0e, 0x0e, 0x09, 0x0e, 0x0c, 0x0c, 0x09, 0x09, 0x09, 0x08, 0x08,
    0x08, 0x08, 0x08, 0x08, 0x08, 0x06, 0x04, 0x04, 0x05, 0x04, 0x04, 0x06, 0x04, 0x04, 0x04, 0x05, 0x03, 0x04, 0x03, 0x03, 0x03, 0x00, 0x00, 0x03,
    0x00, 0x01, 0x01, 0x03, 0x01, 0x01, 0x01, 0x01, 0x00, 0x00, 0x00, 0x00, 0x00, 0x00, 0x00, 0x00, 0x00, 0x03, 0x00, 0x00, 0x04, 0x04, 0x04, 0x04,
    0x04, 0x04, 0x04, 0x05, 0x05, 0x07, 0x07, 0x07, 0x07, 0x08, 0x08, 0x08, 0x08, 0x09, 0x09, 0x09, 0x09, 0x09, 0x09, 0x09, 0x0c, 0x0c, 0x0c, 0x0c,
    0x0c, 0x0c, 0x0e, 0x0e, 0x0e, 0x0e, 0x0e, 0x0f, 0x0f, 0x0f, 0x0f, 0x0f, 0x11, 0x11, 0x12, 0x13, 0x13, 0x13, 0x13, 0x13, 0x14, 0x1c, 0x21, 0x2a,
    0x2e, 0x3a, 0x42, 0x48, 0x4f, 0x52, 0x52, 0x52, 0x52, 0x52, 0x52, 0x52, 0x52, 0x52, 0x52, 0x52, 0x52, 0x52, 0x52, 0x52, 0x52, 0x52, 0x52, 0x52,
    0x52, 0x53, 0x53, 0x53, 0x53, 0x53, 0x53, 0x56, 0x56, 0x56, 0x56, 0x56, 0x56, 0x56, 0x56, 0x57, 0x58, 0x59, 0x58, 0x58, 0x59, 0x59, 0x59, 0x59,
    0x59, 0x5a, 0x5a, 0x5a, 0x5a, 0x5a, 0x5b, 0x5b, 0x5d, 0x5d, 0x5d, 0x5d, 0x5d, 0x5d, 0x5d, 0x5d, 0x5d, 0x5d, 0x61, 0x61, 0x61, 0x61, 0x61, 0x61,
    0x61, 0x61, 0x61, 0x61, 0x61, 0x61, 0x61, 0x61, 0x61, 0x61, 0x61, 0x61, 0x61, 0x61, 0x61, 0x61, 0x61, 0x61, 0x60, 0x60, 0x60, 0x60, 0x61, 0x60,
    0x60, 0x60, 0x60, 0x60, 0x60, 0x60, 0x60, 0x60, 0x60, 0x60, 0x60, 0x67, 0x67, 0x67, 0x67, 0x67, 0x67, 0x67, 0x70, 0x70, 0x70, 0x75, 0x75, 0x77,
    0x88, 0x88, 0x88, 0x8e, 0x8f, 0x8f, 0x9b, 0xaa, 0xb0, 0xb0, 0xb5, 0xb4, 0xbb, 0xba, 0xc2, 0xc2, 0xc4, 0xc5, 0xc8, 0xc8, 0xcb, 0xcc, 0xcf, 0xcf,
    0xd2, 0xd3, 0xd4, 0xd6, 0xd7, 0xd7, 0xda, 0xdb, 0xdd, 0xdd, 0xe1, 0xe2, 0xe3, 0xe5, 0xe7, 0xe9, 0xe9, 0xeb, 0xed, 0xed, 0xee, 0xee, 0xee, 0xee,
    0xee, 0xee, 0xee, 0xee, 0xee, 0xee, 0xee, 0xed, 0xed, 0xed, 0xed, 0xed, 0xeb, 0xe8, 0xe8, 0xe7, 0xe7, 0xe3, 0xe3, 0xe2, 0xe1, 0xe1, 0xdc, 0xd9,
    0xd9, 0xd9, 0xd8, 0xd5, 0xd5, 0xd5, 0xd3, 0xd0, 0xd0, 0xcf, 0xcf, 0xcc, 0xcb, 0xcb, 0xc9, 0xc7, 0xc6, 0xc3, 0xc2, 0xc2, 0xc1, 0xbc, 0xba, 0xb9,
    0xb8, 0xb8, 0xb3, 0xb0, 0xaf, 0xa6, 0xa6, 0x9b, 0x97, 0x8e, 0x8e, 0x89, 0x89, 0x88, 0x88, 0x7d, 0x7d, 0x76, 0x76, 0x76, 0x75, 0x74, 0x74, 0x74,
    0x70, 0x70, 0x70, 0x70, 0x70, 0x70, 0x70, 0x70, 0x70, 0x70, 0x70, 0x70, 0x70, 0x70, 0x70, 0x70, 0x70, 0x70, 0x70, 0x70, 0x70, 0x70, 0x74, 0x74,
    0x74, 0x74, 0x74, 0x74, 0x74, 0x75, 0x75, 0x75, 0x76, 0x76, 0x76, 0x76, 0x76, 0x76, 0x77, 0x77, 0x7d, 0x7d, 0x7d, 0x7d, 0x7d, 0x7d, 0x7d, 0x7d,
    0x54, 0x54, 0x54, 0x54, 0x56, 0x56, 0x57, 0x57, 0x57, 0x52, 0x4b, 0x4b, 0x4d, 0x4a, 0x46, 0x46, 0x43, 0x43, 0x3a, 0x39, 0x39, 0x39, 0x39, 0x39,
    0x39, 0x39, 0x36, 0x36, 0x36, 0x36, 0x36, 0x36, 0x36, 0x2f, 0x2f, 0x2b, 0x2a, 0x2a, 0x2a, 0x2a, 0x2a, 0x2a, 0x2a, 0x2a, 0x24, 0x24, 0x23, 0x23,
    0x23, 0x23, 0x21, 0x21, 0x21, 0x21, 0x21, 0x1e, 0x1e, 0x1f, 0x1c, 0x1c, 0x1c, 0x1c, 0x1c, 0x1c, 0x1c, 0x1c, 0x18, 0x18, 0x18, 0x18, 0x18, 0x18,
    0x15, 0x14, 0x14, 0x13, 0x13, 0x13, 0x13, 0x0f, 0x0f, 0x0f, 0x0f, 0x0f, 0x0e, 0x0e, 0x09, 0x09, 0x0e, 0x0c, 0x09, 0x0c, 0x0c, 0x09, 0x08, 0x08,
    0x08, 0x08, 0x08, 0x08, 0x06, 0x05, 0x04, 0x04, 0x04, 0x04, 0x04, 0x03, 0x05, 0x06, 0x03, 0x00, 0x00, 0x00, 0x00, 0x00, 0x00, 0x22, 0x29, 0x0f,
    0x17, 0x03, 0x05, 0x00, 0x00, 0x00, 0x00, 0x01, 0x00, 0x00, 0x00, 0x00, 0x00, 0x00, 0x00, 0x00, 0x00, 0x00, 0x00, 0x00, 0x03, 0x04, 0x04, 0x04,
    0x04, 0x04, 0x04, 0x05, 0x06, 0x07, 0x07, 0x07, 0x08, 0x08, 0x08, 0x08, 0x08, 0x08, 0x09, 0x09, 0x09, 0x09, 0x09, 0x09, 0x09, 0x09, 0x0c, 0x0c,
    0x0c, 0x09, 0x0c, 0x0e, 0x0c, 0x0c, 0x0e, 0x0f, 0x0f, 0x0f, 0x0f, 0x0f, 0x0f, 0x0f, 0x12, 0x13, 0x13, 0x13, 0x13, 0x13, 0x14, 0x1c, 0x21, 0x2d,
    0x2e, 0x3a, 0x42, 0x48, 0x4f, 0x50, 0x52, 0x52, 0x52, 0x52, 0x52, 0x52, 0x52, 0x52, 0x52, 0x52, 0x52, 0x52, 0x52, 0x52, 0x52, 0x52, 0x52, 0x52,
    0x52, 0x53, 0x53, 0x53, 0x53, 0x53, 0x56, 0x56, 0x56, 0x56, 0x56, 0x56, 0x56, 0x56, 0x56, 0x57, 0x58, 0x59, 0x58, 0x58, 0x59, 0x59, 0x59, 0x59,
    0x59, 0x5a, 0x5a, 0x5a, 0x5a, 0x5b, 0x5b, 0x5d, 0x5d, 0x5d, 0x5d, 0x5d, 0x5d, 0x5d, 0x5d, 0x61, 0x61, 0x5d, 0x61, 0x61, 0x61, 0x61, 0x61, 0x61,
    0x61, 0x61, 0x61, 0x61, 0x61, 0x61, 0x61, 0x61, 0x61, 0x61, 0x61, 0x61, 0x61, 0x61, 0x61, 0x61, 0x61, 0x61, 0x60, 0x60, 0x61, 0x60, 0x61, 0x60,
    0x60, 0x60, 0x60, 0x60, 0x60, 0x61, 0x60, 0x61, 0x61, 0x60, 0x60, 0x67, 0x67, 0x67, 0x67, 0x67, 0x67, 0x67, 0x70, 0x70, 0x70, 0x75, 0x75, 0x77,
    0x88, 0x88, 0x89, 0x8e, 0x8f, 0x8f, 0x9b, 0xaa, 0xb0, 0xb0, 0xb5, 0xb4, 0xbb, 0xba, 0xc2, 0xc2, 0xc4, 0xc5, 0xc8, 0xc8, 0xcb, 0xcc, 0xcf, 0xcf,
    0xd2, 0xd3, 0xd4, 0xd6, 0xd7, 0xd7, 0xda, 0xdb, 0xdd, 0xdd, 0xe1, 0xe2, 0xe3, 0xe5, 0xe5, 0xe9, 0xe9, 0xeb, 0xed, 0xed, 0xee, 0xee, 0xee, 0xee,
    0xee, 0xee, 0xee, 0xee, 0xee, 0xee, 0xee, 0xed, 0xed, 0xed, 0xed, 0xed, 0xeb, 0xe8, 0xe8, 0xe7, 0xe7, 0xe3, 0xe3, 0xe2, 0xe1, 0xe1, 0xdc, 0xdc,
    0xd9, 0xd9, 0xd8, 0xd8, 0xd5, 0xd5, 0xd3, 0xd3, 0xd2, 0xd0, 0xcf, 0xcc, 0xcc, 0xcb, 0xc9, 0xc7, 0xc6, 0xc6, 0xc3, 0xc2, 0xc2, 0xbc, 0xba, 0xb9,
    0xb9, 0xb8, 0xb3, 0xb3, 0xaf, 0xaf, 0xa6, 0x9b, 0x97, 0x8e, 0x8e, 0x8e, 0x89, 0x88, 0x88, 0x7d, 0x7d, 0x7d, 0x76, 0x76, 0x75, 0x74, 0x74, 0x74,
    0x70, 0x70, 0x70, 0x70, 0x70, 0x70, 0x70, 0x70, 0x70, 0x70, 0x70, 0x70, 0x70, 0x70, 0x70, 0x70, 0x70, 0x70, 0x70, 0x70, 0x70, 0x70, 0x74, 0x74,
    0x74, 0x74, 0x74, 0x74, 0x74, 0x75, 0x75, 0x75, 0x76, 0x76, 0x76, 0x76, 0x76, 0x76, 0x76, 0x77, 0x7d, 0x7d, 0x7d, 0x7d, 0x7d, 0x7d, 0x7d, 0x7d,
    0x54, 0x54, 0x54, 0x54, 0x56, 0x56, 0x57, 0x57, 0x57, 0x52, 0x4b, 0x4b, 0x4d, 0x4a, 0x46, 0x46, 0x43, 0x3a, 0x3a, 0x3a, 0x39, 0x39, 0x39, 0x39,
    0x39, 0x39, 0x36, 0x36, 0x36, 0x36, 0x36, 0x36, 0x2f, 0x2f, 0x2f, 0x2b, 0x2a, 0x2a, 0x2a, 0x2a, 0x2a, 0x2a, 0x2a, 0x2a, 0x24, 0x24, 0x23, 0x23,
    0x23, 0x23, 0x21, 0x21, 0x21, 0x1e, 0x21, 0x1e, 0x1e, 0x1c, 0x1c, 0x1c, 0x1c, 0x1c, 0x1c, 0x1c, 0x1c, 0x1c, 0x18, 0x18, 0x18, 0x18, 0x18, 0x18,
    0x14, 0x15, 0x13, 0x13, 0x13, 0x10, 0x0f, 0x0f, 0x0f, 0x0f, 0x0f, 0x0f, 0x0f, 0x0e, 0x09, 0x09, 0x0e, 0x0c, 0x09, 0x0c, 0x0c, 0x09, 0x09, 0x08,
    0x08, 0x08, 0x08, 0x05, 0x05, 0x05, 0x05, 0x04, 0x04, 0x04, 0x04, 0x05, 0x01, 0x00, 0x00, 0x11, 0x3a, 0x4b, 0xd0, 0xd5, 0xcc, 0xe0, 0x8e, 0x8e,
    0xd0, 0x69, 0xc1, 0x4f, 0x2e, 0x05, 0x03, 0x00, 0x00, 0x03, 0x00, 0x00, 0x00, 0x00, 0x00, 0x00, 0x00, 0x00, 0x00, 0x00, 0x00, 0x03, 0x04, 0x04,
    0x04, 0x04, 0x04, 0x04, 0x04, 0x04, 0x07, 0x07, 0x07, 0x07, 0x08, 0x08, 0x08, 0x08, 0x08, 0x08, 0x09, 0x0c, 0x09, 0x09, 0x09, 0x09, 0x09, 0x0c,
    0x0c, 0x09, 0x0c, 0x0c, 0x0c, 0x0c, 0x0e, 0x0f, 0x0f, 0x0f, 0x0f, 0x0f, 0x0f, 0x0f, 0x0f, 0x12, 0x12, 0x13, 0x13, 0x13, 0x13, 0x1c, 0x24, 0x2d,
    0x2e, 0x3a, 0x42, 0x48, 0x4f, 0x52, 0x52, 0x52, 0x52, 0x52, 0x52, 0x52, 0x52, 0x52, 0x52, 0x52, 0x52, 0x52, 0x52, 0x52, 0x52, 0x52, 0x52, 0x52,
    0x52, 0x53, 0x53, 0x53, 0x53, 0x54, 0x56, 0x56, 0x56, 0x56, 0x56, 0x56, 0x56, 0x56, 0x57, 0x58, 0x58, 0x58, 0x58, 0x59, 0x59, 0x59, 0x59, 0x59,
    0x5a, 0x5a, 0x5a, 0x5a, 0x5b, 0x5b, 0x5b, 0x5d, 0x5d, 0x5d, 0x5d, 0x5d, 0x5d, 0x5d, 0x61, 0x61, 0x61, 0x61, 0x61, 0x61, 0x61, 0x61, 0x61, 0x62,
    0x61, 0x61, 0x61, 0x61, 0x61, 0x61, 0x61, 0x61, 0x61, 0x61, 0x61, 0x61, 0x61, 0x61, 0x61, 0x61, 0x61, 0x61, 0x61, 0x60, 0x61, 0x60, 0x61, 0x61,
    0x60, 0x61, 0x61, 0x60, 0x60, 0x61, 0x61, 0x61, 0x61, 0x67, 0x67, 0x67, 0x67, 0x67, 0x67, 0x67, 0x67, 0x67, 0x70, 0x70, 0x70, 0x75, 0x75, 0x77,
    0x88, 0x88, 0x89, 0x8e, 0x8f, 0x8f, 0x9b, 0xaa, 0xb0, 0xb0, 0xb5, 0xb4, 0xbb, 0xba, 0xc2, 0xc2, 0xc4, 0xc4, 0xc8, 0xc8, 0xcb, 0xcc, 0xcf, 0xcf,
    0xd2, 0xd3, 0xd4, 0xd6, 0xd7, 0xd7, 0xda, 0xdb, 0xdb, 0xdd, 0xe1, 0xe2, 0xe3, 0xe5, 0xe5, 0xe9, 0xe9, 0xeb, 0xed, 0xed, 0xee, 0xee, 0xee, 0xee,
    0xee, 0xee, 0xee, 0xee, 0xee, 0xee, 0xee, 0xed, 0xed, 0xed, 0xed, 0xed, 0xeb, 0xe8, 0xe8, 0xe7, 0xe7, 0xe3, 0xe3, 0xe2, 0xe2, 0xe1, 0xdc, 0xdc,
    0xd9, 0xd9, 0xd9, 0xd8, 0xd5, 0xd5, 0xd3, 0xd3, 0xd0, 0xd0, 0xcf, 0xcf, 0xcc, 0xcb, 0xc9, 0xc7, 0xc6, 0xc6, 0xc3, 0xc2, 0xc2, 0xbc, 0xba, 0xb9,
    0xb9, 0xb8, 0xb3, 0xb3, 0xaf, 0xaf, 0xa6, 0x9b, 0x97, 0x8f, 0x8e, 0x8e, 0x89, 0x88, 0x88, 0x88, 0x7d, 0x7d, 0x76, 0x76, 0x75, 0x74, 0x74, 0x74,
    0x70, 0x70, 0x70, 0x70, 0x70, 0x70, 0x70, 0x70, 0x70, 0x70, 0x70, 0x70, 0x70, 0x70, 0x70, 0x70, 0x70, 0x70, 0x70, 0x70, 0x70, 0x70, 0x74, 0x74,
    0x74, 0x74, 0x74, 0x74, 0x74, 0x75, 0x75, 0x75, 0x76, 0x76, 0x76, 0x76, 0x76, 0x76, 0x76, 0x77, 0x7d, 0x7d, 0x7d, 0x7d, 0x7d, 0x7d, 0x7d, 0x7d,
    0x54, 0x54, 0x54, 0x54, 0x56, 0x56, 0x57, 0x57, 0x57, 0x52, 0x4b, 0x4b, 0x4d, 0x4a, 0x46, 0x46, 0x43, 0x3a, 0x39, 0x39, 0x39, 0x39, 0x39, 0x39,
    0x36, 0x36, 0x36, 0x36, 0x36, 0x36, 0x36, 0x2b, 0x26, 0x26, 0x2a, 0x2a, 0x2a, 0x2a, 0x2a, 0x2a, 0x2a, 0x2a, 0x2a, 0x2a, 0x23, 0x23, 0x23, 0x23,
    0x23, 0x23, 0x21, 0x21, 0x21, 0x21, 0x21, 0x1e, 0x21, 0x1f, 0x1c, 0x1c, 0x1c, 0x1c, 0x1c, 0x1b, 0x18, 0x18, 0x18, 0x18, 0x18, 0x18, 0x18, 0x14,
    0x14, 0x14, 0x14, 0x13, 0x13, 0x0f, 0x0f, 0x0f, 0x0f, 0x0e, 0x0e, 0x0e, 0x0e, 0x0c, 0x0e, 0x0e, 0x0c, 0x0c, 0x0c, 0x09, 0x09, 0x08, 0x08, 0x08,
    0x08, 0x08, 0x05, 0x05, 0x04, 0x04, 0x05, 0x05, 0x04, 0x04, 0x06, 0x00, 0x00, 0x1f, 0x46, 0xaf, 0xd8, 0xcb, 0xbf, 0xc6, 0xd0, 0x7c, 0x5f, 0xd0,
    0xb7, 0xd0, 0xd0, 0xd8, 0xc6, 0xd8, 0x46, 0x1f, 0x06, 0x00, 0x00, 0x03, 0x00, 0x00, 0x00, 0x00, 0x01, 0x00, 0x00, 0x00, 0x00, 0x01, 0x03, 0x04,
    0x04, 0x04, 0x04, 0x04, 0x04, 0x05, 0x04, 0x07, 0x07, 0x07, 0x07, 0x08, 0x08, 0x08, 0x08, 0x09, 0x09, 0x08, 0x09, 0x09, 0x09, 0x09, 0x09, 0x0c,
    0x0c, 0x0c, 0x0c, 0x0e, 0x0e, 0x0c, 0x0c, 0x0e, 0x0e, 0x0f, 0x0f, 0x0f, 0x0f, 0x0f, 0x0f, 0x0f, 0x11, 0x11, 0x13, 0x13, 0x14, 0x1c, 0x21, 0x29,
    0x36, 0x3a, 0x42, 0x48, 0x4f, 0x52, 0x52, 0x52, 0x52, 0x52, 0x52, 0x52, 0x52, 0x52, 0x52, 0x52, 0x52, 0x52, 0x52, 0x52, 0x52, 0x52, 0x52, 0x52,
    0x52, 0x53, 0x53, 0x53, 0x54, 0x56, 0x56, 0x56, 0x56, 0x56, 0x56, 0x56, 0x56, 0x56, 0x57, 0x58, 0x58, 0x58, 0x59, 0x59, 0x59, 0x59, 0x59, 0x5a,
    0x5a, 0x5a, 0x5a, 0x5a, 0x5b, 0x5b, 0x5d, 0x5d, 0x5d, 0x5d, 0x5d, 0x5d, 0x5d, 0x5d, 0x61, 0x61, 0x61, 0x61, 0x61, 0x61, 0x61, 0x61, 0x61, 0x62,
    0x62, 0x61, 0x61, 0x61, 0x61, 0x61, 0x61, 0x61, 0x61, 0x61, 0x61, 0x61, 0x61, 0x61, 0x61, 0x61, 0x61, 0x61, 0x61, 0x61, 0x61, 0x61, 0x61, 0x61,
    0x61, 0x61, 0x61, 0x60, 0x60, 0x61, 0x61, 0x67, 0x67, 0x67, 0x67, 0x67, 0x67, 0x67, 0x67, 0x67, 0x67, 0x70, 0x70, 0x70, 0x70, 0x75, 0x75, 0x77,
    0x88, 0x88, 0x89, 0x8f, 0x8f, 0x8f, 0x9b, 0xaa, 0xb0, 0xb0, 0xb5, 0xb4, 0xbb, 0xba, 0xc2, 0xc2, 0xc4, 0xc4, 0xc8, 0xc8, 0xcb, 0xcc, 0xcf, 0xcf,
    0xd2, 0xd3, 0xd4, 0xd6, 0xd7, 0xd7, 0xda, 0xdb, 0xdb, 0xdd, 0xe1, 0xe2, 0xe3, 0xe5, 0xe5, 0xe7, 0xe9, 0xeb, 0xeb, 0xed, 0xee, 0xee, 0xee, 0xee,
    0xee, 0xee, 0xee, 0xee, 0xee, 0xee, 0xed, 0xed, 0xed, 0xed, 0xed, 0xed, 0xeb, 0xe8, 0xe8, 0xe7, 0xe7, 0xe3, 0xe3, 0xe2, 0xe2, 0xe1, 0xdc, 0xdc,
    0xd9, 0xd9, 0xd9, 0xd8, 0xd5, 0xd5, 0xd3, 0xd3, 0xd0, 0xd0, 0xcf, 0xcf, 0xcc, 0xcb, 0xc9, 0xc7, 0xc6, 0xc6, 0xc3, 0xc2, 0xc2, 0xbc, 0xbc, 0xba,
    0xb9, 0xb8, 0xb3, 0xb0, 0xaf, 0xaf, 0xa6, 0xa6, 0x97, 0x97, 0x8e, 0x8e, 0x89, 0x89, 0x88, 0x88, 0x7d, 0x7d, 0x76, 0x76, 0x76, 0x75, 0x74, 0x74,
    0x70, 0x70, 0x70, 0x70, 0x70, 0x70, 0x70, 0x70, 0x70, 0x70, 0x70, 0x70, 0x70, 0x70, 0x70, 0x70, 0x70, 0x70, 0x70, 0x70, 0x70, 0x70, 0x74, 0x74,
    0x74, 0x74, 0x74, 0x74, 0x74, 0x75, 0x75, 0x75, 0x76, 0x76, 0x76, 0x76, 0x76, 0x76, 0x76, 0x77, 0x7d, 0x7d, 0x7d, 0x7d, 0x7d, 0x7d, 0x7d, 0x7d,
    0x54, 0x54, 0x54, 0x54, 0x54, 0x56, 0x57, 0x57, 0x57, 0x52, 0x4b, 0x4b, 0x4d, 0x4a, 0x46, 0x46, 0x43, 0x3a, 0x39, 0x39, 0x39, 0x39, 0x39, 0x39,
    0x36, 0x36, 0x36, 0x36, 0x36, 0x36, 0x2f, 0x24, 0x21, 0x23, 0x2a, 0x2a, 0x2a, 0x2a, 0x2a, 0x2a, 0x2a, 0x2a, 0x2a, 0x24, 0x23, 0x23, 0x23, 0x23,
    0x23, 0x21, 0x21, 0x21, 0x21, 0x21, 0x21, 0x1e, 0x1e, 0x1e, 0x1c, 0x1c, 0x1c, 0x1c, 0x1c, 0x1b, 0x18, 0x18, 0x18, 0x18, 0x18, 0x18, 0x18, 0x14,
    0x14, 0x14, 0x13, 0x13, 0x13, 0x0f, 0x0f, 0x0f, 0x0f, 0x0e, 0x0e, 0x0e, 0x0e, 0x0c, 0x0e, 0x0e, 0x0c, 0x0c, 0x09, 0x09, 0x09, 0x07, 0x07, 0x08,
    0x08, 0x06, 0x05, 0x05, 0x05, 0x04, 0x04, 0x04, 0x05, 0x06, 0x00, 0x16, 0x46, 0xd0, 0xcb, 0x7c, 0xb7, 0xb7, 0xb7, 0xb7, 0xb7, 0xc6, 0xc6, 0xb7,
    0xb7, 0xd0, 0xb7, 0xb7, 0xd0, 0xcc, 0xd8, 0xd8, 0x55, 0x22, 0x0f, 0x00, 0x03, 0x01, 0x00, 0x00, 0x00, 0x01, 0x00, 0x01, 0x00, 0x01, 0x01, 0x03,
    0x04, 0x04, 0x04, 0x04, 0x05, 0x04, 0x04, 0x07, 0x07, 0x07, 0x07, 0x08, 0x08, 0x08, 0x08, 0x09, 0x09, 0x09, 0x09, 0x09, 0x0c, 0x09, 0x09, 0x0c,
    0x0c, 0x0c, 0x0c, 0x0c, 0x0c, 0x0c, 0x0c, 0x0e, 0x0e, 0x0f, 0x0f, 0x0f, 0x0f, 0x11, 0x0f, 0x0f, 0x11, 0x11, 0x13, 0x13, 0x14, 0x1c, 0x21, 0x29,
    0x36, 0x3a, 0x42, 0x48, 0x4f, 0x52, 0x52, 0x52, 0x52, 0x52, 0x52, 0x52, 0x52, 0x52, 0x52, 0x52, 0x52, 0x52, 0x52, 0x52, 0x52, 0x52, 0x52, 0x52,
    0x52, 0x53, 0x53, 0x53, 0x54, 0x56, 0x56, 0x56, 0x56, 0x56, 0x56, 0x56, 0x56, 0x56, 0x58, 0x58, 0x58, 0x59, 0x58, 0x59, 0x59, 0x59, 0x5a, 0x5a,
    0x5a, 0x5a, 0x5a, 0x5b, 0x5b, 0x5d, 0x5d, 0x5d, 0x5d, 0x5d, 0x5d, 0x5d, 0x61, 0x61, 0x61, 0x61, 0x62, 0x61, 0x61, 0x62, 0x61, 0x61, 0x61, 0x62,
    0x62, 0x61, 0x61, 0x61, 0x61, 0x61, 0x61, 0x61, 0x61, 0x61, 0x61, 0x61, 0x61, 0x61, 0x61, 0x61, 0x61, 0x61, 0x61, 0x61, 0x61, 0x61, 0x61, 0x61,
    0x61, 0x61, 0x61, 0x61, 0x61, 0x61, 0x61, 0x67, 0x67, 0x67, 0x67, 0x67, 0x67, 0x67, 0x67, 0x67, 0x67, 0x70, 0x70, 0x70, 0x70, 0x75, 0x77, 0x77,
    0x88, 0x88, 0x89, 0x8f, 0x8f, 0x9b, 0x9b, 0xaa, 0xb0, 0xb0, 0xb4, 0xb4, 0xbb, 0xba, 0xc2, 0xc2, 0xc4, 0xc4, 0xc8, 0xc8, 0xcb, 0xcc, 0xcf, 0xcf,
    0xd2, 0xd3, 0xd4, 0xd6, 0xd7, 0xd7, 0xda, 0xdb, 0xdb, 0xdd, 0xe1, 0xe2, 0xe3, 0xe5, 0xe5, 0xe7, 0xe8, 0xeb, 0xeb, 0xed, 0xee, 0xee, 0xee, 0xee,
    0xee, 0xee, 0xee, 0xee, 0xee, 0xee, 0xed, 0xed, 0xed, 0xed, 0xed, 0xed, 0xeb, 0xe8, 0xe8, 0xe7, 0xe7, 0xe5, 0xe3, 0xe2, 0xe2, 0xe1, 0xdc, 0xdc,
    0xd9, 0xd9, 0xd9, 0xd8, 0xd5, 0xd5, 0xd5, 0xd3, 0xd0, 0xd0, 0xcf, 0xcf, 0xcc, 0xcb, 0xc9, 0xc7, 0xc6, 0xc6, 0xc3, 0xc2, 0xc2, 0xc1, 0xbc, 0xba,
    0xb9, 0xb8, 0xb8, 0xb3, 0xb0, 0xaf, 0xaf, 0xa6, 0x9b, 0x97, 0x8e, 0x8e, 0x89, 0x89, 0x88, 0x88, 0x7d, 0x7d, 0x76, 0x76, 0x76, 0x75, 0x74, 0x74,
    0x74, 0x70, 0x70, 0x70, 0x70, 0x70, 0x70, 0x70, 0x70, 0x70, 0x70, 0x70, 0x70, 0x70, 0x70, 0x70, 0x70, 0x70, 0x70, 0x70, 0x70, 0x70, 0x74, 0x74,
    0x74, 0x74, 0x74, 0x74, 0x74, 0x75, 0x75, 0x75, 0x76, 0x76, 0x76, 0x76, 0x76, 0x76, 0x76, 0x77, 0x77, 0x7d, 0x7d, 0x7d, 0x7d, 0x7d, 0x7d, 0x7d,
    0x54, 0x54, 0x54, 0x54, 0x54, 0x56, 0x57, 0x57, 0x57, 0x52, 0x4b, 0x4b, 0x4d, 0x4a, 0x46, 0x46, 0x43, 0x3a, 0x39, 0x39, 0x39, 0x39, 0x39, 0x39,
    0x36, 0x36, 0x36, 0x36, 0x36, 0x36, 0x2f, 0x21, 0x21, 0x24, 0x2a, 0x2a, 0x2a, 0x2a, 0x2a, 0x2a, 0x2a, 0x2a, 0x24, 0x24, 0x23, 0x23, 0x23, 0x23,
    0x23, 0x23, 0x21, 0x21, 0x21, 0x21, 0x21, 0x1f, 0x1c, 0x1f, 0x1c, 0x1c, 0x1c, 0x1c, 0x1c, 0x1d, 0x1b, 0x18, 0x18, 0x18, 0x18, 0x18, 0x15, 0x14,
    0x14, 0x13, 0x13, 0x13, 0x13, 0x0f, 0x0f, 0x0f, 0x0f, 0x0e, 0x0e, 0x0e, 0x0e, 0x0c, 0x0c, 0x0c, 0x0c, 0x0c, 0x09, 0x09, 0x08, 0x08, 0x08, 0x07,
    0x07, 0x05, 0x05, 0x05, 0x05, 0x04, 0x03, 0x06, 0x05, 0x00, 0x2d, 0x69, 0xd8, 0x7c, 0xb7, 0x7c, 0xb7, 0xb7, 0xb7, 0xb7, 0xb7, 0xb7, 0xb7, 0xc6,
    0xc6, 0xb7, 0xd0, 0xd0, 0xb7, 0xb7, 0xcc, 0xc6, 0xd0, 0xfd, 0x48, 0x04, 0x00, 0x03, 0x01, 0x03, 0x00, 0x01, 0x01, 0x00, 0x00, 0x00, 0x00, 0x01,
    0x01, 0x04, 0x04, 0x04, 0x04, 0x04, 0x04, 0x04, 0x07, 0x07, 0x07, 0x07, 0x07, 0x08, 0x08, 0x08, 0x09, 0x09, 0x09, 0x09, 0x0c, 0x0c, 0x09, 0x09,
    0x0c, 0x0c, 0x0c, 0x0c, 0x0c, 0x0e, 0x0e, 0x0e, 0x0e, 0x0e, 0x0e, 0x0f, 0x0f, 0x0f, 0x0f, 0x11, 0x11, 0x11, 0x13, 0x13, 0x14, 0x1c, 0x21, 0x29,
    0x36, 0x3a, 0x42, 0x48, 0x4f, 0x52, 0x52, 0x52, 0x52, 0x52, 0x52, 0x52, 0x52, 0x52, 0x52, 0x52, 0x52, 0x52, 0x52, 0x52, 0x52, 0x52, 0x52, 0x53,
    0x53, 0x53, 0x53, 0x53, 0x56, 0x56, 0x56, 0x56, 0x56, 0x56, 0x56, 0x56, 0x56, 0x57, 0x58, 0x58, 0x58, 0x58, 0x58, 0x59, 0x59, 0x5a, 0x5a, 0x5a,
    0x5a, 0x5a, 0x5a, 0x5b, 0x5b, 0x5d, 0x5d, 0x5d, 0x5d, 0x5d, 0x5d, 0x5d, 0x61, 0x61, 0x61, 0x61, 0x62, 0x62, 0x62, 0x62, 0x62, 0x61, 0x61, 0x61,
    0x61, 0x61, 0x61, 0x64, 0x61, 0x61, 0x61, 0x61, 0x61, 0x61, 0x61, 0x61, 0x61, 0x61, 0x61, 0x61, 0x61, 0x61, 0x61, 0x61, 0x61, 0x61, 0x61, 0x61,
    0x61, 0x61, 0x61, 0x61, 0x61, 0x61, 0x61, 0x67, 0x67, 0x67, 0x67, 0x67, 0x67, 0x67, 0x67, 0x67, 0x67, 0x70, 0x70, 0x70, 0x75, 0x75, 0x77, 0x77,
    0x88, 0x88, 0x89, 0x8f, 0x8f, 0x9b, 0x9b, 0xaa, 0xb0, 0xb0, 0xb4, 0xb4, 0xbb, 0xba, 0xc2, 0xc2, 0xc4, 0xc4, 0xc8, 0xc8, 0xcb, 0xcc, 0xce, 0xcf,
    0xd2, 0xd3, 0xd4, 0xd6, 0xd7, 0xd7, 0xda, 0xdb, 0xdb, 0xdd, 0xe1, 0xe2, 0xe3, 0xe5, 0xe5, 0xe7, 0xe8, 0xeb, 0xeb, 0xed, 0xee, 0xee, 0xee, 0xee,
    0xee, 0xee, 0xee, 0xee, 0xee, 0xee, 0xed, 0xed, 0xed, 0xed, 0xed, 0xed, 0xeb, 0xe8, 0xe8, 0xe7, 0xe7, 0xe5, 0xe3, 0xe3, 0xe2, 0xe1, 0xe1, 0xdc,
    0xd9, 0xd9, 0xd9, 0xd8, 0xd5, 0xd5, 0xd5, 0xd3, 0xd2, 0xd0, 0xd0, 0xcf, 0xcc, 0xcc, 0xcb, 0xc9, 0xc7, 0xc6, 0xc6, 0xc3, 0xc2, 0xc2, 0xbc, 0xba,
    0xb9, 0xb9, 0xb8, 0xb3, 0xb3, 0xaf, 0xaf, 0xa6, 0x9b, 0x97, 0x8e, 0x8e, 0x8e, 0x89, 0x88, 0x88, 0x88, 0x7d, 0x7d, 0x76, 0x76, 0x75, 0x74, 0x74,
    0x74, 0x70, 0x70, 0x70, 0x70, 0x70, 0x70, 0x70, 0x70, 0x70, 0x70, 0x70, 0x70, 0x70, 0x70, 0x70, 0x70, 0x70, 0x70, 0x70, 0x70, 0x70, 0x74, 0x74,
    0x74, 0x74, 0x74, 0x74, 0x74, 0x75, 0x75, 0x75, 0x76, 0x76, 0x76, 0x76, 0x76, 0x76, 0x76, 0x77, 0x77, 0x7d, 0x7d, 0x7d, 0x7d, 0x7d, 0x7d, 0x7d,
    0x54, 0x54, 0x54, 0x54, 0x54, 0x56, 0x57, 0x57, 0x57, 0x52, 0x4b, 0x4b, 0x4d, 0x4a, 0x46, 0x46, 0x43, 0x3a, 0x39, 0x39, 0x39, 0x39, 0x39, 0x36,
    0x36, 0x36, 0x36, 0x36, 0x36, 0x2f, 0x2f, 0x24, 0x26, 0x2a, 0x2f, 0x2a, 0x2a, 0x2a, 0x2a, 0x2a, 0x2a, 0x2a, 0x24, 0x24, 0x23, 0x23, 0x23, 0x23,
    0x23, 0x23, 0x21, 0x21, 0x21, 0x21, 0x1e, 0x1c, 0x1c, 0x1c, 0x1c, 0x1c, 0x1c, 0x1c, 0x1c, 0x1b, 0x18, 0x18, 0x18, 0x18, 0x18, 0x18, 0x14, 0x14,
    0x14, 0x13, 0x13, 0x13, 0x12, 0x0f, 0x0f, 0x0f, 0x0f, 0x0e, 0x0e, 0x0e, 0x0e, 0x0c, 0x0c, 0x0c, 0x0c, 0x09, 0x09, 0x08, 0x08, 0x08, 0x08, 0x08,
    0x06, 0x05, 0x05, 0x05, 0x04, 0x05, 0x04, 0x03, 0x05, 0x46, 0xb3, 0x8e, 0x63, 0x7c, 0x63, 0xb7, 0xb7, 0xb7, 0xc6, 0xb7, 0xb7, 0xb7, 0xb7, 0xb7,
    0xbf, 0xb7, 0xd0, 0xb7, 0xc6, 0xc9, 0xbf, 0xbf, 0xbc, 0xd0, 0xcc, 0xba, 0x22, 0x00, 0x01, 0x00, 0x01, 0x00, 0x01, 0x00, 0x00, 0x01, 0x00, 0x00,
    0x01, 0x04, 0x04, 0x04, 0x04, 0x04, 0x04, 0x05, 0x07, 0x07, 0x07, 0x07, 0x07, 0x08, 0x08, 0x08, 0x08, 0x09, 0x08, 0x09, 0x0c, 0x0c, 0x09, 0x09,
    0x0c, 0x0c, 0x0c, 0x0c, 0x0c, 0x0e, 0x0e, 0x0c, 0x0e, 0x0e, 0x0e, 0x0f, 0x0f, 0x0f, 0x0f, 0x11, 0x11, 0x11, 0x11, 0x13, 0x14, 0x1c, 0x21, 0x29,
    0x36, 0x3a, 0x42, 0x48, 0x4f, 0x52, 0x52, 0x52, 0x52, 0x52, 0x52, 0x52, 0x52, 0x52, 0x52, 0x52, 0x52, 0x52, 0x52, 0x52, 0x52, 0x52, 0x52, 0x53,
    0x53, 0x53, 0x54, 0x54, 0x56, 0x56, 0x56, 0x56, 0x56, 0x56, 0x56, 0x56, 0x57, 0x57, 0x58, 0x58, 0x59, 0x58, 0x59, 0x59, 0x58, 0x5a, 0x5a, 0x5a,
    0x5a, 0x5a, 0x5a, 0x5b, 0x5d, 0x5d, 0x5d, 0x5d, 0x5d, 0x5d, 0x5d, 0x5d, 0x61, 0x61, 0x61, 0x61, 0x62, 0x62, 0x62, 0x62, 0x62, 0x64, 0x64, 0x61,
    0x61, 0x64, 0x61, 0x64, 0x64, 0x61, 0x61, 0x64, 0x67, 0x61, 0x61, 0x61, 0x61, 0x61, 0x61, 0x61, 0x61, 0x61, 0x61, 0x61, 0x61, 0x61, 0x61, 0x61,
    0x61, 0x61, 0x61, 0x61, 0x61, 0x61, 0x61, 0x67, 0x67, 0x67, 0x67, 0x67, 0x67, 0x67, 0x67, 0x67, 0x70, 0x70, 0x70, 0x70, 0x75, 0x75, 0x77, 0x77,
    0x88, 0x88, 0x89, 0x8f, 0x8f, 0x9b, 0x9b, 0xaa, 0xb0, 0xb0, 0xb4, 0xb4, 0xbb, 0xba, 0xbd, 0xc2, 0xc4, 0xc4, 0xc8, 0xc8, 0xcb, 0xcc, 0xce, 0xce,
    0xd2, 0xd3, 0xd4, 0xd6, 0xd7, 0xd7, 0xda, 0xd9, 0xdb, 0xdd, 0xe1, 0xe1, 0xe3, 0xe5, 0xe5, 0xe7, 0xe8, 0xe9, 0xeb, 0xed, 0xee, 0xee, 0xee, 0xee,
    0xee, 0xee, 0xee, 0xee, 0xee, 0xee, 0xed, 0xed, 0xed, 0xed, 0xed, 0xed, 0xeb, 0xe8, 0xe8, 0xe7, 0xe7, 0xe5, 0xe3, 0xe3, 0xe2, 0xe1, 0xe1, 0xdc,
    0xd9, 0xd9, 0xd9, 0xd8, 0xd8, 0xd5, 0xd5, 0xd3, 0xd3, 0xd0, 0xd0, 0xcf, 0xcc, 0xcc, 0xcb, 0xc9, 0xc7, 0xc6, 0xc6, 0xc3, 0xc2, 0xc2, 0xbc, 0xba,
    0xb9, 0xb9, 0xb8, 0xb3, 0xb3, 0xaf, 0xaf, 0xa6, 0xa6, 0x97, 0x97, 0x8e, 0x8e, 0x89, 0x88, 0x88, 0x88, 0x7d, 0x7d, 0x76, 0x76, 0x75, 0x74, 0x74,
    0x74, 0x70, 0x70, 0x70, 0x70, 0x70, 0x70, 0x70, 0x70, 0x70, 0x70, 0x70, 0x70, 0x70, 0x70, 0x70, 0x70, 0x70, 0x70, 0x70, 0x70, 0x70, 0x74, 0x74,
    0x74, 0x74, 0x74, 0x74, 0x74, 0x75, 0x75, 0x75, 0x76, 0x76, 0x76, 0x76, 0x76, 0x76, 0x76, 0x77, 0x77, 0x7d, 0x7d, 0x7d, 0x7d, 0x7d, 0x7d, 0x7d,
    0x54, 0x54, 0x54, 0x54, 0x54, 0x56, 0x56, 0x57, 0x57, 0x50, 0x4b, 0x4b, 0x4d, 0x4a, 0x46, 0x46, 0x3e, 0x3a, 0x3a, 0x39, 0x39, 0x39, 0x36, 0x36,
    0x36, 0x36, 0x36, 0x36, 0x36, 0x2f, 0x2f, 0x2a, 0x2a, 0x2a, 0x2a, 0x2a, 0x2a, 0x2a, 0x2a, 0x2a, 0x2a, 0x24, 0x24, 0x24, 0x23, 0x23, 0x23, 0x23,
    0x23, 0x21, 0x21, 0x21, 0x21, 0x20, 0x1f, 0x1c, 0x1c, 0x1c, 0x1c, 0x1c, 0x1c, 0x1b, 0x1a, 0x18, 0x18, 0x18, 0x18, 0x18, 0x18, 0x18, 0x14, 0x14,
    0x14, 0x13, 0x13, 0x13, 0x12, 0x0f, 0x0f, 0x0f, 0x0f, 0x0e, 0x0e, 0x0e, 0x0e, 0x0c, 0x0c, 0x0c, 0x0c, 0x09, 0x08, 0x08, 0x08, 0x08, 0x08, 0x06,
    0x05, 0x05, 0x05, 0x05, 0x05, 0x03, 0x00, 0x0a, 0x57, 0x7d, 0x63, 0x57, 0x7c, 0x7c, 0x63, 0xb7, 0xb7, 0xb7, 0xb7, 0xb7, 0xb7, 0xb7, 0xc6, 0xbf,
    0xb7, 0xb7, 0xb7, 0xbf, 0xc9, 0xc6, 0xb7, 0xc6, 0xc6, 0xc6, 0xc6, 0xfb, 0xaf, 0x22, 0x00, 0x03, 0x01, 0x00, 0x00, 0x00, 0x00, 0x00, 0x00, 0x00,
    0x00, 0x03, 0x04, 0x04, 0x04, 0x04, 0x04, 0x04, 0x05, 0x06, 0x07, 0x07, 0x07, 0x08, 0x08, 0x08, 0x08, 0x09, 0x08, 0x09, 0x09, 0x09, 0x09, 0x09,
    0x0c, 0x0c, 0x0c, 0x0c, 0x0c, 0x0e, 0x0e, 0x0c, 0x0e, 0x0e, 0x0e, 0x0f, 0x0f, 0x0f, 0x0f, 0x0f, 0x0f, 0x11, 0x12, 0x13, 0x14, 0x1c, 0x21, 0x29,
    0x33, 0x3a, 0x42, 0x48, 0x4f, 0x52, 0x52, 0x52, 0x52, 0x52, 0x52, 0x52, 0x52, 0x52, 0x52, 0x52, 0x52, 0x52, 0x52, 0x52, 0x52, 0x53, 0x53, 0x53,
    0x53, 0x53, 0x54, 0x56, 0x56, 0x56, 0x56, 0x56, 0x56, 0x56, 0x56, 0x57, 0x57, 0x57, 0x58, 0x59, 0x58, 0x59, 0x59, 0x59, 0x59, 0x5a, 0x5a, 0x5a,
    0x5a, 0x5a, 0x5a, 0x5d, 0x5d, 0x5d, 0x5d, 0x5d, 0x5d, 0x5d, 0x5d, 0x5d, 0x62, 0x62, 0x61, 0x61, 0x62, 0x62, 0x62, 0x62, 0x62, 0x64, 0x64, 0x64,
    0x61, 0x64, 0x64, 0x64, 0x64, 0x64, 0x61, 0x64, 0x67, 0x67, 0x64, 0x61, 0x61, 0x61, 0x61, 0x61, 0x67, 0x61, 0x61, 0x61, 0x61, 0x61, 0x61, 0x61,
    0x61, 0x61, 0x61, 0x67, 0x61, 0x67, 0x67, 0x67, 0x67, 0x67, 0x67, 0x67, 0x67, 0x67, 0x67, 0x67, 0x70, 0x70, 0x70, 0x70, 0x75, 0x75, 0x77, 0x7d,
    0x88, 0x88, 0x89, 0x8f, 0x8f, 0x9b, 0x9b, 0xaa, 0xb0, 0xb0, 0xb4, 0xb4, 0xbb, 0xbb, 0xbd, 0xc2, 0xc4, 0xc4, 0xc8, 0xc8, 0xcb, 0xcc, 0xce, 0xce,
    0xd2, 0xd3, 0xd4, 0xd6, 0xd7, 0xd7, 0xda, 0xd9, 0xdb, 0xdd, 0xe1, 0xe1, 0xe3, 0xe5, 0xe5, 0xe7, 0xe9, 0xe9, 0xeb, 0xed, 0xee, 0xee, 0xee, 0xee,
    0xee, 0xee, 0xee, 0xee, 0xee, 0xee, 0xed, 0xed, 0xed, 0xed, 0xed, 0xed, 0xeb, 0xe8, 0xe8, 0xe7, 0xe7, 0xe5, 0xe3, 0xe3, 0xe2, 0xe1, 0xe1, 0xdc,
    0xd9, 0xd9, 0xd9, 0xd9, 0xd8, 0xd5, 0xd5, 0xd3, 0xd3, 0xd0, 0xd0, 0xcf, 0xcf, 0xcc, 0xcb, 0xc9, 0xc7, 0xc6, 0xc6, 0xc3, 0xc2, 0xc2, 0xc1, 0xbc,
    0xba, 0xb9, 0xb8, 0xb8, 0xb3, 0xaf, 0xaf, 0xaf, 0xa6, 0x9b, 0x97, 0x8e, 0x8e, 0x89, 0x89, 0x88, 0x88, 0x7d, 0x7d, 0x76, 0x76, 0x76, 0x75, 0x74,
    0x74, 0x74, 0x70, 0x70, 0x70, 0x70, 0x70, 0x70, 0x70, 0x70, 0x70, 0x70, 0x70, 0x70, 0x70, 0x70, 0x70, 0x70, 0x70, 0x70, 0x70, 0x70, 0x74, 0x74,
    0x74, 0x74, 0x74, 0x74, 0x74, 0x75, 0x75, 0x75, 0x76, 0x76, 0x76, 0x76, 0x76, 0x76, 0x77, 0x77, 0x77, 0x7d, 0x7d, 0x7d, 0x7d, 0x7d, 0x7d, 0x7d,
    0x54, 0x54, 0x54, 0x54, 0x54, 0x56, 0x56, 0x57, 0x57, 0x50, 0x4b, 0x4b, 0x4d, 0x4a, 0x46, 0x46, 0x3a, 0x3a, 0x39, 0x39, 0x39, 0x39, 0x36, 0x36,
    0x36, 0x36, 0x36, 0x34, 0x34, 0x34, 0x2f, 0x2f, 0x2a, 0x2a, 0x2a, 0x2a, 0x2a, 0x2a, 0x2a, 0x2a, 0x2a, 0x2a, 0x24, 0x24, 0x23, 0x23, 0x23, 0x23,
    0x23, 0x21, 0x21, 0x21, 0x21, 0x20, 0x1f, 0x1c, 0x1c, 0x1c, 0x1c, 0x1c, 0x1c, 0x1b, 0x18, 0x18, 0x18, 0x18, 0x18, 0x18, 0x18, 0x14, 0x14, 0x14,
    0x14, 0x13, 0x13, 0x13, 0x12, 0x0f, 0x0f, 0x0f, 0x0f, 0x0e, 0x0e, 0x0e, 0x0e, 0x0c, 0x0c, 0x0c, 0x0c, 0x09, 0x08, 0x08, 0x08, 0x08, 0x05, 0x05,
    0x05, 0x05, 0x05, 0x05, 0x06, 0x00, 0x05, 0x57, 0x7c, 0x57, 0x5f, 0x63, 0x7c, 0x80, 0xbf, 0x5f, 0xb7, 0xb7, 0xb7, 0xb7, 0xb7, 0xb7, 0xb7, 0xbc,
    0xbf, 0xc6, 0xc9, 0xc9, 0xb7, 0xca, 0xca, 0xc6, 0xc6, 0xd0, 0xc6, 0xc2, 0xd8, 0xf4, 0x3a, 0x00, 0x03, 0x00, 0x01, 0x00, 0x00, 0x00, 0x00, 0x00,
    0x00, 0x00, 0x03, 0x04, 0x04, 0x04, 0x04, 0x04, 0x04, 0x06, 0x07, 0x07, 0x07, 0x07, 0x07, 0x08, 0x08, 0x08, 0x08, 0x09, 0x09, 0x09, 0x09, 0x09,
    0x09, 0x0c, 0x0c, 0x0c, 0x0c, 0x0c, 0x0c, 0x0c, 0x0c, 0x0e, 0x0e, 0x0e, 0x0f, 0x0f, 0x0f, 0x0f, 0x0f, 0x13, 0x13, 0x13, 0x13, 0x1c, 0x22, 0x29,
    0x33, 0x3a, 0x42, 0x48, 0x4f, 0x52, 0x52, 0x52, 0x52, 0x52, 0x52, 0x52, 0x52, 0x52, 0x52, 0x52, 0x52, 0x52, 0x52, 0x52, 0x52, 0x53, 0x53, 0x53,
    0x53, 0x53, 0x56, 0x56, 0x56, 0x56, 0x56, 0x56, 0x56, 0x56, 0x56, 0x57, 0x57, 0x57, 0x58, 0x59, 0x58, 0x59, 0x59, 0x59, 0x5a, 0x5a, 0x5a, 0x5a,
    0x5a, 0x5a, 0x5b, 0x5d, 0x5d, 0x5d, 0x5d, 0x5d, 0x5d, 0x5d, 0x5d, 0x61, 0x62, 0x62, 0x62, 0x62, 0x62, 0x62, 0x64, 0x62, 0x62, 0x64, 0x64, 0x64,
    0x64, 0x64, 0x64, 0x64, 0x64, 0x64, 0x64, 0x64, 0x67, 0x67, 0x67, 0x64, 0x67, 0x61, 0x67, 0x61, 0x67, 0x61, 0x61, 0x61, 0x61, 0x61, 0x61, 0x61,
    0x61, 0x61, 0x61, 0x67, 0x67, 0x67, 0x67, 0x67, 0x67, 0x67, 0x67, 0x67, 0x67, 0x67, 0x67, 0x70, 0x70, 0x70, 0x70, 0x70, 0x75, 0x75, 0x77, 0x7d,
    0x7e, 0x88, 0x89, 0x8f, 0x8f, 0x9b, 0x9b, 0xaa, 0xb0, 0xb0, 0xb4, 0xb4, 0xbb, 0xbb, 0xbd, 0xc2, 0xc4, 0xc4, 0xc8, 0xc8, 0xcb, 0xcc, 0xce, 0xce,
    0xd2, 0xd3, 0xd4, 0xd6, 0xd7, 0xd7, 0xda, 0xd9, 0xdb, 0xdd, 0xe1, 0xe1, 0xe2, 0xe4, 0xe5, 0xe7, 0xe7, 0xe9, 0xeb, 0xed, 0xee, 0xee, 0xee, 0xee,
    0xee, 0xee, 0xee, 0xee, 0xee, 0xee, 0xed, 0xed, 0xed, 0xed, 0xed, 0xed, 0xeb, 0xe8, 0xe8, 0xe7, 0xe7, 0xe5, 0xe3, 0xe3, 0xe2, 0xe1, 0xe1, 0xdc,
    0xdc, 0xd9, 0xd9, 0xd9, 0xd8, 0xd5, 0xd5, 0xd5, 0xd3, 0xd0, 0xd0, 0xcf, 0xcf, 0xcc, 0xcb, 0xcb, 0xc7, 0xc7, 0xc6, 0xc3, 0xc3, 0xc2, 0xc2, 0xbc,
    0xba, 0xb9, 0xb9, 0xb8, 0xb3, 0xb0, 0xaf, 0xaf, 0xa6, 0x9b, 0x97, 0x8e, 0x8e, 0x8e, 0x89, 0x88, 0x88, 0x88, 0x7d, 0x7d, 0x76, 0x76, 0x75, 0x74,
    0x74, 0x74, 0x74, 0x70, 0x70, 0x70, 0x70, 0x70, 0x70, 0x70, 0x70, 0x70, 0x70, 0x70, 0x70, 0x70, 0x70, 0x70, 0x70, 0x70, 0x70, 0x70, 0x74, 0x74,
    0x74, 0x74, 0x74, 0x74, 0x74, 0x75, 0x75, 0x75, 0x76, 0x76, 0x76, 0x76, 0x76, 0x76, 0x77, 0x77, 0x77, 0x7d, 0x7d, 0x7d, 0x7d, 0x7d, 0x7d, 0x7d,
    0x54, 0x54, 0x54, 0x54, 0x54, 0x56, 0x56, 0x57, 0x57, 0x50, 0x4b, 0x4b, 0x4d, 0x4a, 0x46, 0x43, 0x3e, 0x3a, 0x39, 0x39, 0x39, 0x39, 0x36, 0x36,
    0x36, 0x36, 0x36, 0x34, 0x34, 0x2f, 0x2f, 0x2f, 0x2a, 0x2a, 0x2a, 0x2a, 0x2a, 0x2a, 0x2a, 0x2a, 0x2a, 0x2a, 0x24, 0x24, 0x23, 0x23, 0x23, 0x23,
    0x21, 0x21, 0x21, 0x21, 0x21, 0x21, 0x1f, 0x1f, 0x1c, 0x1c, 0x1c, 0x1c, 0x1b, 0x1b, 0x18, 0x18, 0x18, 0x18, 0x18, 0x18, 0x18, 0x14, 0x14, 0x13,
    0x14, 0x14, 0x13, 0x13, 0x12, 0x0f, 0x0f, 0x0f, 0x0f, 0x0e, 0x0e, 0x0e, 0x0e, 0x0c, 0x0c, 0x0c, 0x0c, 0x09, 0x08, 0x08, 0x08, 0x08, 0x05, 0x05,
    0x05, 0x05, 0x04, 0x04, 0x01, 0x0a, 0x53, 0x5c, 0x55, 0x57, 0x5f, 0x7c, 0x7c, 0x7c, 0x7c, 0x7c, 0xb7, 0xb7, 0xb7, 0xb7, 0xb7, 0xb7, 0xb7, 0xb7,
    0xbf, 0xc6, 0xc9, 0xca, 0xbf, 0xc6, 0xc6, 0xbf, 0xc6, 0xc6, 0xc9, 0xd8, 0xd0, 0xcb, 0xd5, 0x41, 0x00, 0x03, 0x00, 0x00, 0x00, 0x00, 0x00, 0x00,
    0x00, 0x00, 0x01, 0x04, 0x04, 0x04, 0x04, 0x04, 0x04, 0x04, 0x07, 0x07, 0x07, 0x07, 0x07, 0x08, 0x08, 0x08, 0x08, 0x08, 0x09, 0x0c, 0x0c, 0x09,
    0x09, 0x09, 0x0c, 0x0c, 0x09, 0x0c, 0x0c, 0x0c, 0x0e, 0x0e, 0x0e, 0x0f, 0x0f, 0x0f, 0x0f, 0x0f, 0x0f, 0x13, 0x13, 0x13, 0x13, 0x1c, 0x22, 0x2d,
    0x33, 0x3a, 0x42, 0x48, 0x4f, 0x52, 0x52, 0x52, 0x52, 0x52, 0x52, 0x52, 0x52, 0x52, 0x52, 0x52, 0x52, 0x52, 0x52, 0x52, 0x52, 0x53, 0x53, 0x53,
    0x53, 0x53, 0x56, 0x56, 0x56, 0x56, 0x56, 0x56, 0x56, 0x56, 0x57, 0x57, 0x57, 0x59, 0x58, 0x58, 0x58, 0x59, 0x59, 0x5a, 0x5a, 0x5a, 0x5a, 0x5a,
    0x5a, 0x5b, 0x5b, 0x5d, 0x5d, 0x5d, 0x5d, 0x5d, 0x5d, 0x61, 0x61, 0x61, 0x62, 0x62, 0x62, 0x62, 0x62, 0x62, 0x64, 0x64, 0x64, 0x64, 0x64, 0x64,
    0x64, 0x64, 0x64, 0x64, 0x64, 0x64, 0x64, 0x64, 0x67, 0x67, 0x67, 0x67, 0x67, 0x67, 0x67, 0x67, 0x67, 0x67, 0x67, 0x61, 0x67, 0x61, 0x67, 0x67,
    0x61, 0x67, 0x67, 0x67, 0x67, 0x67, 0x67, 0x67, 0x67, 0x67, 0x67, 0x67, 0x67, 0x67, 0x67, 0x70, 0x70, 0x70, 0x70, 0x70, 0x75, 0x77, 0x77, 0x7e,
    0x7e, 0x7f, 0x89, 0x8f, 0x8f, 0x9b, 0x9b, 0xaa, 0xb0, 0xb0, 0xb4, 0xb4, 0xbb, 0xbb, 0xbd, 0xc2, 0xc4, 0xc4, 0xc8, 0xc8, 0xcb, 0xcc, 0xce, 0xce,
    0xd2, 0xd3, 0xd4, 0xd6, 0xd7, 0xd7, 0xda, 0xd9, 0xdb, 0xdd, 0xdd, 0xe1, 0xe2, 0xe4, 0xe5, 0xe5, 0xe7, 0xe8, 0xeb, 0xeb, 0xed, 0xee, 0xee, 0xee,
    0xee, 0xee, 0xee, 0xee, 0xee, 0xee, 0xed, 0xed, 0xed, 0xed, 0xed, 0xed, 0xeb, 0xe8, 0xe8, 0xe7, 0xe7, 0xe5, 0xe3, 0xe3, 0xe2, 0xe1, 0xe1, 0xdc,
    0xdc, 0xd9, 0xd9, 0xd9, 0xd8, 0xd5, 0xd5, 0xd5, 0xd3, 0xd2, 0xd0, 0xd0, 0xcf, 0xcc, 0xcc, 0xcb, 0xc9, 0xc7, 0xc6, 0xc6, 0xc3, 0xc2, 0xc2, 0xbc,
    0xba, 0xb9, 0xb9, 0xb8, 0xb3, 0xb3, 0xaf, 0xaf, 0xa6, 0x9b, 0x97, 0x8f, 0x8e, 0x8e, 0x89, 0x88, 0x88, 0x88, 0x7d, 0x7d, 0x76, 0x76, 0x75, 0x75,
    0x74, 0x74, 0x74, 0x70, 0x70, 0x70, 0x70, 0x70, 0x70, 0x70, 0x70, 0x70, 0x70, 0x70, 0x70, 0x70, 0x70, 0x70, 0x70, 0x70, 0x70, 0x70, 0x74, 0x74,
    0x74, 0x74, 0x74, 0x74, 0x74, 0x75, 0x75, 0x75, 0x76, 0x76, 0x76, 0x76, 0x76, 0x76, 0x77, 0x77, 0x77, 0x7d, 0x7d, 0x7d, 0x7d, 0x7d, 0x7d, 0x7d,
    0x54, 0x54, 0x54, 0x54, 0x54, 0x54, 0x56, 0x57, 0x57, 0x50, 0x4b, 0x4b, 0x4d, 0x4a, 0x46, 0x43, 0x3e, 0x3a, 0x39, 0x39, 0x39, 0x39, 0x39, 0x36,
    0x36, 0x36, 0x36, 0x36, 0x34, 0x2f, 0x2f, 0x2f, 0x2a, 0x2a, 0x2a, 0x2a, 0x2a, 0x2a, 0x2a, 0x2a, 0x24, 0x24, 0x24, 0x23, 0x23, 0x23, 0x23, 0x23,
    0x23, 0x21, 0x21, 0x21, 0x1f, 0x1c, 0x1c, 0x1c, 0x1c, 0x1c, 0x1b, 0x1b, 0x1b, 0x18, 0x18, 0x18, 0x18, 0x18, 0x18, 0x18, 0x14, 0x14, 0x14, 0x13,
    0x13, 0x13, 0x13, 0x13, 0x12, 0x11, 0x11, 0x0f, 0x0f, 0x0f, 0x0e, 0x0e, 0x0e, 0x0c, 0x0c, 0x0c, 0x0c, 0x09, 0x08, 0x08, 0x08, 0x06, 0x05, 0x05,
    0x03, 0x05, 0x05, 0x03, 0x0a, 0x48, 0x59, 0x55, 0x57, 0x5f, 0x5f, 0x5f, 0x7c, 0x5f, 0x7c, 0xd0, 0xb7, 0xbf, 0xc6, 0xb7, 0xb7, 0xb7, 0xbf, 0xc9,
    0xc9, 0xc6, 0xb7, 0xb7, 0xc6, 0xc6, 0xc9, 0xca, 0xc6, 0xc9, 0xd0, 0xd8, 0xd8, 0xd0, 0xd8, 0xd4, 0x39, 0x00, 0x03, 0x03, 0x00, 0x00, 0x00, 0x00,
    0x00, 0x00, 0x00, 0x00, 0x03, 0x04, 0x04, 0x05, 0x04, 0x04, 0x05, 0x07, 0x07, 0x07, 0x07, 0x08, 0x08, 0x08, 0x08, 0x08, 0x09, 0x09, 0x09, 0x0c,
    0x09, 0x09, 0x0c, 0x0c, 0x0c, 0x0c, 0x0c, 0x0c, 0x0e, 0x0e, 0x0e, 0x0e, 0x0e, 0x0f, 0x0f, 0x0f, 0x0f, 0x0f, 0x11, 0x13, 0x13, 0x1c, 0x24, 0x2d,
    0x33, 0x3a, 0x42, 0x48, 0x4f, 0x52, 0x52, 0x52, 0x52, 0x52, 0x52, 0x52, 0x52, 0x52, 0x52, 0x52, 0x52, 0x52, 0x53, 0x53, 0x53, 0x53, 0x53, 0x53,
    0x53, 0x53, 0x56, 0x56, 0x56, 0x56, 0x56, 0x56, 0x56, 0x56, 0x57, 0x57, 0x59, 0x59, 0x58, 0x58, 0x58, 0x59, 0x59, 0x5a, 0x5a, 0x5a, 0x5a, 0x5a,
    0x5b, 0x5d, 0x5d, 0x5d, 0x5d, 0x5d, 0x5d, 0x5d, 0x61, 0x61, 0x61, 0x61, 0x62, 0x62, 0x62, 0x62, 0x62, 0x62, 0x64, 0x64, 0x64, 0x64, 0x64, 0x64,
    0x64, 0x64, 0x64, 0x67, 0x64, 0x64, 0x64, 0x67, 0x67, 0x67, 0x67, 0x67, 0x67, 0x67, 0x67, 0x67, 0x67, 0x67, 0x67, 0x67, 0x67, 0x61, 0x67, 0x67,
    0x67, 0x67, 0x67, 0x67, 0x67, 0x67, 0x67, 0x67, 0x67, 0x67, 0x67, 0x67, 0x67, 0x67, 0x70, 0x70, 0x67, 0x70, 0x70, 0x75, 0x75, 0x77, 0x77, 0x7e,
    0x7e, 0x7f, 0x8f, 0x8f, 0x8f, 0x9b, 0x9b, 0xaa, 0xb0, 0xb0, 0xb4, 0xb4, 0xbb, 0xbb, 0xbd, 0xc2, 0xc4, 0xc4, 0xc8, 0xc8, 0xcb, 0xcc, 0xce, 0xce,
    0xd2, 0xd2, 0xd4, 0xd6, 0xd6, 0xd7, 0xda, 0xda, 0xdb, 0xdd, 0xdd, 0xe1, 0xe2, 0xe4, 0xe5, 0xe5, 0xe7, 0xe8, 0xe9, 0xeb, 0xed, 0xee, 0xee, 0xee,
    0xee, 0xee, 0xee, 0xee, 0xee, 0xed, 0xed, 0xed, 0xed, 0xed, 0xed, 0xed, 0xeb, 0xe8, 0xe8, 0xe7, 0xe7, 0xe5, 0xe3, 0xe3, 0xe2, 0xe1, 0xe1, 0xdc,
    0xdc, 0xd9, 0xd9, 0xd9, 0xd8, 0xd8, 0xd5, 0xd5, 0xd3, 0xd3, 0xd0, 0xd0, 0xcf, 0xcf, 0xcc, 0xcb, 0xc9, 0xc7, 0xc6, 0xc6, 0xc3, 0xc2, 0xc2, 0xbc,
    0xba, 0xba, 0xb9, 0xb8, 0xb8, 0xb0, 0xaf, 0xaf, 0xaf, 0xa6, 0x97, 0x97, 0x8e, 0x8e, 0x89, 0x89, 0x88, 0x88, 0x7d, 0x7d, 0x76, 0x76, 0x76, 0x75,
    0x74, 0x74, 0x74, 0x70, 0x70, 0x70, 0x70, 0x70, 0x70, 0x70, 0x70, 0x70, 0x70, 0x70, 0x70, 0x70, 0x70, 0x70, 0x70, 0x70, 0x70, 0x70, 0x74, 0x74,
    0x74, 0x74, 0x74, 0x74, 0x74, 0x75, 0x75, 0x75, 0x76, 0x76, 0x76, 0x76, 0x76, 0x76, 0x77, 0x77, 0x77, 0x7d, 0x7d, 0x7d, 0x7d, 0x7d, 0x7d, 0x7d,
    0x54, 0x54, 0x54, 0x54, 0x54, 0x54, 0x56, 0x57, 0x57, 0x50, 0x4b, 0x4b, 0x4d, 0x4a, 0x46, 0x43, 0x3e, 0x3a, 0x39, 0x39, 0x39, 0x39, 0x36, 0x36,
    0x36, 0x36, 0x36, 0x36, 0x34, 0x2f, 0x2f, 0x2f, 0x2a, 0x2a, 0x2a, 0x2a, 0x2a, 0x2a, 0x2a, 0x2a, 0x2a, 0x24, 0x24, 0x23, 0x23, 0x23, 0x23, 0x23,
    0x23, 0x21, 0x21, 0x1f, 0x1f, 0x1f, 0x1c, 0x1c, 0x1c, 0x1c, 0x1b, 0x1b, 0x1b, 0x18, 0x18, 0x18, 0x18, 0x18, 0x18, 0x14, 0x14, 0x14, 0x14, 0x13,
    0x13, 0x13, 0x13, 0x13, 0x11, 0x0f, 0x0f, 0x0f, 0x0f, 0x0f, 0x0e, 0x0e, 0x0e, 0x0c, 0x0c, 0x0c, 0x09, 0x08, 0x08, 0x08, 0x06, 0x05, 0x05, 0x04,
    0x06, 0x03, 0x03, 0x00, 0x37, 0x56, 0x50, 0x57, 0x57, 0x5f, 0x63, 0x55, 0x7c, 0x7c, 0xb7, 0xb7, 0xb7, 0xbf, 0xb7, 0xb7, 0xbf, 0xd0, 0xcb, 0xb7,
    0xc9, 0xb7, 0xc6, 0xca, 0xc6, 0xc9, 0xd0, 0xd0, 0xc6, 0xc6, 0xca, 0xd0, 0xd8, 0xd8, 0xd0, 0xe0, 0xf4, 0x1f, 0x00, 0x03, 0x01, 0x00, 0x00, 0x00,
    0x00, 0x00, 0x00, 0x00, 0x03, 0x03, 0x04, 0x04, 0x05, 0x04, 0x04, 0x07, 0x07, 0x07, 0x07, 0x07, 0x08, 0x08, 0x08, 0x08, 0x09, 0x09, 0x09, 0x0c,
    0x09, 0x09, 0x0c, 0x0c, 0x0c, 0x0c, 0x0c, 0x0c, 0x0c, 0x0e, 0x0e, 0x0e, 0x0e, 0x0f, 0x0f, 0x0f, 0x0f, 0x0f, 0x0f, 0x13, 0x13, 0x1c, 0x24, 0x2d,
    0x36, 0x3a, 0x42, 0x48, 0x4f, 0x52, 0x52, 0x52, 0x52, 0x52, 0x52, 0x52, 0x52, 0x52, 0x52, 0x52, 0x52, 0x53, 0x53, 0x53, 0x53, 0x53, 0x53, 0x53,
    0x53, 0x56, 0x56, 0x56, 0x56, 0x56, 0x56, 0x56, 0x56, 0x56, 0x57, 0x57, 0x59, 0x59, 0x59, 0x58, 0x59, 0x59, 0x59, 0x5a, 0x5a, 0x5a, 0x5a, 0x5b,
    0x5b, 0x5d, 0x5d, 0x5d, 0x5d, 0x5d, 0x5d, 0x5d, 0x61, 0x62, 0x62, 0x62, 0x62, 0x62, 0x62, 0x62, 0x62, 0x62, 0x64, 0x64, 0x64, 0x64, 0x64, 0x67,
    0x67, 0x67, 0x67, 0x67, 0x67, 0x64, 0x64, 0x67, 0x67, 0x67, 0x67, 0x67, 0x67, 0x67, 0x67, 0x67, 0x67, 0x67, 0x67, 0x67, 0x67, 0x67, 0x67, 0x67,
    0x67, 0x67, 0x67, 0x67, 0x67, 0x67, 0x67, 0x67, 0x67, 0x67, 0x67, 0x67, 0x67, 0x67, 0x70, 0x67, 0x70, 0x70, 0x70, 0x75, 0x77, 0x77, 0x7e, 0x7e,
    0x7e, 0x7f, 0x8f, 0x8f, 0x8f, 0x9b, 0x9b, 0xaa, 0xb0, 0xb0, 0xb4, 0xb4, 0xbb, 0xbb, 0xbd, 0xc2, 0xc4, 0xc4, 0xc8, 0xc8, 0xcb, 0xcc, 0xce, 0xce,
    0xce, 0xd2, 0xd4, 0xd6, 0xd6, 0xd7, 0xda, 0xda, 0xdb, 0xdd, 0xdd, 0xe1, 0xe2, 0xe4, 0xe5, 0xe5, 0xe7, 0xe8, 0xe9, 0xeb, 0xed, 0xee, 0xee, 0xee,
    0xee, 0xee, 0xee, 0xee, 0xee, 0xed, 0xed, 0xed, 0xed, 0xed, 0xed, 0xed, 0xeb, 0xe8, 0xe8, 0xe7, 0xe7, 0xe5, 0xe3, 0xe3, 0xe2, 0xe2, 0xe1, 0xe1,
    0xdc, 0xd9, 0xd9, 0xd9, 0xd8, 0xd8, 0xd5, 0xd5, 0xd4, 0xd3, 0xd0, 0xd0, 0xcf, 0xcf, 0xcc, 0xcb, 0xc9, 0xc7, 0xc7, 0xc6, 0xc3, 0xc2, 0xc2, 0xc1,
    0xbc, 0xba, 0xb9, 0xb9, 0xb8, 0xb3, 0xb0, 0xaf, 0xaf, 0xa6, 0x9b, 0x97, 0x8e, 0x8e, 0x8e, 0x89, 0x88, 0x88, 0x7d, 0x7d, 0x7d, 0x76, 0x76, 0x75,
    0x75, 0x74, 0x74, 0x74, 0x70, 0x70, 0x70, 0x70, 0x70, 0x70, 0x70, 0x70, 0x70, 0x70, 0x70, 0x70, 0x70, 0x70, 0x70, 0x70, 0x70, 0x70, 0x74, 0x74,
    0x74, 0x74, 0x74, 0x74, 0x74, 0x75, 0x75, 0x75, 0x76, 0x76, 0x76, 0x76, 0x76, 0x77, 0x77, 0x77, 0x77, 0x7d, 0x7d, 0x7d, 0x7d, 0x7d, 0x7d, 0x7d,
    0x54, 0x54, 0x54, 0x54, 0x54, 0x54, 0x56, 0x56, 0x57, 0x52, 0x4b, 0x4b, 0x4d, 0x4a, 0x46, 0x43, 0x3e, 0x3a, 0x39, 0x39, 0x39, 0x36, 0x36, 0x36,
    0x36, 0x36, 0x36, 0x36, 0x2f, 0x2f, 0x2f, 0x2f, 0x2a, 0x2a, 0x2a, 0x2a, 0x2a, 0x2a, 0x2a, 0x2a, 0x24, 0x24, 0x26, 0x23, 0x23, 0x23, 0x21, 0x23,
    0x21, 0x21, 0x21, 0x21, 0x21, 0x1c, 0x1c, 0x1c, 0x1c, 0x1c, 0x1b, 0x1b, 0x1b, 0x18, 0x18, 0x18, 0x18, 0x18, 0x18, 0x14, 0x14, 0x14, 0x14, 0x13,
    0x13, 0x13, 0x13, 0x12, 0x11, 0x0f, 0x0f, 0x0f, 0x0f, 0x0e, 0x0e, 0x0e, 0x0c, 0x0c, 0x0c, 0x09, 0x09, 0x08, 0x08, 0x08, 0x05, 0x05, 0x05, 0x05,
    0x03, 0x06, 0x00, 0x19, 0x4f, 0x4f, 0x4f, 0x55, 0x55, 0x5f, 0x55, 0x63, 0xbc, 0xc6, 0xbc, 0xbc, 0xc6, 0xc6, 0xc6, 0xd0, 0xd0, 0xca, 0xcb, 0xcb,
    0xc6, 0xd0, 0xd0, 0xd0, 0xc6, 0xc9, 0xbf, 0xc6, 0xcc, 0xc6, 0xd0, 0xd8, 0xd8, 0xd0, 0xd8, 0xd0, 0xf4, 0xd8, 0x03, 0x00, 0x01, 0x00, 0x00, 0x00,
    0x00, 0x00, 0x00, 0x00, 0x01, 0x01, 0x04, 0x04, 0x04, 0x05, 0x04, 0x04, 0x07, 0x07, 0x07, 0x07, 0x08, 0x08, 0x08, 0x08, 0x09, 0x09, 0x09, 0x0c,
    0x09, 0x09, 0x0c, 0x0c, 0x0c, 0x0c, 0x0c, 0x0e, 0x0e, 0x0c, 0x0c, 0x0e, 0x0f, 0x0f, 0x10, 0x10, 0x0f, 0x0f, 0x0f, 0x13, 0x13, 0x1c, 0x24, 0x2d,
    0x36, 0x3a, 0x42, 0x48, 0x4f, 0x52, 0x52, 0x52, 0x52, 0x52, 0x52, 0x52, 0x52, 0x52, 0x52, 0x52, 0x52, 0x53, 0x53, 0x53, 0x53, 0x53, 0x53, 0x54,
    0x56, 0x56, 0x56, 0x56, 0x56, 0x56, 0x56, 0x56, 0x56, 0x56, 0x57, 0x58, 0x59, 0x59, 0x58, 0x59, 0x59, 0x59, 0x59, 0x5a, 0x5a, 0x5a, 0x5a, 0x5b,
    0x5d, 0x5d, 0x5d, 0x5d, 0x5d, 0x5d, 0x5d, 0x5d, 0x62, 0x62, 0x62, 0x62, 0x62, 0x62, 0x62, 0x62, 0x64, 0x64, 0x64, 0x64, 0x64, 0x64, 0x64, 0x67,
    0x67, 0x67, 0x67, 0x65, 0x67, 0x67, 0x64, 0x67, 0x67, 0x67, 0x67, 0x67, 0x67, 0x67, 0x67, 0x67, 0x67, 0x67, 0x67, 0x67, 0x67, 0x67, 0x67, 0x67,
    0x67, 0x67, 0x67, 0x67, 0x67, 0x67, 0x67, 0x67, 0x67, 0x67, 0x67, 0x67, 0x67, 0x67, 0x67, 0x67, 0x70, 0x70, 0x75, 0x75, 0x77, 0x77, 0x7e, 0x7e,
    0x7f, 0x89, 0x8f, 0x8f, 0x8f, 0x9b, 0x9b, 0xaa, 0xb0, 0xb0, 0xb4, 0xb4, 0xbb, 0xbb, 0xbd, 0xc2, 0xc4, 0xc4, 0xc8, 0xc8, 0xcb, 0xcc, 0xce, 0xce,
    0xce, 0xd2, 0xd4, 0xd6, 0xd6, 0xd7, 0xd7, 0xda, 0xdb, 0xdb, 0xdd, 0xe1, 0xe1, 0xe4, 0xe5, 0xe5, 0xe7, 0xe7, 0xe9, 0xeb, 0xeb, 0xed, 0xee, 0xee,
    0xee, 0xee, 0xee, 0xee, 0xee, 0xed, 0xed, 0xed, 0xed, 0xed, 0xed, 0xed, 0xeb, 0xe8, 0xe8, 0xe7, 0xe7, 0xe5, 0xe3, 0xe3, 0xe2, 0xe2, 0xe1, 0xe1,
    0xdc, 0xdc, 0xd9, 0xd9, 0xd9, 0xd8, 0xd5, 0xd5, 0xd5, 0xd3, 0xd2, 0xd0, 0xcf, 0xcf, 0xcc, 0xcc, 0xcb, 0xc9, 0xc7, 0xc6, 0xc6, 0xc3, 0xc2, 0xc2,
    0xbc, 0xba, 0xb9, 0xb9, 0xb8, 0xb3, 0xb3, 0xaf, 0xaf, 0xa6, 0x9b, 0x97, 0x97, 0x8e, 0x8e, 0x89, 0x88, 0x88, 0x88, 0x7d, 0x7d, 0x76, 0x76, 0x76,
    0x75, 0x74, 0x74, 0x74, 0x70, 0x70, 0x70, 0x70, 0x70, 0x70, 0x70, 0x70, 0x70, 0x70, 0x70, 0x70, 0x70, 0x70, 0x70, 0x70, 0x70, 0x74, 0x74, 0x74,
    0x74, 0x74, 0x74, 0x74, 0x74, 0x75, 0x75, 0x75, 0x76, 0x76, 0x76, 0x76, 0x76, 0x77, 0x77, 0x77, 0x77, 0x7d, 0x7d, 0x7d, 0x7d, 0x7d, 0x7d, 0x7d,
    0x54, 0x54, 0x54, 0x54, 0x54, 0x54, 0x56, 0x56, 0x57, 0x52, 0x4b, 0x4b, 0x4d, 0x4a, 0x46, 0x43, 0x3e, 0x3a, 0x39, 0x39, 0x39, 0x36, 0x36, 0x36,
    0x36, 0x36, 0x36, 0x36, 0x2f, 0x2f, 0x2f, 0x2f, 0x2a, 0x2a, 0x2a, 0x2a, 0x2a, 0x2a, 0x2a, 0x24, 0x24, 0x24, 0x23, 0x23, 0x23, 0x23, 0x23, 0x23,
    0x21, 0x23, 0x1e, 0x1c, 0x1f, 0x1c, 0x1c, 0x1c, 0x1c, 0x1c, 0x1c, 0x1b, 0x1b, 0x18, 0x18, 0x18, 0x18, 0x18, 0x18, 0x18, 0x14, 0x14, 0x14, 0x13,
    0x13, 0x13, 0x13, 0x11, 0x11, 0x0f, 0x0f, 0x0f, 0x0e, 0x0e, 0x0e, 0x0c, 0x0c, 0x0c, 0x0c, 0x09, 0x08, 0x08, 0x08, 0x06, 0x05, 0x05, 0x03, 0x05,
    0x04, 0x00, 0x0a, 0x41, 0x48, 0x4f, 0x50, 0x55, 0x55, 0x5f, 0x5f, 0x97, 0xc2, 0xc2, 0xc6, 0xc6, 0xcc, 0xd0, 0xd8, 0xd8, 0xd5, 0xd8, 0xd8, 0xd0,
    0xd0, 0xd8, 0xd0, 0xc9, 0xd0, 0xd0, 0xc6, 0xd1, 0xd0, 0xd0, 0xd0, 0xd8, 0xd8, 0xd0, 0xd8, 0xdc, 0xc9, 0xfd, 0x5e, 0x00, 0x00, 0x00, 0x00, 0x00,
    0x00, 0x00, 0x00, 0x00, 0x01, 0x01, 0x04, 0x03, 0x04, 0x05, 0x04, 0x04, 0x07, 0x08, 0x08, 0x07, 0x08, 0x08, 0x08, 0x08, 0x09, 0x09, 0x09, 0x0c,
    0x09, 0x09, 0x09, 0x0c, 0x0c, 0x0c, 0x0c, 0x0e, 0x0e, 0x0c, 0x0c, 0x0e, 0x0f, 0x0f, 0x10, 0x10, 0x0f, 0x10, 0x0f, 0x13, 0x13, 0x1c, 0x24, 0x2d,
    0x36, 0x3a, 0x42, 0x48, 0x4f, 0x52, 0x52, 0x52, 0x52, 0x52, 0x52, 0x52, 0x52, 0x52, 0x52, 0x52, 0x52, 0x53, 0x53, 0x53, 0x53, 0x53, 0x53, 0x54,
    0x56, 0x56, 0x56, 0x56, 0x56, 0x56, 0x56, 0x56, 0x56, 0x57, 0x57, 0x58, 0x59, 0x59, 0x59, 0x59, 0x59, 0x59, 0x5a, 0x5a, 0x5a, 0x5a, 0x5a, 0x5d,
    0x5d, 0x5d, 0x5d, 0x5d, 0x5d, 0x5d, 0x5d, 0x5d, 0x62, 0x62, 0x62, 0x62, 0x62, 0x62, 0x62, 0x62, 0x65, 0x62, 0x64, 0x65, 0x65, 0x64, 0x64, 0x65,
    0x65, 0x67, 0x67, 0x65, 0x65, 0x67, 0x67, 0x67, 0x67, 0x67, 0x67, 0x67, 0x67, 0x67, 0x67, 0x67, 0x67, 0x67, 0x67, 0x67, 0x67, 0x67, 0x67, 0x67,
    0x67, 0x67, 0x67, 0x67, 0x67, 0x67, 0x67, 0x67, 0x67, 0x67, 0x67, 0x67, 0x67, 0x67, 0x67, 0x67, 0x70, 0x6c, 0x75, 0x75, 0x77, 0x7e, 0x7e, 0x7e,
    0x7f, 0x89, 0x8f, 0x8f, 0x8f, 0x9b, 0x9b, 0xaa, 0xb0, 0xb0, 0xb4, 0xb4, 0xbb, 0xbb, 0xbd, 0xc2, 0xc4, 0xc4, 0xc8, 0xc8, 0xcb, 0xcc, 0xce, 0xce,
    0xce, 0xd2, 0xd4, 0xd6, 0xd6, 0xd7, 0xd7, 0xda, 0xdb, 0xdb, 0xdd, 0xe1, 0xe1, 0xe2, 0xe5, 0xe4, 0xe7, 0xe7, 0xe9, 0xe9, 0xeb, 0xed, 0xee, 0xee,
    0xee, 0xee, 0xee, 0xee, 0xee, 0xed, 0xed, 0xed, 0xed, 0xed, 0xed, 0xed, 0xeb, 0xe8, 0xe8, 0xe7, 0xe7, 0xe5, 0xe3, 0xe3, 0xe2, 0xe2, 0xe1, 0xe1,
    0xdc, 0xdc, 0xd9, 0xd9, 0xd9, 0xd8, 0xd5, 0xd5, 0xd5, 0xd3, 0xd2, 0xd2, 0xd0, 0xcf, 0xcf, 0xcc, 0xcb, 0xc9, 0xc7, 0xc6, 0xc6, 0xc3, 0xc2, 0xc2,
    0xbc, 0xba, 0xb9, 0xb9, 0xb8, 0xb8, 0xb0, 0xaf, 0xaf, 0xaf, 0xa6, 0x97, 0x97, 0x8e, 0x8e, 0x89, 0x89, 0x88, 0x88, 0x7d, 0x7d, 0x77, 0x76, 0x76,
    0x75, 0x74, 0x74, 0x74, 0x74, 0x70, 0x70, 0x70, 0x70, 0x70, 0x70, 0x70, 0x70, 0x70, 0x70, 0x70, 0x70, 0x70, 0x70, 0x70, 0x70, 0x74, 0x74, 0x74,
    0x74, 0x74, 0x74, 0x74, 0x75, 0x75, 0x75, 0x75, 0x76, 0x76, 0x76, 0x76, 0x76, 0x77, 0x77, 0x77, 0x77, 0x7d, 0x7d, 0x7d, 0x7d, 0x7d, 0x7d, 0x7d,
    0x54, 0x54, 0x54, 0x54, 0x54, 0x54, 0x54, 0x56, 0x57, 0x52, 0x4b, 0x4b, 0x4d, 0x4a, 0x46, 0x43, 0x3e, 0x3a, 0x39, 0x39, 0x39, 0x39, 0x36, 0x36,
    0x36, 0x36, 0x36, 0x36, 0x2f, 0x2f, 0x2f, 0x2f, 0x2a, 0x2a, 0x2a, 0x2a, 0x2a, 0x2a, 0x2a, 0x2a, 0x2a, 0x24, 0x24, 0x23, 0x23, 0x26, 0x21, 0x18,
    0x18, 0x1e, 0x21, 0x1f, 0x1c, 0x1c, 0x1c, 0x1c, 0x1c, 0x1b, 0x1b, 0x1b, 0x1b, 0x18, 0x18, 0x18, 0x18, 0x18, 0x14, 0x14, 0x14, 0x14, 0x14, 0x13,
    0x13, 0x13, 0x13, 0x11, 0x0f, 0x0f, 0x0f, 0x0f, 0x0e, 0x0e, 0x0c, 0x0c, 0x0c, 0x09, 0x09, 0x09, 0x08, 0x08, 0x08, 0x05, 0x05, 0x04, 0x04, 0x03,
    0x03, 0x00, 0x22, 0x4b, 0x45, 0x4f, 0x4f, 0x54, 0x54, 0x63, 0x97, 0xbc, 0xc6, 0xc9, 0xc6, 0xd0, 0xd8, 0xd8, 0xe3, 0xd8, 0xe8, 0xeb, 0xe0, 0xe3,
    0xe8, 0xe3, 0xd8, 0xd8, 0xd8, 0xd0, 0xd0, 0xd8, 0xd0, 0xd0, 0xd5, 0xd5, 0xd8, 0xd8, 0xd8, 0xd8, 0xe0, 0xd0, 0xfe, 0x45, 0x00, 0x03, 0x00, 0x00,
    0x00, 0x00, 0x00, 0x00, 0x01, 0x01, 0x01, 0x01, 0x04, 0x05, 0x04, 0x04, 0x07, 0x07, 0x08, 0x07, 0x08, 0x08, 0x08, 0x08, 0x09, 0x09, 0x09, 0x0c,
    0x09, 0x09, 0x0c, 0x0c, 0x0c, 0x0c, 0x0e, 0x0e, 0x0c, 0x0c, 0x0c, 0x0c, 0x0c, 0x0f, 0x10, 0x10, 0x0f, 0x10, 0x0f, 0x13, 0x13, 0x1c, 0x24, 0x2d,
    0x36, 0x3a, 0x42, 0x48, 0x4f, 0x52, 0x52, 0x52, 0x52, 0x52, 0x52, 0x52, 0x52, 0x52, 0x52, 0x53, 0x52, 0x53, 0x53, 0x53, 0x53, 0x53, 0x53, 0x56,
    0x56, 0x56, 0x56, 0x56, 0x56, 0x56, 0x56, 0x56, 0x57, 0x57, 0x58, 0x59, 0x59, 0x58, 0x59, 0x59, 0x59, 0x5a, 0x5a, 0x5a, 0x5a, 0x5a, 0x5b, 0x5d,
    0x5d, 0x5d, 0x5d, 0x5d, 0x5d, 0x5d, 0x5d, 0x62, 0x62, 0x62, 0x62, 0x62, 0x62, 0x62, 0x62, 0x62, 0x65, 0x65, 0x65, 0x65, 0x65, 0x65, 0x65, 0x65,
    0x65, 0x65, 0x67, 0x65, 0x65, 0x67, 0x67, 0x67, 0x67, 0x67, 0x67, 0x67, 0x67, 0x67, 0x67, 0x67, 0x67, 0x67, 0x67, 0x67, 0x67, 0x67, 0x67, 0x67,
    0x67, 0x67, 0x67, 0x67, 0x67, 0x67, 0x67, 0x67, 0x67, 0x67, 0x67, 0x67, 0x67, 0x67, 0x67, 0x67, 0x6c, 0x6c, 0x75, 0x75, 0x77, 0x7e, 0x7e, 0x7e,
    0x7f, 0x8f, 0x8f, 0x8f, 0x8f, 0x9b, 0x9b, 0xaa, 0xb0, 0xb0, 0xb4, 0xb4, 0xbb, 0xbb, 0xbd, 0xc2, 0xc4, 0xc4, 0xc8, 0xc8, 0xcb, 0xcc, 0xce, 0xce,
    0xce, 0xd2, 0xd3, 0xd4, 0xd6, 0xd7, 0xd7, 0xda, 0xdb, 0xdb, 0xdd, 0xe1, 0xe1, 0xe2, 0xe4, 0xe4, 0xe5, 0xe7, 0xe9, 0xe9, 0xeb, 0xed, 0xed, 0xee,
    0xee, 0xee, 0xee, 0xee, 0xed, 0xed, 0xed, 0xed, 0xed, 0xed, 0xed, 0xeb, 0xeb, 0xe8, 0xe8, 0xe7, 0xe7, 0xe5, 0xe3, 0xe3, 0xe2, 0xe2, 0xe1, 0xe1,
    0xdc, 0xdc, 0xd9, 0xd9, 0xd9, 0xd8, 0xd5, 0xd5, 0xd5, 0xd3, 0xd3, 0xd0, 0xd0, 0xcf, 0xcf, 0xcc, 0xcb, 0xc9, 0xc7, 0xc7, 0xc6, 0xc3, 0xc2, 0xc2,
    0xc1, 0xbc, 0xba, 0xb9, 0xb9, 0xb8, 0xb3, 0xb0, 0xaf, 0xaf, 0xa6, 0x9b, 0x97, 0x8f, 0x8e, 0x8e, 0x89, 0x88, 0x88, 0x88, 0x7d, 0x7d, 0x76, 0x76,
    0x75, 0x75, 0x74, 0x74, 0x74, 0x74, 0x70, 0x70, 0x70, 0x70, 0x70, 0x70, 0x70, 0x70, 0x70, 0x70, 0x70, 0x70, 0x70, 0x70, 0x70, 0x74, 0x74, 0x74,
    0x74, 0x74, 0x74, 0x74, 0x75, 0x75, 0x75, 0x75, 0x76, 0x76, 0x76, 0x76, 0x76, 0x77, 0x77, 0x77, 0x77, 0x7d, 0x7d, 0x7d, 0x7d, 0x7d, 0x7d, 0x7d,
    0x54, 0x54, 0x54, 0x54, 0x54, 0x54, 0x54, 0x56, 0x57, 0x52, 0x4b, 0x4b, 0x4d, 0x4a, 0x46, 0x43, 0x3e, 0x3a, 0x39, 0x39, 0x39, 0x39, 0x36, 0x36,
    0x36, 0x2f, 0x36, 0x2f, 0x2f, 0x2f, 0x2f, 0x2a, 0x2a, 0x2a, 0x2a, 0x2a, 0x2a, 0x2a, 0x2a, 0x2a, 0x24, 0x24, 0x23, 0x23, 0x23, 0x26, 0x1b, 0x0c,
    0x10, 0x18, 0x1f, 0x1f, 0x1f, 0x1c, 0x1c, 0x1c, 0x1c, 0x1b, 0x1b, 0x1b, 0x1b, 0x18, 0x18, 0x18, 0x18, 0x18, 0x14, 0x14, 0x14, 0x14, 0x14, 0x13,
    0x13, 0x13, 0x13, 0x0f, 0x0f, 0x0f, 0x0f, 0x0f, 0x0e, 0x0c, 0x0c, 0x0c, 0x0c, 0x09, 0x09, 0x08, 0x08, 0x08, 0x06, 0x05, 0x05, 0x05, 0x03, 0x04,
    0x01, 0x05, 0x41, 0x3c, 0x48, 0x4b, 0x4f, 0x53, 0x57, 0x74, 0xb8, 0xd0, 0xcb, 0xd0, 0xd8, 0xd5, 0xcc, 0xd8, 0xd8, 0xd8, 0xf5, 0xf5, 0xfb, 0xfd,
    0xeb, 0xf4, 0xf4, 0xe8, 0xe0, 0xd8, 0xd8, 0xd0, 0xd0, 0xd0, 0xd0, 0xd0, 0xd8, 0xd8, 0xe0, 0xd8, 0xd8, 0xd8, 0xf4, 0xfd, 0x17, 0x00, 0x03, 0x00,
    0x00, 0x00, 0x00, 0x00, 0x01, 0x01, 0x01, 0x04, 0x04, 0x04, 0x04, 0x05, 0x07, 0x07, 0x07, 0x07, 0x08, 0x08, 0x08, 0x08, 0x09, 0x09, 0x09, 0x0c,
    0x09, 0x09, 0x09, 0x0c, 0x0c, 0x09, 0x0c, 0x0e, 0x0c, 0x0c, 0x0c, 0x0c, 0x0c, 0x0f, 0x10, 0x10, 0x0f, 0x10, 0x0f, 0x13, 0x13, 0x1c, 0x24, 0x2d,
    0x36, 0x3a, 0x42, 0x48, 0x4f, 0x52, 0x52, 0x52, 0x52, 0x52, 0x52, 0x52, 0x52, 0x53, 0x53, 0x53, 0x53, 0x53, 0x53, 0x53, 0x53, 0x54, 0x54, 0x56,
    0x56, 0x56, 0x56, 0x56, 0x56, 0x56, 0x56, 0x57, 0x57, 0x57, 0x59, 0x58, 0x58, 0x58, 0x59, 0x59, 0x5a, 0x5a, 0x5a, 0x5a, 0x5a, 0x5b, 0x5b, 0x5d,
    0x5d, 0x5d, 0x5d, 0x5d, 0x5d, 0x62, 0x62, 0x62, 0x62, 0x62, 0x62, 0x62, 0x62, 0x62, 0x64, 0x64, 0x65, 0x65, 0x65, 0x65, 0x65, 0x65, 0x65, 0x65,
    0x65, 0x67, 0x67, 0x65, 0x65, 0x67, 0x67, 0x67, 0x67, 0x67, 0x67, 0x67, 0x67, 0x67, 0x67, 0x67, 0x67, 0x67, 0x67, 0x67, 0x67, 0x67, 0x67, 0x67,
    0x67, 0x67, 0x67, 0x67, 0x67, 0x67, 0x67, 0x67, 0x67, 0x67, 0x67, 0x67, 0x67, 0x67, 0x67, 0x67, 0x6c, 0x6c, 0x75, 0x75, 0x71, 0x7e, 0x7e, 0x7e,
    0x7f, 0x8f, 0x8f, 0x8f, 0x8f, 0x9b, 0x9b, 0xab, 0xb0, 0xb0, 0xb4, 0xb4, 0xbb, 0xbb, 0xbd, 0xc2, 0xc4, 0xc4, 0xc8, 0xc8, 0xcb, 0xcc, 0xce, 0xce,
    0xce, 0xd2, 0xd3, 0xd4, 0xd6, 0xd7, 0xd7, 0xda, 0xda, 0xdb, 0xdd, 0xe1, 0xe1, 0xe2, 0xe4, 0xe4, 0xe5, 0xe7, 0xe7, 0xe9, 0xe9, 0xeb, 0xed, 0xed,
    0xee, 0xee, 0xee, 0xed, 0xed, 0xed, 0xed, 0xed, 0xed, 0xed, 0xed, 0xeb, 0xeb, 0xe8, 0xe8, 0xe7, 0xe7, 0xe5, 0xe3, 0xe3, 0xe2, 0xe2, 0xe1, 0xe1,
    0xdc, 0xdc, 0xd9, 0xd9, 0xd9, 0xd8, 0xd8, 0xd5, 0xd5, 0xd4, 0xd3, 0xd2, 0xd0, 0xcf, 0xcf, 0xcc, 0xcb, 0xcb, 0xc9, 0xc7, 0xc6, 0xc6, 0xc3, 0xc2,
    0xc2, 0xbc, 0xba, 0xb9, 0xb9, 0xb8, 0xb3, 0xb3, 0xaf, 0xaf, 0xa6, 0x9b, 0x97, 0x8f, 0x8e, 0x8e, 0x89, 0x88, 0x88, 0x88, 0x7d, 0x7d, 0x76, 0x76,
    0x76, 0x75, 0x74, 0x74, 0x74, 0x74, 0x70, 0x70, 0x70, 0x70, 0x70, 0x70, 0x70, 0x70, 0x70, 0x70, 0x70, 0x70, 0x70, 0x70, 0x70, 0x74, 0x74, 0x74,
    0x74, 0x74, 0x74, 0x74, 0x75, 0x75, 0x75, 0x75, 0x76, 0x76, 0x76, 0x76, 0x76, 0x77, 0x77, 0x77, 0x77, 0x7d, 0x7d, 0x7d, 0x7d, 0x7d, 0x7d, 0x7d,
    0x54, 0x54, 0x54, 0x54, 0x54, 0x54, 0x54, 0x56, 0x57, 0x52, 0x4b, 0x4b, 0x4d, 0x4a, 0x46, 0x43, 0x3d, 0x3a, 0x39, 0x39, 0x36, 0x36, 0x36, 0x36,
    0x36, 0x2f, 0x36, 0x2f, 0x2f, 0x2f, 0x2f, 0x2a, 0x2a, 0x2a, 0x2a, 0x2a, 0x2a, 0x2a, 0x24, 0x24, 0x24, 0x24, 0x23, 0x23, 0x23, 0x26, 0x18, 0x10,
    0x10, 0x18, 0x1c, 0x1c, 0x1c, 0x1c, 0x1c, 0x1c, 0x1c, 0x1b, 0x1b, 0x1b, 0x1b, 0x18, 0x18, 0x18, 0x18, 0x18, 0x14, 0x14, 0x14, 0x14, 0x13, 0x13,
    0x13, 0x13, 0x12, 0x0f, 0x0f, 0x0f, 0x0f, 0x0f, 0x0e, 0x0e, 0x0e, 0x0c, 0x0c, 0x0c, 0x09, 0x08, 0x08, 0x06, 0x04, 0x05, 0x04, 0x03, 0x03, 0x01,
    0x00, 0x22, 0x3a, 0x37, 0x48, 0x4f, 0x52, 0x54, 0x69, 0xc1, 0xcc, 0xd0, 0xd8, 0xd8, 0xd0, 0xfd, 0xfe, 0xff, 0xff, 0xff, 0xf4, 0xeb, 0xfd, 0xfb,
    0xfb, 0xfb, 0xfb, 0xfb, 0xf4, 0xe8, 0xe8, 0xd8, 0xd8, 0xd8, 0xd0, 0xd8, 0xd8, 0xd8, 0xd8, 0xd8, 0xe3, 0xe0, 0xd8, 0xfd, 0x73, 0x03, 0x03, 0x01,
    0x00, 0x00, 0x00, 0x00, 0x01, 0x00, 0x01, 0x04, 0x04, 0x04, 0x04, 0x04, 0x04, 0x07, 0x07, 0x07, 0x08, 0x08, 0x08, 0x08, 0x08, 0x08, 0x09, 0x0c,
    0x09, 0x09, 0x09, 0x0c, 0x0c, 0x0c, 0x0e, 0x0e, 0x0c, 0x0c, 0x0c, 0x0c, 0x0e, 0x0f, 0x10, 0x10, 0x0f, 0x10, 0x10, 0x13, 0x13, 0x1c, 0x24, 0x2d,
    0x36, 0x3a, 0x42, 0x48, 0x4f, 0x52, 0x52, 0x52, 0x52, 0x52, 0x52, 0x52, 0x52, 0x53, 0x53, 0x53, 0x53, 0x53, 0x53, 0x54, 0x54, 0x54, 0x54, 0x56,
    0x56, 0x56, 0x56, 0x56, 0x56, 0x56, 0x57, 0x57, 0x57, 0x59, 0x59, 0x59, 0x58, 0x59, 0x59, 0x5a, 0x5a, 0x5a, 0x5a, 0x5a, 0x5b, 0x5b, 0x5d, 0x5d,
    0x5d, 0x5d, 0x5d, 0x5d, 0x62, 0x62, 0x62, 0x62, 0x62, 0x62, 0x62, 0x62, 0x62, 0x62, 0x65, 0x62, 0x65, 0x65, 0x65, 0x65, 0x65, 0x65, 0x65, 0x67,
    0x67, 0x67, 0x67, 0x67, 0x65, 0x67, 0x67, 0x67, 0x67, 0x67, 0x67, 0x67, 0x67, 0x67, 0x67, 0x67, 0x67, 0x67, 0x67, 0x67, 0x67, 0x67, 0x67, 0x67,
    0x67, 0x67, 0x67, 0x67, 0x67, 0x67, 0x67, 0x67, 0x67, 0x67, 0x67, 0x67, 0x67, 0x67, 0x6c, 0x6c, 0x6c, 0x6c, 0x75, 0x75, 0x7e, 0x7e, 0x7e, 0x7e,
    0x7f, 0x8f, 0x8f, 0x8f, 0x8f, 0x9b, 0xaa, 0xb1, 0xb0, 0xb0, 0xb4, 0xb4, 0xbb, 0xbb, 0xbd, 0xc2, 0xc4, 0xc4, 0xc8, 0xc8, 0xcb, 0xcc, 0xce, 0xce,
    0xce, 0xd2, 0xd3, 0xd4, 0xd6, 0xd7, 0xd7, 0xda, 0xda, 0xdb, 0xdd, 0xdd, 0xe1, 0xe2, 0xe4, 0xe4, 0xe5, 0xe7, 0xe7, 0xe9, 0xe9, 0xeb, 0xed, 0xed,
    0xed, 0xee, 0xed, 0xed, 0xed, 0xed, 0xed, 0xed, 0xed, 0xed, 0xed, 0xeb, 0xe8, 0xe8, 0xe8, 0xe7, 0xe7, 0xe5, 0xe3, 0xe3, 0xe3, 0xe2, 0xe1, 0xe1,
    0xdc, 0xdc, 0xd9, 0xd9, 0xd9, 0xd9, 0xd8, 0xd5, 0xd5, 0xd5, 0xd3, 0xd2, 0xd0, 0xd0, 0xcf, 0xcc, 0xcc, 0xcb, 0xc9, 0xc7, 0xc6, 0xc6, 0xc3, 0xc2,
    0xc2, 0xbc, 0xba, 0xba, 0xb9, 0xb8, 0xb8, 0xb0, 0xb0, 0xaf, 0xaf, 0xa6, 0x9b, 0x97, 0x8e, 0x8e, 0x89, 0x89, 0x88, 0x88, 0x7d, 0x7d, 0x77, 0x76,
    0x76, 0x75, 0x75, 0x74, 0x74, 0x74, 0x74, 0x70, 0x70, 0x70, 0x70, 0x70, 0x70, 0x70, 0x70, 0x70, 0x70, 0x70, 0x70, 0x70, 0x70, 0x74, 0x74, 0x74,
    0x74, 0x74, 0x74, 0x74, 0x75, 0x75, 0x75, 0x75, 0x76, 0x76, 0x76, 0x76, 0x76, 0x77, 0x77, 0x77, 0x77, 0x7d, 0x7d, 0x7d, 0x7d, 0x7d, 0x7d, 0x7d,
    0x54, 0x54, 0x54, 0x54, 0x54, 0x54, 0x54, 0x56, 0x56, 0x50, 0x4b, 0x4b, 0x4d, 0x48, 0x46, 0x43, 0x3d, 0x39, 0x39, 0x39, 0x39, 0x36, 0x36, 0x36,
    0x36, 0x34, 0x36, 0x2f, 0x2f, 0x2f, 0x2a, 0x2f, 0x2a, 0x2a, 0x2a, 0x2a, 0x2a, 0x2a, 0x2a, 0x24, 0x24, 0x23, 0x23, 0x23, 0x23, 0x23, 0x18, 0x0c,
    0x0c, 0x18, 0x1b, 0x1f, 0x1c, 0x1c, 0x1c, 0x1c, 0x1c, 0x1c, 0x1c, 0x1a, 0x18, 0x18, 0x18, 0x18, 0x18, 0x18, 0x14, 0x14, 0x14, 0x13, 0x13, 0x13,
    0x13, 0x13, 0x0f, 0x0f, 0x0f, 0x0f, 0x0f, 0x0f, 0x0c, 0x09, 0x09, 0x0c, 0x0c, 0x0c, 0x08, 0x08, 0x07, 0x06, 0x05, 0x05, 0x05, 0x04, 0x04, 0x01,
    0x03, 0x41, 0x2d, 0x3c, 0x48, 0x52, 0x54, 0x5c, 0xb8, 0xd0, 0xd9, 0xe8, 0xe3, 0xfb, 0xff, 0xd0, 0x6a, 0x58, 0x56, 0xc1, 0xff, 0xff, 0xfb, 0xfd,
    0xfd, 0xfb, 0xfd, 0xfb, 0xfb, 0xfb, 0xf4, 0xf4, 0xe3, 0xe3, 0xd8, 0xe0, 0xd8, 0xd8, 0xe8, 0xe3, 0xe0, 0xe0, 0xd8, 0xe0, 0xfe, 0x3a, 0x00, 0x05,
    0x01, 0x00, 0x00, 0x00, 0x00, 0x00, 0x01, 0x03, 0x04, 0x04, 0x04, 0x04, 0x04, 0x07, 0x07, 0x07, 0x08, 0x08, 0x08, 0x08, 0x08, 0x08, 0x0c, 0x09,
    0x09, 0x09, 0x09, 0x0c, 0x0c, 0x0c, 0x0f, 0x0f, 0x0c, 0x0c, 0x0c, 0x0c, 0x0f, 0x0f, 0x10, 0x10, 0x0f, 0x10, 0x10, 0x13, 0x13, 0x1c, 0x24, 0x2d,
    0x33, 0x3a, 0x42, 0x48, 0x4f, 0x52, 0x52, 0x52, 0x52, 0x52, 0x52, 0x53, 0x53, 0x53, 0x53, 0x53, 0x53, 0x53, 0x53, 0x54, 0x54, 0x54, 0x54, 0x56,
    0x56, 0x56, 0x56, 0x56, 0x56, 0x56, 0x57, 0x57, 0x59, 0x59, 0x59, 0x59, 0x59, 0x59, 0x59, 0x5a, 0x5a, 0x5a, 0x5a, 0x5b, 0x5b, 0x5d, 0x5d, 0x5d,
    0x5d, 0x5d, 0x5d, 0x5d, 0x62, 0x62, 0x62, 0x62, 0x62, 0x62, 0x62, 0x62, 0x65, 0x65, 0x65, 0x65, 0x65, 0x65, 0x65, 0x65, 0x65, 0x65, 0x65, 0x6c,
    0x67, 0x6c, 0x67, 0x67, 0x67, 0x67, 0x67, 0x67, 0x6c, 0x67, 0x67, 0x67, 0x67, 0x67, 0x67, 0x67, 0x67, 0x67, 0x67, 0x67, 0x67, 0x67, 0x67, 0x67,
    0x67, 0x67, 0x67, 0x67, 0x67, 0x67, 0x67, 0x67, 0x67, 0x67, 0x67, 0x67, 0x67, 0x6c, 0x6c, 0x6c, 0x6c, 0x75, 0x75, 0x71, 0x7e, 0x7e, 0x7e, 0x7e,
    0x7f, 0x8f, 0x8f, 0x8f, 0x8f, 0x9b, 0xaa, 0xb1, 0xb0, 0xb4, 0xb4, 0xb4, 0xbb, 0xbb, 0xbd, 0xc2, 0xc4, 0xc4, 0xc5, 0xc8, 0xcb, 0xcc, 0xce, 0xce,
    0xce, 0xd2, 0xd3, 0xd4, 0xd6, 0xd7, 0xd7, 0xda, 0xda, 0xdb, 0xdd, 0xdd, 0xe1, 0xe1, 0xe4, 0xe5, 0xe4, 0xe5, 0xe7, 0xe9, 0xe9, 0xeb, 0xeb, 0xed,
    0xed, 0xed, 0xed, 0xed, 0xed, 0xed, 0xed, 0xed, 0xed, 0xed, 0xeb, 0xeb, 0xe8, 0xe8, 0xe8, 0xe7, 0xe7, 0xe5, 0xe3, 0xe3, 0xe3, 0xe2, 0xe1, 0xe1,
    0xe1, 0xdc, 0xdb, 0xd9, 0xd9, 0xd9, 0xd8, 0xd5, 0xd5, 0xd5, 0xd3, 0xd3, 0xd0, 0xd0, 0xcf, 0xcf, 0xcc, 0xcb, 0xc9, 0xc7, 0xc7, 0xc6, 0xc3, 0xc2,
    0xc2, 0xc1, 0xbc, 0xba, 0xb9, 0xb9, 0xb8, 0xb3, 0xb3, 0xaf, 0xaf, 0xa6, 0x9b, 0x97, 0x8f, 0x8e, 0x8e, 0x89, 0x88, 0x88, 0x88, 0x7d, 0x7d, 0x76,
    0x76, 0x75, 0x75, 0x74, 0x74, 0x74, 0x74, 0x74, 0x70, 0x70, 0x70, 0x70, 0x70, 0x70, 0x70, 0x70, 0x70, 0x70, 0x70, 0x70, 0x74, 0x74, 0x74, 0x74,
    0x74, 0x74, 0x74, 0x74, 0x75, 0x75, 0x75, 0x75, 0x76, 0x76, 0x76, 0x76, 0x76, 0x77, 0x77, 0x77, 0x77, 0x7d, 0x7d, 0x7d, 0x7d, 0x7d, 0x7d, 0x7d,
    0x54, 0x54, 0x54, 0x54, 0x54, 0x54, 0x54, 0x54, 0x56, 0x50, 0x4b, 0x4b, 0x4b, 0x48, 0x46, 0x43, 0x3d, 0x39, 0x39, 0x39, 0x39, 0x36, 0x36, 0x36,
    0x36, 0x2f, 0x2f, 0x2f, 0x2f, 0x2f, 0x2a, 0x2a, 0x2a, 0x2a, 0x2a, 0x2a, 0x2a, 0x2a, 0x24, 0x24, 0x24, 0x23, 0x23, 0x23, 0x23, 0x26, 0x1b, 0x13,
    0x18, 0x1e, 0x1f, 0x1c, 0x1c, 0x1c, 0x1c, 0x1c, 0x1c, 0x1c, 0x1c, 0x1a, 0x18, 0x18, 0x18, 0x18, 0x18, 0x18, 0x14, 0x14, 0x14, 0x13, 0x13, 0x13,
    0x13, 0x12, 0x0f, 0x0f, 0x0f, 0x0f, 0x0e, 0x0e, 0x09, 0x09, 0x0c, 0x0c, 0x09, 0x08, 0x08, 0x08, 0x07, 0x06, 0x04, 0x05, 0x05, 0x04, 0x03, 0x00,
    0x22, 0x2d, 0x2d, 0x45, 0x4f, 0x53, 0x5e, 0xb8, 0xd0, 0xe0, 0xf7, 0xfb, 0xfd, 0xfd, 0x37, 0x19, 0x03, 0x00, 0x00, 0x0a, 0x2e, 0xcb, 0xff, 0xfc,
    0xfd, 0xfd, 0xfd, 0xfb, 0xfd, 0xfd, 0xeb, 0xfc, 0xfb, 0xed, 0xe8, 0xe3, 0xe3, 0xe0, 0xe0, 0xe8, 0xe0, 0xe0, 0xe0, 0xd8, 0xfe, 0xaf, 0x11, 0x03,
    0x01, 0x00, 0x00, 0x00, 0x00, 0x00, 0x01, 0x01, 0x04, 0x04, 0x04, 0x04, 0x04, 0x07, 0x07, 0x07, 0x08, 0x08, 0x08, 0x08, 0x08, 0x08, 0x09, 0x09,
    0x09, 0x09, 0x09, 0x0c, 0x0c, 0x0c, 0x0f, 0x0f, 0x0c, 0x0c, 0x0c, 0x0c, 0x0f, 0x0f, 0x10, 0x10, 0x10, 0x10, 0x10, 0x13, 0x13, 0x1c, 0x24, 0x2d,
    0x33, 0x3a, 0x42, 0x48, 0x4f, 0x52, 0x52, 0x52, 0x52, 0x52, 0x53, 0x53, 0x53, 0x53, 0x53, 0x53, 0x53, 0x53, 0x53, 0x54, 0x54, 0x54, 0x56, 0x56,
    0x56, 0x56, 0x56, 0x56, 0x56, 0x57, 0x57, 0x57, 0x59, 0x59, 0x59, 0x59, 0x59, 0x59, 0x59, 0x5a, 0x5a, 0x5a, 0x5b, 0x5b, 0x5b, 0x5d, 0x5d, 0x5d,
    0x5d, 0x5d, 0x5d, 0x5d, 0x62, 0x62, 0x62, 0x62, 0x62, 0x62, 0x65, 0x65, 0x65, 0x65, 0x65, 0x65, 0x65, 0x65, 0x66, 0x65, 0x65, 0x65, 0x65, 0x6c,
    0x6c, 0x6c, 0x6c, 0x67, 0x67, 0x6c, 0x6c, 0x67, 0x6c, 0x6c, 0x67, 0x67, 0x67, 0x67, 0x67, 0x67, 0x67, 0x67, 0x67, 0x67, 0x67, 0x67, 0x67, 0x67,
    0x67, 0x67, 0x67, 0x67, 0x67, 0x67, 0x67, 0x67, 0x67, 0x67, 0x67, 0x67, 0x6c, 0x6c, 0x6c, 0x6c, 0x75, 0x75, 0x71, 0x71, 0x7e, 0x7e, 0x7e, 0x7f,
    0x7f, 0x8f, 0x8f, 0x8f, 0x8f, 0x9b, 0xaa, 0xb1, 0xb0, 0xb4, 0xb4, 0xb4, 0xbb, 0xbb, 0xbd, 0xc2, 0xc4, 0xc4, 0xc5, 0xc8, 0xcb, 0xcc, 0xce, 0xce,
    0xce, 0xd2, 0xd3, 0xd4, 0xd6, 0xd7, 0xd7, 0xda, 0xda, 0xdb, 0xdb, 0xdd, 0xe1, 0xe1, 0xe4, 0xe4, 0xe4, 0xe5, 0xe7, 0xe7, 0xe9, 0xe9, 0xeb, 0xeb,
    0xed, 0xed, 0xed, 0xed, 0xed, 0xed, 0xed, 0xed, 0xed, 0xeb, 0xeb, 0xeb, 0xe8, 0xe8, 0xe8, 0xe7, 0xe7, 0xe5, 0xe3, 0xe3, 0xe3, 0xe2, 0xe1, 0xe1,
    0xe1, 0xdc, 0xdc, 0xd9, 0xd9, 0xd9, 0xd8, 0xd8, 0xd5, 0xd5, 0xd4, 0xd3, 0xd0, 0xd0, 0xcf, 0xcf, 0xcc, 0xcb, 0xcb, 0xc9, 0xc7, 0xc6, 0xc6, 0xc3,
    0xc2, 0xc2, 0xbc, 0xba, 0xb9, 0xb9, 0xb8, 0xb3, 0xb3, 0xaf, 0xaf, 0xa6, 0xa6, 0x97, 0x97, 0x8e, 0x8e, 0x89, 0x89, 0x88, 0x88, 0x7d, 0x7d, 0x77,
    0x76, 0x76, 0x75, 0x75, 0x74, 0x74, 0x74, 0x74, 0x70, 0x70, 0x70, 0x70, 0x70, 0x70, 0x70, 0x70, 0x70, 0x70, 0x70, 0x70, 0x74, 0x74, 0x74, 0x74,
    0x74, 0x74, 0x74, 0x74, 0x75, 0x75, 0x75, 0x75, 0x76, 0x76, 0x76, 0x76, 0x76, 0x77, 0x77, 0x77, 0x7d, 0x7d, 0x7d, 0x7d, 0x7d, 0x7d, 0x7d, 0x7d,
    0x54, 0x54, 0x54, 0x54, 0x54, 0x54, 0x54, 0x54, 0x56, 0x50, 0x4b, 0x4b, 0x4b, 0x48, 0x46, 0x43, 0x3d, 0x39, 0x39, 0x39, 0x39, 0x36, 0x36, 0x36,
    0x36, 0x36, 0x2f, 0x2f, 0x2f, 0x2f, 0x2a, 0x2a, 0x2a, 0x2a, 0x2a, 0x2a, 0x2a, 0x2a, 0x24, 0x24, 0x26, 0x23, 0x23, 0x23, 0x23, 0x23, 0x21, 0x21,
    0x21, 0x1f, 0x1f, 0x1f, 0x1f, 0x1c, 0x1c, 0x1c, 0x1c, 0x1c, 0x1c, 0x1a, 0x18, 0x18, 0x18, 0x18, 0x18, 0x14, 0x14, 0x14, 0x14, 0x14, 0x13, 0x13,
    0x13, 0x11, 0x0f, 0x0f, 0x11, 0x0f, 0x0e, 0x0c, 0x09, 0x0c, 0x0c, 0x09, 0x09, 0x08, 0x08, 0x07, 0x06, 0x05, 0x05, 0x05, 0x01, 0x01, 0x01, 0x00,
    0x2e, 0x19, 0x2d, 0x48, 0x52, 0x57, 0xaf, 0xd8, 0xf4, 0xfc, 0xfd, 0xfd, 0xff, 0x2d, 0x00, 0x04, 0x0b, 0x0b, 0x0b, 0x05, 0x00, 0x0a, 0x6b, 0xff,
    0xfe, 0xfd, 0xfd, 0xfd, 0xfd, 0xfd, 0xfb, 0xfb, 0xfc, 0xf4, 0xf4, 0xf3, 0xe8, 0xe3, 0xe8, 0xe0, 0xe8, 0xe0, 0xe0, 0xe0, 0xd0, 0xff, 0x30, 0x00,
    0x03, 0x00, 0x01, 0x01, 0x01, 0x00, 0x01, 0x01, 0x04, 0x04, 0x04, 0x04, 0x04, 0x07, 0x07, 0x07, 0x08, 0x08, 0x08, 0x08, 0x08, 0x08, 0x08, 0x09,
    0x09, 0x09, 0x09, 0x0c, 0x0c, 0x0c, 0x0f, 0x0f, 0x0c, 0x0c, 0x0c, 0x0c, 0x0f, 0x0f, 0x10, 0x12, 0x10, 0x10, 0x10, 0x13, 0x13, 0x1c, 0x24, 0x2d,
    0x39, 0x3a, 0x42, 0x48, 0x4f, 0x52, 0x52, 0x52, 0x52, 0x52, 0x53, 0x53, 0x53, 0x53, 0x53, 0x53, 0x53, 0x53, 0x53, 0x56, 0x56, 0x56, 0x56, 0x56,
    0x56, 0x56, 0x56, 0x56, 0x57, 0x57, 0x57, 0x57, 0x59, 0x59, 0x59, 0x59, 0x59, 0x59, 0x59, 0x5a, 0x5a, 0x5b, 0x5b, 0x5b, 0x5d, 0x5d, 0x5d, 0x5d,
    0x5d, 0x5d, 0x5d, 0x62, 0x62, 0x62, 0x62, 0x62, 0x62, 0x62, 0x65, 0x65, 0x65, 0x65, 0x65, 0x65, 0x65, 0x65, 0x66, 0x6c, 0x6c, 0x6c, 0x6c, 0x6c,
    0x6c, 0x6c, 0x6c, 0x6c, 0x67, 0x6c, 0x6c, 0x6c, 0x6c, 0x6c, 0x6c, 0x67, 0x67, 0x67, 0x67, 0x67, 0x67, 0x67, 0x67, 0x67, 0x67, 0x67, 0x67, 0x67,
    0x67, 0x67, 0x67, 0x67, 0x67, 0x67, 0x67, 0x67, 0x67, 0x67, 0x67, 0x67, 0x6c, 0x6c, 0x6c, 0x71, 0x75, 0x75, 0x71, 0x71, 0x7e, 0x7e, 0x7e, 0x7f,
    0x7f, 0x8f, 0x8f, 0x8f, 0x8f, 0x9b, 0xaa, 0xb1, 0xb0, 0xb4, 0xb4, 0xb6, 0xbb, 0xbb, 0xbd, 0xc2, 0xc4, 0xc4, 0xc5, 0xc8, 0xcb, 0xcc, 0xce, 0xce,
    0xce, 0xd2, 0xd3, 0xd4, 0xd6, 0xd6, 0xd7, 0xda, 0xda, 0xdb, 0xdb, 0xdd, 0xe1, 0xe1, 0xe2, 0xe4, 0xe4, 0xe5, 0xe7, 0xe7, 0xe9, 0xe9, 0xe9, 0xeb,
    0xeb, 0xed, 0xed, 0xed, 0xed, 0xed, 0xed, 0xed, 0xed, 0xeb, 0xeb, 0xe8, 0xe8, 0xe8, 0xe7, 0xe7, 0xe7, 0xe5, 0xe3, 0xe3, 0xe3, 0xe2, 0xe2, 0xe1,
    0xe1, 0xdc, 0xdc, 0xd9, 0xd9, 0xd9, 0xd8, 0xd8, 0xd5, 0xd5, 0xd5, 0xd3, 0xd2, 0xd0, 0xd0, 0xcf, 0xcc, 0xcc, 0xcb, 0xc9, 0xc7, 0xc6, 0xc6, 0xc3,
    0xc2, 0xc2, 0xbc, 0xba, 0xba, 0xb9, 0xb8, 0xb8, 0xb0, 0xb0, 0xaf, 0xaf, 0xa6, 0x9b, 0x97, 0x8e, 0x8e, 0x89, 0x89, 0x88, 0x88, 0x7d, 0x7d, 0x7d,
    0x76, 0x76, 0x75, 0x75, 0x74, 0x74, 0x74, 0x74, 0x74, 0x70, 0x70, 0x70, 0x70, 0x70, 0x70, 0x70, 0x70, 0x70, 0x70, 0x70, 0x74, 0x74, 0x74, 0x74,
    0x74, 0x74, 0x74, 0x74, 0x75, 0x75, 0x75, 0x75, 0x76, 0x76, 0x76, 0x76, 0x77, 0x77, 0x77, 0x77, 0x7d, 0x7d, 0x7d, 0x7d, 0x7d, 0x7d, 0x7d, 0x88,
    0x54, 0x54, 0x54, 0x54, 0x54, 0x54, 0x54, 0x54, 0x56, 0x50, 0x4b, 0x4b, 0x4b, 0x48, 0x46, 0x43, 0x3e, 0x3a, 0x39, 0x36, 0x36, 0x36, 0x36, 0x36,
    0x36, 0x36, 0x2f, 0x2f, 0x2f, 0x2f, 0x2b, 0x2a, 0x2a, 0x2a, 0x2a, 0x2a, 0x2a, 0x24, 0x24, 0x24, 0x26, 0x23, 0x23, 0x23, 0x23, 0x21, 0x23, 0x1e,
    0x21, 0x1c, 0x1f, 0x1c, 0x1c, 0x1c, 0x1c, 0x1c, 0x1c, 0x1c, 0x1c, 0x1a, 0x18, 0x18, 0x18, 0x18, 0x18, 0x14, 0x14, 0x14, 0x13, 0x13, 0x13, 0x13,
    0x12, 0x0f, 0x0f, 0x0f, 0x0f, 0x0e, 0x0e, 0x0c, 0x0c, 0x0c, 0x0c, 0x08, 0x08, 0x08, 0x07, 0x08, 0x04, 0x05, 0x05, 0x04, 0x01, 0x03, 0x00, 0x22,
    0x19, 0x16, 0x30, 0x4f, 0x57, 0x7d, 0xd0, 0xfb, 0xfc, 0xfd, 0xfd, 0xfe, 0xfc, 0x03, 0x06, 0x07, 0x06, 0x0d, 0x0d, 0x0d, 0x0d, 0x04, 0x03, 0x4f,
    0xff, 0xff, 0xfd, 0xfd, 0xfc, 0xfd, 0xfd, 0xfd, 0xfd, 0xfd, 0xfb, 0xf7, 0xfb, 0xf4, 0xf4, 0xf4, 0xf4, 0xe8, 0xe0, 0xf4, 0xd8, 0xfd, 0x9a, 0x0a,
    0x00, 0x01, 0x01, 0x00, 0x00, 0x00, 0x00, 0x01, 0x04, 0x04, 0x04, 0x04, 0x04, 0x07, 0x07, 0x07, 0x07, 0x08, 0x08, 0x08, 0x08, 0x08, 0x08, 0x09,
    0x09, 0x0c, 0x09, 0x0c, 0x0c, 0x0c, 0x0f, 0x0c, 0x0c, 0x0c, 0x0c, 0x0f, 0x0f, 0x0f, 0x10, 0x10, 0x10, 0x10, 0x10, 0x13, 0x13, 0x1c, 0x24, 0x2d,
    0x39, 0x3a, 0x42, 0x48, 0x4f, 0x52, 0x52, 0x52, 0x52, 0x52, 0x53, 0x53, 0x53, 0x53, 0x53, 0x53, 0x54, 0x54, 0x56, 0x56, 0x56, 0x56, 0x56, 0x56,
    0x56, 0x56, 0x56, 0x56, 0x57, 0x57, 0x57, 0x57, 0x59, 0x59, 0x59, 0x59, 0x59, 0x59, 0x5a, 0x5a, 0x5a, 0x5b, 0x5b, 0x5d, 0x5d, 0x5d, 0x5d, 0x5d,
    0x5d, 0x5d, 0x62, 0x62, 0x62, 0x62, 0x62, 0x62, 0x65, 0x65, 0x65, 0x65, 0x65, 0x65, 0x66, 0x66, 0x66, 0x65, 0x66, 0x6c, 0x6c, 0x6c, 0x6c, 0x6c,
    0x6c, 0x6c, 0x6c, 0x6c, 0x6c, 0x6c, 0x6c, 0x6c, 0x6c, 0x6c, 0x6c, 0x6c, 0x6c, 0x67, 0x67, 0x67, 0x67, 0x67, 0x6c, 0x67, 0x67, 0x67, 0x67, 0x67,
    0x67, 0x67, 0x67, 0x67, 0x67, 0x67, 0x67, 0x6c, 0x67, 0x67, 0x67, 0x6c, 0x6c, 0x6c, 0x71, 0x71, 0x75, 0x75, 0x71, 0x71, 0x7e, 0x7e, 0x7f, 0x7f,
    0x7f, 0x8f, 0x8f, 0x8f, 0x8f, 0x9b, 0xaa, 0xb1, 0xb0, 0xb4, 0xb4, 0xb6, 0xbb, 0xbb, 0xbd, 0xbe, 0xc4, 0xc4, 0xc5, 0xc8, 0xcb, 0xcc, 0xce, 0xce,
    0xce, 0xd2, 0xd3, 0xd4, 0xd6, 0xd6, 0xd7, 0xd7, 0xda, 0xdb, 0xdb, 0xdd, 0xdd, 0xe1, 0xe2, 0xe4, 0xe4, 0xe4, 0xe5, 0xe7, 0xe7, 0xe9, 0xe9, 0xe9,
    0xeb, 0xeb, 0xed, 0xed, 0xed, 0xed, 0xed, 0xeb, 0xeb, 0xeb, 0xeb, 0xe8, 0xe8, 0xe8, 0xe7, 0xe7, 0xe7, 0xe5, 0xe3, 0xe3, 0xe3, 0xe2, 0xe2, 0xe1,
    0xe1, 0xdc, 0xdc, 0xd9, 0xd9, 0xd9, 0xd9, 0xd8, 0xd5, 0xd5, 0xd5, 0xd3, 0xd2, 0xd0, 0xd0, 0xcf, 0xcf, 0xcc, 0xcb, 0xc9, 0xc7, 0xc7, 0xc6, 0xc3,
    0xc2, 0xc2, 0xc1, 0xbc, 0xba, 0xb9, 0xb9, 0xb8, 0xb3, 0xb3, 0xaf, 0xaf, 0xa6, 0x9b, 0x97, 0x8f, 0x8e, 0x8e, 0x89, 0x88, 0x88, 0x88, 0x7d, 0x7d,
    0x76, 0x76, 0x76, 0x75, 0x75, 0x74, 0x74, 0x74, 0x74, 0x74, 0x70, 0x70, 0x70, 0x70, 0x70, 0x70, 0x70, 0x70, 0x70, 0x74, 0x74, 0x74, 0x74, 0x74,
    0x74, 0x74, 0x74, 0x74, 0x75, 0x75, 0x75, 0x76, 0x76, 0x76, 0x76, 0x76, 0x77, 0x77, 0x77, 0x77, 0x7d, 0x7d, 0x7d, 0x7d, 0x7d, 0x7d, 0x7d, 0x88,
    0x54, 0x54, 0x54, 0x54, 0x54, 0x54, 0x54, 0x54, 0x56, 0x4f, 0x4b, 0x4b, 0x4b, 0x48, 0x46, 0x43, 0x3e, 0x3a, 0x39, 0x36, 0x36, 0x36, 0x36, 0x36,
    0x2f, 0x36, 0x2f, 0x2f, 0x2f, 0x2b, 0x2b, 0x2a, 0x2a, 0x2a, 0x2a, 0x2a, 0x2a, 0x24, 0x24, 0x24, 0x23, 0x23, 0x23, 0x23, 0x23, 0x21, 0x21, 0x1f,
    0x1c, 0x1f, 0x1f, 0x1f, 0x1c, 0x1c, 0x1c, 0x1c, 0x1c, 0x1c, 0x1c, 0x1a, 0x18, 0x18, 0x18, 0x18, 0x18, 0x14, 0x14, 0x14, 0x13, 0x13, 0x13, 0x12,
    0x12, 0x11, 0x0f, 0x0f, 0x0f, 0x0e, 0x0e, 0x0c, 0x0c, 0x0c, 0x09, 0x08, 0x08, 0x08, 0x07, 0x09, 0x06, 0x05, 0x04, 0x05, 0x01, 0x01, 0x03, 0x22,
    0x16, 0x14, 0x41, 0x54, 0x7d, 0xcb, 0xf4, 0xfc, 0xfd, 0xfd, 0xfd, 0xff, 0x4f, 0x00, 0x19, 0x2d, 0x22, 0x07, 0x0d, 0x0d, 0x0d, 0x0d, 0x0b, 0x00,
    0x2e, 0xe4, 0xfe, 0xfe, 0xfd, 0xfc, 0xfd, 0xfd, 0xfd, 0xfd, 0xfd, 0xfd, 0xfd, 0xf4, 0xe8, 0xe8, 0xe8, 0xe8, 0xe8, 0xe3, 0xf4, 0xd6, 0xff, 0x29,
    0x00, 0x03, 0x00, 0x00, 0x00, 0x00, 0x00, 0x01, 0x04, 0x04, 0x04, 0x04, 0x04, 0x07, 0x07, 0x07, 0x07, 0x08, 0x08, 0x08, 0x08, 0x08, 0x08, 0x09,
    0x09, 0x0c, 0x09, 0x0c, 0x0c, 0x0c, 0x0c, 0x0c, 0x0c, 0x0c, 0x0c, 0x0c, 0x0f, 0x0f, 0x10, 0x10, 0x10, 0x13, 0x10, 0x13, 0x13, 0x1c, 0x24, 0x2d,
    0x39, 0x3a, 0x42, 0x48, 0x4f, 0x52, 0x53, 0x53, 0x53, 0x53, 0x53, 0x53, 0x53, 0x53, 0x53, 0x54, 0x54, 0x54, 0x56, 0x56, 0x56, 0x56, 0x56, 0x56,
    0x56, 0x56, 0x57, 0x57, 0x57, 0x57, 0x57, 0x59, 0x59, 0x59, 0x59, 0x59, 0x59, 0x5a, 0x5a, 0x5a, 0x5a, 0x5b, 0x5b, 0x5d, 0x5d, 0x5d, 0x5d, 0x5d,
    0x5d, 0x62, 0x62, 0x62, 0x62, 0x62, 0x62, 0x62, 0x65, 0x65, 0x65, 0x65, 0x65, 0x65, 0x66, 0x66, 0x66, 0x66, 0x66, 0x6c, 0x6c, 0x6c, 0x6c, 0x6c,
    0x6c, 0x6c, 0x6c, 0x6c, 0x6c, 0x6c, 0x6c, 0x6c, 0x6c, 0x6c, 0x6c, 0x6c, 0x6c, 0x6c, 0x6c, 0x67, 0x6c, 0x67, 0x6c, 0x6c, 0x67, 0x67, 0x6c, 0x67,
    0x67, 0x67, 0x67, 0x6c, 0x6c, 0x67, 0x67, 0x6c, 0x6c, 0x6c, 0x6c, 0x6c, 0x6c, 0x6c, 0x71, 0x71, 0x75, 0x75, 0x71, 0x7e, 0x7e, 0x7e, 0x7f, 0x7f,
    0x7f, 0x8f, 0x8f, 0x8f, 0x9b, 0x9b, 0xaa, 0xb1, 0xb0, 0xb4, 0xb4, 0xb6, 0xbb, 0xbb, 0xbd, 0xbe, 0xc4, 0xc4, 0xc5, 0xc8, 0xcb, 0xcd, 0xce, 0xce,
    0xce, 0xd2, 0xd3, 0xd4, 0xd6, 0xd6, 0xd7, 0xd7, 0xda, 0xda, 0xdb, 0xdd, 0xdd, 0xe1, 0xe1, 0xe4, 0xe4, 0xe4, 0xe5, 0xe7, 0xe7, 0xe9, 0xe9, 0xe9,
    0xeb, 0xeb, 0xeb, 0xeb, 0xed, 0xeb, 0xeb, 0xeb, 0xeb, 0xeb, 0xe8, 0xe8, 0xe8, 0xe8, 0xe7, 0xe7, 0xe7, 0xe5, 0xe3, 0xe3, 0xe3, 0xe2, 0xe2, 0xe1,
    0xe1, 0xdc, 0xdc, 0xd9, 0xd9, 0xd9, 0xd9, 0xd8, 0xd5, 0xd5, 0xd5, 0xd4, 0xd3, 0xd0, 0xd0, 0xcf, 0xcf, 0xcc, 0xcc, 0xcb, 0xc9, 0xc7, 0xc6, 0xc6,
    0xc3, 0xc2, 0xc2, 0xbc, 0xba, 0xb9, 0xb9, 0xb8, 0xb3, 0xb3, 0xaf, 0xaf, 0xa6, 0xa6, 0x97, 0x97, 0x8e, 0x8e, 0x89, 0x89, 0x88, 0x88, 0x7d, 0x7d,
    0x77, 0x76, 0x76, 0x75, 0x75, 0x74, 0x74, 0x74, 0x74, 0x74, 0x70, 0x70, 0x70, 0x70, 0x70, 0x70, 0x70, 0x70, 0x70, 0x74, 0x74, 0x74, 0x74, 0x74,
    0x74, 0x74, 0x74, 0x74, 0x75, 0x75, 0x75, 0x76, 0x76, 0x76, 0x76, 0x76, 0x77, 0x77, 0x77, 0x77, 0x7d, 0x7d, 0x7d, 0x7d, 0x7d, 0x7d, 0x7d, 0x88,
    0x54, 0x54, 0x54, 0x54, 0x54, 0x54, 0x54, 0x54, 0x54, 0x4f, 0x4b, 0x4b, 0x4b, 0x48, 0x46, 0x43, 0x3e, 0x3a, 0x39, 0x36, 0x36, 0x36, 0x36, 0x36,
    0x2f, 0x2f, 0x2f, 0x2f, 0x2f, 0x2a, 0x2a, 0x2a, 0x2a, 0x2a, 0x2a, 0x2a, 0x24, 0x24, 0x24, 0x23, 0x23, 0x23, 0x23, 0x23, 0x23, 0x21, 0x21, 0x21,
    0x1f, 0x1f, 0x1c, 0x1c, 0x1c, 0x1c, 0x1c, 0x1c, 0x1c, 0x1c, 0x1c, 0x1a, 0x18, 0x18, 0x18, 0x18, 0x18, 0x14, 0x15, 0x14, 0x14, 0x14, 0x13, 0x13,
    0x13, 0x11, 0x0f, 0x0f, 0x0f, 0x0e, 0x0e, 0x0e, 0x0c, 0x09, 0x09, 0x08, 0x08, 0x08, 0x05, 0x05, 0x05, 0x05, 0x05, 0x01, 0x03, 0x00, 0x17, 0x17,
    0x0a, 0x19, 0x4f, 0x73, 0xc9, 0xe0, 0xfc, 0xfd, 0xfd, 0xfd, 0xfd, 0xff, 0x29, 0x29, 0xfe, 0xff, 0xff, 0x4f, 0x0b, 0x10, 0x13, 0x0d, 0x0d, 0x10,
    0x0b, 0x0b, 0x42, 0xd2, 0xff, 0xfc, 0xfd, 0xfd, 0xfd, 0xfd, 0xfd, 0xfc, 0xfc, 0xfb, 0xfb, 0xfb, 0xfd, 0xe8, 0xfb, 0xfb, 0xeb, 0xe0, 0xfe, 0x5e,
    0x03, 0x00, 0x00, 0x01, 0x00, 0x00, 0x00, 0x01, 0x04, 0x04, 0x04, 0x04, 0x04, 0x07, 0x07, 0x07, 0x07, 0x08, 0x08, 0x08, 0x08, 0x08, 0x08, 0x09,
    0x09, 0x0c, 0x09, 0x0c, 0x0c, 0x0c, 0x0c, 0x0c, 0x0c, 0x0c, 0x0c, 0x0c, 0x0f, 0x0f, 0x10, 0x10, 0x10, 0x13, 0x13, 0x13, 0x13, 0x1c, 0x24, 0x2d,
    0x39, 0x3a, 0x42, 0x48, 0x4f, 0x53, 0x53, 0x53, 0x53, 0x53, 0x53, 0x53, 0x53, 0x53, 0x53, 0x54, 0x54, 0x56, 0x56, 0x56, 0x56, 0x56, 0x56, 0x56,
    0x56, 0x56, 0x57, 0x57, 0x57, 0x57, 0x59, 0x59, 0x59, 0x59, 0x59, 0x59, 0x5a, 0x5a, 0x5a, 0x5a, 0x5a, 0x5b, 0x5b, 0x5d, 0x5d, 0x5d, 0x5d, 0x5d,
    0x62, 0x62, 0x62, 0x62, 0x62, 0x62, 0x62, 0x65, 0x65, 0x65, 0x65, 0x65, 0x65, 0x65, 0x66, 0x66, 0x6c, 0x6c, 0x6c, 0x6c, 0x6c, 0x6c, 0x6c, 0x6c,
    0x6c, 0x6c, 0x6c, 0x6c, 0x6c, 0x6c, 0x6c, 0x6c, 0x6c, 0x6c, 0x6c, 0x6c, 0x6c, 0x6c, 0x6c, 0x67, 0x6c, 0x6c, 0x6c, 0x6c, 0x6c, 0x67, 0x6c, 0x6c,
    0x67, 0x6c, 0x67, 0x6c, 0x6c, 0x6c, 0x67, 0x6c, 0x6c, 0x6c, 0x6c, 0x6c, 0x6c, 0x6c, 0x71, 0x71, 0x75, 0x75, 0x7e, 0x7e, 0x7e, 0x7e, 0x7f, 0x7f,
    0x7f, 0x8f, 0x8f, 0x8f, 0x9b, 0x9b, 0xaa, 0xb1, 0xb0, 0xb4, 0xb4, 0xb6, 0xbb, 0xbb, 0xbd, 0xbe, 0xc4, 0xc4, 0xc5, 0xc8, 0xcb, 0xcd, 0xce, 0xce,
    0xce, 0xd2, 0xd2, 0xd4, 0xd6, 0xd6, 0xd7, 0xd7, 0xda, 0xda, 0xdb, 0xdd, 0xdd, 0xe1, 0xe1, 0xe2, 0xe4, 0xe4, 0xe5, 0xe7, 0xe7, 0xe7, 0xe9, 0xe9,
    0xe9, 0xe9, 0xeb, 0xeb, 0xeb, 0xeb, 0xeb, 0xeb, 0xeb, 0xe8, 0xe8, 0xe8, 0xe8, 0xe8, 0xe7, 0xe7, 0xe7, 0xe5, 0xe3, 0xe3, 0xe3, 0xe2, 0xe2, 0xe1,
    0xe1, 0xdc, 0xdc, 0xdb, 0xd9, 0xd9, 0xd9, 0xd8, 0xd8, 0xd5, 0xd5, 0xd5, 0xd3, 0xd2, 0xd0, 0xcf, 0xcf, 0xcc, 0xcc, 0xcb, 0xc9, 0xc7, 0xc6, 0xc6,
    0xc3, 0xc2, 0xc2, 0xc1, 0xba, 0xba, 0xb9, 0xb8, 0xb8, 0xb0, 0xb0, 0xaf, 0xaf, 0xa6, 0x9b, 0x97, 0x8e, 0x8e, 0x89, 0x89, 0x88, 0x88, 0x88, 0x7d,
    0x7d, 0x76, 0x76, 0x76, 0x75, 0x74, 0x74, 0x74, 0x74, 0x74, 0x74, 0x70, 0x70, 0x70, 0x70, 0x70, 0x70, 0x70, 0x74, 0x74, 0x74, 0x74, 0x74, 0x74,
    0x74, 0x74, 0x74, 0x75, 0x75, 0x75, 0x75, 0x76, 0x76, 0x76, 0x76, 0x76, 0x77, 0x77, 0x77, 0x77, 0x7d, 0x7d, 0x7d, 0x7d, 0x7d, 0x7d, 0x7d, 0x88,
    0x54, 0x54, 0x54, 0x54, 0x54, 0x54, 0x54, 0x54, 0x54, 0x4f, 0x4b, 0x4b, 0x4b, 0x48, 0x46, 0x43, 0x3e, 0x3a, 0x39, 0x39, 0x36, 0x36, 0x36, 0x36,
    0x34, 0x2f, 0x2f, 0x2f, 0x2f, 0x2b, 0x2b, 0x2a, 0x2a, 0x2a, 0x2a, 0x2a, 0x2a, 0x24, 0x24, 0x23, 0x23, 0x23, 0x23, 0x23, 0x23, 0x21, 0x21, 0x21,
    0x21, 0x1f, 0x1c, 0x1f, 0x1c, 0x1c, 0x1c, 0x1c, 0x1c, 0x1c, 0x1c, 0x1a, 0x18, 0x18, 0x18, 0x18, 0x14, 0x14, 0x14, 0x14, 0x13, 0x13, 0x13, 0x12,
    0x11, 0x0f, 0x11, 0x0f, 0x0f, 0x0e, 0x0e, 0x0e, 0x09, 0x09, 0x09, 0x09, 0x08, 0x08, 0x06, 0x06, 0x04, 0x04, 0x05, 0x01, 0x01, 0x05, 0x19, 0x16,
    0x0a, 0x29, 0x5c, 0xcb, 0xf4, 0xfc, 0xfd, 0xfd, 0xfe, 0xfd, 0xfe, 0xff, 0x11, 0xfc, 0xff, 0xff, 0xc1, 0xff, 0x4a, 0x0d, 0x18, 0x15, 0x15, 0x04,
    0x04, 0x04, 0x03, 0x15, 0x57, 0xff, 0xfd, 0xfd, 0xfd, 0xfd, 0xfd, 0xfd, 0xfd, 0xfc, 0xfd, 0xfb, 0xfb, 0xfb, 0xfb, 0xfb, 0xfb, 0xfb, 0xf4, 0xfe,
    0x16, 0x00, 0x00, 0x00, 0x00, 0x00, 0x00, 0x01, 0x04, 0x04, 0x04, 0x04, 0x04, 0x04, 0x07, 0x07, 0x07, 0x08, 0x08, 0x08, 0x08, 0x08, 0x09, 0x09,
    0x0c, 0x0c, 0x09, 0x0c, 0x0c, 0x0c, 0x0c, 0x0c, 0x0c, 0x0c, 0x0c, 0x0c, 0x0f, 0x0f, 0x0f, 0x0f, 0x10, 0x10, 0x13, 0x13, 0x13, 0x1c, 0x24, 0x2d,
    0x39, 0x3a, 0x42, 0x48, 0x4f, 0x53, 0x53, 0x53, 0x53, 0x53, 0x53, 0x53, 0x53, 0x53, 0x53, 0x54, 0x54, 0x56, 0x56, 0x56, 0x56, 0x56, 0x56, 0x56,
    0x56, 0x56, 0x57, 0x57, 0x57, 0x57, 0x59, 0x59, 0x59, 0x59, 0x59, 0x59, 0x5a, 0x5a, 0x5a, 0x5a, 0x5b, 0x5b, 0x5b, 0x5d, 0x5d, 0x5d, 0x5d, 0x62,
    0x62, 0x62, 0x62, 0x62, 0x62, 0x62, 0x65, 0x65, 0x65, 0x65, 0x66, 0x66, 0x66, 0x66, 0x66, 0x66, 0x6c, 0x6c, 0x6c, 0x6b, 0x6b, 0x6c, 0x6c, 0x6c,
    0x6c, 0x6c, 0x6c, 0x6c, 0x6c, 0x6c, 0x6c, 0x6c, 0x6c, 0x6c, 0x6c, 0x6c, 0x6c, 0x6c, 0x6c, 0x6c, 0x6c, 0x6c, 0x6c, 0x6c, 0x6c, 0x6c, 0x6c, 0x6c,
    0x6c, 0x6c, 0x6c, 0x6c, 0x6c, 0x6c, 0x6c, 0x6c, 0x6c, 0x6c, 0x6c, 0x6c, 0x6c, 0x6c, 0x71, 0x75, 0x71, 0x71, 0x7e, 0x7e, 0x7e, 0x7e, 0x7f, 0x7f,
    0x7f, 0x8f, 0x8f, 0x8f, 0x9b, 0x9b, 0xaa, 0xb0, 0xb0, 0xb4, 0xb4, 0xb6, 0xbb, 0xbb, 0xbd, 0xbe, 0xc4, 0xc4, 0xc5, 0xc8, 0xc8, 0xcd, 0xce, 0xce,
    0xce, 0xd2, 0xd2, 0xd3, 0xd6, 0xd6, 0xd7, 0xd7, 0xda, 0xda, 0xdb, 0xdb, 0xdd, 0xe1, 0xe1, 0xe2, 0xe4, 0xe4, 0xe4, 0xe5, 0xe7, 0xe7, 0xe8, 0xe9,
    0xe9, 0xe9, 0xe9, 0xeb, 0xeb, 0xeb, 0xeb, 0xeb, 0xe8, 0xe8, 0xe8, 0xe8, 0xe8, 0xe7, 0xe7, 0xe7, 0xe7, 0xe5, 0xe3, 0xe3, 0xe3, 0xe2, 0xe2, 0xe1,
    0xe1, 0xe1, 0xdc, 0xdc, 0xd9, 0xd9, 0xd9, 0xd8, 0xd8, 0xd5, 0xd4, 0xd5, 0xd3, 0xd2, 0xd0, 0xd0, 0xcf, 0xcf, 0xcc, 0xcb, 0xc9, 0xc7, 0xc7, 0xc6,
    0xc3, 0xc2, 0xc2, 0xc1, 0xbc, 0xba, 0xb9, 0xb9, 0xb8, 0xb3, 0xb3, 0xaf, 0xaf, 0xa6, 0x9b, 0x97, 0x8f, 0x8e, 0x8e, 0x89, 0x88, 0x88, 0x88, 0x7d,
    0x7d, 0x77, 0x76, 0x76, 0x75, 0x75, 0x74, 0x74, 0x74, 0x74, 0x74, 0x74, 0x70, 0x70, 0x70, 0x70, 0x70, 0x74, 0x74, 0x74, 0x74, 0x74, 0x74, 0x74,
    0x74, 0x74, 0x74, 0x75, 0x75, 0x75, 0x75, 0x76, 0x76, 0x76, 0x76, 0x77, 0x77, 0x77, 0x77, 0x77, 0x7d, 0x7d, 0x7d, 0x7d, 0x7d, 0x7d, 0x88, 0x88,
    0x54, 0x54, 0x54, 0x54, 0x54, 0x54, 0x54, 0x54, 0x54, 0x50, 0x4b, 0x4b, 0x4b, 0x48, 0x46, 0x43, 0x3e, 0x3a, 0x39, 0x39, 0x36, 0x36, 0x36, 0x36,
    0x36, 0x36, 0x2f, 0x2f, 0x2f, 0x2f, 0x2a, 0x2a, 0x2a, 0x2a, 0x2a, 0x2a, 0x2a, 0x24, 0x24, 0x23, 0x23, 0x23, 0x23, 0x23, 0x23, 0x21, 0x21, 0x1f,
    0x21, 0x1c, 0x1c, 0x1c, 0x1c, 0x1c, 0x1c, 0x1c, 0x1c, 0x1c, 0x1c, 0x1a, 0x18, 0x18, 0x18, 0x18, 0x15, 0x14, 0x14, 0x14, 0x13, 0x13, 0x13, 0x12,
    0x11, 0x0f, 0x11, 0x0f, 0x0e, 0x0e, 0x0e, 0x0c, 0x0c, 0x0c, 0x08, 0x08, 0x08, 0x08, 0x04, 0x06, 0x05, 0x04, 0x03, 0x01, 0x00, 0x16, 0x19, 0x0a,
    0x06, 0x42, 0xcc, 0xf4, 0xfb, 0xfd, 0xfd, 0xfd, 0xfd, 0xfd, 0xfe, 0xe2, 0x2e, 0xff, 0xfe, 0xff, 0xd1, 0xfd, 0xca, 0x1a, 0x1e, 0x0d, 0x0d, 0x43,
    0x57, 0x55, 0x3e, 0x0b, 0x0b, 0x55, 0xff, 0xfd, 0xfd, 0xfd, 0xfd, 0xfd, 0xfd, 0xfd, 0xfd, 0xfd, 0xfd, 0xfb, 0xfd, 0xfd, 0xfd, 0xfb, 0xfb, 0xfe,
    0x48, 0x00, 0x01, 0x00, 0x00, 0x00, 0x00, 0x01, 0x04, 0x04, 0x04, 0x04, 0x04, 0x04, 0x07, 0x07, 0x07, 0x08, 0x08, 0x08, 0x08, 0x08, 0x08, 0x09,
    0x0c, 0x09, 0x0c, 0x0c, 0x0c, 0x0c, 0x0c, 0x0c, 0x0c, 0x0c, 0x0c, 0x0c, 0x0f, 0x0f, 0x10, 0x0f, 0x10, 0x13, 0x13, 0x13, 0x14, 0x1f, 0x24, 0x2d,
    0x39, 0x3a, 0x42, 0x48, 0x4f, 0x53, 0x53, 0x53, 0x53, 0x53, 0x53, 0x53, 0x53, 0x53, 0x54, 0x54, 0x54, 0x56, 0x56, 0x56, 0x56, 0x56, 0x56, 0x56,
    0x56, 0x57, 0x57, 0x57, 0x59, 0x59, 0x59, 0x59, 0x59, 0x59, 0x59, 0x5a, 0x5a, 0x5a, 0x5a, 0x5a, 0x5b, 0x5b, 0x5d, 0x5d, 0x5d, 0x5d, 0x5d, 0x62,
    0x62, 0x62, 0x62, 0x62, 0x62, 0x62, 0x65, 0x65, 0x65, 0x65, 0x66, 0x66, 0x6c, 0x66, 0x6c, 0x6c, 0x6c, 0x6c, 0x6c, 0x6c, 0x6c, 0x6c, 0x6c, 0x6c,
    0x6c, 0x6c, 0x6c, 0x6c, 0x6c, 0x6c, 0x6c, 0x6c, 0x6c, 0x6c, 0x6c, 0x6c, 0x6c, 0x6c, 0x6c, 0x6c, 0x6c, 0x6c, 0x6c, 0x6c, 0x6c, 0x6c, 0x6c, 0x6c,
    0x6c, 0x6c, 0x6c, 0x6c, 0x6c, 0x6c, 0x6c, 0x6c, 0x6c, 0x6c, 0x6c, 0x6c, 0x6c, 0x71, 0x71, 0x71, 0x71, 0x71, 0x7e, 0x7e, 0x7e, 0x7f, 0x7f, 0x7f,
    0x7f, 0x8f, 0x8f, 0x9b, 0x9b, 0x9b, 0x9c, 0xb0, 0xb0, 0xb4, 0xb4, 0xb6, 0xbb, 0xbb, 0xbd, 0xbe, 0xc4, 0xc4, 0xc5, 0xc8, 0xc8, 0xcd, 0xce, 0xce,
    0xce, 0xd2, 0xd2, 0xd3, 0xd6, 0xd6, 0xd7, 0xd7, 0xda, 0xda, 0xdb, 0xdb, 0xdd, 0xdd, 0xe1, 0xe2, 0xe4, 0xe4, 0xe4, 0xe5, 0xe7, 0xe7, 0xe7, 0xe8,
    0xe8, 0xe9, 0xe9, 0xe9, 0xe9, 0xe9, 0xe8, 0xe8, 0xe8, 0xe8, 0xe8, 0xe8, 0xe8, 0xe7, 0xe7, 0xe7, 0xe7, 0xe5, 0xe3, 0xe3, 0xe3, 0xe2, 0xe2, 0xe1,
    0xe1, 0xe1, 0xdc, 0xdc, 0xd9, 0xd9, 0xd9, 0xd9, 0xd8, 0xd5, 0xd5, 0xd5, 0xd3, 0xd3, 0xd0, 0xd0, 0xcf, 0xcf, 0xcc, 0xcc, 0xcb, 0xc9, 0xc7, 0xc6,
    0xc6, 0xc3, 0xc2, 0xc2, 0xbc, 0xba, 0xb9, 0xb9, 0xb8, 0xb3, 0xb0, 0xaf, 0xaf, 0xa6, 0xa6, 0x97, 0x97, 0x8e, 0x8e, 0x89, 0x89, 0x88, 0x88, 0x7d,
    0x7d, 0x7d, 0x76, 0x76, 0x76, 0x75, 0x74, 0x74, 0x74, 0x74, 0x74, 0x74, 0x74, 0x74, 0x74, 0x74, 0x70, 0x74, 0x74, 0x74, 0x74, 0x74, 0x74, 0x74,
    0x74, 0x74, 0x74, 0x75, 0x75, 0x75, 0x76, 0x76, 0x76, 0x76, 0x76, 0x77, 0x77, 0x77, 0x77, 0x77, 0x7d, 0x7d, 0x7d, 0x7d, 0x7d, 0x7d, 0x88, 0x88,
    0x54, 0x54, 0x54, 0x54, 0x54, 0x54, 0x54, 0x54, 0x54, 0x50, 0x4b, 0x4b, 0x4b, 0x48, 0x46, 0x43, 0x3e, 0x3a, 0x39, 0x39, 0x36, 0x36, 0x36, 0x36,
    0x2f, 0x2f, 0x2f, 0x2f, 0x2f, 0x2f, 0x2a, 0x2a, 0x2a, 0x2a, 0x2a, 0x2a, 0x24, 0x24, 0x24, 0x23, 0x23, 0x23, 0x23, 0x23, 0x21, 0x21, 0x21, 0x21,
    0x21, 0x1c, 0x1f, 0x1c, 0x1c, 0x1c, 0x1c, 0x1c, 0x1c, 0x1c, 0x1c, 0x1a, 0x18, 0x18, 0x18, 0x18, 0x15, 0x13, 0x14, 0x14, 0x13, 0x13, 0x13, 0x12,
    0x11, 0x0f, 0x0f, 0x0f, 0x0e, 0x0e, 0x0e, 0x0c, 0x0c, 0x0c, 0x09, 0x08, 0x08, 0x06, 0x06, 0x04, 0x05, 0x03, 0x00, 0x00, 0x00, 0x16, 0x16, 0x09,
    0x08, 0x9a, 0xfc, 0xfc, 0xfd, 0xfd, 0xfd, 0xfd, 0xfe, 0xfe, 0xfe, 0xcf, 0x69, 0xff, 0xff, 0xfe, 0xff, 0xff, 0x49, 0x34, 0x1e, 0x3e, 0xf4, 0xfe,
    0xff, 0xfe, 0xfe, 0xa6, 0x1d, 0x0b, 0xb7, 0xff, 0xfd, 0xfe, 0xfd, 0xfe, 0xfd, 0xfd, 0xfd, 0xfc, 0xfc, 0xfd, 0xfd, 0xfd, 0xfd, 0xfc, 0xfc, 0xfd,
    0xfc, 0x00, 0x00, 0x00, 0x00, 0x00, 0x00, 0x01, 0x04, 0x04, 0x04, 0x04, 0x04, 0x04, 0x07, 0x07, 0x07, 0x08, 0x08, 0x08, 0x08, 0x08, 0x08, 0x09,
    0x09, 0x09, 0x0c, 0x0c, 0x0c, 0x0c, 0x0c, 0x0c, 0x0c, 0x0c, 0x0c, 0x0f, 0x0f, 0x10, 0x10, 0x10, 0x13, 0x13, 0x13, 0x13, 0x14, 0x1c, 0x21, 0x2f,
    0x39, 0x3a, 0x42, 0x4b, 0x4f, 0x53, 0x53, 0x53, 0x53, 0x53, 0x53, 0x54, 0x54, 0x54, 0x54, 0x56, 0x56, 0x56, 0x56, 0x56, 0x56, 0x56, 0x56, 0x57,
    0x57, 0x57, 0x57, 0x57, 0x59, 0x59, 0x59, 0x59, 0x59, 0x59, 0x59, 0x5a, 0x5a, 0x5a, 0x5a, 0x5b, 0x5b, 0x5d, 0x5d, 0x5d, 0x5d, 0x5d, 0x5d, 0x62,
    0x62, 0x62, 0x62, 0x62, 0x62, 0x65, 0x65, 0x66, 0x66, 0x66, 0x66, 0x66, 0x6c, 0x6c, 0x6c, 0x6c, 0x6b, 0x6b, 0x6c, 0x6c, 0x6c, 0x6c, 0x6c, 0x6c,
    0x6c, 0x6c, 0x6c, 0x6c, 0x6c, 0x6c, 0x6c, 0x6c, 0x6c, 0x6c, 0x6c, 0x6c, 0x6c, 0x6c, 0x6c, 0x6c, 0x6c, 0x6c, 0x6c, 0x6c, 0x6c, 0x6c, 0x6c, 0x6c,
    0x6c, 0x6c, 0x6c, 0x6c, 0x6c, 0x6c, 0x6c, 0x6c, 0x6c, 0x6c, 0x6c, 0x6c, 0x75, 0x75, 0x71, 0x71, 0x71, 0x71, 0x7e, 0x7e, 0x7f, 0x7f, 0x7f, 0x7f,
    0x8f, 0x8f, 0x8f, 0x9b, 0x9b, 0x9b, 0xab, 0xb0, 0xb0, 0xb4, 0xb4, 0xb6, 0xbb, 0xbb, 0xbd, 0xbe, 0xc4, 0xc4, 0xc5, 0xc8, 0xc8, 0xcd, 0xcd, 0xce,
    0xce, 0xd2, 0xd2, 0xd3, 0xd4, 0xd6, 0xd7, 0xd7, 0xd7, 0xda, 0xda, 0xdb, 0xdd, 0xdd, 0xe1, 0xe1, 0xe4, 0xe4, 0xe4, 0xe4, 0xe5, 0xe7, 0xe7, 0xe7,
    0xe8, 0xe8, 0xe9, 0xe9, 0xe9, 0xe9, 0xe8, 0xe8, 0xe8, 0xe8, 0xe8, 0xe8, 0xe8, 0xe7, 0xe7, 0xe7, 0xe7, 0xe5, 0xe3, 0xe3, 0xe3, 0xe2, 0xe2, 0xe1,
    0xe1, 0xe1, 0xdc, 0xdc, 0xd9, 0xd9, 0xd9, 0xd9, 0xd8, 0xd8, 0xd5, 0xd5, 0xd4, 0xd3, 0xd2, 0xd0, 0xcf, 0xcf, 0xcc, 0xcc, 0xcb, 0xc9, 0xc7, 0xc6,
    0xc6, 0xc3, 0xc2, 0xc2, 0xc1, 0xbc, 0xba, 0xb9, 0xb9, 0xb8, 0xb0, 0xb0, 0xaf, 0xaf, 0xa6, 0x9b, 0x97, 0x8e, 0x8e, 0x8e, 0x89, 0x88, 0x88, 0x88,
    0x7d, 0x7d, 0x76, 0x76, 0x76, 0x75, 0x75, 0x74, 0x74, 0x74, 0x74, 0x74, 0x74, 0x74, 0x74, 0x74, 0x74, 0x74, 0x74, 0x74, 0x74, 0x74, 0x74, 0x74,
    0x74, 0x74, 0x75, 0x75, 0x75, 0x75, 0x76, 0x76, 0x76, 0x76, 0x76, 0x77, 0x77, 0x77, 0x77, 0x7d, 0x7d, 0x7d, 0x7d, 0x7d, 0x7d, 0x7d, 0x88, 0x88,
    0x54, 0x54, 0x54, 0x54, 0x54, 0x54, 0x54, 0x54, 0x54, 0x4f, 0x4b, 0x4b, 0x4b, 0x48, 0x46, 0x43, 0x3e, 0x3a, 0x39, 0x36, 0x36, 0x36, 0x36, 0x36,
    0x2f, 0x2f, 0x2f, 0x2f, 0x2f, 0x2f, 0x2a, 0x2a, 0x2a, 0x2a, 0x2a, 0x2a, 0x24, 0x24, 0x24, 0x23, 0x23, 0x23, 0x23, 0x23, 0x21, 0x21, 0x21, 0x1e,
    0x1e, 0x1c, 0x1e, 0x1c, 0x1c, 0x1c, 0x1c, 0x1c, 0x1c, 0x1c, 0x1b, 0x18, 0x18, 0x18, 0x18, 0x18, 0x15, 0x13, 0x14, 0x14, 0x13, 0x13, 0x13, 0x12,
    0x11, 0x0f, 0x0f, 0x0f, 0x0e, 0x0e, 0x0e, 0x0c, 0x09, 0x0c, 0x08, 0x09, 0x09, 0x09, 0x05, 0x06, 0x03, 0x00, 0x06, 0x24, 0x5c, 0x3a, 0x06, 0x07,
    0x2d, 0xfd, 0xfc, 0xfd, 0xfd, 0xfe, 0xfd, 0xfd, 0xfe, 0xfd, 0xfe, 0xfe, 0xfe, 0xc2, 0xfd, 0xff, 0xff, 0xfb, 0x25, 0x25, 0x43, 0xff, 0xff, 0xfd,
    0xfd, 0xfc, 0xfc, 0xff, 0xeb, 0x1d, 0x0d, 0xfa, 0xff, 0xfd, 0xfd, 0xfc, 0xfd, 0xfe, 0xfd, 0xfe, 0xfe, 0xfd, 0xfd, 0xfd, 0xfd, 0xfd, 0xfc, 0xfc,
    0xfe, 0x22, 0x00, 0x00, 0x00, 0x00, 0x00, 0x01, 0x04, 0x04, 0x04, 0x04, 0x04, 0x04, 0x07, 0x07, 0x07, 0x07, 0x08, 0x08, 0x08, 0x08, 0x08, 0x08,
    0x08, 0x0c, 0x0c, 0x0c, 0x0c, 0x0c, 0x0c, 0x0c, 0x0c, 0x0c, 0x0c, 0x0f, 0x0f, 0x0f, 0x10, 0x13, 0x13, 0x13, 0x13, 0x13, 0x14, 0x1c, 0x24, 0x2f,
    0x3a, 0x3a, 0x42, 0x4b, 0x4f, 0x53, 0x53, 0x53, 0x53, 0x53, 0x54, 0x54, 0x54, 0x56, 0x56, 0x56, 0x56, 0x56, 0x56, 0x56, 0x56, 0x56, 0x56, 0x57,
    0x57, 0x57, 0x57, 0x57, 0x59, 0x59, 0x59, 0x59, 0x59, 0x59, 0x5a, 0x5a, 0x5a, 0x5a, 0x5b, 0x5b, 0x5d, 0x5d, 0x5d, 0x5d, 0x5d, 0x5d, 0x62, 0x62,
    0x62, 0x62, 0x62, 0x62, 0x65, 0x65, 0x66, 0x66, 0x66, 0x66, 0x66, 0x66, 0x6b, 0x6b, 0x6b, 0x6b, 0x6b, 0x6b, 0x6c, 0x6c, 0x6c, 0x6c, 0x6c, 0x6c,
    0x6c, 0x6c, 0x6c, 0x6c, 0x6c, 0x6c, 0x6c, 0x6c, 0x6c, 0x6c, 0x6c, 0x6c, 0x6c, 0x6c, 0x6c, 0x6c, 0x6c, 0x6c, 0x6c, 0x6c, 0x6c, 0x6c, 0x6c, 0x6c,
    0x6c, 0x6c, 0x6c, 0x6c, 0x6c, 0x6c, 0x6c, 0x6c, 0x6c, 0x6c, 0x6c, 0x6c, 0x75, 0x75, 0x71, 0x71, 0x71, 0x71, 0x7e, 0x7e, 0x7f, 0x7f, 0x7f, 0x7f,
    0x8f, 0x8f, 0x8f, 0x9b, 0x9b, 0xaa, 0xab, 0xb0, 0xa9, 0xb4, 0xb4, 0xb6, 0xbb, 0xbb, 0xbd, 0xbe, 0xc4, 0xc4, 0xc5, 0xc8, 0xc8, 0xcd, 0xcd, 0xce,
    0xce, 0xd2, 0xd2, 0xd3, 0xd4, 0xd6, 0xd6, 0xd7, 0xd7, 0xda, 0xda, 0xdb, 0xdd, 0xdd, 0xe1, 0xe1, 0xe2, 0xe4, 0xe5, 0xe4, 0xe5, 0xe7, 0xe7, 0xe7,
    0xe9, 0xe8, 0xe8, 0xe9, 0xe9, 0xe8, 0xe8, 0xe8, 0xe8, 0xe8, 0xe8, 0xe8, 0xe7, 0xe7, 0xe7, 0xe7, 0xe5, 0xe5, 0xe3, 0xe3, 0xe3, 0xe2, 0xe2, 0xe2,
    0xe1, 0xe1, 0xdc, 0xdc, 0xdc, 0xd9, 0xd9, 0xd9, 0xd8, 0xd8, 0xd5, 0xd4, 0xd5, 0xd3, 0xd2, 0xd0, 0xd0, 0xcf, 0xcf, 0xcc, 0xcb, 0xc9, 0xc9, 0xc7,
    0xc6, 0xc3, 0xc2, 0xc2, 0xc2, 0xbc, 0xba, 0xb9, 0xb9, 0xb8, 0xb3, 0xb3, 0xaf, 0xaf, 0xa6, 0x9b, 0x97, 0x8f, 0x8e, 0x8e, 0x89, 0x89, 0x88, 0x88,
    0x7d, 0x7d, 0x7d, 0x76, 0x76, 0x76, 0x75, 0x74, 0x74, 0x74, 0x74, 0x74, 0x74, 0x74, 0x74, 0x74, 0x74, 0x74, 0x74, 0x74, 0x74, 0x74, 0x74, 0x74,
    0x74, 0x74, 0x75, 0x75, 0x75, 0x75, 0x76, 0x76, 0x76, 0x76, 0x76, 0x77, 0x77, 0x77, 0x77, 0x7d, 0x7d, 0x7d, 0x7d, 0x7d, 0x7d, 0x88, 0x88, 0x88,
    0x53, 0x54, 0x54, 0x54, 0x54, 0x54, 0x54, 0x54, 0x54, 0x4f, 0x4b, 0x4b, 0x4b, 0x48, 0x46, 0x43, 0x3e, 0x3a, 0x39, 0x36, 0x36, 0x36, 0x36, 0x36,
    0x2f, 0x2f, 0x2f, 0x2f, 0x2f, 0x2d, 0x2a, 0x2a, 0x2a, 0x2a, 0x2a, 0x2a, 0x24, 0x24, 0x24, 0x23, 0x23, 0x23, 0x23, 0x21, 0x21, 0x21, 0x1e, 0x1e,
    0x1e, 0x1c, 0x1e, 0x1c, 0x1c, 0x1c, 0x1c, 0x1c, 0x1c, 0x1c, 0x1b, 0x18, 0x18, 0x18, 0x18, 0x18, 0x15, 0x14, 0x14, 0x14, 0x13, 0x13, 0x13, 0x12,
    0x11, 0x11, 0x0f, 0x0f, 0x0e, 0x0e, 0x0e, 0x0c, 0x0c, 0x08, 0x09, 0x06, 0x06, 0x09, 0x06, 0x00, 0x05, 0x29, 0xc6, 0xff, 0xcb, 0x21, 0x0e, 0x03,
    0x73, 0xfe, 0xfd, 0xfe, 0xfe, 0xfd, 0xfd, 0xfd, 0xfd, 0xfd, 0xfd, 0xfd, 0xfe, 0xd8, 0x39, 0x5f, 0x55, 0x1e, 0x2f, 0x4d, 0xff, 0xfe, 0xfd, 0xfd,
    0xfd, 0xfb, 0xfc, 0xf4, 0xff, 0xe5, 0x10, 0x1d, 0xfe, 0xff, 0xff, 0xff, 0xff, 0xff, 0xff, 0xff, 0xfe, 0xff, 0xfe, 0xfd, 0xfd, 0xfd, 0xfd, 0xfb,
    0xfe, 0x54, 0x00, 0x03, 0x01, 0x00, 0x00, 0x01, 0x04, 0x04, 0x04, 0x04, 0x04, 0x04, 0x07, 0x07, 0x07, 0x07, 0x07, 0x08, 0x08, 0x08, 0x08, 0x08,
    0x08, 0x0c, 0x0c, 0x0c, 0x0c, 0x0c, 0x0c, 0x0c, 0x0c, 0x0c, 0x0f, 0x0f, 0x0f, 0x0f, 0x12, 0x13, 0x13, 0x13, 0x13, 0x14, 0x14, 0x1f, 0x26, 0x2f,
    0x3a, 0x3a, 0x46, 0x48, 0x4f, 0x53, 0x53, 0x53, 0x54, 0x54, 0x54, 0x54, 0x54, 0x56, 0x56, 0x56, 0x56, 0x56, 0x56, 0x56, 0x56, 0x56, 0x57, 0x57,
    0x57, 0x57, 0x57, 0x59, 0x59, 0x59, 0x59, 0x59, 0x59, 0x59, 0x5a, 0x5a, 0x5a, 0x5a, 0x5b, 0x5d, 0x5d, 0x5d, 0x5d, 0x5d, 0x5d, 0x62, 0x62, 0x62,
    0x62, 0x62, 0x62, 0x62, 0x65, 0x65, 0x66, 0x66, 0x66, 0x66, 0x66, 0x66, 0x6b, 0x6b, 0x6c, 0x6c, 0x6c, 0x6c, 0x6c, 0x6c, 0x6c, 0x6c, 0x6c, 0x6c,
    0x6c, 0x6c, 0x6c, 0x6c, 0x6c, 0x6c, 0x6c, 0x6c, 0x6c, 0x6c, 0x6c, 0x6c, 0x6c, 0x6c, 0x6c, 0x6c, 0x6c, 0x6c, 0x6c, 0x6c, 0x6c, 0x6c, 0x6c, 0x6c,
    0x6c, 0x6c, 0x6c, 0x6c, 0x6c, 0x6c, 0x6c, 0x6c, 0x6c, 0x6c, 0x6c, 0x71, 0x71, 0x71, 0x71, 0x71, 0x71, 0x71, 0x7e, 0x7e, 0x7f, 0x7f, 0x7f, 0x7f,
    0x8f, 0x8f, 0x8f, 0x9b, 0x9b, 0xaa, 0xab, 0xb0, 0xa9, 0xb4, 0xb4, 0xb6, 0xbb, 0xbb, 0xbd, 0xbe, 0xc4, 0xc4, 0xc5, 0xc8, 0xc8, 0xcd, 0xcd, 0xce,
    0xce, 0xd2, 0xd2, 0xd3, 0xd4, 0xd6, 0xd6, 0xd7, 0xd7, 0xda, 0xda, 0xdb, 0xdb, 0xdd, 0xe1, 0xe1, 0xe2, 0xe4, 0xe4, 0xe4, 0xe4, 0xe5, 0xe7, 0xe7,
    0xe7, 0xe9, 0xe8, 0xe8, 0xe8, 0xe8, 0xe8, 0xe8, 0xe8, 0xe8, 0xe8, 0xe9, 0xe7, 0xe7, 0xe7, 0xe7, 0xe5, 0xe5, 0xe3, 0xe3, 0xe3, 0xe3, 0xe2, 0xe2,
    0xe1, 0xe1, 0xdd, 0xdc, 0xdc, 0xd9, 0xd9, 0xd9, 0xd9, 0xd8, 0xd5, 0xd5, 0xd5, 0xd3, 0xd3, 0xd0, 0xd0, 0xcf, 0xcf, 0xcc, 0xcc, 0xcb, 0xc9, 0xc7,
    0xc6, 0xc6, 0xc3, 0xc2, 0xc2, 0xbc, 0xba, 0xb9, 0xb9, 0xb8, 0xb3, 0xb0, 0xaf, 0xaf, 0xaf, 0xa6, 0x97, 0x97, 0x8e, 0x8e, 0x89, 0x89, 0x88, 0x88,
    0x88, 0x7d, 0x7d, 0x76, 0x76, 0x76, 0x75, 0x75, 0x74, 0x74, 0x74, 0x74, 0x74, 0x74, 0x74, 0x74, 0x74, 0x74, 0x74, 0x74, 0x74, 0x74, 0x74, 0x74,
    0x74, 0x74, 0x75, 0x75, 0x75, 0x75, 0x76, 0x76, 0x76, 0x76, 0x77, 0x77, 0x77, 0x77, 0x77, 0x7d, 0x7d, 0x7d, 0x7d, 0x7d, 0x7d, 0x88, 0x88, 0x88,
    0x53, 0x53, 0x53, 0x54, 0x54, 0x54, 0x54, 0x54, 0x54, 0x4f, 0x4b, 0x4b, 0x4b, 0x48, 0x46, 0x43, 0x3e, 0x3a, 0x39, 0x39, 0x36, 0x36, 0x36, 0x36,
    0x2f, 0x2f, 0x2f, 0x2f, 0x2f, 0x2f, 0x2a, 0x2a, 0x2a, 0x2a, 0x2a, 0x2a, 0x24, 0x24, 0x24, 0x23, 0x23, 0x23, 0x21, 0x21, 0x21, 0x21, 0x1e, 0x1e,
    0x1e, 0x1c, 0x1e, 0x1c, 0x1c, 0x1c, 0x1c, 0x1c, 0x1c, 0x1c, 0x1b, 0x18, 0x18, 0x18, 0x18, 0x18, 0x14, 0x14, 0x14, 0x14, 0x13, 0x13, 0x13, 0x13,
    0x11, 0x11, 0x0f, 0x0f, 0x0e, 0x0e, 0x0e, 0x0c, 0x0c, 0x09, 0x06, 0x0f, 0x0a, 0x00, 0x00, 0x2e, 0x60, 0xff, 0xd8, 0xd8, 0x7c, 0x07, 0x15, 0x04,
    0xfd, 0xff, 0xfd, 0xfd, 0xfd, 0xfd, 0xfd, 0xfd, 0xfd, 0xfd, 0xfd, 0xfe, 0xfd, 0xfe, 0xfe, 0x55, 0x4a, 0x5f, 0xcb, 0xff, 0xfe, 0xfd, 0xfd, 0xfd,
    0xfb, 0xfc, 0xfc, 0xfd, 0xf7, 0xfe, 0xaf, 0x00, 0x2d, 0xfc, 0xd0, 0x6a, 0x4f, 0x41, 0x59, 0x37, 0x29, 0x57, 0xfe, 0xff, 0xfd, 0xfd, 0xfd, 0xfd,
    0xfe, 0xd6, 0x01, 0x03, 0x01, 0x00, 0x00, 0x00, 0x04, 0x04, 0x04, 0x04, 0x04, 0x04, 0x07, 0x07, 0x07, 0x07, 0x07, 0x07, 0x08, 0x08, 0x08, 0x08,
    0x09, 0x0c, 0x0c, 0x0c, 0x0c, 0x0c, 0x0c, 0x0c, 0x0c, 0x0f, 0x0f, 0x0f, 0x10, 0x10, 0x13, 0x13, 0x13, 0x13, 0x13, 0x14, 0x18, 0x1f, 0x24, 0x2d,
    0x3a, 0x3a, 0x46, 0x4b, 0x4f, 0x53, 0x53, 0x53, 0x54, 0x54, 0x54, 0x54, 0x54, 0x56, 0x56, 0x56, 0x56, 0x56, 0x56, 0x56, 0x57, 0x57, 0x57, 0x57,
    0x57, 0x57, 0x59, 0x59, 0x59, 0x59, 0x59, 0x59, 0x59, 0x59, 0x5a, 0x5a, 0x5a, 0x5a, 0x5b, 0x5d, 0x5d, 0x5d, 0x5d, 0x5d, 0x62, 0x62, 0x62, 0x62,
    0x62, 0x62, 0x62, 0x65, 0x65, 0x65, 0x66, 0x66, 0x66, 0x66, 0x6c, 0x6c, 0x6b, 0x6b, 0x6c, 0x6c, 0x6c, 0x6c, 0x6c, 0x71, 0x71, 0x6c, 0x6c, 0x71,
    0x6c, 0x71, 0x6c, 0x71, 0x71, 0x6c, 0x6c, 0x71, 0x6c, 0x6c, 0x6c, 0x6c, 0x6c, 0x6c, 0x6c, 0x6c, 0x6c, 0x6c, 0x6c, 0x6c, 0x6c, 0x6c, 0x6c, 0x6c,
    0x6c, 0x6c, 0x6c, 0x6c, 0x6c, 0x6c, 0x6c, 0x6c, 0x6c, 0x6c, 0x6c, 0x71, 0x71, 0x71, 0x71, 0x71, 0x7e, 0x7e, 0x7e, 0x7e, 0x7f, 0x7f, 0x7f, 0x7f,
    0x8f, 0x8f, 0x8f, 0x9b, 0x9b, 0xaa, 0xab, 0xb0, 0xa9, 0xb4, 0xb4, 0xb6, 0xbb, 0xbb, 0xbd, 0xbe, 0xc4, 0xc4, 0xc5, 0xc8, 0xc8, 0xcd, 0xcd, 0xce,
    0xce, 0xd2, 0xd2, 0xd3, 0xd4, 0xd6, 0xd6, 0xd7, 0xd7, 0xda, 0xda, 0xdb, 0xdb, 0xdd, 0xdd, 0xe1, 0xe1, 0xe4, 0xe4, 0xe4, 0xe4, 0xe5, 0xe5, 0xe7,
    0xe7, 0xe7, 0xe9, 0xe8, 0xe8, 0xe8, 0xe8, 0xe8, 0xe8, 0xe8, 0xe8, 0xe9, 0xe7, 0xe7, 0xe7, 0xe7, 0xe5, 0xe5, 0xe3, 0xe3, 0xe3, 0xe3, 0xe2, 0xe2,
    0xe1, 0xe1, 0xe1, 0xdc, 0xdc, 0xd9, 0xd9, 0xd9, 0xd9, 0xd8, 0xd8, 0xd5, 0xd5, 0xd4, 0xd3, 0xd2, 0xd0, 0xd0, 0xcf, 0xcc, 0xcc, 0xcb, 0xc9, 0xc7,
    0xc6, 0xc6, 0xc3, 0xc2, 0xc2, 0xc1, 0xbc, 0xba, 0xb9, 0xb9, 0xb8, 0xb0, 0xb0, 0xaf, 0xaf, 0xa6, 0x9b, 0x97, 0x8f, 0x8e, 0x8e, 0x89, 0x88, 0x88,
    0x88, 0x7d, 0x7d, 0x77, 0x76, 0x76, 0x76, 0x75, 0x75, 0x74, 0x74, 0x74, 0x74, 0x74, 0x74, 0x74, 0x74, 0x74, 0x74, 0x74, 0x74, 0x74, 0x74, 0x74,
    0x74, 0x74, 0x75, 0x75, 0x75, 0x75, 0x76, 0x76, 0x76, 0x76, 0x77, 0x77, 0x77, 0x77, 0x7d, 0x7d, 0x7d, 0x7d, 0x7d, 0x7d, 0x7d, 0x88, 0x88, 0x88,
    0x53, 0x53, 0x53, 0x54, 0x54, 0x54, 0x54, 0x54, 0x54, 0x4f, 0x4b, 0x4b, 0x4d, 0x48, 0x46, 0x43, 0x3e, 0x3a, 0x39, 0x39, 0x36, 0x36, 0x2f, 0x36,
    0x2f, 0x2f, 0x2f, 0x2f, 0x2f, 0x2f, 0x2a, 0x2a, 0x2a, 0x2a, 0x2a, 0x2a, 0x24, 0x24, 0x24, 0x23, 0x23, 0x23, 0x21, 0x21, 0x21, 0x21, 0x1e, 0x1e,
    0x1e, 0x1c, 0x1e, 0x1f, 0x1c, 0x1c, 0x1c, 0x1c, 0x1c, 0x1c, 0x1b, 0x18, 0x18, 0x18, 0x18, 0x18, 0x14, 0x14, 0x14, 0x14, 0x13, 0x13, 0x13, 0x13,
    0x12, 0x11, 0x11, 0x0f, 0x0e, 0x0c, 0x0c, 0x09, 0x09, 0x09, 0x06, 0x00, 0x00, 0x37, 0x5b, 0xfe, 0xfc, 0xc2, 0xe3, 0xfe, 0x36, 0x0e, 0x18, 0x13,
    0x43, 0xc9, 0xff, 0xfd, 0xfb, 0xfc, 0xfd, 0xfd, 0xfd, 0xfd, 0xfd, 0xfd, 0xfd, 0xfd, 0xfd, 0xff, 0xff, 0xff, 0xff, 0xfd, 0xfe, 0xfd, 0xfd, 0xfd,
    0xfb, 0xfb, 0xfb, 0xfb, 0xfb, 0xfb, 0xff, 0x4f, 0x00, 0x1f, 0x0a, 0x00, 0x00, 0x00, 0x00, 0x00, 0x00, 0x00, 0x29, 0xd6, 0xff, 0xfd, 0xfd, 0xfd,
    0xfd, 0xf4, 0x1f, 0x00, 0x03, 0x00, 0x00, 0x00, 0x00, 0x04, 0x04, 0x04, 0x04, 0x04, 0x07, 0x07, 0x07, 0x07, 0x07, 0x07, 0x07, 0x07, 0x08, 0x09,
    0x09, 0x09, 0x0c, 0x0c, 0x0c, 0x0c, 0x0c, 0x0c, 0x0f, 0x0f, 0x0f, 0x10, 0x10, 0x13, 0x13, 0x13, 0x14, 0x14, 0x18, 0x18, 0x18, 0x1f, 0x24, 0x2f,
    0x3a, 0x42, 0x46, 0x48, 0x4f, 0x54, 0x54, 0x53, 0x54, 0x54, 0x54, 0x56, 0x54, 0x56, 0x56, 0x56, 0x56, 0x56, 0x56, 0x57, 0x57, 0x57, 0x57, 0x57,
    0x57, 0x57, 0x59, 0x59, 0x59, 0x59, 0x59, 0x59, 0x59, 0x59, 0x5a, 0x5a, 0x5a, 0x5b, 0x5b, 0x5d, 0x5d, 0x5d, 0x5d, 0x62, 0x62, 0x62, 0x62, 0x62,
    0x62, 0x65, 0x65, 0x65, 0x65, 0x66, 0x66, 0x66, 0x66, 0x6b, 0x6c, 0x6c, 0x6c, 0x6c, 0x6c, 0x6c, 0x6f, 0x6f, 0x6c, 0x6f, 0x6f, 0x71, 0x71, 0x6f,
    0x6f, 0x71, 0x71, 0x71, 0x71, 0x71, 0x6c, 0x71, 0x71, 0x6c, 0x6c, 0x6c, 0x71, 0x6c, 0x6c, 0x6c, 0x71, 0x6c, 0x71, 0x6c, 0x6c, 0x6c, 0x6c, 0x6c,
    0x6c, 0x6c, 0x6c, 0x6c, 0x6c, 0x6c, 0x6c, 0x71, 0x6c, 0x6c, 0x6c, 0x71, 0x71, 0x71, 0x71, 0x71, 0x7e, 0x7e, 0x7e, 0x7e, 0x7f, 0x7f, 0x7f, 0x8f,
    0x8f, 0x8f, 0x9b, 0x9b, 0x9b, 0xaa, 0xab, 0xb0, 0xb0, 0xb4, 0xb4, 0xb6, 0xbb, 0xbb, 0xbd, 0xbe, 0xc4, 0xc4, 0xc5, 0xc8, 0xc8, 0xcd, 0xcd, 0xce,
    0xce, 0xd2, 0xd2, 0xd2, 0xd4, 0xd6, 0xd6, 0xd7, 0xd7, 0xda, 0xda, 0xdb, 0xdb, 0xdd, 0xdd, 0xe1, 0xe1, 0xe2, 0xe4, 0xe4, 0xe4, 0xe5, 0xe5, 0xe7,
    0xe7, 0xe7, 0xe7, 0xe9, 0xe8, 0xe8, 0xe8, 0xe8, 0xe8, 0xe9, 0xe9, 0xe7, 0xe7, 0xe7, 0xe7, 0xe7, 0xe5, 0xe5, 0xe3, 0xe3, 0xe3, 0xe3, 0xe2, 0xe2,
    0xe1, 0xe1, 0xe1, 0xdc, 0xdc, 0xdb, 0xd9, 0xd9, 0xd9, 0xd8, 0xd8, 0xd5, 0xd4, 0xd5, 0xd3, 0xd3, 0xd0, 0xd0, 0xcf, 0xcf, 0xcc, 0xcb, 0xc9, 0xc9,
    0xc7, 0xc6, 0xc6, 0xc3, 0xc2, 0xc2, 0xbc, 0xba, 0xb9, 0xb9, 0xb8, 0xb3, 0xb3, 0xaf, 0xaf, 0xa6, 0xa6, 0x97, 0x97, 0x8e, 0x8e, 0x89, 0x89, 0x88,
    0x88, 0x7d, 0x7d, 0x7d, 0x76, 0x76, 0x76, 0x76, 0x75, 0x74, 0x74, 0x74, 0x74, 0x74, 0x74, 0x74, 0x74, 0x74, 0x74, 0x74, 0x74, 0x74, 0x74, 0x74,
    0x74, 0x75, 0x75, 0x75, 0x75, 0x75, 0x76, 0x76, 0x76, 0x76, 0x77, 0x77, 0x77, 0x77, 0x7d, 0x7d, 0x7d, 0x7d, 0x7d, 0x7d, 0x88, 0x88, 0x88, 0x88,
    0x53, 0x53, 0x53, 0x54, 0x54, 0x54, 0x54, 0x54, 0x54, 0x4f, 0x4b, 0x4b, 0x4b, 0x48, 0x46, 0x43, 0x3e, 0x39, 0x39, 0x39, 0x36, 0x36, 0x36, 0x36,
    0x2f, 0x2f, 0x2f, 0x2f, 0x2f, 0x2a, 0x2a, 0x2a, 0x2a, 0x2a, 0x2a, 0x24, 0x24, 0x24, 0x23, 0x23, 0x23, 0x23, 0x21, 0x21, 0x21, 0x21, 0x21, 0x1e,
    0x1f, 0x1c, 0x1e, 0x1c, 0x1c, 0x1c, 0x1c, 0x1c, 0x1c, 0x1b, 0x18, 0x18, 0x18, 0x18, 0x18, 0x18, 0x14, 0x14, 0x14, 0x14, 0x13, 0x13, 0x13, 0x13,
    0x12, 0x0e, 0x0e, 0x0e, 0x0f, 0x0c, 0x0c, 0x0c, 0x07, 0x00, 0x06, 0x4b, 0xb8, 0xfe, 0xe0, 0x8e, 0xd8, 0xfd, 0xfe, 0x5f, 0x13, 0x1e, 0x18, 0x1e,
    0x13, 0x25, 0x4e, 0xe8, 0xfd, 0xfc, 0xfc, 0xfd, 0xfc, 0xfd, 0xfd, 0xfd, 0xfd, 0xfd, 0xfd, 0xfc, 0xfc, 0xfc, 0xfc, 0xfd, 0xfd, 0xfd, 0xfc, 0xfb,
    0xfc, 0xf4, 0xf5, 0xee, 0xfb, 0xfc, 0xfd, 0xff, 0x2d, 0x00, 0x00, 0x05, 0x05, 0x05, 0x05, 0x05, 0x04, 0x05, 0x00, 0x19, 0xfc, 0xff, 0xfd, 0xfe,
    0xfd, 0xfd, 0x45, 0x00, 0x03, 0x00, 0x01, 0x01, 0x04, 0x04, 0x04, 0x04, 0x04, 0x04, 0x06, 0x06, 0x06, 0x06, 0x08, 0x04, 0x06, 0x08, 0x08, 0x08,
    0x0c, 0x09, 0x0c, 0x0c, 0x0c, 0x0c, 0x10, 0x10, 0x0e, 0x0e, 0x0e, 0x10, 0x13, 0x13, 0x13, 0x13, 0x14, 0x14, 0x18, 0x18, 0x18, 0x21, 0x24, 0x2f,
    0x3a, 0x43, 0x46, 0x4b, 0x4f, 0x54, 0x54, 0x54, 0x56, 0x54, 0x56, 0x56, 0x56, 0x56, 0x56, 0x56, 0x56, 0x56, 0x56, 0x57, 0x57, 0x57, 0x57, 0x57,
    0x57, 0x59, 0x59, 0x59, 0x59, 0x59, 0x59, 0x59, 0x5a, 0x5a, 0x5a, 0x5a, 0x5b, 0x5b, 0x5b, 0x5d, 0x5d, 0x5d, 0x5d, 0x62, 0x62, 0x62, 0x62, 0x62,
    0x65, 0x65, 0x65, 0x65, 0x66, 0x66, 0x66, 0x66, 0x6b, 0x6b, 0x6c, 0x6c, 0x6c, 0x6c, 0x6c, 0x6c, 0x6f, 0x6f, 0x6f, 0x6f, 0x6f, 0x6f, 0x71, 0x6f,
    0x6f, 0x71, 0x71, 0x71, 0x71, 0x71, 0x71, 0x71, 0x71, 0x71, 0x71, 0x71, 0x71, 0x71, 0x71, 0x6c, 0x71, 0x71, 0x71, 0x71, 0x6c, 0x6c, 0x6c, 0x71,
    0x6c, 0x6c, 0x6c, 0x6c, 0x6c, 0x6c, 0x6c, 0x71, 0x71, 0x71, 0x71, 0x71, 0x71, 0x71, 0x71, 0x71, 0x7e, 0x7e, 0x7e, 0x7f, 0x7f, 0x7f, 0x7f, 0x8f,
    0x8f, 0x8f, 0x9b, 0x9b, 0x9b, 0x9c, 0xab, 0xb0, 0xb0, 0xb4, 0xb4, 0xb6, 0xbb, 0xbb, 0xbd, 0xbe, 0xc4, 0xc4, 0xc5, 0xc8, 0xc8, 0xcd, 0xcd, 0xce,
    0xce, 0xce, 0xd2, 0xd2, 0xd4, 0xd6, 0xd6, 0xd7, 0xd7, 0xd7, 0xda, 0xda, 0xdb, 0xdb, 0xdd, 0xe1, 0xe1, 0xe2, 0xe4, 0xe4, 0xe4, 0xe4, 0xe5, 0xe5,
    0xe7, 0xe7, 0xe7, 0xe7, 0xe7, 0xe8, 0xe8, 0xe9, 0xe9, 0xe9, 0xe9, 0xe7, 0xe7, 0xe7, 0xe7, 0xe7, 0xe5, 0xe5, 0xe3, 0xe3, 0xe3, 0xe3, 0xe2, 0xe2,
    0xe2, 0xe1, 0xe1, 0xdc, 0xdc, 0xdc, 0xd9, 0xd9, 0xd9, 0xd9, 0xd8, 0xd5, 0xd5, 0xd5, 0xd4, 0xd3, 0xd2, 0xd0, 0xcf, 0xcf, 0xcc, 0xcc, 0xcb, 0xc9,
    0xc7, 0xc6, 0xc6, 0xc3, 0xc2, 0xc2, 0xbc, 0xba, 0xba, 0xb9, 0xb8, 0xb8, 0xb0, 0xaf, 0xaf, 0xaf, 0xa6, 0x9b, 0x97, 0x8e, 0x8e, 0x89, 0x89, 0x88,
    0x88, 0x88, 0x7d, 0x7d, 0x77, 0x76, 0x76, 0x76, 0x75, 0x75, 0x74, 0x74, 0x74, 0x74, 0x74, 0x74, 0x74, 0x74, 0x74, 0x74, 0x74, 0x74, 0x74, 0x74,
    0x74, 0x75, 0x75, 0x75, 0x75, 0x76, 0x76, 0x76, 0x76, 0x76, 0x77, 0x77, 0x77, 0x7d, 0x7d, 0x7d, 0x7d, 0x7d, 0x7d, 0x7d, 0x88, 0x88, 0x88, 0x88,
    0x53, 0x53, 0x53, 0x53, 0x54, 0x54, 0x54, 0x54, 0x54, 0x4f, 0x4b, 0x4b, 0x4b, 0x48, 0x46, 0x43, 0x3e, 0x39, 0x39, 0x39, 0x36, 0x36, 0x36, 0x36,
    0x2f, 0x2f, 0x2f, 0x2f, 0x2f, 0x2a, 0x2a, 0x2a, 0x2a, 0x2a, 0x2a, 0x24, 0x24, 0x24, 0x23, 0x23, 0x23, 0x23, 0x21, 0x21, 0x21, 0x21, 0x21, 0x1e,
    0x1c, 0x1c, 0x1e, 0x1c, 0x1c, 0x1c, 0x1c, 0x1c, 0x1c, 0x1b, 0x18, 0x18, 0x18, 0x18, 0x18, 0x18, 0x14, 0x13, 0x14, 0x14, 0x13, 0x13, 0x13, 0x13,
    0x12, 0x0e, 0x13, 0x13, 0x0c, 0x0f, 0x0f, 0x00, 0x05, 0x50, 0xf4, 0xfe, 0xff, 0x7c, 0x55, 0xfb, 0xfd, 0xfe, 0xfb, 0x26, 0x25, 0x1e, 0x1e, 0x1e,
    0x26, 0x34, 0x3e, 0x7c, 0xfe, 0xfd, 0xfc, 0xfc, 0xfc, 0xfd, 0xfd, 0xfd, 0xfd, 0xfd, 0xfd, 0xfd, 0xfd, 0xfd, 0xfd, 0xfd, 0xfd, 0xfc, 0xfc, 0xfb,
    0xfb, 0xf4, 0xf4, 0xfb, 0xfc, 0xfb, 0xfb, 0xff, 0xc1, 0x00, 0x05, 0x03, 0x00, 0x04, 0x05, 0x04, 0x04, 0x05, 0x06, 0x00, 0x3c, 0xff, 0xfd, 0xfd,
    0xfd, 0xfe, 0x59, 0x00, 0x03, 0x00, 0x01, 0x01, 0x04, 0x04, 0x05, 0x04, 0x05, 0x05, 0x05, 0x05, 0x05, 0x05, 0x05, 0x05, 0x06, 0x08, 0x08, 0x08,
    0x0c, 0x0c, 0x0c, 0x0c, 0x0c, 0x0f, 0x10, 0x10, 0x10, 0x13, 0x13, 0x13, 0x13, 0x13, 0x13, 0x13, 0x13, 0x18, 0x18, 0x18, 0x18, 0x21, 0x24, 0x33,
    0x3a, 0x42, 0x46, 0x4b, 0x4f, 0x54, 0x54, 0x54, 0x56, 0x56, 0x56, 0x56, 0x56, 0x56, 0x56, 0x56, 0x56, 0x56, 0x56, 0x57, 0x57, 0x57, 0x57, 0x57,
    0x57, 0x59, 0x59, 0x59, 0x59, 0x59, 0x59, 0x59, 0x5a, 0x5a, 0x5a, 0x5b, 0x5b, 0x5b, 0x5d, 0x5d, 0x5d, 0x5d, 0x5d, 0x62, 0x62, 0x62, 0x62, 0x65,
    0x65, 0x65, 0x65, 0x66, 0x66, 0x66, 0x6c, 0x6b, 0x6b, 0x6b, 0x6c, 0x6c, 0x6c, 0x6c, 0x6c, 0x6c, 0x6f, 0x6f, 0x6f, 0x6f, 0x6f, 0x6f, 0x6f, 0x6f,
    0x6f, 0x71, 0x71, 0x71, 0x71, 0x71, 0x71, 0x71, 0x71, 0x71, 0x71, 0x71, 0x71, 0x71, 0x71, 0x6c, 0x71, 0x71, 0x71, 0x71, 0x71, 0x6c, 0x71, 0x71,
    0x71, 0x71, 0x71, 0x71, 0x6c, 0x6c, 0x6c, 0x71, 0x71, 0x71, 0x71, 0x71, 0x71, 0x71, 0x71, 0x71, 0x7e, 0x7e, 0x7f, 0x7f, 0x7f, 0x7f, 0x7f, 0x8f,
    0x8f, 0x8f, 0x9b, 0x9b, 0x9b, 0xab, 0xab, 0xb0, 0xb4, 0xb4, 0xb4, 0xb6, 0xbb, 0xbb, 0xbd, 0xbe, 0xc4, 0xc4, 0xc5, 0xc8, 0xc8, 0xcd, 0xcd, 0xce,
    0xce, 0xce, 0xd2, 0xd2, 0xd4, 0xd6, 0xd6, 0xd6, 0xd7, 0xd7, 0xda, 0xda, 0xdb, 0xdb, 0xdd, 0xdd, 0xe1, 0xe1, 0xe2, 0xe4, 0xe4, 0xe4, 0xe4, 0xe5,
    0xe7, 0xe7, 0xe7, 0xe7, 0xe7, 0xe7, 0xe9, 0xe9, 0xe9, 0xe9, 0xe7, 0xe7, 0xe7, 0xe7, 0xe7, 0xe7, 0xe5, 0xe5, 0xe3, 0xe3, 0xe3, 0xe3, 0xe3, 0xe2,
    0xe2, 0xe1, 0xe1, 0xe1, 0xdc, 0xdc, 0xd9, 0xd9, 0xd9, 0xd9, 0xd8, 0xd8, 0xd5, 0xd5, 0xd5, 0xd3, 0xd2, 0xd2, 0xd0, 0xcf, 0xcf, 0xcc, 0xcb, 0xc9,
    0xc7, 0xc6, 0xc6, 0xc3, 0xc2, 0xc2, 0xc1, 0xbc, 0xba, 0xb9, 0xb9, 0xb8, 0xb3, 0xb0, 0xaf, 0xaf, 0xa6, 0x9b, 0x97, 0x8f, 0x8e, 0x8e, 0x89, 0x89,
    0x88, 0x88, 0x7d, 0x7d, 0x7d, 0x76, 0x76, 0x76, 0x76, 0x75, 0x75, 0x74, 0x74, 0x74, 0x74, 0x74, 0x74, 0x74, 0x74, 0x74, 0x74, 0x74, 0x74, 0x74,
    0x75, 0x75, 0x75, 0x75, 0x76, 0x76, 0x76, 0x76, 0x76, 0x77, 0x77, 0x77, 0x77, 0x7d, 0x7d, 0x7d, 0x7d, 0x7d, 0x7d, 0x7d, 0x88, 0x88, 0x88, 0x88,
    0x53, 0x53, 0x53, 0x53, 0x54, 0x54, 0x54, 0x54, 0x54, 0x4f, 0x4b, 0x4b, 0x4b, 0x46, 0x46, 0x43, 0x3a, 0x3a, 0x39, 0x39, 0x36, 0x36, 0x36, 0x36,
    0x2f, 0x2f, 0x2f, 0x2f, 0x2f, 0x2a, 0x2a, 0x2a, 0x2a, 0x2a, 0x2a, 0x2a, 0x24, 0x24, 0x23, 0x23, 0x23, 0x23, 0x21, 0x21, 0x21, 0x21, 0x21, 0x1e,
    0x1c, 0x1c, 0x1e, 0x1c, 0x1c, 0x1c, 0x1c, 0x1c, 0x1c, 0x1b, 0x18, 0x18, 0x18, 0x18, 0x18, 0x18, 0x14, 0x13, 0x14, 0x14, 0x13, 0x13, 0x13, 0x13,
    0x12, 0x0f, 0x0f, 0x0e, 0x12, 0x0c, 0x00, 0x22, 0xfd, 0xfe, 0xfb, 0xfb, 0x7c, 0x55, 0xfb, 0xfe, 0xfd, 0xfe, 0x4c, 0x34, 0x34, 0x3d, 0x4c, 0x5f,
    0xca, 0xe8, 0xfd, 0xfd, 0xfd, 0xf7, 0xfc, 0xfc, 0xfc, 0xfc, 0xfd, 0xfd, 0xfd, 0xfd, 0xfd, 0xfd, 0xfd, 0xfd, 0xfd, 0xfd, 0xfd, 0xfc, 0xfc, 0xfc,
    0xfc, 0xed, 0xfb, 0xf4, 0xfb, 0xfd, 0xfb, 0xfd, 0xff, 0x41, 0x00, 0x06, 0x05, 0x05, 0x03, 0x06, 0x04, 0x05, 0x05, 0x03, 0x0a, 0x8d, 0xff, 0xfd,
    0xfd, 0xfe, 0xb8, 0x06, 0x00, 0x00, 0x01, 0x01, 0x04, 0x04, 0x04, 0x04, 0x04, 0x07, 0x07, 0x07, 0x06, 0x05, 0x07, 0x07, 0x08, 0x08, 0x08, 0x08,
    0x0c, 0x0c, 0x0c, 0x0c, 0x0e, 0x10, 0x10, 0x0e, 0x13, 0x13, 0x13, 0x13, 0x13, 0x13, 0x15, 0x15, 0x18, 0x18, 0x18, 0x18, 0x18, 0x21, 0x2a, 0x36,
    0x3a, 0x42, 0x46, 0x4b, 0x4f, 0x54, 0x54, 0x54, 0x56, 0x56, 0x56, 0x56, 0x56, 0x56, 0x56, 0x56, 0x57, 0x57, 0x57, 0x57, 0x57, 0x57, 0x57, 0x57,
    0x59, 0x59, 0x59, 0x59, 0x59, 0x59, 0x59, 0x5a, 0x5a, 0x5a, 0x5b, 0x5b, 0x5b, 0x5d, 0x5d, 0x5d, 0x5d, 0x5d, 0x62, 0x62, 0x62, 0x62, 0x62, 0x65,
    0x65, 0x66, 0x66, 0x66, 0x6b, 0x6b, 0x6b, 0x6b, 0x6b, 0x6b, 0x6f, 0x6f, 0x6f, 0x6f, 0x6f, 0x6f, 0x6f, 0x6f, 0x6f, 0x6f, 0x6f, 0x6f, 0x6f, 0x6f,
    0x6f, 0x71, 0x71, 0x71, 0x71, 0x71, 0x71, 0x71, 0x71, 0x71, 0x71, 0x71, 0x71, 0x71, 0x71, 0x71, 0x71, 0x71, 0x71, 0x71, 0x71, 0x71, 0x71, 0x71,
    0x71, 0x71, 0x71, 0x71, 0x71, 0x71, 0x71, 0x71, 0x71, 0x71, 0x71, 0x71, 0x71, 0x71, 0x71, 0x71, 0x7e, 0x7e, 0x7f, 0x7f, 0x7f, 0x7f, 0x8f, 0x8f,
    0x8f, 0x9b, 0x9b, 0x9b, 0x9c, 0xab, 0xab, 0xa9, 0xb4, 0xb4, 0xb4, 0xb6, 0xbb, 0xbb, 0xbd, 0xbe, 0xc4, 0xc4, 0xc5, 0xc8, 0xc8, 0xcd, 0xcd, 0xce,
    0xce, 0xce, 0xd2, 0xd2, 0xd4, 0xd6, 0xd6, 0xd6, 0xd7, 0xd7, 0xda, 0xda, 0xdb, 0xdb, 0xdd, 0xdd, 0xe1, 0xe1, 0xe2, 0xe4, 0xe4, 0xe5, 0xe4, 0xe5,
    0xe5, 0xe7, 0xe7, 0xe7, 0xe7, 0xe7, 0xe7, 0xe9, 0xe7, 0xe7, 0xe7, 0xe7, 0xe7, 0xe7, 0xe7, 0xe7, 0xe5, 0xe5, 0xe3, 0xe3, 0xe3, 0xe3, 0xe3, 0xe2,
    0xe2, 0xe1, 0xe1, 0xe1, 0xdc, 0xdc, 0xdb, 0xd9, 0xd9, 0xd9, 0xd9, 0xd8, 0xd5, 0xd5, 0xd5, 0xd3, 0xd3, 0xd0, 0xd0, 0xcf, 0xcf, 0xcc, 0xcb, 0xc9,
    0xc9, 0xc7, 0xc6, 0xc6, 0xc3, 0xc2, 0xc2, 0xbc, 0xba, 0xb9, 0xb9, 0xb8, 0xb3, 0xb3, 0xaf, 0xaf, 0xa6, 0xa6, 0x97, 0x97, 0x8e, 0x8e, 0x89, 0x89,
    0x88, 0x88, 0x88, 0x7d, 0x7d, 0x76, 0x76, 0x76, 0x76, 0x75, 0x75, 0x75, 0x74, 0x74, 0x74, 0x74, 0x74, 0x74, 0x74, 0x74, 0x74, 0x74, 0x74, 0x74,
    0x75, 0x75, 0x75, 0x75, 0x76, 0x76, 0x76, 0x76, 0x76, 0x77, 0x77, 0x77, 0x77, 0x7d, 0x7d, 0x7d, 0x7d, 0x7d, 0x7d, 0x88, 0x88, 0x88, 0x88, 0x88,
    0x53, 0x53, 0x53, 0x53, 0x53, 0x54, 0x54, 0x54, 0x54, 0x4f, 0x4b, 0x4b, 0x4b, 0x46, 0x46, 0x46, 0x3a, 0x3a, 0x3a, 0x39, 0x36, 0x36, 0x36, 0x36,
    0x2f, 0x2f, 0x2f, 0x2f, 0x2f, 0x2a, 0x2a, 0x2a, 0x2a, 0x2a, 0x2a, 0x2a, 0x24, 0x24, 0x23, 0x23, 0x23, 0x23, 0x21, 0x21, 0x21, 0x21, 0x21, 0x1e,
    0x1c, 0x1c, 0x1e, 0x1c, 0x1c, 0x1c, 0x1c, 0x1b, 0x1b, 0x1b, 0x18, 0x18, 0x18, 0x18, 0x18, 0x15, 0x14, 0x14, 0x14, 0x14, 0x13, 0x13, 0x13, 0x13,
    0x0f, 0x12, 0x0f, 0x0f, 0x0f, 0x00, 0x3a, 0xff, 0xfd, 0xd8, 0xe3, 0xd8, 0x4e, 0xc6, 0xfe, 0xfe, 0xfe, 0x7c, 0x55, 0xb7, 0xfd, 0xfe, 0xff, 0xff,
    0xff, 0xff, 0xc9, 0x7c, 0xfe, 0xf4, 0xf4, 0xfc, 0xfc, 0xfc, 0xfc, 0xfd, 0xfd, 0xfd, 0xfd, 0xfd, 0xfd, 0xfd, 0xfd, 0xfd, 0xfc, 0xfc, 0xfb, 0xfb,
    0xfc, 0xfb, 0xfb, 0xf7, 0xfb, 0xfd, 0xfd, 0xfc, 0xff, 0x9a, 0x0a, 0x05, 0x03, 0x03, 0x05, 0x05, 0x06, 0x03, 0x05, 0x0a, 0x00, 0x47, 0xff, 0xfd,
    0xfd, 0xfd, 0xf4, 0x2d, 0x00, 0x03, 0x01, 0x03, 0x04, 0x05, 0x04, 0x04, 0x04, 0x07, 0x07, 0x07, 0x06, 0x04, 0x08, 0x08, 0x08, 0x08, 0x08, 0x08,
    0x0c, 0x0e, 0x0e, 0x0f, 0x0e, 0x10, 0x13, 0x10, 0x13, 0x13, 0x13, 0x13, 0x13, 0x13, 0x15, 0x18, 0x18, 0x18, 0x18, 0x18, 0x1b, 0x21, 0x2a, 0x36,
    0x3a, 0x42, 0x46, 0x4b, 0x4f, 0x54, 0x54, 0x56, 0x56, 0x56, 0x56, 0x56, 0x56, 0x56, 0x56, 0x57, 0x57, 0x57, 0x57, 0x57, 0x57, 0x57, 0x57, 0x59,
    0x59, 0x59, 0x59, 0x59, 0x59, 0x59, 0x5a, 0x5a, 0x5a, 0x5a, 0x5b, 0x5b, 0x5b, 0x5d, 0x5d, 0x5d, 0x5d, 0x5d, 0x62, 0x62, 0x62, 0x62, 0x62, 0x65,
    0x65, 0x66, 0x66, 0x66, 0x6b, 0x6b, 0x6b, 0x6b, 0x6c, 0x6c, 0x6f, 0x6f, 0x6f, 0x6f, 0x6f, 0x6f, 0x6f, 0x6f, 0x6f, 0x6f, 0x6f, 0x6f, 0x6f, 0x6f,
    0x6f, 0x71, 0x6f, 0x71, 0x71, 0x71, 0x71, 0x71, 0x71, 0x71, 0x71, 0x71, 0x71, 0x71, 0x71, 0x71, 0x71, 0x71, 0x71, 0x71, 0x71, 0x71, 0x71, 0x71,
    0x71, 0x71, 0x71, 0x71, 0x71, 0x71, 0x71, 0x71, 0x71, 0x71, 0x71, 0x71, 0x71, 0x71, 0x7e, 0x7e, 0x7e, 0x7e, 0x7f, 0x7f, 0x7f, 0x7f, 0x8f, 0x8f,
    0x90, 0x9b, 0x90, 0x9b, 0x9c, 0xab, 0xab, 0xa9, 0xb4, 0xb4, 0xb4, 0xb6, 0xbb, 0xbd, 0xbd, 0xbe, 0xc4, 0xc4, 0xc5, 0xc5, 0xc8, 0xcd, 0xcd, 0xce,
    0xce, 0xce, 0xd2, 0xd2, 0xd4, 0xd6, 0xd6, 0xd6, 0xd7, 0xd7, 0xda, 0xda, 0xdb, 0xdb, 0xdd, 0xdd, 0xe1, 0xe1, 0xe1, 0xe4, 0xe4, 0xe5, 0xe4, 0xe5,
    0xe5, 0xe5, 0xe7, 0xe7, 0xe7, 0xe7, 0xe7, 0xe7, 0xe7, 0xe7, 0xe7, 0xe7, 0xe7, 0xe7, 0xe7, 0xe7, 0xe5, 0xe5, 0xe5, 0xe3, 0xe3, 0xe3, 0xe3, 0xe2,
    0xe2, 0xe2, 0xe1, 0xe1, 0xe1, 0xdc, 0xdc, 0xd9, 0xd9, 0xd9, 0xd9, 0xd8, 0xd5, 0xd5, 0xd5, 0xd4, 0xd3, 0xd2, 0xd0, 0xcf, 0xcf, 0xcc, 0xcc, 0xcb,
    0xc9, 0xc7, 0xc6, 0xc6, 0xc3, 0xc2, 0xc2, 0xbc, 0xba, 0xba, 0xb9, 0xb8, 0xb8, 0xb0, 0xb0, 0xaf, 0xaf, 0xa6, 0x9b, 0x97, 0x8e, 0x8e, 0x8e, 0x89,
    0x88, 0x88, 0x88, 0x7d, 0x7d, 0x7d, 0x76, 0x76, 0x76, 0x76, 0x75, 0x75, 0x74, 0x74, 0x74, 0x74, 0x74, 0x74, 0x74, 0x74, 0x74, 0x74, 0x74, 0x75,
    0x75, 0x75, 0x75, 0x75, 0x76, 0x76, 0x76, 0x76, 0x76, 0x77, 0x77, 0x77, 0x7d, 0x7d, 0x7d, 0x7d, 0x7d, 0x7d, 0x7d, 0x88, 0x88, 0x88, 0x88, 0x88,
    0x53, 0x53, 0x53, 0x53, 0x53, 0x54, 0x54, 0x54, 0x54, 0x4f, 0x4b, 0x4b, 0x4d, 0x46, 0x3a, 0x3a, 0x43, 0x39, 0x39, 0x39, 0x36, 0x36, 0x36, 0x36,
    0x2f, 0x2f, 0x2f, 0x2f, 0x2f, 0x2a, 0x2a, 0x2a, 0x2a, 0x2a, 0x2a, 0x24, 0x24, 0x24, 0x23, 0x23, 0x23, 0x23, 0x21, 0x21, 0x21, 0x21, 0x21, 0x1e,
    0x1c, 0x1c, 0x1f, 0x1c, 0x1c, 0x1c, 0x1c, 0x1b, 0x1b, 0x1b, 0x18, 0x18, 0x18, 0x18, 0x15, 0x14, 0x14, 0x14, 0x13, 0x13, 0x13, 0x13, 0x13, 0x13,
    0x12, 0x12, 0x0f, 0x12, 0x00, 0x2e, 0xff, 0xfe, 0xfb, 0xd8, 0xe8, 0x7c, 0x5f, 0xfe, 0xfe, 0xfe, 0xfd, 0xfd, 0xff, 0xff, 0xff, 0xfe, 0xff, 0xfe,
    0xfd, 0xfd, 0x4d, 0x50, 0xfd, 0xfd, 0xfd, 0xe7, 0xfc, 0xfc, 0xfd, 0xfc, 0xfc, 0xfc, 0xfd, 0xfd, 0xfd, 0xfd, 0xfd, 0xfc, 0xfc, 0xfc, 0xfb, 0xfb,
    0xfb, 0xfc, 0xfb, 0xfb, 0xfc, 0xfb, 0xfd, 0xfd, 0xfe, 0xff, 0x37, 0x00, 0x06, 0x03, 0x0a, 0x05, 0x05, 0x06, 0x0b, 0x0a, 0x00, 0x2d, 0xfe, 0xfe,
    0xfd, 0xfb, 0xff, 0x42, 0x00, 0x05, 0x03, 0x04, 0x04, 0x04, 0x04, 0x04, 0x07, 0x07, 0x07, 0x07, 0x07, 0x07, 0x08, 0x08, 0x08, 0x08, 0x08, 0x0c,
    0x0e, 0x0e, 0x10, 0x10, 0x0e, 0x10, 0x13, 0x13, 0x13, 0x13, 0x13, 0x15, 0x15, 0x18, 0x18, 0x18, 0x18, 0x18, 0x1b, 0x1b, 0x1b, 0x23, 0x2a, 0x36,
    0x3a, 0x42, 0x46, 0x4b, 0x4f, 0x56, 0x56, 0x56, 0x56, 0x56, 0x56, 0x56, 0x56, 0x57, 0x57, 0x57, 0x57, 0x57, 0x57, 0x57, 0x57, 0x57, 0x59, 0x59,
    0x59, 0x59, 0x59, 0x59, 0x59, 0x59, 0x5a, 0x5a, 0x5a, 0x5a, 0x5b, 0x5b, 0x5d, 0x5d, 0x5d, 0x5d, 0x5d, 0x62, 0x62, 0x62, 0x62, 0x62, 0x62, 0x65,
    0x65, 0x66, 0x66, 0x66, 0x6b, 0x6b, 0x6b, 0x6b, 0x6c, 0x6c, 0x6f, 0x6f, 0x6f, 0x6f, 0x6f, 0x6f, 0x6f, 0x6f, 0x6f, 0x6f, 0x6f, 0x6f, 0x6f, 0x6f,
    0x6f, 0x71, 0x71, 0x71, 0x71, 0x71, 0x71, 0x71, 0x71, 0x71, 0x71, 0x71, 0x71, 0x71, 0x71, 0x71, 0x71, 0x71, 0x71, 0x71, 0x71, 0x71, 0x71, 0x71,
    0x71, 0x71, 0x71, 0x71, 0x71, 0x71, 0x71, 0x71, 0x71, 0x71, 0x71, 0x71, 0x7e, 0x7e, 0x7e, 0x7e, 0x7e, 0x7f, 0x7f, 0x7f, 0x7f, 0x7f, 0x8f, 0x8f,
    0x90, 0x9b, 0x90, 0x9b, 0x9c, 0xab, 0xab, 0xa9, 0xb4, 0xb4, 0xb4, 0xb6, 0xbb, 0xbd, 0xbd, 0xbe, 0xc4, 0xc4, 0xc5, 0xc5, 0xc8, 0xc8, 0xcc, 0xcd,
    0xce, 0xce, 0xd2, 0xd2, 0xd3, 0xd4, 0xd6, 0xd6, 0xd7, 0xd7, 0xd7, 0xda, 0xda, 0xdb, 0xdb, 0xdd, 0xde, 0xe1, 0xe1, 0xe2, 0xe4, 0xe4, 0xe5, 0xe4,
    0xe5, 0xe5, 0xe5, 0xe7, 0xe7, 0xe7, 0xe7, 0xe7, 0xe7, 0xe7, 0xe7, 0xe7, 0xe7, 0xe7, 0xe7, 0xe7, 0xe7, 0xe5, 0xe5, 0xe3, 0xe3, 0xe3, 0xe3, 0xe3,
    0xe2, 0xe2, 0xe1, 0xe1, 0xe1, 0xdc, 0xdc, 0xd9, 0xd9, 0xd9, 0xd9, 0xd8, 0xd8, 0xd5, 0xd5, 0xd5, 0xd3, 0xd3, 0xd0, 0xd0, 0xcf, 0xcf, 0xcc, 0xcb,
    0xc9, 0xc7, 0xc7, 0xc6, 0xc3, 0xc2, 0xc2, 0xc1, 0xbc, 0xba, 0xb9, 0xb9, 0xb8, 0xb3, 0xb3, 0xaf, 0xaf, 0xa6, 0x9b, 0x97, 0x8f, 0x8e, 0x8e, 0x89,
    0x89, 0x88, 0x88, 0x88, 0x7d, 0x7d, 0x76, 0x76, 0x76, 0x76, 0x76, 0x75, 0x75, 0x74, 0x74, 0x74, 0x74, 0x74, 0x74, 0x74, 0x74, 0x74, 0x74, 0x75,
    0x75, 0x75, 0x75, 0x75, 0x76, 0x76, 0x76, 0x76, 0x77, 0x77, 0x77, 0x77, 0x7d, 0x7d, 0x7d, 0x7d, 0x7d, 0x7d, 0x88, 0x88, 0x88, 0x88, 0x88, 0x88,
    0x53, 0x53, 0x53, 0x53, 0x53, 0x54, 0x54, 0x54, 0x54, 0x4f, 0x4b, 0x4b, 0x4b, 0x42, 0x36, 0x2b, 0x39, 0x3d, 0x39, 0x39, 0x39, 0x36, 0x36, 0x36,
    0x36, 0x2f, 0x2f, 0x2f, 0x2f, 0x2a, 0x2a, 0x2a, 0x2a, 0x2a, 0x2a, 0x24, 0x24, 0x23, 0x23, 0x23, 0x23, 0x23, 0x21, 0x21, 0x21, 0x21, 0x21, 0x1e,
    0x1c, 0x1c, 0x1c, 0x1c, 0x1c, 0x1c, 0x1c, 0x1c, 0x1b, 0x1b, 0x18, 0x18, 0x18, 0x18, 0x14, 0x14, 0x14, 0x14, 0x14, 0x13, 0x13, 0x14, 0x14, 0x13,
    0x0f, 0x0f, 0x14, 0x06, 0x22, 0xfe, 0xff, 0xfd, 0xfb, 0xe8, 0xd8, 0x5f, 0xd8, 0xfe, 0xfe, 0xfe, 0xff, 0xff, 0xff, 0xfe, 0xfe, 0xfc, 0xf4, 0xe0,
    0xd8, 0xd0, 0xfe, 0xff, 0xfe, 0xcd, 0xe0, 0xff, 0xfd, 0xf7, 0xfd, 0xfd, 0xfc, 0xfc, 0xfc, 0xfd, 0xfc, 0xfc, 0xfd, 0xfc, 0xfc, 0xfc, 0xfc, 0xfc,
    0xfc, 0xfb, 0xfb, 0xfc, 0xfc, 0xfd, 0xfd, 0xfd, 0xfd, 0xff, 0xc1, 0x0a, 0x03, 0x0a, 0x05, 0x0a, 0x0a, 0x0a, 0x05, 0x0a, 0x05, 0x03, 0xc1, 0xff,
    0xfd, 0xfc, 0xff, 0x53, 0x00, 0x03, 0x04, 0x04, 0x04, 0x04, 0x04, 0x06, 0x07, 0x07, 0x08, 0x07, 0x07, 0x08, 0x08, 0x08, 0x08, 0x0c, 0x0c, 0x0e,
    0x10, 0x10, 0x12, 0x13, 0x13, 0x13, 0x13, 0x13, 0x13, 0x15, 0x15, 0x18, 0x18, 0x18, 0x18, 0x18, 0x1b, 0x1b, 0x1b, 0x1b, 0x1c, 0x26, 0x2f, 0x36,
    0x3a, 0x42, 0x46, 0x4b, 0x4f, 0x56, 0x56, 0x56, 0x56, 0x56, 0x56, 0x56, 0x56, 0x57, 0x57, 0x57, 0x57, 0x57, 0x57, 0x57, 0x57, 0x59, 0x59, 0x59,
    0x59, 0x59, 0x59, 0x59, 0x59, 0x5a, 0x5a, 0x5a, 0x5a, 0x5a, 0x5b, 0x5d, 0x5d, 0x5d, 0x5d, 0x5d, 0x62, 0x62, 0x62, 0x62, 0x62, 0x62, 0x65, 0x66,
    0x66, 0x66, 0x66, 0x66, 0x6b, 0x6b, 0x6b, 0x6b, 0x6c, 0x6c, 0x6f, 0x6f, 0x6f, 0x6f, 0x6f, 0x6f, 0x6f, 0x6f, 0x6f, 0x6f, 0x6f, 0x6f, 0x6f, 0x6f,
    0x6f, 0x71, 0x71, 0x71, 0x71, 0x71, 0x71, 0x71, 0x71, 0x71, 0x71, 0x71, 0x71, 0x71, 0x71, 0x71, 0x71, 0x71, 0x71, 0x71, 0x71, 0x71, 0x71, 0x71,
    0x71, 0x71, 0x71, 0x71, 0x71, 0x71, 0x71, 0x71, 0x71, 0x71, 0x71, 0x71, 0x7e, 0x7e, 0x7e, 0x7f, 0x7f, 0x7f, 0x7f, 0x7f, 0x7f, 0x7f, 0x8f, 0x8f,
    0x90, 0x90, 0x9b, 0x9c, 0x9c, 0xab, 0xab, 0xa9, 0xb4, 0xb4, 0xb4, 0xb6, 0xbb, 0xbb, 0xbd, 0xbe, 0xc0, 0xc4, 0xc5, 0xc5, 0xc8, 0xc8, 0xcd, 0xcd,
    0xce, 0xce, 0xd2, 0xd2, 0xd3, 0xd4, 0xd6, 0xd6, 0xd7, 0xd7, 0xd7, 0xda, 0xda, 0xdb, 0xdb, 0xdd, 0xdd, 0xe1, 0xe1, 0xe2, 0xe4, 0xe4, 0xe5, 0xe4,
    0xe5, 0xe5, 0xe5, 0xe7, 0xe7, 0xe7, 0xe7, 0xe7, 0xe7, 0xe7, 0xe7, 0xe7, 0xe7, 0xe7, 0xe7, 0xe7, 0xe7, 0xe5, 0xe5, 0xe3, 0xe3, 0xe3, 0xe3, 0xe3,
    0xe2, 0xe2, 0xe2, 0xe1, 0xe1, 0xdc, 0xdc, 0xdc, 0xd9, 0xd9, 0xd9, 0xd9, 0xd8, 0xd5, 0xd5, 0xd5, 0xd3, 0xd3, 0xd0, 0xd0, 0xcf, 0xcf, 0xcc, 0xcc,
    0xcb, 0xc9, 0xc7, 0xc6, 0xc6, 0xc3, 0xc2, 0xc2, 0xbc, 0xba, 0xb9, 0xb9, 0xb8, 0xb3, 0xb3, 0xaf, 0xaf, 0xa6, 0xa6, 0x97, 0x97, 0x8e, 0x8e, 0x89,
    0x89, 0x88, 0x88, 0x88, 0x7d, 0x7d, 0x7d, 0x76, 0x76, 0x76, 0x76, 0x75, 0x75, 0x75, 0x74, 0x74, 0x74, 0x74, 0x74, 0x74, 0x74, 0x74, 0x75, 0x75,
    0x75, 0x75, 0x75, 0x76, 0x76, 0x76, 0x76, 0x76, 0x77, 0x77, 0x77, 0x7d, 0x7d, 0x7d, 0x7d, 0x7d, 0x7d, 0x7d, 0x88, 0x88, 0x88, 0x88, 0x88, 0x88,
    0x53, 0x53, 0x53, 0x53, 0x53, 0x54, 0x54, 0x54, 0x54, 0x4f, 0x4b, 0x4b, 0x4d, 0x3a, 0x39, 0x2a, 0x2f, 0x3d, 0x39, 0x39, 0x39, 0x36, 0x36, 0x36,
    0x36, 0x2f, 0x2f, 0x2f, 0x2f, 0x2a, 0x2a, 0x2a, 0x2a, 0x2a, 0x2a, 0x24, 0x24, 0x23, 0x23, 0x23, 0x23, 0x23, 0x21, 0x21, 0x21, 0x21, 0x21, 0x1e,
    0x1c, 0x1c, 0x1c, 0x1c, 0x1c, 0x1c, 0x1c, 0x1b, 0x1b, 0x1b, 0x18, 0x18, 0x18, 0x18, 0x14, 0x14, 0x14, 0x14, 0x14, 0x13, 0x13, 0x14, 0x14, 0x13,
    0x0f, 0x12, 0x14, 0x00, 0x54, 0xff, 0xfd, 0xfe, 0xfb, 0xfd, 0xba, 0x7c, 0xfe, 0xff, 0xfe, 0xfc, 0xf4, 0xd0, 0xc1, 0x8d, 0x8d, 0x81, 0xb8, 0xe0,
    0xfd, 0xfb, 0xfe, 0xd2, 0x2e, 0x17, 0x19, 0x41, 0xfe, 0xff, 0xfc, 0xfc, 0xfc, 0xfc, 0xfc, 0xfc, 0xfc, 0xfc, 0xfc, 0xfc, 0xfc, 0xfc, 0xfc, 0xfc,
    0xfc, 0xfb, 0xfb, 0xfc, 0xfd, 0xfd, 0xfd, 0xfd, 0xfd, 0xfd, 0xff, 0x37, 0x00, 0x05, 0x0a, 0x0a, 0x0a, 0x0a, 0x0a, 0x0a, 0x0a, 0x00, 0x5e, 0xff,
    0xfc, 0xfd, 0xfe, 0xc6, 0x16, 0x00, 0x04, 0x04, 0x04, 0x04, 0x05, 0x07, 0x07, 0x07, 0x08, 0x08, 0x08, 0x08, 0x08, 0x08, 0x0c, 0x0c, 0x0e, 0x0e,
    0x0e, 0x13, 0x13, 0x13, 0x13, 0x13, 0x13, 0x13, 0x15, 0x18, 0x18, 0x18, 0x18, 0x18, 0x1b, 0x1b, 0x1b, 0x1b, 0x1c, 0x1f, 0x1f, 0x26, 0x2f, 0x39,
    0x3a, 0x42, 0x48, 0x4b, 0x4f, 0x56, 0x56, 0x56, 0x56, 0x56, 0x57, 0x57, 0x57, 0x57, 0x57, 0x57, 0x57, 0x57, 0x57, 0x57, 0x59, 0x59, 0x59, 0x59,
    0x59, 0x59, 0x59, 0x59, 0x5a, 0x5a, 0x5a, 0x5a, 0x5a, 0x5b, 0x5d, 0x5d, 0x5d, 0x5d, 0x5d, 0x62, 0x62, 0x62, 0x62, 0x62, 0x62, 0x65, 0x66, 0x66,
    0x66, 0x66, 0x6b, 0x6b, 0x6b, 0x6b, 0x6e, 0x6f, 0x6f, 0x6f, 0x6f, 0x6f, 0x6f, 0x6f, 0x6f, 0x6f, 0x6f, 0x6f, 0x6f, 0x7b, 0x71, 0x6f, 0x6f, 0x7b,
    0x7b, 0x71, 0x71, 0x7b, 0x71, 0x71, 0x71, 0x71, 0x71, 0x71, 0x71, 0x71, 0x71, 0x71, 0x71, 0x71, 0x71, 0x71, 0x71, 0x71, 0x71, 0x71, 0x71, 0x71,
    0x71, 0x71, 0x71, 0x71, 0x71, 0x71, 0x71, 0x71, 0x71, 0x71, 0x71, 0x7e, 0x7e, 0x7e, 0x7f, 0x7f, 0x7f, 0x7f, 0x7f, 0x7f, 0x7f, 0x7f, 0x8f, 0x8f,
    0x90, 0x90, 0x9b, 0x9c, 0x9c, 0xab, 0xab, 0xa9, 0xb4, 0xb4, 0xb4, 0xb6, 0xbb, 0xbb, 0xbd, 0xbe, 0xc0, 0xc4, 0xc5, 0xc5, 0xc8, 0xc8, 0xcd, 0xcd,
    0xce, 0xce, 0xd2, 0xd2, 0xd3, 0xd4, 0xd6, 0xd6, 0xd6, 0xd7, 0xd7, 0xda, 0xda, 0xdb, 0xdb, 0xdd, 0xdd, 0xe1, 0xe1, 0xe1, 0xe2, 0xe4, 0xe4, 0xe5,
    0xe4, 0xe5, 0xe5, 0xe7, 0xe7, 0xe7, 0xe7, 0xe7, 0xe7, 0xe7, 0xe7, 0xe7, 0xe7, 0xe7, 0xe7, 0xe7, 0xe7, 0xe7, 0xe5, 0xe5, 0xe3, 0xe3, 0xe3, 0xe3,
    0xe3, 0xe2, 0xe2, 0xe1, 0xe1, 0xe1, 0xdc, 0xdc, 0xd9, 0xd9, 0xd9, 0xd9, 0xd8, 0xd8, 0xd5, 0xd5, 0xd5, 0xd3, 0xd2, 0xd2, 0xd0, 0xcf, 0xcf, 0xcc,
    0xcb, 0xc9, 0xc7, 0xc6, 0xc6, 0xc3, 0xc2, 0xc2, 0xc1, 0xba, 0xba, 0xb9, 0xb8, 0xb8, 0xb0, 0xb0, 0xaf, 0xaf, 0xa6, 0x9b, 0x97, 0x8f, 0x8e, 0x8e,
    0x89, 0x89, 0x88, 0x88, 0x88, 0x7d, 0x7d, 0x7d, 0x76, 0x76, 0x76, 0x76, 0x75, 0x75, 0x75, 0x75, 0x74, 0x74, 0x74, 0x74, 0x75, 0x75, 0x75, 0x75,
    0x75, 0x75, 0x76, 0x76, 0x76, 0x76, 0x76, 0x76, 0x77, 0x77, 0x77, 0x7d, 0x7d, 0x7d, 0x7d, 0x7d, 0x7d, 0x7d, 0x88, 0x88, 0x88, 0x88, 0x88, 0x88,
    0x53, 0x53, 0x53, 0x53, 0x53, 0x53, 0x54, 0x54, 0x54, 0x4f, 0x4b, 0x4b, 0x4d, 0x46, 0x36, 0x2a, 0x2f, 0x3d, 0x39, 0x39, 0x39, 0x39, 0x36, 0x36,
    0x36, 0x2f, 0x2f, 0x2f, 0x2f, 0x2a, 0x2a, 0x2a, 0x2a, 0x2a, 0x2a, 0x24, 0x24, 0x23, 0x23, 0x23, 0x23, 0x23, 0x21, 0x21, 0x21, 0x21, 0x21, 0x1e,
    0x1e, 0x1c, 0x1f, 0x1c, 0x1c, 0x1c, 0x1c, 0x1b, 0x18, 0x18, 0x18, 0x18, 0x18, 0x14, 0x14, 0x13, 0x14, 0x14, 0x14, 0x13, 0x13, 0x14, 0x14, 0x13,
    0x12, 0x12, 0x04, 0x17, 0xf4, 0xff, 0xfd, 0xfe, 0xfd, 0xfd, 0xc1, 0xd0, 0xfc, 0xc1, 0x84, 0x81, 0x79, 0x6d, 0x81, 0x81, 0x81, 0x9a, 0xd0, 0xfd,
    0xfb, 0xfe, 0xe0, 0x11, 0x06, 0x11, 0x0a, 0x02, 0x22, 0xe4, 0xff, 0xfc, 0xfd, 0xfc, 0xfd, 0xfd, 0xfc, 0xfc, 0xfd, 0xfc, 0xfc, 0xfd, 0xfc, 0xfc,
    0xfc, 0xfc, 0xfc, 0xfd, 0xfd, 0xfd, 0xfd, 0xfd, 0xfe, 0xfd, 0xfe, 0xfe, 0x17, 0x00, 0x0a, 0x0a, 0x0a, 0x0a, 0x0a, 0x0a, 0x16, 0x00, 0x4f, 0xff,
    0xfd, 0xfd, 0xfb, 0xfe, 0x2d, 0x00, 0x06, 0x04, 0x04, 0x04, 0x06, 0x07, 0x07, 0x08, 0x08, 0x08, 0x0c, 0x0c, 0x0c, 0x0c, 0x0e, 0x0e, 0x0e, 0x0e,
    0x13, 0x13, 0x13, 0x13, 0x15, 0x15, 0x15, 0x15, 0x18, 0x18, 0x18, 0x1b, 0x1b, 0x1b, 0x1b, 0x1b, 0x1c, 0x1c, 0x1c, 0x1e, 0x21, 0x26, 0x2f, 0x39,
    0x3a, 0x42, 0x48, 0x4b, 0x50, 0x56, 0x57, 0x57, 0x57, 0x57, 0x57, 0x57, 0x57, 0x57, 0x57, 0x57, 0x57, 0x57, 0x57, 0x59, 0x59, 0x59, 0x59, 0x59,
    0x59, 0x59, 0x59, 0x59, 0x5a, 0x5a, 0x5a, 0x5a, 0x5b, 0x5b, 0x5d, 0x5d, 0x5d, 0x5d, 0x5d, 0x62, 0x62, 0x62, 0x62, 0x62, 0x65, 0x66, 0x66, 0x66,
    0x66, 0x6b, 0x6b, 0x6b, 0x6b, 0x6b, 0x6f, 0x6f, 0x6f, 0x6f, 0x6f, 0x6f, 0x6f, 0x6f, 0x6f, 0x6f, 0x6f, 0x6f, 0x6f, 0x7b, 0x7b, 0x7b, 0x71, 0x7b,
    0x7b, 0x7b, 0x71, 0x7b, 0x7b, 0x7b, 0x71, 0x71, 0x71, 0x71, 0x71, 0x71, 0x71, 0x71, 0x71, 0x71, 0x71, 0x71, 0x71, 0x71, 0x71, 0x71, 0x71, 0x71,
    0x71, 0x71, 0x71, 0x71, 0x71, 0x71, 0x71, 0x71, 0x71, 0x71, 0x71, 0x7e, 0x7e, 0x7e, 0x7f, 0x7f, 0x7f, 0x7f, 0x7f, 0x7f, 0x7f, 0x8f, 0x8f, 0x8f,
    0x90, 0x90, 0x9b, 0x9c, 0x9c, 0xab, 0xab, 0xa9, 0xb4, 0xb4, 0xb4, 0xb6, 0xbb, 0xbb, 0xbd, 0xbe, 0xc0, 0xc4, 0xc5, 0xc5, 0xc8, 0xc8, 0xcd, 0xcd,
    0xce, 0xce, 0xd2, 0xd2, 0xd3, 0xd4, 0xd6, 0xd6, 0xd6, 0xd7, 0xd7, 0xda, 0xda, 0xda, 0xdb, 0xdd, 0xdd, 0xde, 0xe1, 0xe1, 0xe2, 0xe4, 0xe4, 0xe5,
    0xe5, 0xe5, 0xe5, 0xe5, 0xe7, 0xe7, 0xe7, 0xe7, 0xe7, 0xe7, 0xe7, 0xe7, 0xe7, 0xe7, 0xe7, 0xe7, 0xe7, 0xe7, 0xe5, 0xe5, 0xe5, 0xe3, 0xe3, 0xe3,
    0xe3, 0xe2, 0xe2, 0xe2, 0xe1, 0xe1, 0xdc, 0xdc, 0xdc, 0xd9, 0xd9, 0xd9, 0xd9, 0xd8, 0xd5, 0xd5, 0xd5, 0xd3, 0xd3, 0xd0, 0xd0, 0xcf, 0xcf, 0xcc,
    0xcb, 0xc9, 0xc7, 0xc7, 0xc6, 0xc3, 0xc2, 0xc2, 0xc2, 0xbc, 0xba, 0xb9, 0xb9, 0xb8, 0xb3, 0xb3, 0xaf, 0xaf, 0xa6, 0xa6, 0x97, 0x97, 0x8e, 0x8e,
    0x89, 0x89, 0x88, 0x88, 0x88, 0x7d, 0x7d, 0x7d, 0x76, 0x76, 0x76, 0x76, 0x76, 0x75, 0x75, 0x75, 0x75, 0x75, 0x75, 0x75, 0x75, 0x75, 0x75, 0x75,
    0x75, 0x76, 0x76, 0x76, 0x76, 0x76, 0x76, 0x76, 0x77, 0x77, 0x7d, 0x7d, 0x7d, 0x7d, 0x7d, 0x7d, 0x7d, 0x88, 0x88, 0x88, 0x88, 0x88, 0x88, 0x88,
    0x53, 0x53, 0x53, 0x53, 0x53, 0x53, 0x54, 0x54, 0x54, 0x4f, 0x4b, 0x4b, 0x4b, 0x4a, 0x42, 0x43, 0x43, 0x3d, 0x39, 0x39, 0x39, 0x39, 0x36, 0x36,
    0x36, 0x2f, 0x2f, 0x2f, 0x2f, 0x2a, 0x2a, 0x2a, 0x2a, 0x2a, 0x2a, 0x2a, 0x24, 0x23, 0x23, 0x23, 0x23, 0x23, 0x21, 0x21, 0x21, 0x21, 0x21, 0x1e,
    0x1e, 0x1c, 0x1e, 0x1c, 0x1c, 0x1c, 0x1c, 0x1b, 0x18, 0x18, 0x18, 0x18, 0x18, 0x14, 0x14, 0x13, 0x14, 0x14, 0x14, 0x13, 0x13, 0x14, 0x14, 0x13,
    0x12, 0x14, 0x00, 0x30, 0xff, 0xfe, 0xfe, 0xfe, 0xfd, 0xfc, 0xd0, 0xcf, 0x8d, 0x84, 0x84, 0x84, 0x79, 0x6d, 0x6d, 0x6d, 0x81, 0xc1, 0xe0, 0xf4,
    0xfd, 0xfe, 0x2e, 0x0a, 0x19, 0x16, 0x17, 0x16, 0x0a, 0x16, 0xc0, 0xff, 0xfd, 0xfd, 0xfc, 0xfd, 0xfc, 0xfd, 0xfd, 0xfd, 0xfd, 0xfd, 0xfc, 0xfc,
    0xfc, 0xfd, 0xfd, 0xfd, 0xfd, 0xfd, 0xfd, 0xfd, 0xfd, 0xfe, 0xfe, 0xff, 0xf2, 0x00, 0x0a, 0x0a, 0x0a, 0x11, 0x0f, 0x0f, 0x16, 0x00, 0x37, 0xfe,
    0xfe, 0xfd, 0xf4, 0xff, 0x3a, 0x00, 0x0a, 0x04, 0x04, 0x06, 0x07, 0x07, 0x07, 0x08, 0x08, 0x0c, 0x0c, 0x0c, 0x0c, 0x0c, 0x0e, 0x0e, 0x10, 0x13,
    0x13, 0x13, 0x13, 0x15, 0x15, 0x18, 0x18, 0x18, 0x18, 0x1a, 0x1b, 0x1b, 0x1b, 0x1b, 0x1b, 0x1b, 0x1e, 0x1e, 0x1e, 0x1e, 0x21, 0x26, 0x2f, 0x39,
    0x43, 0x42, 0x4a, 0x4b, 0x50, 0x57, 0x57, 0x57, 0x57, 0x57, 0x57, 0x57, 0x57, 0x57, 0x57, 0x57, 0x57, 0x57, 0x57, 0x59, 0x59, 0x59, 0x59, 0x59,
    0x59, 0x59, 0x59, 0x59, 0x5a, 0x5a, 0x5a, 0x5b, 0x5b, 0x5b, 0x5d, 0x5d, 0x5d, 0x5d, 0x5e, 0x62, 0x62, 0x62, 0x62, 0x65, 0x65, 0x66, 0x66, 0x66,
    0x66, 0x6b, 0x6b, 0x6b, 0x6b, 0x6f, 0x6f, 0x6f, 0x6f, 0x6f, 0x6f, 0x6f, 0x6f, 0x6f, 0x6f, 0x6f, 0x6f, 0x6f, 0x6f, 0x7b, 0x7b, 0x7b, 0x7b, 0x7b,
    0x7b, 0x7b, 0x7b, 0x7b, 0x7b, 0x7b, 0x7b, 0x71, 0x7b, 0x71, 0x71, 0x71, 0x71, 0x71, 0x71, 0x71, 0x71, 0x71, 0x71, 0x71, 0x71, 0x71, 0x71, 0x71,
    0x71, 0x71, 0x71, 0x71, 0x71, 0x71, 0x71, 0x7e, 0x71, 0x7e, 0x71, 0x7e, 0x7e, 0x7e, 0x7f, 0x7f, 0x7f, 0x7f, 0x7f, 0x7f, 0x7f, 0x8f, 0x8f, 0x8f,
    0x90, 0x9b, 0x9b, 0x9c, 0x9c, 0xab, 0xab, 0xa9, 0xb4, 0xb4, 0xb4, 0xb6, 0xbb, 0xbb, 0xbd, 0xbe, 0xc0, 0xc4, 0xc5, 0xc5, 0xc8, 0xc8, 0xcd, 0xcd,
    0xce, 0xce, 0xd2, 0xd2, 0xd2, 0xd4, 0xd6, 0xd6, 0xd6, 0xd7, 0xd7, 0xd7, 0xda, 0xda, 0xdb, 0xdb, 0xdd, 0xdd, 0xe1, 0xe1, 0xe2, 0xe4, 0xe4, 0xe5,
    0xe5, 0xe4, 0xe5, 0xe5, 0xe5, 0xe7, 0xe7, 0xe7, 0xe7, 0xe7, 0xe9, 0xe9, 0xe7, 0xe7, 0xe7, 0xe7, 0xe7, 0xe7, 0xe7, 0xe5, 0xe5, 0xe3, 0xe3, 0xe3,
    0xe3, 0xe3, 0xe2, 0xe2, 0xe1, 0xe1, 0xe1, 0xdc, 0xdc, 0xd9, 0xd9, 0xd9, 0xd9, 0xd8, 0xd8, 0xd5, 0xd5, 0xd4, 0xd3, 0xd2, 0xd0, 0xcf, 0xcf, 0xcc,
    0xcc, 0xcb, 0xc9, 0xc7, 0xc6, 0xc6, 0xc3, 0xc2, 0xc2, 0xbc, 0xba, 0xb9, 0xb9, 0xb8, 0xb3, 0xb0, 0xaf, 0xaf, 0xaf, 0xa6, 0x9b, 0x97, 0x8e, 0x8e,
    0x8e, 0x89, 0x89, 0x88, 0x88, 0x88, 0x7d, 0x7d, 0x7d, 0x76, 0x76, 0x76, 0x76, 0x76, 0x75, 0x75, 0x75, 0x75, 0x75, 0x75, 0x75, 0x75, 0x75, 0x75,
    0x76, 0x76, 0x76, 0x76, 0x76, 0x76, 0x76, 0x77, 0x77, 0x77, 0x7d, 0x7d, 0x7d, 0x7d, 0x7d, 0x7d, 0x7d, 0x88, 0x88, 0x88, 0x88, 0x88, 0x88, 0x88,
    0x53, 0x53, 0x53, 0x53, 0x53, 0x53, 0x54, 0x54, 0x54, 0x4f, 0x4b, 0x4b, 0x4b, 0x48, 0x46, 0x43, 0x43, 0x39, 0x39, 0x39, 0x39, 0x39, 0x36, 0x36,
    0x36, 0x2f, 0x2f, 0x2f, 0x2f, 0x2a, 0x2a, 0x2a, 0x2a, 0x2a, 0x2a, 0x2a, 0x24, 0x23, 0x23, 0x23, 0x23, 0x23, 0x21, 0x21, 0x21, 0x21, 0x21, 0x1e,
    0x1e, 0x1c, 0x1e, 0x1c, 0x1c, 0x1c, 0x1c, 0x1b, 0x18, 0x18, 0x18, 0x18, 0x18, 0x18, 0x14, 0x14, 0x14, 0x14, 0x13, 0x13, 0x13, 0x13, 0x14, 0x13,
    0x12, 0x12, 0x00, 0x37, 0xff, 0xfe, 0xfe, 0xfe, 0xfd, 0xfc, 0xf4, 0xd4, 0x84, 0x84, 0x79, 0x84, 0x84, 0xd6, 0xe0, 0xc1, 0xc1, 0xe0, 0xe8, 0xfb,
    0xfe, 0xcf, 0x00, 0x22, 0x17, 0x16, 0x16, 0x16, 0x17, 0x0a, 0x0a, 0x81, 0xff, 0xfe, 0xfc, 0xfe, 0xfc, 0xfc, 0xfc, 0xfd, 0xfd, 0xfd, 0xfd, 0xfd,
    0xfc, 0xfd, 0xfd, 0xfd, 0xfd, 0xfd, 0xfd, 0xfd, 0xfe, 0xfe, 0xfe, 0xfe, 0xff, 0x3c, 0x03, 0x16, 0x11, 0x11, 0x11, 0x11, 0x16, 0x03, 0x16, 0xfd,
    0xfe, 0xfd, 0xf5, 0xfe, 0x53, 0x03, 0x00, 0x04, 0x04, 0x07, 0x07, 0x08, 0x07, 0x07, 0x0c, 0x0c, 0x0c, 0x0c, 0x0e, 0x0e, 0x0d, 0x10, 0x13, 0x13,
    0x15, 0x15, 0x15, 0x18, 0x18, 0x18, 0x18, 0x1b, 0x1b, 0x1b, 0x1b, 0x1b, 0x1e, 0x1e, 0x1e, 0x1e, 0x1e, 0x21, 0x21, 0x21, 0x23, 0x2a, 0x36, 0x3a,
    0x43, 0x46, 0x4a, 0x4f, 0x50, 0x57, 0x57, 0x57, 0x57, 0x57, 0x57, 0x57, 0x57, 0x57, 0x57, 0x57, 0x57, 0x57, 0x57, 0x59, 0x59, 0x59, 0x59, 0x59,
    0x59, 0x59, 0x59, 0x5a, 0x5a, 0x5a, 0x5b, 0x5b, 0x5b, 0x5b, 0x5d, 0x5d, 0x5d, 0x5d, 0x62, 0x62, 0x62, 0x62, 0x62, 0x65, 0x65, 0x66, 0x66, 0x66,
    0x66, 0x6b, 0x6b, 0x6e, 0x6f, 0x6f, 0x6f, 0x6f, 0x6f, 0x6f, 0x6f, 0x6f, 0x6f, 0x6f, 0x7b, 0x7b, 0x7b, 0x7b, 0x7b, 0x7b, 0x7b, 0x7b, 0x7b, 0x7b,
    0x7b, 0x7b, 0x7b, 0x7b, 0x7b, 0x7b, 0x7b, 0x7b, 0x7b, 0x7b, 0x7f, 0x7f, 0x7b, 0x71, 0x71, 0x71, 0x7f, 0x71, 0x71, 0x71, 0x7e, 0x71, 0x7e, 0x71,
    0x71, 0x7e, 0x7e, 0x71, 0x71, 0x7e, 0x7e, 0x7e, 0x7e, 0x7e, 0x7e, 0x7e, 0x7f, 0x7f, 0x7f, 0x7f, 0x7f, 0x7f, 0x7f, 0x7f, 0x8f, 0x8f, 0x8f, 0x90,
    0x90, 0x9b, 0x9b, 0x9c, 0x9c, 0xab, 0xab, 0xa9, 0xb4, 0xb4, 0xb4, 0xb6, 0xbb, 0xbb, 0xbd, 0xbe, 0xc0, 0xc4, 0xc5, 0xc5, 0xc8, 0xc8, 0xcd, 0xcd,
    0xce, 0xce, 0xce, 0xd2, 0xd2, 0xd4, 0xd4, 0xd6, 0xd6, 0xd7, 0xd7, 0xd7, 0xda, 0xda, 0xdb, 0xdb, 0xdd, 0xdd, 0xe1, 0xe1, 0xe1, 0xe2, 0xe4, 0xe4,
    0xe5, 0xe5, 0xe5, 0xe5, 0xe5, 0xe7, 0xe7, 0xe7, 0xe7, 0xe7, 0xe9, 0xe9, 0xe9, 0xe7, 0xe7, 0xe7, 0xe7, 0xe7, 0xe7, 0xe7, 0xe5, 0xe5, 0xe3, 0xe3,
    0xe3, 0xe3, 0xe3, 0xe2, 0xe2, 0xe1, 0xe1, 0xdc, 0xdc, 0xdc, 0xd9, 0xd9, 0xd9, 0xd9, 0xd8, 0xd5, 0xd5, 0xd5, 0xd3, 0xd3, 0xd0, 0xd0, 0xcf, 0xcf,
    0xcc, 0xcb, 0xc9, 0xc7, 0xc6, 0xc6, 0xc3, 0xc2, 0xc2, 0xc1, 0xbc, 0xba, 0xb9, 0xb8, 0xb8, 0xb3, 0xb0, 0xaf, 0xaf, 0xa6, 0x9b, 0x97, 0x8f, 0x8e,
    0x8e, 0x89, 0x89, 0x88, 0x88, 0x88, 0x7d, 0x7d, 0x7d, 0x76, 0x76, 0x76, 0x76, 0x76, 0x76, 0x76, 0x75, 0x75, 0x75, 0x75, 0x75, 0x75, 0x75, 0x75,
    0x76, 0x76, 0x76, 0x76, 0x76, 0x76, 0x76, 0x77, 0x77, 0x77, 0x7d, 0x7d, 0x7d, 0x7d, 0x7d, 0x7d, 0x7d, 0x88, 0x88, 0x88, 0x88, 0x88, 0x88, 0x88,
    0x53, 0x53, 0x53, 0x53, 0x53, 0x53, 0x54, 0x54, 0x54, 0x4f, 0x4b, 0x4b, 0x4b, 0x4a, 0x46, 0x43, 0x43, 0x3a, 0x39, 0x39, 0x39, 0x39, 0x36, 0x36,
    0x36, 0x2f, 0x2f, 0x2f, 0x2f, 0x2a, 0x2a, 0x2a, 0x2a, 0x2a, 0x2a, 0x2a, 0x24, 0x23, 0x23, 0x23, 0x23, 0x21, 0x21, 0x21, 0x21, 0x21, 0x21, 0x1e,
    0x1e, 0x1c, 0x1e, 0x1c, 0x1c, 0x1c, 0x1c, 0x1b, 0x18, 0x18, 0x18, 0x18, 0x18, 0x18, 0x14, 0x14, 0x14, 0x14, 0x14, 0x14, 0x13, 0x13, 0x13, 0x13,
    0x12, 0x12, 0x04, 0x29, 0xfe, 0xff, 0xfe, 0xfe, 0xfd, 0xfc, 0xfc, 0xd0, 0xc1, 0xfc, 0xfc, 0xe0, 0xcd, 0xc1, 0xcd, 0xfe, 0xff, 0xfd, 0xfc, 0xfe,
    0xfe, 0x9a, 0x22, 0x00, 0x0a, 0x19, 0x17, 0x16, 0x16, 0x16, 0x16, 0x05, 0x51, 0xff, 0xff, 0xfc, 0xfe, 0xfe, 0xfd, 0xfd, 0xfd, 0xfd, 0xfd, 0xfd,
    0xfc, 0xfd, 0xfd, 0xfd, 0xfd, 0xfd, 0xfd, 0xfd, 0xfe, 0xfe, 0xfe, 0xfe, 0xff, 0xb8, 0x00, 0x16, 0x11, 0x11, 0x11, 0x11, 0x16, 0x0a, 0x03, 0xe0,
    0xff, 0xfd, 0xfd, 0xfd, 0xd5, 0x17, 0x00, 0x08, 0x04, 0x06, 0x08, 0x08, 0x08, 0x08, 0x0c, 0x0c, 0x0e, 0x0c, 0x0d, 0x0d, 0x13, 0x13, 0x13, 0x15,
    0x15, 0x18, 0x18, 0x18, 0x18, 0x1b, 0x1b, 0x1b, 0x1b, 0x1b, 0x1e, 0x1e, 0x1e, 0x1e, 0x1e, 0x1e, 0x1e, 0x23, 0x23, 0x23, 0x23, 0x2a, 0x36, 0x3a,
    0x43, 0x46, 0x48, 0x4f, 0x50, 0x57, 0x57, 0x57, 0x57, 0x57, 0x57, 0x57, 0x57, 0x57, 0x57, 0x57, 0x57, 0x59, 0x59, 0x59, 0x59, 0x59, 0x59, 0x59,
    0x59, 0x59, 0x5a, 0x5a, 0x5a, 0x5a, 0x5b, 0x5b, 0x5b, 0x5d, 0x5d, 0x5d, 0x5d, 0x5d, 0x62, 0x62, 0x62, 0x62, 0x62, 0x65, 0x65, 0x66, 0x66, 0x66,
    0x66, 0x6b, 0x6e, 0x6e, 0x6f, 0x6f, 0x6f, 0x6f, 0x6f, 0x6f, 0x6f, 0x6f, 0x6f, 0x6f, 0x7b, 0x7b, 0x7b, 0x7b, 0x7b, 0x7b, 0x7b, 0x7b, 0x7b, 0x7b,
    0x7b, 0x7b, 0x7b, 0x7b, 0x7b, 0x7b, 0x7b, 0x7b, 0x7b, 0x7b, 0x7f, 0x7f, 0x7b, 0x7b, 0x71, 0x71, 0x7f, 0x7f, 0x71, 0x71, 0x7f, 0x7e, 0x7f, 0x7e,
    0x71, 0x7f, 0x7e, 0x7e, 0x71, 0x7e, 0x7e, 0x7e, 0x7e, 0x7f, 0x7e, 0x7e, 0x7f, 0x7f, 0x7f, 0x7f, 0x7f, 0x7f, 0x7f, 0x7f, 0x8f, 0x90, 0x90, 0x90,
    0x9b, 0x9b, 0x91, 0x9c, 0x9c, 0xab, 0xab, 0xa9, 0xb4, 0xb4, 0xb6, 0xb6, 0xbb, 0xbb, 0xbd, 0xbe, 0xc0, 0xc4, 0xc5, 0xc5, 0xc8, 0xc8, 0xc8, 0xcd,
    0xcd, 0xce, 0xce, 0xd2, 0xd2, 0xd3, 0xd4, 0xd6, 0xd6, 0xd6, 0xd7, 0xd7, 0xda, 0xda, 0xdb, 0xdb, 0xdd, 0xdd, 0xde, 0xe1, 0xe1, 0xe2, 0xe4, 0xe4,
    0xe5, 0xe5, 0xe5, 0xe5, 0xe5, 0xe7, 0xe7, 0xe7, 0xe7, 0xe7, 0xe9, 0xe9, 0xe9, 0xe9, 0xe7, 0xe7, 0xe7, 0xe7, 0xe7, 0xe7, 0xe7, 0xe5, 0xe5, 0xe3,
    0xe3, 0xe3, 0xe3, 0xe2, 0xe2, 0xe1, 0xe1, 0xe1, 0xdc, 0xdc, 0xd9, 0xd9, 0xd9, 0xd9, 0xd8, 0xd5, 0xd5, 0xd5, 0xd4, 0xd3, 0xd0, 0xd0, 0xcf, 0xcf,
    0xcc, 0xcc, 0xcb, 0xc9, 0xc7, 0xc6, 0xc6, 0xc3, 0xc2, 0xc2, 0xbc, 0xba, 0xb9, 0xb9, 0xb8, 0xb3, 0xb3, 0xaf, 0xaf, 0xa6, 0xa6, 0x97, 0x97, 0x8e,
    0x8e, 0x8e, 0x89, 0x89, 0x88, 0x88, 0x88, 0x7d, 0x7d, 0x7d, 0x76, 0x76, 0x76, 0x76, 0x76, 0x76, 0x76, 0x76, 0x75, 0x75, 0x75, 0x75, 0x76, 0x76,
    0x76, 0x76, 0x76, 0x76, 0x76, 0x76, 0x77, 0x77, 0x77, 0x7d, 0x7d, 0x7d, 0x7d, 0x7d, 0x7d, 0x7d, 0x88, 0x88, 0x88, 0x88, 0x88, 0x88, 0x88, 0x88,
    0x53, 0x53, 0x53, 0x53, 0x53, 0x53, 0x54, 0x54, 0x54, 0x4f, 0x4b, 0x4b, 0x4b, 0x4a, 0x46, 0x43, 0x3e, 0x3a, 0x39, 0x39, 0x39, 0x39, 0x36, 0x36,
    0x36, 0x2f, 0x2f, 0x2f, 0x2f, 0x2a, 0x2a, 0x2a, 0x2a, 0x2a, 0x2a, 0x2a, 0x24, 0x23, 0x23, 0x23, 0x23, 0x23, 0x21, 0x21, 0x21, 0x21, 0x21, 0x1e,
    0x1e, 0x1c, 0x1e, 0x1c, 0x1c, 0x1c, 0x1c, 0x1b, 0x1b, 0x18, 0x18, 0x18, 0x18, 0x18, 0x18, 0x14, 0x14, 0x14, 0x14, 0x14, 0x13, 0x13, 0x13, 0x13,
    0x12, 0x12, 0x0e, 0x05, 0x6b, 0xff, 0xfe, 0xfe, 0xfe, 0xfe, 0xff, 0xff, 0xfc, 0x66, 0x47, 0x2e, 0x0a, 0x00, 0x05, 0x30, 0x58, 0xff, 0xfe, 0xfc,
    0xfe, 0xff, 0xfc, 0x47, 0x22, 0x00, 0x05, 0x19, 0x17, 0x16, 0x16, 0x16, 0x00, 0x30, 0xce, 0xff, 0xfe, 0xfd, 0xfd, 0xfd, 0xfd, 0xfd, 0xfd, 0xfd,
    0xfd, 0xfd, 0xfd, 0xfd, 0xfd, 0xfd, 0xfd, 0xfd, 0xfe, 0xfe, 0xfe, 0xfe, 0xff, 0xf4, 0x0a, 0x0a, 0x16, 0x11, 0x11, 0x11, 0x11, 0x16, 0x00, 0xc0,
    0xff, 0xfd, 0xfd, 0xf7, 0xff, 0x1f, 0x00, 0x05, 0x07, 0x08, 0x07, 0x08, 0x0c, 0x0c, 0x0c, 0x0c, 0x0e, 0x0e, 0x10, 0x13, 0x13, 0x13, 0x15, 0x15,
    0x18, 0x18, 0x1b, 0x1b, 0x1b, 0x1b, 0x1b, 0x1e, 0x1e, 0x1e, 0x1e, 0x1e, 0x1e, 0x21, 0x21, 0x20, 0x23, 0x23, 0x23, 0x23, 0x23, 0x2b, 0x36, 0x3a,
    0x42, 0x46, 0x4a, 0x4f, 0x50, 0x57, 0x57, 0x57, 0x57, 0x57, 0x57, 0x57, 0x57, 0x57, 0x57, 0x57, 0x57, 0x59, 0x59, 0x59, 0x59, 0x59, 0x59, 0x59,
    0x59, 0x5a, 0x5a, 0x5a, 0x5a, 0x5b, 0x5b, 0x5b, 0x5d, 0x5d, 0x5d, 0x5d, 0x5d, 0x5e, 0x62, 0x62, 0x62, 0x62, 0x65, 0x65, 0x65, 0x66, 0x66, 0x66,
    0x6b, 0x6e, 0x6e, 0x6f, 0x6f, 0x6f, 0x6f, 0x6f, 0x6f, 0x6f, 0x6f, 0x6f, 0x6f, 0x6f, 0x7b, 0x7b, 0x7b, 0x7b, 0x7b, 0x7b, 0x7b, 0x7b, 0x7b, 0x7b,
    0x7b, 0x7b, 0x7b, 0x7b, 0x7b, 0x7b, 0x7b, 0x7b, 0x7f, 0x7b, 0x7b, 0x7f, 0x7b, 0x7b, 0x7f, 0x71, 0x7f, 0x7f, 0x7f, 0x71, 0x7f, 0x7f, 0x7f, 0x7f,
    0x7e, 0x7f, 0x7f, 0x7f, 0x7e, 0x7f, 0x7f, 0x7e, 0x7e, 0x7f, 0x7f, 0x7f, 0x7f, 0x7f, 0x7f, 0x7f, 0x7f, 0x7f, 0x7f, 0x7f, 0x90, 0x90, 0x90, 0x90,
    0x90, 0x9b, 0x91, 0x9c, 0xab, 0xab, 0xab, 0xa9, 0xb4, 0xb4, 0xb6, 0xb6, 0xbb, 0xbd, 0xbd, 0xbe, 0xc0, 0xc4, 0xc5, 0xc5, 0xc8, 0xc8, 0xc8, 0xcd,
    0xcd, 0xce, 0xce, 0xd2, 0xd2, 0xd3, 0xd4, 0xd6, 0xd6, 0xd6, 0xd7, 0xd7, 0xd7, 0xda, 0xda, 0xdb, 0xdb, 0xdd, 0xdd, 0xe1, 0xe1, 0xe2, 0xe4, 0xe4,
    0xe5, 0xe5, 0xe5, 0xe5, 0xe5, 0xe7, 0xe7, 0xe7, 0xe7, 0xe9, 0xe9, 0xe9, 0xe9, 0xe9, 0xe9, 0xe7, 0xe7, 0xe7, 0xe7, 0xe7, 0xe7, 0xe7, 0xe5, 0xe5,
    0xe3, 0xe3, 0xe3, 0xe3, 0xe2, 0xe2, 0xe1, 0xe1, 0xe1, 0xdc, 0xdc, 0xd9, 0xd9, 0xd9, 0xd9, 0xd8, 0xd5, 0xd5, 0xd5, 0xd3, 0xd3, 0xd2, 0xd0, 0xcf,
    0xcf, 0xcc, 0xcb, 0xc9, 0xc7, 0xc6, 0xc6, 0xc3, 0xc2, 0xc2, 0xbc, 0xba, 0xb9, 0xb9, 0xb8, 0xb8, 0xb0, 0xaf, 0xaf, 0xaf, 0xa6, 0x9b, 0x97, 0x8f,
    0x8e, 0x8e, 0x89, 0x89, 0x88, 0x88, 0x88, 0x7d, 0x7d, 0x7d, 0x7d, 0x76, 0x76, 0x76, 0x76, 0x76, 0x76, 0x76, 0x76, 0x76, 0x76, 0x76, 0x76, 0x76,
    0x76, 0x76, 0x76, 0x76, 0x76, 0x76, 0x77, 0x77, 0x7d, 0x7d, 0x7d, 0x7d, 0x7d, 0x7d, 0x7d, 0x88, 0x88, 0x88, 0x88, 0x88, 0x88, 0x88, 0x88, 0x88,
    0x53, 0x53, 0x53, 0x53, 0x53, 0x53, 0x53, 0x54, 0x54, 0x4f, 0x4b, 0x4b, 0x4b, 0x4a, 0x46, 0x43, 0x43, 0x3a, 0x39, 0x39, 0x39, 0x39, 0x36, 0x36,
    0x36, 0x2f, 0x2f, 0x2f, 0x2f, 0x2a, 0x2a, 0x2a, 0x2a, 0x2a, 0x2a, 0x2a, 0x24, 0x23, 0x23, 0x23, 0x23, 0x23, 0x21, 0x21, 0x21, 0x21, 0x21, 0x1e,
    0x1e, 0x1c, 0x1e, 0x1c, 0x1c, 0x1c, 0x1c, 0x1b, 0x1b, 0x1b, 0x18, 0x18, 0x18, 0x18, 0x18, 0x18, 0x14, 0x14, 0x14, 0x14, 0x13, 0x13, 0x13, 0x12,
    0x11, 0x11, 0x0f, 0x06, 0x16, 0xce, 0xff, 0xff, 0xff, 0xfe, 0x5b, 0x3c, 0x29, 0x01, 0x00, 0x00, 0x00, 0x04, 0x00, 0x00, 0x00, 0x2e, 0xd6, 0xfe,
    0xf4, 0xfc, 0xff, 0xff, 0xfc, 0x66, 0x2e, 0x00, 0x0a, 0x17, 0x16, 0x16, 0x19, 0x0a, 0x16, 0x48, 0xff, 0xff, 0xfc, 0xfd, 0xfe, 0xfe, 0xfd, 0xfd,
    0xfd, 0xfd, 0xfd, 0xfd, 0xfd, 0xfd, 0xfd, 0xfe, 0xfe, 0xfe, 0xfe, 0xfe, 0xff, 0xfe, 0x1f, 0x0a, 0x16, 0x16, 0x16, 0x11, 0x11, 0x16, 0x00, 0x7b,
    0xff, 0xfd, 0xfd, 0xe3, 0xff, 0x2e, 0x00, 0x07, 0x07, 0x07, 0x0b, 0x0c, 0x0c, 0x0c, 0x0e, 0x0e, 0x0e, 0x13, 0x13, 0x13, 0x15, 0x15, 0x15, 0x18,
    0x1a, 0x1b, 0x1b, 0x1b, 0x1b, 0x1e, 0x1e, 0x1e, 0x1f, 0x1e, 0x20, 0x23, 0x23, 0x23, 0x23, 0x23, 0x23, 0x23, 0x23, 0x23, 0x26, 0x2b, 0x36, 0x3a,
    0x42, 0x46, 0x4b, 0x4f, 0x50, 0x57, 0x57, 0x57, 0x57, 0x57, 0x57, 0x57, 0x57, 0x57, 0x57, 0x57, 0x59, 0x59, 0x59, 0x59, 0x59, 0x59, 0x59, 0x59,
    0x59, 0x5a, 0x5a, 0x5a, 0x5b, 0x5b, 0x5b, 0x5d, 0x5d, 0x5d, 0x5d, 0x5d, 0x5e, 0x5e, 0x62, 0x62, 0x62, 0x62, 0x65, 0x65, 0x66, 0x66, 0x6b, 0x6b,
    0x6b, 0x6e, 0x6f, 0x6f, 0x6f, 0x6f, 0x6f, 0x6f, 0x6f, 0x6f, 0x6f, 0x6f, 0x7b, 0x7b, 0x7b, 0x7b, 0x7b, 0x7b, 0x7b, 0x7b, 0x7b, 0x7b, 0x7b, 0x7b,
    0x7b, 0x7b, 0x7b, 0x7b, 0x7b, 0x7b, 0x7b, 0x7b, 0x7f, 0x7f, 0x7b, 0x7b, 0x7f, 0x7b, 0x7f, 0x7f, 0x7f, 0x7b, 0x7f, 0x7f, 0x7f, 0x7f, 0x7f, 0x7f,
    0x7f, 0x7f, 0x7f, 0x7f, 0x7f, 0x7f, 0x7f, 0x7f, 0x7f, 0x7f, 0x7f, 0x7f, 0x7f, 0x7f, 0x7f, 0x7f, 0x7f, 0x7f, 0x7f, 0x8f, 0x90, 0x90, 0x90, 0x90,
    0x90, 0x91, 0x91, 0x9c, 0xab, 0xab, 0xab, 0xa9, 0xb4, 0xb4, 0xb6, 0xb6, 0xbb, 0xbd, 0xbd, 0xbe, 0xc0, 0xc4, 0xc5, 0xc5, 0xc8, 0xc8, 0xc8, 0xcd,
    0xcd, 0xce, 0xce, 0xd2, 0xd2, 0xd2, 0xd4, 0xd6, 0xd6, 0xd6, 0xd7, 0xd7, 0xd7, 0xda, 0xda, 0xdb, 0xdb, 0xdd, 0xdd, 0xe1, 0xe1, 0xe1, 0xe2, 0xe4,
    0xe4, 0xe5, 0xe5, 0xe5, 0xe5, 0xe5, 0xe7, 0xe7, 0xe7, 0xe9, 0xe9, 0xe9, 0xe9, 0xe9, 0xe9, 0xe9, 0xe7, 0xe7, 0xe7, 0xe7, 0xe7, 0xe7, 0xe7, 0xe5,
    0xe5, 0xe3, 0xe3, 0xe3, 0xe3, 0xe2, 0xe2, 0xe1, 0xe1, 0xdc, 0xdc, 0xd9, 0xd9, 0xd9, 0xd9, 0xd8, 0xd5, 0xd5, 0xd5, 0xd3, 0xd3, 0xd0, 0xd0, 0xcf,
    0xcf, 0xcc, 0xcb, 0xc9, 0xc7, 0xc6, 0xc6, 0xc3, 0xc2, 0xc2, 0xc1, 0xbc, 0xba, 0xb9, 0xb8, 0xb8, 0xb3, 0xb0, 0xaf, 0xaf, 0xa6, 0x9b, 0x97, 0x97,
    0x8e, 0x8e, 0x8e, 0x89, 0x89, 0x88, 0x88, 0x88, 0x7d, 0x7d, 0x7d, 0x7d, 0x76, 0x76, 0x76, 0x76, 0x76, 0x76, 0x76, 0x76, 0x76, 0x76, 0x76, 0x76,
    0x76, 0x76, 0x76, 0x76, 0x76, 0x76, 0x77, 0x77, 0x7d, 0x7d, 0x7d, 0x7d, 0x7d, 0x7d, 0x7d, 0x88, 0x88, 0x88, 0x88, 0x88, 0x88, 0x88, 0x88, 0x88,
    0x53, 0x53, 0x53, 0x53, 0x53, 0x53, 0x53, 0x54, 0x54, 0x4f, 0x4b, 0x4b, 0x4b, 0x4a, 0x46, 0x42, 0x43, 0x3a, 0x3a, 0x39, 0x39, 0x39, 0x36, 0x36,
    0x36, 0x2f, 0x2f, 0x2f, 0x2f, 0x2f, 0x2d, 0x2a, 0x2a, 0x2a, 0x2a, 0x2a, 0x24, 0x23, 0x23, 0x23, 0x23, 0x23, 0x21, 0x21, 0x21, 0x21, 0x21, 0x1e,
    0x1e, 0x1c, 0x1e, 0x1c, 0x1c, 0x1c, 0x1c, 0x1b, 0x1b, 0x18, 0x18, 0x18, 0x18, 0x18, 0x18, 0x18, 0x14, 0x14, 0x14, 0x14, 0x13, 0x13, 0x13, 0x12,
    0x11, 0x0f, 0x0c, 0x0f, 0x03, 0x0a, 0x2d, 0x2d, 0x22, 0x16, 0x03, 0x00, 0x00, 0x04, 0x09, 0x06, 0x06, 0x03, 0x04, 0x03, 0x03, 0x00, 0x11, 0x6b,
    0xfc, 0xe4, 0xfc, 0xfe, 0xff, 0xff, 0xff, 0xd6, 0x2e, 0x03, 0x11, 0x19, 0x19, 0x22, 0x16, 0x0a, 0x17, 0x9a, 0xff, 0xfe, 0xfd, 0xfe, 0xfe, 0xfd,
    0xfd, 0xfe, 0xfd, 0xfe, 0xfe, 0xfe, 0xfe, 0xfe, 0xfe, 0xfe, 0xfe, 0xfe, 0xfe, 0xfd, 0x22, 0x0a, 0x16, 0x16, 0x16, 0x11, 0x11, 0x16, 0x00, 0x57,
    0xff, 0xfd, 0xfd, 0xeb, 0xfd, 0x57, 0x03, 0x04, 0x0b, 0x0c, 0x07, 0x0c, 0x0e, 0x0c, 0x0e, 0x0d, 0x13, 0x13, 0x13, 0x15, 0x15, 0x15, 0x18, 0x1b,
    0x1b, 0x1b, 0x1b, 0x1e, 0x1e, 0x1e, 0x1e, 0x1e, 0x20, 0x23, 0x23, 0x23, 0x23, 0x23, 0x23, 0x25, 0x26, 0x26, 0x26, 0x26, 0x26, 0x2f, 0x36, 0x3a,
    0x42, 0x46, 0x4b, 0x4f, 0x50, 0x57, 0x57, 0x57, 0x57, 0x57, 0x57, 0x57, 0x57, 0x57, 0x57, 0x59, 0x59, 0x59, 0x59, 0x59, 0x59, 0x59, 0x59, 0x59,
    0x59, 0x5a, 0x5a, 0x5b, 0x5b, 0x5b, 0x5d, 0x5d, 0x5d, 0x5d, 0x5d, 0x5e, 0x5e, 0x62, 0x62, 0x62, 0x62, 0x65, 0x65, 0x66, 0x66, 0x6b, 0x6b, 0x6b,
    0x6b, 0x6f, 0x6f, 0x6f, 0x6f, 0x6f, 0x6f, 0x6f, 0x6f, 0x6f, 0x6f, 0x6f, 0x7b, 0x7b, 0x7b, 0x7b, 0x7b, 0x7b, 0x7b, 0x7b, 0x7b, 0x7b, 0x7b, 0x7b,
    0x7b, 0x7b, 0x7b, 0x7b, 0x7b, 0x7b, 0x7b, 0x7b, 0x7b, 0x7b, 0x7b, 0x7b, 0x7b, 0x7f, 0x7f, 0x7f, 0x7f, 0x7f, 0x7f, 0x7f, 0x7f, 0x7f, 0x7f, 0x7f,
    0x7f, 0x7f, 0x7f, 0x7f, 0x7f, 0x7f, 0x7f, 0x7f, 0x7f, 0x7f, 0x7f, 0x7f, 0x7f, 0x7f, 0x7f, 0x7f, 0x7f, 0x7f, 0x8f, 0x8f, 0x90, 0x90, 0x90, 0x90,
    0x91, 0x91, 0x91, 0x9c, 0xab, 0xab, 0xab, 0xa9, 0xb4, 0xb4, 0xb6, 0xb6, 0xbb, 0xbd, 0xbd, 0xbe, 0xc0, 0xc4, 0xc5, 0xc5, 0xc5, 0xc8, 0xc8, 0xcd,
    0xcd, 0xce, 0xce, 0xce, 0xd2, 0xd2, 0xd4, 0xd6, 0xd6, 0xd6, 0xd6, 0xd7, 0xd7, 0xda, 0xda, 0xdb, 0xdb, 0xdd, 0xdd, 0xdf, 0xe1, 0xe1, 0xe2, 0xe4,
    0xe4, 0xe5, 0xe5, 0xe5, 0xe5, 0xe5, 0xe7, 0xe7, 0xe7, 0xe9, 0xe9, 0xe9, 0xe9, 0xe8, 0xe8, 0xe8, 0xe8, 0xe8, 0xe8, 0xe7, 0xe7, 0xe7, 0xe7, 0xe7,
    0xe5, 0xe5, 0xe3, 0xe3, 0xe3, 0xe2, 0xe2, 0xe1, 0xe1, 0xe1, 0xdc, 0xdc, 0xd9, 0xd9, 0xd9, 0xd9, 0xd8, 0xd5, 0xd5, 0xd5, 0xd3, 0xd2, 0xd0, 0xd0,
    0xcf, 0xcc, 0xcc, 0xcb, 0xc9, 0xc7, 0xc6, 0xc6, 0xc3, 0xc2, 0xc2, 0xbc, 0xba, 0xb9, 0xb9, 0xb8, 0xb3, 0xb3, 0xaf, 0xaf, 0xa6, 0xa6, 0x9b, 0x97,
    0x8f, 0x8e, 0x8e, 0x89, 0x89, 0x88, 0x88, 0x88, 0x88, 0x7d, 0x7d, 0x7d, 0x76, 0x76, 0x76, 0x76, 0x76, 0x76, 0x76, 0x76, 0x76, 0x76, 0x76, 0x76,
    0x76, 0x76, 0x76, 0x76, 0x76, 0x77, 0x77, 0x7d, 0x7d, 0x7d, 0x7d, 0x7d, 0x7d, 0x7d, 0x7d, 0x88, 0x88, 0x88, 0x88, 0x88, 0x88, 0x88, 0x88, 0x88,
    0x53, 0x53, 0x53, 0x53, 0x53, 0x53, 0x53, 0x54, 0x54, 0x4f, 0x4b, 0x4b, 0x4b, 0x4a, 0x46, 0x43, 0x43, 0x3a, 0x39, 0x39, 0x39, 0x39, 0x36, 0x36,
    0x2f, 0x2f, 0x2f, 0x2f, 0x2f, 0x2f, 0x2a, 0x2a, 0x2a, 0x2a, 0x2a, 0x2a, 0x24, 0x24, 0x23, 0x23, 0x23, 0x23, 0x21, 0x21, 0x21, 0x21, 0x1e, 0x1e,
    0x1e, 0x1f, 0x1c, 0x1c, 0x1c, 0x1c, 0x1c, 0x1b, 0x1b, 0x1b, 0x18, 0x18, 0x18, 0x18, 0x18, 0x18, 0x14, 0x14, 0x14, 0x14, 0x13, 0x14, 0x12, 0x13,
    0x12, 0x0f, 0x0e, 0x0c, 0x09, 0x04, 0x00, 0x00, 0x03, 0x04, 0x06, 0x0c, 0x0c, 0x08, 0x05, 0x04, 0x04, 0x04, 0x01, 0x00, 0x00, 0x03, 0x00, 0x03,
    0x59, 0xfc, 0xe0, 0xfc, 0xfe, 0xfe, 0xff, 0xff, 0xff, 0xc5, 0x19, 0x0a, 0x16, 0x19, 0x17, 0x17, 0x11, 0x0a, 0x45, 0xff, 0xff, 0xfd, 0xfe, 0xfe,
    0xfe, 0xfe, 0xfe, 0xfe, 0xfe, 0xfe, 0xfe, 0xfe, 0xfe, 0xfe, 0xfd, 0xfe, 0xfe, 0xfd, 0x2e, 0x0b, 0x17, 0x16, 0x11, 0x16, 0x16, 0x16, 0x00, 0x52,
    0xff, 0xfd, 0xfd, 0xf5, 0xd8, 0xe3, 0x0f, 0x03, 0x0b, 0x0b, 0x08, 0x0e, 0x0c, 0x0e, 0x10, 0x10, 0x13, 0x15, 0x15, 0x15, 0x15, 0x18, 0x18, 0x1b,
    0x1b, 0x1b, 0x1e, 0x1e, 0x1e, 0x1e, 0x20, 0x23, 0x23, 0x23, 0x23, 0x23, 0x26, 0x26, 0x26, 0x26, 0x26, 0x26, 0x26, 0x26, 0x26, 0x2f, 0x36, 0x3a,
    0x43, 0x46, 0x4b, 0x4f, 0x50, 0x57, 0x57, 0x57, 0x57, 0x57, 0x57, 0x57, 0x57, 0x59, 0x59, 0x59, 0x59, 0x59, 0x59, 0x59, 0x59, 0x59, 0x59, 0x59,
    0x5a, 0x5a, 0x5b, 0x5b, 0x5b, 0x5b, 0x5d, 0x5d, 0x5d, 0x5d, 0x5e, 0x5e, 0x62, 0x62, 0x62, 0x62, 0x65, 0x65, 0x66, 0x66, 0x66, 0x6b, 0x6b, 0x6b,
    0x6b, 0x6f, 0x6f, 0x6f, 0x6f, 0x6f, 0x6f, 0x6f, 0x7b, 0x7b, 0x7b, 0x7b, 0x7b, 0x7b, 0x7b, 0x7b, 0x7b, 0x7b, 0x7b, 0x7b, 0x7b, 0x7b, 0x7b, 0x7b,
    0x7b, 0x7b, 0x7b, 0x7b, 0x7b, 0x7b, 0x7b, 0x7b, 0x7b, 0x7b, 0x7b, 0x7b, 0x7b, 0x7b, 0x7b, 0x7f, 0x7f, 0x7f, 0x7b, 0x7f, 0x7f, 0x7f, 0x7f, 0x7f,
    0x7f, 0x7f, 0x7f, 0x7f, 0x7f, 0x7f, 0x7f, 0x7f, 0x7f, 0x7f, 0x7f, 0x7f, 0x7f, 0x7f, 0x7f, 0x7f, 0x8f, 0x8f, 0x8f, 0x90, 0x90, 0x90, 0x90, 0x90,
    0x91, 0x91, 0x91, 0x9c, 0xab, 0xab, 0xab, 0xa9, 0xb4, 0xb4, 0xb6, 0xb6, 0xbb, 0xbd, 0xbd, 0xbe, 0xc0, 0xc0, 0xc4, 0xc5, 0xc5, 0xc8, 0xc8, 0xcd,
    0xcd, 0xcd, 0xce, 0xce, 0xd2, 0xd2, 0xd3, 0xd4, 0xd6, 0xd6, 0xd6, 0xd7, 0xd7, 0xd7, 0xda, 0xda, 0xdb, 0xdb, 0xdd, 0xdd, 0xe1, 0xe1, 0xe2, 0xe4,
    0xe4, 0xe5, 0xe5, 0xe5, 0xe5, 0xe5, 0xe7, 0xe7, 0xe9, 0xe9, 0xe9, 0xe9, 0xe8, 0xe8, 0xe8, 0xe8, 0xe8, 0xe8, 0xe8, 0xe8, 0xe8, 0xe7, 0xe7, 0xe7,
    0xe7, 0xe5, 0xe5, 0xe3, 0xe3, 0xe3, 0xe2, 0xe2, 0xe1, 0xe1, 0xdc, 0xdc, 0xd9, 0xd9, 0xd9, 0xd9, 0xd8, 0xd5, 0xd5, 0xd5, 0xd3, 0xd3, 0xd0, 0xd0,
    0xcf, 0xcf, 0xcc, 0xcb, 0xc9, 0xc7, 0xc6, 0xc6, 0xc3, 0xc2, 0xc2, 0xbc, 0xba, 0xba, 0xb9, 0xb8, 0xb8, 0xb3, 0xb0, 0xaf, 0xaf, 0xa6, 0x9b, 0x97,
    0x97, 0x8e, 0x8e, 0x8e, 0x89, 0x89, 0x88, 0x88, 0x88, 0x7d, 0x7d, 0x7d, 0x7d, 0x76, 0x76, 0x76, 0x76, 0x76, 0x76, 0x76, 0x76, 0x76, 0x76, 0x76,
    0x76, 0x76, 0x76, 0x76, 0x76, 0x77, 0x7d, 0x7d, 0x7d, 0x7d, 0x7d, 0x7d, 0x7d, 0x7d, 0x88, 0x88, 0x88, 0x88, 0x88, 0x88, 0x88, 0x88, 0x88, 0x88,
    0x53, 0x53, 0x53, 0x53, 0x53, 0x53, 0x53, 0x54, 0x54, 0x4f, 0x4b, 0x4b, 0x4b, 0x4a, 0x46, 0x43, 0x43, 0x3a, 0x39, 0x39, 0x39, 0x39, 0x36, 0x36,
    0x2f, 0x2f, 0x2f, 0x2f, 0x2f, 0x2f, 0x2a, 0x2a, 0x2a, 0x2a, 0x2a, 0x2a, 0x24, 0x24, 0x21, 0x23, 0x23, 0x23, 0x21, 0x21, 0x21, 0x21, 0x21, 0x1e,
    0x1e, 0x1e, 0x1c, 0x1c, 0x1b, 0x1b, 0x1c, 0x1b, 0x1b, 0x1b, 0x18, 0x18, 0x18, 0x18, 0x18, 0x18, 0x15, 0x14, 0x14, 0x14, 0x13, 0x14, 0x12, 0x13,
    0x12, 0x0f, 0x0f, 0x0e, 0x0c, 0x0c, 0x09, 0x09, 0x09, 0x09, 0x08, 0x07, 0x07, 0x05, 0x05, 0x04, 0x04, 0x04, 0x04, 0x00, 0x00, 0x00, 0x05, 0x00,
    0x00, 0x4f, 0xf6, 0xe0, 0xfc, 0xfe, 0xfe, 0xfe, 0xff, 0xff, 0xff, 0x41, 0x0a, 0x16, 0x22, 0x22, 0x22, 0x17, 0x0a, 0x22, 0xfc, 0xff, 0xfe, 0xfd,
    0xfe, 0xfe, 0xfe, 0xfe, 0xfe, 0xfe, 0xfe, 0xfe, 0xfe, 0xfe, 0xfd, 0xfe, 0xfe, 0xfb, 0x38, 0x0b, 0x16, 0x11, 0x11, 0x11, 0x11, 0x16, 0x00, 0x4f,
    0xff, 0xfd, 0xfd, 0xfb, 0xd5, 0xe8, 0x2f, 0x04, 0x0b, 0x0b, 0x0c, 0x0e, 0x0e, 0x0d, 0x0d, 0x13, 0x15, 0x15, 0x15, 0x18, 0x1b, 0x1b, 0x1b, 0x1b,
    0x1e, 0x1e, 0x1e, 0x1e, 0x1e, 0x1e, 0x23, 0x25, 0x23, 0x25, 0x26, 0x26, 0x26, 0x26, 0x26, 0x26, 0x26, 0x26, 0x26, 0x26, 0x26, 0x2f, 0x36, 0x3d,
    0x43, 0x46, 0x4b, 0x4f, 0x52, 0x57, 0x57, 0x57, 0x57, 0x57, 0x57, 0x59, 0x59, 0x59, 0x59, 0x59, 0x59, 0x59, 0x59, 0x59, 0x59, 0x59, 0x59, 0x5a,
    0x5a, 0x5a, 0x5b, 0x5b, 0x5b, 0x5d, 0x5d, 0x5d, 0x5d, 0x5d, 0x5e, 0x5e, 0x62, 0x62, 0x62, 0x62, 0x65, 0x65, 0x66, 0x66, 0x6b, 0x6b, 0x6b, 0x6b,
    0x6e, 0x6f, 0x6f, 0x6f, 0x6f, 0x6f, 0x6f, 0x6f, 0x7b, 0x7b, 0x7b, 0x7b, 0x7b, 0x7b, 0x7b, 0x7b, 0x7b, 0x7b, 0x7b, 0x7b, 0x7b, 0x7b, 0x7b, 0x7b,
    0x7b, 0x7b, 0x7b, 0x7b, 0x7b, 0x7b, 0x7b, 0x7b, 0x7b, 0x7b, 0x7f, 0x7b, 0x7f, 0x7b, 0x7b, 0x7b, 0x7f, 0x7f, 0x7b, 0x7b, 0x7f, 0x7f, 0x7f, 0x7f,
    0x7f, 0x7f, 0x7f, 0x7f, 0x7f, 0x7f, 0x7f, 0x7f, 0x7f, 0x7f, 0x7f, 0x7f, 0x7f, 0x7f, 0x7f, 0x7f, 0x90, 0x90, 0x90, 0x90, 0x90, 0x90, 0x90, 0x90,
    0x91, 0x91, 0x91, 0x9c, 0xab, 0xab, 0xab, 0xa9, 0xb4, 0xb4, 0xb6, 0xb6, 0xbb, 0xbd, 0xbd, 0xbe, 0xc0, 0xc0, 0xc4, 0xc5, 0xc5, 0xc8, 0xc8, 0xc8,
    0xcd, 0xcd, 0xce, 0xce, 0xd2, 0xd2, 0xd3, 0xd4, 0xd6, 0xd6, 0xd6, 0xd7, 0xd7, 0xd7, 0xda, 0xda, 0xdb, 0xdb, 0xdd, 0xdd, 0xe1, 0xe1, 0xe1, 0xe2,
    0xe4, 0xe4, 0xe5, 0xe5, 0xe5, 0xe5, 0xe7, 0xe7, 0xe9, 0xe9, 0xe9, 0xe8, 0xe8, 0xe8, 0xe8, 0xe8, 0xe8, 0xe8, 0xe8, 0xe8, 0xe8, 0xe8, 0xe8, 0xe7,
    0xe7, 0xe7, 0xe5, 0xe5, 0xe3, 0xe3, 0xe3, 0xe2, 0xe2, 0xe1, 0xe1, 0xdc, 0xdc, 0xd9, 0xd9, 0xd9, 0xd9, 0xd8, 0xd5, 0xd5, 0xd5, 0xd3, 0xd2, 0xd0,
    0xcf, 0xcf, 0xcc, 0xcc, 0xcb, 0xc9, 0xc7, 0xc6, 0xc3, 0xc2, 0xc2, 0xc1, 0xbc, 0xba, 0xb9, 0xb9, 0xb8, 0xb3, 0xb3, 0xaf, 0xaf, 0xa6, 0xa6, 0x9b,
    0x97, 0x8e, 0x8e, 0x8e, 0x89, 0x89, 0x88, 0x88, 0x88, 0x88, 0x7d, 0x7d, 0x7d, 0x7d, 0x76, 0x76, 0x76, 0x76, 0x76, 0x76, 0x76, 0x76, 0x76, 0x76,
    0x76, 0x76, 0x76, 0x76, 0x77, 0x77, 0x7d, 0x7d, 0x7d, 0x7d, 0x7d, 0x7d, 0x7d, 0x7d, 0x88, 0x88, 0x88, 0x88, 0x88, 0x88, 0x88, 0x88, 0x88, 0x88,
    0x53, 0x53, 0x53, 0x53, 0x53, 0x53, 0x53, 0x54, 0x54, 0x4f, 0x4b, 0x4b, 0x4b, 0x4a, 0x46, 0x43, 0x43, 0x3a, 0x3a, 0x39, 0x39, 0x36, 0x36, 0x36,
    0x36, 0x36, 0x2f, 0x2f, 0x2f, 0x2f, 0x2a, 0x2a, 0x2a, 0x2a, 0x2a, 0x2a, 0x24, 0x24, 0x23, 0x23, 0x23, 0x21, 0x21, 0x21, 0x21, 0x21, 0x21, 0x21,
    0x1e, 0x1e, 0x1f, 0x1c, 0x1c, 0x1c, 0x1c, 0x1c, 0x1c, 0x1b, 0x18, 0x18, 0x18, 0x18, 0x18, 0x18, 0x18, 0x14, 0x14, 0x14, 0x14, 0x14, 0x12, 0x13,
    0x12, 0x0e, 0x0e, 0x0e, 0x0c, 0x0c, 0x0c, 0x0c, 0x09, 0x09, 0x08, 0x08, 0x07, 0x06, 0x05, 0x05, 0x05, 0x04, 0x04, 0x03, 0x00, 0x00, 0x00, 0x00,
    0x00, 0x00, 0x48, 0xfc, 0xe4, 0xfc, 0xfe, 0xfe, 0xfe, 0xfe, 0xff, 0xff, 0x66, 0x19, 0x05, 0x17, 0x22, 0x22, 0x22, 0x16, 0x17, 0xc5, 0xff, 0xfe,
    0xfd, 0xfe, 0xfe, 0xfe, 0xfe, 0xfe, 0xfe, 0xfe, 0xfd, 0xfe, 0xfd, 0xfd, 0xfe, 0xd5, 0x32, 0x10, 0x12, 0x0f, 0x0f, 0x0f, 0x11, 0x12, 0x00, 0x4b,
    0xfe, 0xfd, 0xfd, 0xfb, 0xd0, 0xca, 0x57, 0x03, 0x0d, 0x0c, 0x0c, 0x0e, 0x0d, 0x0d, 0x13, 0x15, 0x15, 0x18, 0x18, 0x1a, 0x1b, 0x1b, 0x1b, 0x1e,
    0x1e, 0x1e, 0x1e, 0x23, 0x23, 0x23, 0x25, 0x25, 0x26, 0x26, 0x26, 0x26, 0x26, 0x26, 0x26, 0x26, 0x26, 0x26, 0x2a, 0x26, 0x26, 0x2b, 0x36, 0x3d,
    0x43, 0x46, 0x4b, 0x4f, 0x52, 0x57, 0x57, 0x57, 0x57, 0x57, 0x59, 0x59, 0x59, 0x59, 0x59, 0x59, 0x59, 0x59, 0x59, 0x59, 0x59, 0x5a, 0x5a, 0x5a,
    0x5a, 0x5a, 0x5b, 0x5b, 0x5d, 0x5d, 0x5d, 0x5d, 0x5d, 0x5d, 0x5e, 0x62, 0x62, 0x62, 0x62, 0x65, 0x65, 0x66, 0x66, 0x6b, 0x6b, 0x6b, 0x6b, 0x6e,
    0x6e, 0x6f, 0x6f, 0x6f, 0x6f, 0x6f, 0x7b, 0x7b, 0x7b, 0x7b, 0x7b, 0x7b, 0x7b, 0x7b, 0x7b, 0x7b, 0x7b, 0x7b, 0x7b, 0x8a, 0x7b, 0x7b, 0x7b, 0x8a,
    0x8a, 0x7b, 0x7b, 0x8a, 0x7b, 0x7b, 0x7b, 0x8a, 0x7b, 0x7b, 0x7f, 0x7f, 0x8a, 0x7f, 0x7f, 0x7b, 0x7f, 0x7f, 0x7b, 0x7b, 0x7f, 0x7f, 0x7f, 0x7f,
    0x7f, 0x7f, 0x7f, 0x7f, 0x7f, 0x7f, 0x7f, 0x7f, 0x7f, 0x7f, 0x7f, 0x7f, 0x7f, 0x7f, 0x90, 0x90, 0x90, 0x90, 0x90, 0x90, 0x90, 0x90, 0x90, 0x90,
    0x91, 0x91, 0x9c, 0x9c, 0xab, 0xab, 0xab, 0xa9, 0xb4, 0xb4, 0xb6, 0xb6, 0xbb, 0xbd, 0xbd, 0xbe, 0xc0, 0xc0, 0xc4, 0xc5, 0xc5, 0xc8, 0xc8, 0xc8,
    0xcd, 0xcd, 0xce, 0xce, 0xd2, 0xd2, 0xd2, 0xd4, 0xd6, 0xd6, 0xd6, 0xd7, 0xd7, 0xd7, 0xda, 0xda, 0xdb, 0xdb, 0xdd, 0xdd, 0xdf, 0xe1, 0xe1, 0xe2,
    0xe4, 0xe4, 0xe5, 0xe5, 0xe5, 0xe5, 0xe7, 0xe7, 0xe9, 0xe9, 0xe8, 0xe8, 0xe8, 0xe8, 0xeb, 0xe8, 0xe8, 0xe8, 0xe8, 0xe8, 0xe8, 0xe8, 0xe8, 0xe8,
    0xe7, 0xe7, 0xe7, 0xe5, 0xe5, 0xe3, 0xe3, 0xe3, 0xe2, 0xe1, 0xe1, 0xe1, 0xdc, 0xdb, 0xd9, 0xd9, 0xd9, 0xd8, 0xd5, 0xd5, 0xd5, 0xd3, 0xd3, 0xd0,
    0xd0, 0xcf, 0xcf, 0xcc, 0xcb, 0xc9, 0xc7, 0xc6, 0xc6, 0xc3, 0xc2, 0xc2, 0xbc, 0xba, 0xb9, 0xb9, 0xb8, 0xb3, 0xb3, 0xaf, 0xaf, 0xaf, 0xa6, 0x9b,
    0x97, 0x97, 0x8e, 0x8e, 0x89, 0x89, 0x89, 0x88, 0x88, 0x88, 0x7d, 0x7d, 0x7d, 0x7d, 0x7d, 0x76, 0x76, 0x76, 0x76, 0x76, 0x76, 0x76, 0x76, 0x76,
    0x76, 0x76, 0x76, 0x77, 0x7d, 0x7d, 0x7d, 0x7d, 0x7d, 0x7d, 0x7d, 0x7d, 0x7d, 0x88, 0x88, 0x88, 0x88, 0x88, 0x88, 0x88, 0x88, 0x88, 0x88, 0x88,
    0x53, 0x53, 0x53, 0x53, 0x53, 0x53, 0x53, 0x54, 0x54, 0x4f, 0x4b, 0x4b, 0x4b, 0x4a, 0x46, 0x42, 0x43, 0x3a, 0x3a, 0x3a, 0x39, 0x39, 0x36, 0x36,
    0x36, 0x2f, 0x2f, 0x2f, 0x2f, 0x2f, 0x2a, 0x2a, 0x2a, 0x2a, 0x2a, 0x2a, 0x24, 0x24, 0x23, 0x23, 0x23, 0x23, 0x21, 0x21, 0x21, 0x21, 0x21, 0x21,
    0x1e, 0x1e, 0x1e, 0x1f, 0x1c, 0x1c, 0x1c, 0x1c, 0x1c, 0x1b, 0x18, 0x18, 0x18, 0x18, 0x18, 0x18, 0x18, 0x14, 0x14, 0x14, 0x14, 0x14, 0x14, 0x13,
    0x12, 0x0e, 0x0e, 0x0e, 0x0e, 0x0c, 0x0c, 0x0c, 0x09, 0x09, 0x08, 0x08, 0x08, 0x08, 0x06, 0x05, 0x05, 0x04, 0x04, 0x04, 0x03, 0x00, 0x00, 0x00,
    0x01, 0x03, 0x00, 0x3c, 0xfc, 0xfc, 0xfc, 0xfe, 0xfe, 0xff, 0xff, 0xfe, 0xff, 0xfc, 0x48, 0x22, 0x0a, 0x16, 0x17, 0x29, 0x22, 0x22, 0x6e, 0xff,
    0xfe, 0xfe, 0xfe, 0xfe, 0xfe, 0xfe, 0xfe, 0xfe, 0xfd, 0xfd, 0xfd, 0xfd, 0xfd, 0xb7, 0x2a, 0x0d, 0x10, 0x0f, 0x0f, 0x0f, 0x0a, 0x12, 0x00, 0x50,
    0xfe, 0xfd, 0xfd, 0xfb, 0xd0, 0xb7, 0xb7, 0x1a, 0x07, 0x10, 0x0e, 0x0d, 0x0d, 0x13, 0x15, 0x15, 0x18, 0x18, 0x18, 0x1b, 0x1b, 0x1b, 0x1e, 0x1e,
    0x20, 0x20, 0x20, 0x25, 0x25, 0x25, 0x25, 0x26, 0x26, 0x26, 0x26, 0x26, 0x26, 0x26, 0x26, 0x26, 0x26, 0x26, 0x2a, 0x2a, 0x26, 0x2f, 0x36, 0x3d,
    0x43, 0x46, 0x4b, 0x4f, 0x52, 0x57, 0x57, 0x57, 0x57, 0x57, 0x59, 0x59, 0x59, 0x59, 0x59, 0x59, 0x59, 0x59, 0x59, 0x59, 0x59, 0x5a, 0x5a, 0x5a,
    0x5a, 0x5a, 0x5b, 0x5b, 0x5d, 0x5d, 0x5d, 0x5d, 0x5d, 0x5d, 0x5e, 0x62, 0x62, 0x62, 0x62, 0x65, 0x65, 0x66, 0x66, 0x6b, 0x6b, 0x6b, 0x6e, 0x6e,
    0x6f, 0x6f, 0x6f, 0x6f, 0x6f, 0x6f, 0x7b, 0x7b, 0x7b, 0x7b, 0x7b, 0x7b, 0x7b, 0x7b, 0x7b, 0x7b, 0x7b, 0x7b, 0x7b, 0x8a, 0x8a, 0x8a, 0x7b, 0x8a,
    0x8a, 0x8a, 0x7b, 0x8a, 0x8a, 0x7b, 0x7b, 0x8a, 0x8a, 0x7b, 0x8a, 0x7f, 0x8a, 0x8a, 0x7f, 0x7f, 0x8a, 0x7f, 0x7f, 0x7b, 0x7f, 0x7f, 0x7f, 0x7f,
    0x7f, 0x7f, 0x7f, 0x7f, 0x7f, 0x7f, 0x7f, 0x7f, 0x7f, 0x7f, 0x7f, 0x7f, 0x7f, 0x7f, 0x90, 0x90, 0x90, 0x90, 0x90, 0x90, 0x90, 0x90, 0x90, 0x90,
    0x91, 0x91, 0x9c, 0x9c, 0xab, 0xab, 0xab, 0xa9, 0xb4, 0xb4, 0xb6, 0xb6, 0xbb, 0xbd, 0xbd, 0xbe, 0xbe, 0xc0, 0xc4, 0xc5, 0xc5, 0xc5, 0xc8, 0xc8,
    0xcd, 0xcd, 0xce, 0xce, 0xd2, 0xd2, 0xd2, 0xd3, 0xd4, 0xd6, 0xd6, 0xd6, 0xd7, 0xd7, 0xd7, 0xda, 0xda, 0xdb, 0xdb, 0xdd, 0xdd, 0xe1, 0xe1, 0xe2,
    0xe4, 0xe4, 0xe5, 0xe5, 0xe5, 0xe5, 0xe7, 0xe7, 0xe9, 0xe9, 0xe8, 0xe8, 0xe8, 0xeb, 0xeb, 0xeb, 0xeb, 0xeb, 0xe8, 0xe8, 0xe8, 0xe8, 0xe8, 0xe8,
    0xe8, 0xe8, 0xe7, 0xe7, 0xe5, 0xe5, 0xe3, 0xe3, 0xe2, 0xe2, 0xe1, 0xe1, 0xdc, 0xdc, 0xd9, 0xd9, 0xd9, 0xd9, 0xd8, 0xd5, 0xd5, 0xd5, 0xd3, 0xd0,
    0xd0, 0xcf, 0xcf, 0xcc, 0xcb, 0xc9, 0xc7, 0xc6, 0xc6, 0xc3, 0xc2, 0xc2, 0xbc, 0xbc, 0xba, 0xb9, 0xb8, 0xb8, 0xb3, 0xb0, 0xaf, 0xaf, 0xa6, 0xa6,
    0x97, 0x97, 0x8e, 0x8e, 0x8e, 0x89, 0x89, 0x88, 0x88, 0x88, 0x88, 0x7d, 0x7d, 0x7d, 0x7d, 0x7d, 0x7d, 0x76, 0x76, 0x76, 0x76, 0x76, 0x76, 0x76,
    0x76, 0x76, 0x77, 0x7d, 0x7d, 0x7d, 0x7d, 0x7d, 0x7d, 0x7d, 0x7d, 0x7d, 0x7d, 0x88, 0x88, 0x88, 0x88, 0x88, 0x88, 0x88, 0x88, 0x88, 0x88, 0x88,
    0x53, 0x53, 0x53, 0x53, 0x53, 0x53, 0x53, 0x54, 0x54, 0x4f, 0x4b, 0x4b, 0x4b, 0x4a, 0x46, 0x42, 0x43, 0x3a, 0x39, 0x39, 0x39, 0x39, 0x36, 0x36,
    0x36, 0x2f, 0x2f, 0x2f, 0x2f, 0x2d, 0x2a, 0x2a, 0x2a, 0x2a, 0x2a, 0x2a, 0x24, 0x24, 0x23, 0x23, 0x23, 0x23, 0x21, 0x21, 0x21, 0x21, 0x21, 0x21,
    0x1e, 0x1e, 0x1e, 0x1e, 0x1c, 0x1c, 0x1c, 0x1c, 0x1b, 0x1b, 0x18, 0x18, 0x18, 0x18, 0x18, 0x18, 0x18, 0x14, 0x14, 0x14, 0x14, 0x14, 0x14, 0x13,
    0x12, 0x0f, 0x0f, 0x0e, 0x0e, 0x0c, 0x0c, 0x09, 0x0c, 0x09, 0x08, 0x08, 0x08, 0x07, 0x07, 0x05, 0x05, 0x04, 0x04, 0x04, 0x04, 0x03, 0x01, 0x00,
    0x00, 0x00, 0x03, 0x00, 0x3c, 0xf4, 0xfc, 0xfc, 0xfe, 0xfe, 0xfe, 0xfe, 0xfe, 0xff, 0xff, 0xde, 0x6b, 0x4f, 0x45, 0x41, 0x45, 0x48, 0x4f, 0xfd,
    0xfe, 0xfe, 0xfe, 0xfe, 0xfe, 0xfe, 0xfe, 0xfd, 0xfd, 0xfc, 0xfb, 0xfa, 0xd8, 0x63, 0x20, 0x0b, 0x0b, 0x0b, 0x0b, 0x0b, 0x0a, 0x0f, 0x00, 0x52,
    0xfe, 0xfd, 0xfb, 0xe3, 0xca, 0x7c, 0xb7, 0x4d, 0x00, 0x10, 0x10, 0x10, 0x13, 0x15, 0x15, 0x15, 0x18, 0x1b, 0x1b, 0x1e, 0x1e, 0x1e, 0x1e, 0x20,
    0x23, 0x23, 0x23, 0x25, 0x26, 0x26, 0x26, 0x26, 0x26, 0x26, 0x2b, 0x2b, 0x2b, 0x2b, 0x2b, 0x2b, 0x2a, 0x2a, 0x2a, 0x26, 0x26, 0x2f, 0x36, 0x3a,
    0x43, 0x46, 0x4b, 0x4f, 0x52, 0x57, 0x57, 0x57, 0x57, 0x57, 0x59, 0x59, 0x59, 0x59, 0x59, 0x59, 0x59, 0x59, 0x59, 0x5a, 0x5a, 0x5a, 0x5a, 0x5a,
    0x5a, 0x5b, 0x5b, 0x5b, 0x5d, 0x5d, 0x5d, 0x5d, 0x5d, 0x5d, 0x62, 0x62, 0x62, 0x62, 0x65, 0x65, 0x66, 0x66, 0x6b, 0x6b, 0x6b, 0x6b, 0x6e, 0x6f,
    0x6f, 0x6f, 0x6f, 0x6f, 0x6f, 0x7b, 0x7b, 0x7b, 0x7b, 0x7b, 0x7b, 0x7b, 0x7b, 0x7b, 0x7b, 0x7b, 0x8a, 0x8a, 0x7b, 0x8a, 0x8a, 0x8a, 0x8a, 0x8a,
    0x8a, 0x8a, 0x8a, 0x8a, 0x8a, 0x8a, 0x7b, 0x8a, 0x8a, 0x8a, 0x8a, 0x8a, 0x8a, 0x8a, 0x8a, 0x7f, 0x8a, 0x8a, 0x8a, 0x7f, 0x7f, 0x7f, 0x7f, 0x7f,
    0x7f, 0x7f, 0x7f, 0x7f, 0x7f, 0x7f, 0x7f, 0x7f, 0x7f, 0x7f, 0x7f, 0x7f, 0x90, 0x90, 0x90, 0x90, 0x90, 0x90, 0x90, 0x90, 0x90, 0x90, 0x90, 0x91,
    0x91, 0x91, 0x9c, 0xab, 0xab, 0xab, 0xab, 0xb4, 0xb4, 0xb4, 0xb6, 0xb6, 0xbb, 0xbb, 0xbd, 0xbe, 0xbe, 0xc0, 0xc0, 0xc5, 0xc5, 0xc5, 0xc8, 0xc8,
    0xcd, 0xcd, 0xce, 0xce, 0xce, 0xd2, 0xd2, 0xd3, 0xd4, 0xd6, 0xd6, 0xd6, 0xd7, 0xd7, 0xd7, 0xda, 0xda, 0xdb, 0xdb, 0xdd, 0xdd, 0xe1, 0xe1, 0xe1,
    0xe4, 0xe4, 0xe4, 0xe4, 0xe5, 0xe5, 0xe7, 0xe7, 0xe9, 0xe9, 0xe8, 0xe8, 0xe8, 0xeb, 0xeb, 0xeb, 0xeb, 0xeb, 0xeb, 0xeb, 0xeb, 0xeb, 0xeb, 0xe8,
    0xe8, 0xe8, 0xe8, 0xe7, 0xe7, 0xe5, 0xe3, 0xe3, 0xe3, 0xe2, 0xe2, 0xe1, 0xe1, 0xdc, 0xdc, 0xd9, 0xd9, 0xd9, 0xd8, 0xd5, 0xd5, 0xd5, 0xd3, 0xd3,
    0xd2, 0xd0, 0xcf, 0xcc, 0xcc, 0xcb, 0xc9, 0xc7, 0xc6, 0xc3, 0xc3, 0xc2, 0xc2, 0xbc, 0xba, 0xb9, 0xb9, 0xb8, 0xb3, 0xb3, 0xaf, 0xaf, 0xaf, 0xa6,
    0x9b, 0x97, 0x97, 0x8e, 0x8e, 0x89, 0x89, 0x89, 0x88, 0x88, 0x88, 0x88, 0x7d, 0x7d, 0x7d, 0x7d, 0x7d, 0x7d, 0x76, 0x76, 0x76, 0x76, 0x76, 0x76,
    0x76, 0x7d, 0x7d, 0x7d, 0x7d, 0x7d, 0x7d, 0x7d, 0x7d, 0x7d, 0x7d, 0x7d, 0x88, 0x88, 0x88, 0x88, 0x88, 0x88, 0x88, 0x88, 0x88, 0x88, 0x88, 0x88,
    0x53, 0x53, 0x53, 0x53, 0x53, 0x53, 0x53, 0x54, 0x54, 0x4f, 0x4b, 0x4b, 0x4b, 0x4a, 0x46, 0x42, 0x43, 0x3a, 0x39, 0x39, 0x39, 0x39, 0x36, 0x36,
    0x36, 0x36, 0x2f, 0x2f, 0x2f, 0x2f, 0x2a, 0x2a, 0x2a, 0x2a, 0x2a, 0x2a, 0x24, 0x24, 0x23, 0x23, 0x23, 0x23, 0x21, 0x21, 0x21, 0x21, 0x21, 0x21,
    0x1e, 0x1e, 0x1e, 0x1f, 0x1c, 0x1c, 0x1c, 0x1c, 0x1b, 0x1b, 0x1b, 0x18, 0x18, 0x18, 0x18, 0x18, 0x18, 0x14, 0x14, 0x14, 0x14, 0x14, 0x14, 0x13,
    0x12, 0x0f, 0x0f, 0x0f, 0x0e, 0x09, 0x09, 0x09, 0x0c, 0x0c, 0x09, 0x08, 0x08, 0x08, 0x06, 0x04, 0x07, 0x04, 0x04, 0x04, 0x04, 0x03, 0x01, 0x03,
    0x00, 0x00, 0x01, 0x03, 0x0a, 0x45, 0xea, 0xfd, 0xfe, 0xfe, 0xfe, 0xfe, 0xfe, 0xfe, 0xfe, 0xff, 0xff, 0xfe, 0xfd, 0xfc, 0xfc, 0xfc, 0xfd, 0xfe,
    0xfe, 0xfe, 0xfd, 0xfd, 0xfd, 0xfd, 0xfd, 0xfc, 0xfd, 0xfd, 0xf7, 0xe3, 0xd1, 0x4e, 0x1a, 0x0d, 0x0b, 0x07, 0x06, 0x06, 0x06, 0x0a, 0x00, 0x48,
    0xfe, 0xfd, 0xfb, 0xe8, 0xca, 0x7c, 0x5f, 0x5f, 0x24, 0x04, 0x15, 0x13, 0x15, 0x15, 0x15, 0x18, 0x18, 0x1b, 0x1e, 0x1e, 0x1e, 0x1e, 0x1e, 0x25,
    0x25, 0x25, 0x26, 0x26, 0x26, 0x26, 0x26, 0x2b, 0x2b, 0x2b, 0x2b, 0x2b, 0x2b, 0x2b, 0x2b, 0x2b, 0x2a, 0x2a, 0x26, 0x26, 0x26, 0x2a, 0x36, 0x3a,
    0x43, 0x46, 0x4b, 0x4f, 0x52, 0x57, 0x59, 0x59, 0x59, 0x59, 0x59, 0x59, 0x59, 0x59, 0x59, 0x59, 0x59, 0x5a, 0x5a, 0x5a, 0x5a, 0x5a, 0x5a, 0x5a,
    0x5b, 0x5b, 0x5b, 0x5b, 0x5d, 0x5d, 0x5d, 0x5d, 0x5d, 0x5e, 0x62, 0x62, 0x62, 0x62, 0x65, 0x66, 0x66, 0x6b, 0x6b, 0x6b, 0x6b, 0x6e, 0x6f, 0x6f,
    0x6f, 0x6f, 0x6f, 0x6f, 0x7b, 0x7b, 0x7b, 0x7b, 0x7b, 0x7b, 0x7b, 0x7b, 0x7b, 0x7b, 0x7b, 0x7b, 0x8a, 0x8a, 0x8a, 0x8a, 0x8a, 0x8a, 0x8a, 0x8a,
    0x8a, 0x8a, 0x8a, 0x8a, 0x8a, 0x8a, 0x8a, 0x8a, 0x8a, 0x8a, 0x8a, 0x8a, 0x8a, 0x8a, 0x8a, 0x8a, 0x8a, 0x8a, 0x8a, 0x7f, 0x8a, 0x7f, 0x7f, 0x8a,
    0x7f, 0x7f, 0x7f, 0x7f, 0x7f, 0x7f, 0x7f, 0x7f, 0x7f, 0x7f, 0x7f, 0x7f, 0x90, 0x90, 0x90, 0x90, 0x90, 0x90, 0x90, 0x90, 0x90, 0x90, 0x91, 0x91,
    0x91, 0x9c, 0x9c, 0xab, 0xab, 0xab, 0xab, 0xb4, 0xb4, 0xb4, 0xb6, 0xb6, 0xbb, 0xbb, 0xbd, 0xbe, 0xbe, 0xc0, 0xc0, 0xc4, 0xc5, 0xc5, 0xc8, 0xc8,
    0xcd, 0xcd, 0xce, 0xce, 0xce, 0xd2, 0xd2, 0xd2, 0xd4, 0xd6, 0xd6, 0xd6, 0xd6, 0xd7, 0xd7, 0xda, 0xda, 0xdb, 0xdb, 0xdd, 0xdd, 0xdf, 0xe1, 0xe1,
    0xe2, 0xe4, 0xe4, 0xe4, 0xe5, 0xe5, 0xe7, 0xe7, 0xe9, 0xe9, 0xe9, 0xe9, 0xeb, 0xeb, 0xeb, 0xeb, 0xeb, 0xeb, 0xeb, 0xeb, 0xeb, 0xeb, 0xeb, 0xeb,
    0xeb, 0xe8, 0xe8, 0xe8, 0xe7, 0xe7, 0xe5, 0xe3, 0xe3, 0xe3, 0xe2, 0xe1, 0xe1, 0xdc, 0xdc, 0xd9, 0xd9, 0xd9, 0xd9, 0xd8, 0xd5, 0xd5, 0xd3, 0xd3,
    0xd0, 0xd0, 0xcf, 0xcf, 0xcc, 0xcb, 0xc9, 0xc7, 0xc6, 0xc6, 0xc3, 0xc2, 0xc2, 0xbc, 0xbc, 0xba, 0xb9, 0xb8, 0xb8, 0xb3, 0xaf, 0xaf, 0xaf, 0xa6,
    0xa6, 0x97, 0x97, 0x8e, 0x8e, 0x8e, 0x89, 0x89, 0x88, 0x88, 0x88, 0x88, 0x88, 0x7d, 0x7d, 0x7d, 0x7d, 0x7d, 0x7d, 0x7d, 0x7d, 0x7d, 0x7d, 0x7d,
    0x7d, 0x7d, 0x7d, 0x7d, 0x7d, 0x7d, 0x7d, 0x7d, 0x7d, 0x7d, 0x7d, 0x7d, 0x88, 0x88, 0x88, 0x88, 0x88, 0x88, 0x88, 0x88, 0x88, 0x88, 0x88, 0x88,
    0x53, 0x53, 0x53, 0x53, 0x53, 0x53, 0x53, 0x54, 0x54, 0x4f, 0x4b, 0x4b, 0x4b, 0x4a, 0x46, 0x42, 0x43, 0x3a, 0x3a, 0x3a, 0x3a, 0x39, 0x36, 0x36,
    0x36, 0x36, 0x36, 0x2f, 0x2f, 0x2f, 0x2d, 0x2a, 0x2a, 0x2a, 0x2a, 0x2a, 0x2a, 0x26, 0x23, 0x23, 0x23, 0x23, 0x23, 0x21, 0x21, 0x21, 0x21, 0x21,
    0x1e, 0x1f, 0x1e, 0x1f, 0x1c, 0x1c, 0x1c, 0x1c, 0x1b, 0x1b, 0x1b, 0x1b, 0x18, 0x18, 0x18, 0x18, 0x18, 0x13, 0x14, 0x14, 0x14, 0x14, 0x14, 0x13,
    0x12, 0x12, 0x0f, 0x0e, 0x0c, 0x09, 0x09, 0x09, 0x09, 0x0c, 0x0c, 0x08, 0x08, 0x08, 0x08, 0x08, 0x07, 0x06, 0x04, 0x04, 0x04, 0x04, 0x03, 0x00,
    0x00, 0x01, 0x00, 0x03, 0x22, 0x30, 0x48, 0xc5, 0xfc, 0xfe, 0xfd, 0xfe, 0xfe, 0xfd, 0xfe, 0xfd, 0xfe, 0xfe, 0xfe, 0xfe, 0xfd, 0xfe, 0xfe, 0xfd,
    0xfd, 0xfd, 0xfd, 0xfd, 0xfd, 0xfd, 0xfd, 0xfb, 0xf5, 0xe3, 0xd8, 0xd1, 0xb7, 0x43, 0x10, 0x0b, 0x0b, 0x07, 0x07, 0x07, 0x07, 0x0b, 0x00, 0x3f,
    0xfe, 0xfd, 0xfb, 0xe3, 0xb7, 0x5f, 0x5f, 0x5f, 0x4a, 0x04, 0x13, 0x15, 0x15, 0x18, 0x18, 0x18, 0x1b, 0x1e, 0x1e, 0x1e, 0x1e, 0x1e, 0x25, 0x25,
    0x25, 0x26, 0x26, 0x26, 0x26, 0x26, 0x2b, 0x34, 0x34, 0x2b, 0x2b, 0x2b, 0x2b, 0x2b, 0x2b, 0x2b, 0x2a, 0x2a, 0x26, 0x26, 0x26, 0x2a, 0x36, 0x3a,
    0x43, 0x46, 0x4b, 0x4f, 0x52, 0x57, 0x59, 0x59, 0x59, 0x59, 0x59, 0x59, 0x59, 0x59, 0x59, 0x59, 0x59, 0x5a, 0x5a, 0x5a, 0x5a, 0x5a, 0x5a, 0x5b,
    0x5b, 0x5b, 0x5b, 0x5b, 0x5d, 0x5d, 0x5d, 0x5d, 0x5e, 0x5e, 0x62, 0x62, 0x62, 0x62, 0x65, 0x66, 0x66, 0x6b, 0x6b, 0x6b, 0x6e, 0x6e, 0x6f, 0x6f,
    0x6f, 0x6f, 0x6f, 0x6f, 0x7b, 0x7b, 0x7b, 0x7b, 0x7b, 0x7b, 0x7b, 0x7b, 0x7b, 0x7b, 0x8a, 0x8a, 0x8a, 0x8a, 0x8a, 0x8a, 0x8a, 0x8a, 0x8a, 0x8a,
    0x8a, 0x8a, 0x8a, 0x8a, 0x8a, 0x8a, 0x8a, 0x8a, 0x8a, 0x8a, 0x8a, 0x8a, 0x8a, 0x8a, 0x8a, 0x8a, 0x8a, 0x8a, 0x8a, 0x8a, 0x8a, 0x8a, 0x7f, 0x8a,
    0x8a, 0x8a, 0x7f, 0x7f, 0x7f, 0x7f, 0x7f, 0x7f, 0x7f, 0x7f, 0x7f, 0x90, 0x90, 0x90, 0x90, 0x90, 0x90, 0x90, 0x90, 0x90, 0x90, 0x90, 0x91, 0x91,
    0x91, 0x9c, 0x9c, 0xab, 0xab, 0xab, 0xab, 0xb4, 0xb4, 0xb4, 0xb6, 0xb6, 0xbb, 0xbb, 0xbd, 0xbe, 0xbe, 0xc0, 0xc0, 0xc4, 0xc5, 0xc5, 0xc8, 0xc8,
    0xcd, 0xcd, 0xcd, 0xce, 0xce, 0xd2, 0xd2, 0xd2, 0xd3, 0xd4, 0xd6, 0xd6, 0xd6, 0xd7, 0xd7, 0xd7, 0xda, 0xda, 0xdb, 0xdb, 0xdd, 0xdd, 0xe1, 0xe1,
    0xe2, 0xe4, 0xe4, 0xe4, 0xe5, 0xe5, 0xe5, 0xe7, 0xe9, 0xe9, 0xe9, 0xeb, 0xeb, 0xeb, 0xeb, 0xeb, 0xeb, 0xed, 0xed, 0xed, 0xed, 0xed, 0xeb, 0xeb,
    0xeb, 0xeb, 0xe8, 0xe8, 0xe8, 0xe7, 0xe7, 0xe5, 0xe3, 0xe3, 0xe3, 0xe2, 0xe1, 0xe1, 0xdc, 0xdc, 0xd9, 0xd9, 0xd9, 0xd8, 0xd5, 0xd5, 0xd5, 0xd3,
    0xd2, 0xd2, 0xd0, 0xcf, 0xcc, 0xcc, 0xcb, 0xc9, 0xc7, 0xc6, 0xc3, 0xc2, 0xc2, 0xc2, 0xbc, 0xba, 0xb9, 0xb8, 0xb8, 0xb3, 0xb3, 0xaf, 0xaf, 0xa6,
    0xa6, 0x9b, 0x97, 0x97, 0x8e, 0x8e, 0x8e, 0x89, 0x89, 0x88, 0x88, 0x88, 0x88, 0x88, 0x7d, 0x7d, 0x7d, 0x7d, 0x7d, 0x7d, 0x7d, 0x7d, 0x7d, 0x7d,
    0x7d, 0x7d, 0x7d, 0x7d, 0x7d, 0x7d, 0x7d, 0x7d, 0x7d, 0x7d, 0x7d, 0x88, 0x88, 0x88, 0x88, 0x88, 0x88, 0x88, 0x88, 0x88, 0x88, 0x88, 0x88, 0x88,
    0x53, 0x53, 0x53, 0x53, 0x53, 0x53, 0x53, 0x54, 0x54, 0x4f, 0x4b, 0x4b, 0x4b, 0x4a, 0x46, 0x46, 0x43, 0x3a, 0x3a, 0x39, 0x3a, 0x3a, 0x39, 0x36,
    0x36, 0x36, 0x2f, 0x2f, 0x2f, 0x2f, 0x2f, 0x2a, 0x2a, 0x2a, 0x2a, 0x2a, 0x2a, 0x2a, 0x26, 0x23, 0x23, 0x23, 0x23, 0x21, 0x21, 0x21, 0x21, 0x21,
    0x21, 0x1e, 0x1e, 0x1f, 0x1c, 0x1c, 0x1c, 0x1c, 0x1b, 0x1b, 0x1b, 0x18, 0x18, 0x18, 0x18, 0x18, 0x18, 0x18, 0x14, 0x14, 0x14, 0x14, 0x13, 0x13,
    0x13, 0x13, 0x0f, 0x0e, 0x0e, 0x0e, 0x0e, 0x0e, 0x0c, 0x0c, 0x0c, 0x09, 0x09, 0x08, 0x08, 0x07, 0x07, 0x07, 0x05, 0x04, 0x04, 0x04, 0x03, 0x00,
    0x00, 0x01, 0x01, 0x05, 0x22, 0x3c, 0x45, 0x47, 0x56, 0xaf, 0xc9, 0xd6, 0xf4, 0xf2, 0xf6, 0xf9, 0xfc, 0xfc, 0xfc, 0xfc, 0xfc, 0xfd, 0xfd, 0xfd,
    0xfd, 0xfd, 0xfd, 0xfb, 0xfb, 0xee, 0xe8, 0xe3, 0xd8, 0xd1, 0xca, 0xb7, 0x55, 0x34, 0x0d, 0x0d, 0x0b, 0x07, 0x04, 0x04, 0x07, 0x0b, 0x00, 0x57,
    0xfe, 0xfd, 0xfb, 0xd8, 0xb7, 0x7c, 0x55, 0x5f, 0x55, 0x24, 0x0b, 0x18, 0x15, 0x1b, 0x1b, 0x1b, 0x1e, 0x1e, 0x1e, 0x1e, 0x25, 0x25, 0x25, 0x26,
    0x26, 0x26, 0x26, 0x2b, 0x2b, 0x34, 0x34, 0x34, 0x34, 0x2b, 0x2b, 0x2b, 0x2b, 0x2b, 0x2b, 0x2b, 0x2a, 0x2a, 0x26, 0x26, 0x23, 0x2a, 0x36, 0x3a,
    0x43, 0x46, 0x48, 0x4f, 0x52, 0x59, 0x59, 0x59, 0x59, 0x59, 0x59, 0x59, 0x59, 0x59, 0x59, 0x59, 0x59, 0x5a, 0x5a, 0x5a, 0x5a, 0x5a, 0x5a, 0x5b,
    0x5b, 0x5b, 0x5b, 0x5d, 0x5d, 0x5d, 0x5d, 0x5e, 0x5e, 0x62, 0x62, 0x62, 0x62, 0x62, 0x65, 0x66, 0x66, 0x6b, 0x6b, 0x6b, 0x6e, 0x6f, 0x6f, 0x6f,
    0x6f, 0x6f, 0x6f, 0x7b, 0x7b, 0x7b, 0x7b, 0x7b, 0x7b, 0x7b, 0x7b, 0x7b, 0x8a, 0x8a, 0x8a, 0x8a, 0x8a, 0x8a, 0x8a, 0x8a, 0x8a, 0x8a, 0x8a, 0x8a,
    0x8a, 0x8a, 0x8a, 0x8a, 0x8a, 0x8a, 0x8a, 0x8a, 0x8a, 0x8a, 0x8a, 0x8a, 0x8a, 0x8a, 0x8a, 0x8a, 0x8a, 0x8a, 0x8a, 0x8a, 0x8a, 0x8a, 0x8a, 0x8a,
    0x8a, 0x8a, 0x8a, 0x8a, 0x7f, 0x7f, 0x7f, 0x7f, 0x7f, 0x7f, 0x7f, 0x90, 0x90, 0x90, 0x90, 0x90, 0x90, 0x90, 0x90, 0x90, 0x91, 0x91, 0x91, 0x91,
    0x91, 0x9c, 0x9c, 0xab, 0xab, 0xab, 0xab, 0xb4, 0xb4, 0xb4, 0xb6, 0xb6, 0xbb, 0xbb, 0xbd, 0xbe, 0xbe, 0xc0, 0xc0, 0xc4, 0xc5, 0xc5, 0xc8, 0xc8,
    0xcd, 0xcd, 0xcd, 0xce, 0xce, 0xce, 0xd2, 0xd2, 0xd2, 0xd4, 0xd6, 0xd6, 0xd6, 0xd7, 0xd7, 0xd7, 0xda, 0xda, 0xdb, 0xdb, 0xdd, 0xdd, 0xe1, 0xe1,
    0xe1, 0xe4, 0xe4, 0xe4, 0xe5, 0xe5, 0xe5, 0xe7, 0xe9, 0xe9, 0xe9, 0xeb, 0xeb, 0xeb, 0xeb, 0xed, 0xed, 0xed, 0xed, 0xed, 0xed, 0xed, 0xed, 0xed,
    0xed, 0xeb, 0xeb, 0xeb, 0xe8, 0xe8, 0xe7, 0xe7, 0xe5, 0xe3, 0xe3, 0xe2, 0xe2, 0xe1, 0xe1, 0xdc, 0xd9, 0xd9, 0xd9, 0xd9, 0xd8, 0xd5, 0xd5, 0xd3,
    0xd3, 0xd0, 0xd0, 0xcf, 0xcf, 0xcc, 0xcb, 0xc9, 0xc7, 0xc6, 0xc6, 0xc3, 0xc2, 0xc2, 0xbc, 0xba, 0xb9, 0xb9, 0xb8, 0xb3, 0xb3, 0xaf, 0xaf, 0xaf,
    0xa6, 0x9b, 0x97, 0x97, 0x8e, 0x8e, 0x8e, 0x89, 0x89, 0x89, 0x88, 0x88, 0x88, 0x88, 0x88, 0x7d, 0x7d, 0x7d, 0x7d, 0x7d, 0x7d, 0x7d, 0x7d, 0x7d,
    0x7d, 0x7d, 0x7d, 0x7d, 0x7d, 0x7d, 0x7d, 0x7d, 0x7d, 0x7d, 0x88, 0x88, 0x88, 0x88, 0x88, 0x88, 0x88, 0x88, 0x88, 0x88, 0x88, 0x88, 0x88, 0x88,
    0x53, 0x53, 0x53, 0x53, 0x53, 0x53, 0x53, 0x54, 0x54, 0x4f, 0x4b, 0x4b, 0x4b, 0x4a, 0x46, 0x46, 0x43, 0x3a, 0x26, 0x21, 0x21, 0x2f, 0x39, 0x36,
    0x36, 0x36, 0x2f, 0x2f, 0x2f, 0x2f, 0x2f, 0x2b, 0x2a, 0x2a, 0x2a, 0x2a, 0x2a, 0x26, 0x26, 0x23, 0x23, 0x23, 0x23, 0x23, 0x21, 0x21, 0x21, 0x21,
    0x21, 0x1e, 0x1e, 0x1f, 0x1f, 0x1c, 0x1c, 0x1c, 0x1c, 0x1b, 0x1b, 0x1b, 0x18, 0x18, 0x18, 0x18, 0x18, 0x18, 0x14, 0x14, 0x14, 0x14, 0x13, 0x13,
    0x13, 0x13, 0x0f, 0x0f, 0x0f, 0x0e, 0x0e, 0x0e, 0x0c, 0x0c, 0x0c, 0x0c, 0x0c, 0x08, 0x08, 0x07, 0x07, 0x07, 0x06, 0x06, 0x04, 0x04, 0x03, 0x04,
    0x04, 0x01, 0x00, 0x0a, 0x28, 0x3c, 0x47, 0x51, 0x54, 0x57, 0x5e, 0x88, 0x9a, 0xc1, 0xc9, 0xd4, 0xe0, 0xf2, 0xf6, 0xfc, 0xfd, 0xfc, 0xfd, 0xfd,
    0xfb, 0xf5, 0xeb, 0xe3, 0xe3, 0xdd, 0xd8, 0xd1, 0xca, 0xbf, 0xb7, 0x5f, 0x4c, 0x25, 0x0d, 0x0d, 0x07, 0x04, 0x04, 0x04, 0x04, 0x06, 0x00, 0xc1,
    0xff, 0xfb, 0xeb, 0xd0, 0xb7, 0x7c, 0x55, 0x55, 0x5f, 0x43, 0x0d, 0x18, 0x1b, 0x1b, 0x1b, 0x1e, 0x1e, 0x1e, 0x23, 0x25, 0x25, 0x25, 0x26, 0x26,
    0x26, 0x26, 0x2b, 0x2b, 0x34, 0x34, 0x34, 0x34, 0x34, 0x34, 0x2b, 0x2b, 0x2b, 0x2b, 0x2b, 0x2a, 0x2a, 0x2a, 0x24, 0x23, 0x23, 0x2a, 0x2f, 0x3a,
    0x3a, 0x46, 0x48, 0x4f, 0x52, 0x59, 0x59, 0x59, 0x59, 0x59, 0x59, 0x59, 0x59, 0x59, 0x59, 0x59, 0x59, 0x5a, 0x5a, 0x5a, 0x5a, 0x5a, 0x5a, 0x5b,
    0x5b, 0x5b, 0x5d, 0x5d, 0x5d, 0x5d, 0x5e, 0x5e, 0x62, 0x62, 0x62, 0x62, 0x62, 0x62, 0x65, 0x66, 0x66, 0x6b, 0x6b, 0x6e, 0x6e, 0x6f, 0x6f, 0x6f,
    0x6f, 0x6f, 0x6f, 0x7b, 0x7b, 0x7b, 0x7b, 0x7b, 0x7b, 0x7b, 0x7b, 0x86, 0x8a, 0x8a, 0x8a, 0x8a, 0x8a, 0x8a, 0x8a, 0x8a, 0x8a, 0x8a, 0x8a, 0x8a,
    0x8a, 0x8a, 0x8a, 0x8a, 0x8a, 0x8a, 0x8a, 0x8a, 0x90, 0x8a, 0x8a, 0x8a, 0x8a, 0x8a, 0x8a, 0x8a, 0x8a, 0x8a, 0x8a, 0x8a, 0x8a, 0x8a, 0x8a, 0x8a,
    0x8a, 0x8a, 0x8a, 0x90, 0x8a, 0x8a, 0x7f, 0x90, 0x90, 0x8a, 0x7f, 0x90, 0x90, 0x90, 0x90, 0x90, 0x90, 0x90, 0x90, 0x90, 0x91, 0x91, 0x91, 0x91,
    0x91, 0x9c, 0x9c, 0xab, 0xab, 0xab, 0xab, 0xa9, 0xb4, 0xb4, 0xb6, 0xb6, 0xb6, 0xbb, 0xbd, 0xbe, 0xbe, 0xbe, 0xc0, 0xc0, 0xc5, 0xc5, 0xc8, 0xc8,
    0xc8, 0xcd, 0xcd, 0xce, 0xce, 0xce, 0xd2, 0xd2, 0xd2, 0xd3, 0xd4, 0xd6, 0xd6, 0xd6, 0xd7, 0xd7, 0xd7, 0xda, 0xdb, 0xdb, 0xdd, 0xdd, 0xdf, 0xe1,
    0xe1, 0xe4, 0xe4, 0xe4, 0xe4, 0xe5, 0xe5, 0xe7, 0xe9, 0xe9, 0xe9, 0xeb, 0xeb, 0xeb, 0xeb, 0xed, 0xed, 0xed, 0xed, 0xed, 0xed, 0xed, 0xed, 0xed,
    0xed, 0xed, 0xeb, 0xeb, 0xeb, 0xe8, 0xe8, 0xe7, 0xe7, 0xe5, 0xe3, 0xe3, 0xe2, 0xe1, 0xe1, 0xdc, 0xdc, 0xd9, 0xd9, 0xd9, 0xd8, 0xd5, 0xd5, 0xd5,
    0xd3, 0xd0, 0xd0, 0xcf, 0xcf, 0xcc, 0xcb, 0xc9, 0xc7, 0xc6, 0xc6, 0xc3, 0xc2, 0xc2, 0xbc, 0xbc, 0xba, 0xb9, 0xb8, 0xb8, 0xb3, 0xb3, 0xaf, 0xaf,
    0xa6, 0xa6, 0x9b, 0x97, 0x97, 0x8e, 0x8e, 0x8e, 0x89, 0x89, 0x88, 0x88, 0x88, 0x88, 0x88, 0x88, 0x7d, 0x7d, 0x7d, 0x7d, 0x7d, 0x7d, 0x7d, 0x7d,
    0x7d, 0x7d, 0x7d, 0x7d, 0x7d, 0x7d, 0x7d, 0x7d, 0x7d, 0x88, 0x88, 0x88, 0x88, 0x88, 0x88, 0x88, 0x88, 0x88, 0x88, 0x88, 0x88, 0x88, 0x88, 0x89,
    0x53, 0x53, 0x53, 0x53, 0x53, 0x53, 0x53, 0x54, 0x54, 0x4f, 0x4b, 0x4b, 0x4b, 0x4a, 0x46, 0x42, 0x43, 0x39, 0x21, 0x1e, 0x1e, 0x23, 0x39, 0x39,
    0x36, 0x36, 0x36, 0x2f, 0x2f, 0x2f, 0x2f, 0x2b, 0x2d, 0x2a, 0x2a, 0x2a, 0x2a, 0x26, 0x2a, 0x24, 0x23, 0x23, 0x23, 0x23, 0x21, 0x21, 0x21, 0x21,
    0x21, 0x21, 0x1e, 0x1e, 0x1e, 0x1f, 0x1c, 0x1c, 0x1c, 0x1b, 0x1b, 0x1b, 0x1b, 0x18, 0x18, 0x18, 0x18, 0x18, 0x14, 0x14, 0x14, 0x14, 0x13, 0x13,
    0x13, 0x13, 0x12, 0x0f, 0x0f, 0x0f, 0x0e, 0x0e, 0x0f, 0x0e, 0x0c, 0x0c, 0x0c, 0x09, 0x09, 0x08, 0x08, 0x08, 0x07, 0x07, 0x07, 0x05, 0x04, 0x04,
    0x03, 0x03, 0x00, 0x0a, 0x30, 0x41, 0x4f, 0x51, 0x5e, 0x82, 0xc1, 0xc9, 0xd6, 0xf4, 0xfc, 0xfd, 0xfd, 0xfd, 0xfd, 0xfd, 0xfd, 0xfb, 0xfb, 0xe5,
    0xe5, 0xdc, 0xd8, 0xd8, 0xd5, 0xcc, 0xca, 0xb7, 0xb7, 0x7c, 0x5f, 0x4e, 0x43, 0x25, 0x0d, 0x0d, 0x07, 0x04, 0x04, 0x04, 0x04, 0x04, 0x06, 0xf4,
    0xfe, 0xfb, 0xe8, 0xd1, 0x7c, 0x5f, 0x5f, 0x5f, 0x4e, 0x5f, 0x20, 0x0d, 0x1b, 0x1b, 0x1b, 0x1e, 0x1e, 0x23, 0x25, 0x25, 0x25, 0x26, 0x26, 0x26,
    0x2b, 0x2b, 0x34, 0x34, 0x34, 0x34, 0x34, 0x34, 0x34, 0x34, 0x2b, 0x2b, 0x2b, 0x2b, 0x2b, 0x2a, 0x2a, 0x26, 0x23, 0x23, 0x23, 0x2a, 0x2f, 0x3a,
    0x3a, 0x46, 0x4b, 0x4f, 0x52, 0x59, 0x59, 0x59, 0x59, 0x59, 0x59, 0x59, 0x59, 0x59, 0x59, 0x5a, 0x5a, 0x5a, 0x5a, 0x5a, 0x5a, 0x5a, 0x5b, 0x5b,
    0x5b, 0x5d, 0x5d, 0x5d, 0x5d, 0x5d, 0x5e, 0x5e, 0x62, 0x62, 0x62, 0x62, 0x62, 0x65, 0x65, 0x66, 0x66, 0x6b, 0x6b, 0x6e, 0x6e, 0x6f, 0x6f, 0x6f,
    0x6f, 0x6f, 0x7b, 0x7b, 0x7b, 0x7b, 0x7b, 0x7b, 0x7b, 0x7b, 0x86, 0x86, 0x8a, 0x8a, 0x8a, 0x8a, 0x8a, 0x8a, 0x8a, 0x8a, 0x8a, 0x8a, 0x8a, 0x8a,
    0x8a, 0x8a, 0x8a, 0x8a, 0x8a, 0x8a, 0x8a, 0x8a, 0x90, 0x90, 0x8a, 0x8a, 0x8a, 0x8a, 0x8a, 0x8a, 0x8a, 0x8a, 0x8a, 0x8a, 0x8a, 0x8a, 0x8a, 0x8a,
    0x8a, 0x90, 0x8a, 0x90, 0x90, 0x8a, 0x8a, 0x90, 0x90, 0x8a, 0x8a, 0x90, 0x90, 0x90, 0x90, 0x90, 0x90, 0x90, 0x90, 0x90, 0x91, 0x91, 0x91, 0x91,
    0x91, 0x9c, 0x9c, 0xab, 0xab, 0xab, 0xac, 0xa9, 0xb4, 0xb4, 0xb6, 0xb6, 0xb6, 0xbb, 0xbd, 0xbe, 0xbe, 0xbe, 0xc0, 0xc0, 0xc5, 0xc5, 0xc8, 0xc8,
    0xc8, 0xcd, 0xcd, 0xcd, 0xce, 0xce, 0xce, 0xd2, 0xd2, 0xd3, 0xd4, 0xd6, 0xd6, 0xd6, 0xd7, 0xd7, 0xd7, 0xda, 0xda, 0xdb, 0xdb, 0xdd, 0xde, 0xe1,
    0xe1, 0xe2, 0xe4, 0xe4, 0xe4, 0xe5, 0xe5, 0xe7, 0xe9, 0xe9, 0xeb, 0xeb, 0xeb, 0xeb, 0xed, 0xed, 0xed, 0xed, 0xed, 0xed, 0xed, 0xed, 0xed, 0xed,
    0xed, 0xed, 0xed, 0xed, 0xeb, 0xeb, 0xe8, 0xe8, 0xe7, 0xe7, 0xe5, 0xe3, 0xe3, 0xe2, 0xe1, 0xe1, 0xdc, 0xdc, 0xd9, 0xd9, 0xd9, 0xd8, 0xd5, 0xd5,
    0xd3, 0xd3, 0xd0, 0xd0, 0xcf, 0xcc, 0xcc, 0xcb, 0xc9, 0xc7, 0xc6, 0xc3, 0xc2, 0xc2, 0xc2, 0xbc, 0xba, 0xb9, 0xb9, 0xb8, 0xb3, 0xb3, 0xaf, 0xaf,
    0xaf, 0xa6, 0x9b, 0x97, 0x97, 0x8e, 0x8e, 0x8e, 0x8e, 0x89, 0x89, 0x88, 0x88, 0x88, 0x88, 0x88, 0x88, 0x7d, 0x7d, 0x7d, 0x7d, 0x7d, 0x7d, 0x7d,
    0x7d, 0x7d, 0x7d, 0x7d, 0x7d, 0x7d, 0x7d, 0x7d, 0x88, 0x88, 0x88, 0x88, 0x88, 0x88, 0x88, 0x88, 0x88, 0x88, 0x88, 0x88, 0x88, 0x88, 0x88, 0x89,
    0x53, 0x53, 0x53, 0x53, 0x53, 0x53, 0x53, 0x54, 0x54, 0x4f, 0x4b, 0x4b, 0x4b, 0x4a, 0x46, 0x46, 0x43, 0x2f, 0x21, 0x21, 0x1e, 0x23, 0x3a, 0x36,
    0x36, 0x36, 0x36, 0x36, 0x2f, 0x2f, 0x2f, 0x2b, 0x2b, 0x2b, 0x2a, 0x2a, 0x2a, 0x26, 0x26, 0x2a, 0x26, 0x23, 0x23, 0x23, 0x23, 0x23, 0x23, 0x21,
    0x21, 0x21, 0x21, 0x1e, 0x1e, 0x1f, 0x1c, 0x1c, 0x1c, 0x1b, 0x1b, 0x1b, 0x1b, 0x18, 0x18, 0x18, 0x18, 0x18, 0x18, 0x18, 0x14, 0x14, 0x13, 0x13,
    0x13, 0x13, 0x13, 0x12, 0x0f, 0x0f, 0x0f, 0x0f, 0x0e, 0x0e, 0x0e, 0x0c, 0x0c, 0x09, 0x09, 0x08, 0x08, 0x08, 0x07, 0x07, 0x07, 0x04, 0x04, 0x05,
    0x03, 0x04, 0x01, 0x0a, 0x30, 0x45, 0x51, 0x6d, 0xc5, 0xf2, 0xfc, 0xfc, 0xfe, 0xfd, 0xfe, 0xfe, 0xfd, 0xfd, 0xfd, 0xfb, 0xf4, 0xe3, 0xd9, 0xd8,
    0xd8, 0xd1, 0xca, 0xca, 0xca, 0xbf, 0xb7, 0x7c, 0x5f, 0x4e, 0x49, 0x43, 0x34, 0x1e, 0x0d, 0x0d, 0x07, 0x04, 0x04, 0x04, 0x0b, 0x00, 0x2e, 0xfe,
    0xfd, 0xfb, 0xe3, 0xca, 0xb7, 0x55, 0x5f, 0x55, 0x55, 0x5f, 0x43, 0x13, 0x18, 0x1b, 0x1e, 0x1e, 0x25, 0x20, 0x25, 0x25, 0x26, 0x26, 0x26, 0x26,
    0x2b, 0x34, 0x34, 0x34, 0x34, 0x34, 0x34, 0x34, 0x34, 0x34, 0x2b, 0x2b, 0x2b, 0x2b, 0x2a, 0x2a, 0x2a, 0x26, 0x23, 0x23, 0x23, 0x2a, 0x2f, 0x39,
    0x3a, 0x42, 0x48, 0x4f, 0x52, 0x59, 0x59, 0x59, 0x59, 0x59, 0x59, 0x59, 0x59, 0x59, 0x5a, 0x5a, 0x5a, 0x5a, 0x5a, 0x5a, 0x5a, 0x5b, 0x5b, 0x5b,
    0x5b, 0x5d, 0x5d, 0x5d, 0x5d, 0x5d, 0x5e, 0x62, 0x62, 0x62, 0x62, 0x62, 0x65, 0x65, 0x65, 0x66, 0x6b, 0x6b, 0x6b, 0x6e, 0x6e, 0x6f, 0x6f, 0x6f,
    0x6f, 0x7b, 0x7b, 0x7b, 0x7b, 0x7b, 0x7b, 0x7b, 0x7b, 0x7b, 0x8a, 0x8a, 0x8a, 0x8a, 0x8a, 0x8a, 0x8a, 0x8a, 0x8a, 0x8a, 0x8a, 0x8a, 0x8a, 0x8a,
    0x8a, 0x8a, 0x8a, 0x90, 0x8a, 0x8a, 0x8a, 0x8a, 0x90, 0x90, 0x90, 0x8a, 0x90, 0x8a, 0x8a, 0x8a, 0x90, 0x8a, 0x8a, 0x8a, 0x90, 0x8a, 0x90, 0x8a,
    0x8a, 0x90, 0x90, 0x90, 0x90, 0x90, 0x90, 0x90, 0x90, 0x8a, 0x8a, 0x90, 0x90, 0x90, 0x90, 0x90, 0x90, 0x90, 0x90, 0x90, 0x91, 0x91, 0x91, 0x91,
    0x91, 0x9c, 0x9c, 0xab, 0xab, 0xab, 0xac, 0xa9, 0xb4, 0xb4, 0xb6, 0xb6, 0xb6, 0xbb, 0xbd, 0xbe, 0xbe, 0xbe, 0xc0, 0xc0, 0xc5, 0xc5, 0xc5, 0xc8,
    0xc8, 0xcd, 0xcd, 0xcd, 0xce, 0xce, 0xce, 0xd2, 0xd2, 0xd2, 0xd4, 0xd4, 0xd6, 0xd6, 0xd7, 0xd7, 0xd7, 0xda, 0xda, 0xdb, 0xdb, 0xdd, 0xdd, 0xe1,
    0xe1, 0xe2, 0xe4, 0xe4, 0xe4, 0xe5, 0xe5, 0xe7, 0xe9, 0xe9, 0xeb, 0xeb, 0xeb, 0xed, 0xed, 0xed, 0xee, 0xee, 0xee, 0xee, 0xed, 0xed, 0xed, 0xed,
    0xed, 0xed, 0xed, 0xed, 0xed, 0xeb, 0xeb, 0xe8, 0xe8, 0xe7, 0xe7, 0xe3, 0xe3, 0xe2, 0xe2, 0xe1, 0xdd, 0xdc, 0xd9, 0xd9, 0xd9, 0xd8, 0xd5, 0xd5,
    0xd5, 0xd3, 0xd0, 0xd0, 0xcf, 0xcf, 0xcc, 0xcb, 0xc9, 0xc7, 0xc6, 0xc6, 0xc3, 0xc2, 0xc2, 0xbc, 0xbc, 0xba, 0xb9, 0xb8, 0xb8, 0xb3, 0xaf, 0xaf,
    0xaf, 0xa6, 0xa6, 0x9b, 0x97, 0x97, 0x8e, 0x8e, 0x8e, 0x89, 0x89, 0x89, 0x88, 0x88, 0x88, 0x88, 0x88, 0x88, 0x7d, 0x7d, 0x7d, 0x7d, 0x7d, 0x7d,
    0x7d, 0x7d, 0x7d, 0x7d, 0x7d, 0x7d, 0x88, 0x88, 0x88, 0x88, 0x88, 0x88, 0x88, 0x88, 0x88, 0x88, 0x88, 0x88, 0x88, 0x88, 0x88, 0x88, 0x89, 0x89,
    0x53, 0x53, 0x53, 0x53, 0x53, 0x53, 0x53, 0x54, 0x54, 0x4f, 0x4f, 0x4b, 0x4b, 0x4a, 0x46, 0x46, 0x43, 0x36, 0x21, 0x21, 0x1b, 0x21, 0x3a, 0x36,
    0x36, 0x36, 0x36, 0x36, 0x2f, 0x2f, 0x2f, 0x2f, 0x2b, 0x2b, 0x2a, 0x2a, 0x2a, 0x26, 0x26, 0x26, 0x26, 0x23, 0x23, 0x23, 0x23, 0x23, 0x21, 0x21,
    0x21, 0x21, 0x21, 0x1e, 0x1e, 0x1f, 0x1c, 0x1c, 0x1c, 0x1b, 0x1b, 0x1b, 0x1b, 0x18, 0x18, 0x18, 0x18, 0x18, 0x18, 0x18, 0x14, 0x14, 0x13, 0x13,
    0x13, 0x13, 0x13, 0x13, 0x0f, 0x0f, 0x0f, 0x0f, 0x0e, 0x0e, 0x0e, 0x0c, 0x0c, 0x0c, 0x0c, 0x09, 0x08, 0x08, 0x08, 0x08, 0x07, 0x07, 0x05, 0x04,
    0x07, 0x05, 0x00, 0x16, 0x30, 0x47, 0x58, 0x84, 0xe4, 0xfc, 0xfc, 0xfc, 0xfc, 0xfc, 0xfd, 0xfd, 0xfd, 0xfb, 0xf4, 0xd8, 0xdc, 0xd8, 0xd5, 0xd0,
    0xca, 0xca, 0xbf, 0xb7, 0x7c, 0x5f, 0x55, 0x4e, 0x4c, 0x43, 0x3e, 0x34, 0x26, 0x1e, 0x0d, 0x0d, 0x0b, 0x07, 0x04, 0x04, 0x06, 0x00, 0x5c, 0xff,
    0xfd, 0xfb, 0xd8, 0xb7, 0x7c, 0x7c, 0x7c, 0x4e, 0x55, 0x4e, 0x7c, 0x25, 0x15, 0x1e, 0x1e, 0x1e, 0x25, 0x25, 0x25, 0x26, 0x26, 0x26, 0x2b, 0x2b,
    0x34, 0x34, 0x34, 0x34, 0x34, 0x34, 0x34, 0x34, 0x34, 0x34, 0x2f, 0x2b, 0x2b, 0x2b, 0x26, 0x26, 0x26, 0x23, 0x23, 0x23, 0x21, 0x2a, 0x2f, 0x39,
    0x3a, 0x42, 0x48, 0x4f, 0x53, 0x59, 0x59, 0x59, 0x59, 0x59, 0x59, 0x5c, 0x59, 0x5a, 0x5a, 0x5a, 0x5a, 0x5a, 0x5a, 0x5a, 0x5b, 0x5b, 0x5b, 0x5b,
    0x5b, 0x5d, 0x5d, 0x5d, 0x5d, 0x5e, 0x5e, 0x62, 0x62, 0x62, 0x62, 0x62, 0x65, 0x65, 0x66, 0x66, 0x6b, 0x6b, 0x6b, 0x6e, 0x6e, 0x6f, 0x6f, 0x6f,
    0x6f, 0x7b, 0x7b, 0x7b, 0x7b, 0x7b, 0x7b, 0x7b, 0x8a, 0x8a, 0x8a, 0x8a, 0x8a, 0x8a, 0x8a, 0x8a, 0x8a, 0x8a, 0x8a, 0x8b, 0x8a, 0x8a, 0x8a, 0x8a,
    0x8a, 0x8b, 0x8a, 0x90, 0x90, 0x8a, 0x8a, 0x90, 0x90, 0x90, 0x90, 0x90, 0x90, 0x90, 0x8a, 0x8a, 0x90, 0x90, 0x8a, 0x8a, 0x90, 0x90, 0x90, 0x90,
    0x8a, 0x90, 0x90, 0x90, 0x90, 0x90, 0x90, 0x90, 0x90, 0x90, 0x90, 0x90, 0x90, 0x90, 0x90, 0x90, 0x90, 0x90, 0x90, 0x90, 0x91, 0x91, 0x91, 0x91,
    0x91, 0x9c, 0x9c, 0xab, 0xab, 0xab, 0xac, 0xa9, 0xb4, 0xb4, 0xb6, 0xb6, 0xb6, 0xbb, 0xbb, 0xbe, 0xbe, 0xbe, 0xc0, 0xc0, 0xc4, 0xc5, 0xc5, 0xc8,
    0xc8, 0xc8, 0xcd, 0xcd, 0xcd, 0xce, 0xce, 0xce, 0xd2, 0xd2, 0xd3, 0xd4, 0xd6, 0xd6, 0xd6, 0xd7, 0xd7, 0xd7, 0xda, 0xdb, 0xdb, 0xdd, 0xdd, 0xdf,
    0xe1, 0xe1, 0xe4, 0xe4, 0xe4, 0xe5, 0xe5, 0xe7, 0xe9, 0xe9, 0xeb, 0xeb, 0xeb, 0xee, 0xee, 0xee, 0xee, 0xee, 0xee, 0xee, 0xee, 0xee, 0xee, 0xee,
    0xed, 0xed, 0xed, 0xed, 0xed, 0xed, 0xeb, 0xeb, 0xe8, 0xe8, 0xe7, 0xe5, 0xe3, 0xe3, 0xe2, 0xe1, 0xe1, 0xdc, 0xdc, 0xd9, 0xd9, 0xd9, 0xd8, 0xd5,
    0xd5, 0xd3, 0xd3, 0xd2, 0xd0, 0xcf, 0xcc, 0xcc, 0xcb, 0xc9, 0xc7, 0xc6, 0xc3, 0xc2, 0xc2, 0xbc, 0xbc, 0xba, 0xb9, 0xb9, 0xb8, 0xb3, 0xb3, 0xaf,
    0xaf, 0xaf, 0xa6, 0x9b, 0x97, 0x97, 0x8e, 0x8e, 0x8e, 0x8e, 0x89, 0x89, 0x88, 0x88, 0x88, 0x88, 0x88, 0x88, 0x88, 0x88, 0x7d, 0x7d, 0x7d, 0x7d,
    0x7d, 0x7d, 0x7d, 0x7d, 0x88, 0x88, 0x88, 0x88, 0x88, 0x88, 0x88, 0x88, 0x88, 0x88, 0x88, 0x88, 0x88, 0x88, 0x88, 0x88, 0x88, 0x89, 0x89, 0x89,
    0x53, 0x53, 0x53, 0x53, 0x53, 0x53, 0x54, 0x54, 0x54, 0x4f, 0x4f, 0x4b, 0x4b, 0x4a, 0x46, 0x46, 0x43, 0x3e, 0x2a, 0x1f, 0x21, 0x2f, 0x39, 0x36,
    0x36, 0x36, 0x36, 0x36, 0x36, 0x34, 0x2f, 0x2f, 0x2b, 0x2b, 0x2b, 0x2a, 0x2a, 0x2a, 0x26, 0x26, 0x2a, 0x26, 0x23, 0x23, 0x23, 0x23, 0x23, 0x21,
    0x21, 0x21, 0x21, 0x1e, 0x1e, 0x1e, 0x1f, 0x1f, 0x1c, 0x1b, 0x1b, 0x1b, 0x1b, 0x1b, 0x18, 0x18, 0x18, 0x18, 0x18, 0x18, 0x15, 0x15, 0x14, 0x13,
    0x13, 0x13, 0x13, 0x10, 0x0f, 0x0f, 0x0f, 0x0f, 0x0f, 0x0e, 0x0e, 0x0e, 0x0e, 0x0c, 0x0c, 0x09, 0x09, 0x08, 0x08, 0x08, 0x08, 0x07, 0x07, 0x04,
    0x07, 0x04, 0x00, 0x0a, 0x2d, 0x47, 0x58, 0xcd, 0xfc, 0xfc, 0xfc, 0xfd, 0xfd, 0xfd, 0xfc, 0xfc, 0xe0, 0xe0, 0xd8, 0xd0, 0xb8, 0xaf, 0x80, 0xb7,
    0x5f, 0x55, 0x50, 0x4c, 0x49, 0x49, 0x49, 0x43, 0x3e, 0x34, 0x34, 0x26, 0x25, 0x1e, 0x0d, 0x0d, 0x0b, 0x07, 0x04, 0x0b, 0x00, 0x19, 0xfc, 0xfe,
    0xfb, 0xeb, 0xd8, 0xca, 0x7c, 0x55, 0x5f, 0x55, 0x4e, 0x55, 0x55, 0x5f, 0x15, 0x1e, 0x1e, 0x1e, 0x20, 0x23, 0x26, 0x26, 0x26, 0x2b, 0x2b, 0x34,
    0x34, 0x34, 0x34, 0x34, 0x34, 0x34, 0x34, 0x34, 0x34, 0x34, 0x2f, 0x2b, 0x2b, 0x2b, 0x26, 0x26, 0x26, 0x23, 0x21, 0x21, 0x21, 0x26, 0x2f, 0x39,
    0x3a, 0x42, 0x48, 0x4f, 0x53, 0x5c, 0x59, 0x59, 0x5c, 0x59, 0x59, 0x5c, 0x5a, 0x5a, 0x5a, 0x5a, 0x5a, 0x5a, 0x5a, 0x5a, 0x5b, 0x5b, 0x5b, 0x5b,
    0x5d, 0x5d, 0x5d, 0x5d, 0x5e, 0x5e, 0x62, 0x62, 0x62, 0x62, 0x62, 0x65, 0x65, 0x65, 0x66, 0x6b, 0x6b, 0x6b, 0x6b, 0x6e, 0x6f, 0x6f, 0x6f, 0x6f,
    0x7b, 0x7b, 0x7b, 0x7b, 0x7b, 0x7b, 0x7b, 0x7b, 0x8a, 0x8a, 0x8a, 0x8a, 0x86, 0x8a, 0x8a, 0x8a, 0x8a, 0x8a, 0x8a, 0x8b, 0x8b, 0x8b, 0x8a, 0x92,
    0x8a, 0x8b, 0x8b, 0x90, 0x90, 0x90, 0x8a, 0x90, 0x92, 0x90, 0x90, 0x90, 0x90, 0x90, 0x90, 0x8a, 0x90, 0x90, 0x90, 0x8a, 0x90, 0x90, 0x90, 0x90,
    0x90, 0x90, 0x90, 0x90, 0x90, 0x90, 0x90, 0x90, 0x90, 0x90, 0x90, 0x90, 0x90, 0x90, 0x90, 0x90, 0x90, 0x90, 0x91, 0x91, 0x91, 0x91, 0x91, 0x91,
    0x91, 0x9c, 0x9c, 0xab, 0xab, 0xac, 0xac, 0xa9, 0xb4, 0xb4, 0xb4, 0xb6, 0xb6, 0xbb, 0xbb, 0xbd, 0xbe, 0xbe, 0xc0, 0xc0, 0xc0, 0xc5, 0xc5, 0xc8,
    0xc8, 0xc8, 0xcd, 0xcd, 0xcd, 0xce, 0xce, 0xce, 0xd2, 0xd2, 0xd2, 0xd4, 0xd6, 0xd6, 0xd6, 0xd7, 0xd7, 0xd7, 0xda, 0xda, 0xdb, 0xdd, 0xdd, 0xdf,
    0xe1, 0xe1, 0xe4, 0xe4, 0xe4, 0xe5, 0xe5, 0xe7, 0xe9, 0xe9, 0xeb, 0xeb, 0xeb, 0xee, 0xee, 0xee, 0xee, 0xee, 0xee, 0xee, 0xee, 0xee, 0xee, 0xee,
    0xee, 0xee, 0xed, 0xed, 0xed, 0xed, 0xed, 0xeb, 0xeb, 0xe8, 0xe8, 0xe7, 0xe5, 0xe3, 0xe3, 0xe2, 0xe1, 0xe1, 0xdc, 0xd9, 0xd9, 0xd9, 0xd8, 0xd5,
    0xd5, 0xd5, 0xd3, 0xd0, 0xd0, 0xcf, 0xcf, 0xcc, 0xcb, 0xc9, 0xc7, 0xc6, 0xc6, 0xc3, 0xc2, 0xc2, 0xbc, 0xba, 0xba, 0xb9, 0xb8, 0xb8, 0xb3, 0xaf,
    0xaf, 0xaf, 0xa6, 0xa6, 0x9b, 0x97, 0x97, 0x8e, 0x8e, 0x8e, 0x8e, 0x89, 0x89, 0x88, 0x88, 0x88, 0x88, 0x88, 0x88, 0x88, 0x88, 0x88, 0x88, 0x88,
    0x88, 0x88, 0x88, 0x88, 0x88, 0x88, 0x88, 0x88, 0x88, 0x88, 0x88, 0x88, 0x88, 0x88, 0x88, 0x88, 0x88, 0x88, 0x88, 0x89, 0x89, 0x89, 0x89, 0x89,
    0x53, 0x53, 0x53, 0x53, 0x53, 0x53, 0x54, 0x54, 0x54, 0x4f, 0x4f, 0x4b, 0x4b, 0x4a, 0x46, 0x46, 0x43, 0x43, 0x3a, 0x39, 0x3a, 0x39, 0x39, 0x39,
    0x36, 0x36, 0x36, 0x36, 0x36, 0x34, 0x2f, 0x2f, 0x2b, 0x2b, 0x2b, 0x2b, 0x2a, 0x2a, 0x2a, 0x2a, 0x26, 0x2a, 0x26, 0x23, 0x23, 0x23, 0x23, 0x23,
    0x21, 0x21, 0x21, 0x21, 0x1e, 0x1e, 0x1f, 0x1f, 0x1c, 0x1b, 0x1b, 0x1b, 0x1b, 0x1b, 0x18, 0x18, 0x18, 0x18, 0x18, 0x18, 0x18, 0x15, 0x14, 0x13,
    0x13, 0x13, 0x13, 0x13, 0x13, 0x13, 0x0f, 0x0f, 0x0f, 0x0f, 0x0e, 0x0e, 0x0e, 0x0e, 0x0e, 0x0e, 0x0c, 0x08, 0x08, 0x08, 0x08, 0x07, 0x06, 0x07,
    0x07, 0x06, 0x01, 0x00, 0x16, 0x3c, 0x51, 0x79, 0xcd, 0xda, 0xcd, 0xd6, 0xc5, 0xcd, 0x8d, 0xc5, 0x6b, 0x54, 0x75, 0x50, 0x57, 0x53, 0x50, 0x4a,
    0x4a, 0x46, 0x46, 0x46, 0x43, 0x3e, 0x3d, 0x3d, 0x34, 0x2b, 0x25, 0x25, 0x1e, 0x15, 0x0d, 0x0d, 0x07, 0x04, 0x04, 0x0b, 0x05, 0x56, 0xff, 0xfb,
    0xfd, 0xe8, 0xca, 0xb7, 0xb7, 0x55, 0x55, 0x5f, 0x4e, 0x4e, 0x4e, 0x7c, 0x26, 0x1b, 0x1e, 0x23, 0x25, 0x26, 0x26, 0x26, 0x26, 0x2b, 0x2b, 0x34,
    0x34, 0x34, 0x34, 0x34, 0x34, 0x34, 0x34, 0x34, 0x34, 0x2f, 0x2b, 0x2b, 0x2b, 0x26, 0x26, 0x23, 0x23, 0x21, 0x21, 0x21, 0x21, 0x26, 0x2f, 0x39,
    0x3a, 0x42, 0x48, 0x4f, 0x53, 0x5c, 0x5c, 0x59, 0x5c, 0x5c, 0x5a, 0x5c, 0x5c, 0x5c, 0x5c, 0x5c, 0x5c, 0x5c, 0x5a, 0x5b, 0x5b, 0x5b, 0x5b, 0x5d,
    0x5d, 0x5d, 0x5d, 0x5e, 0x5e, 0x5e, 0x62, 0x62, 0x62, 0x62, 0x65, 0x65, 0x65, 0x66, 0x66, 0x6b, 0x6b, 0x6b, 0x6e, 0x6e, 0x6f, 0x6f, 0x6f, 0x6f,
    0x7b, 0x7b, 0x7b, 0x7b, 0x7b, 0x7b, 0x86, 0x86, 0x8a, 0x8a, 0x8a, 0x8a, 0x86, 0x86, 0x8b, 0x8b, 0x8b, 0x8a, 0x8a, 0x8b, 0x8b, 0x8b, 0x8b, 0x92,
    0x92, 0x92, 0x8b, 0x92, 0x90, 0x92, 0x90, 0x90, 0x92, 0x92, 0x90, 0x90, 0x90, 0x90, 0x90, 0x90, 0x90, 0x90, 0x90, 0x90, 0x90, 0x90, 0x90, 0x90,
    0x90, 0x90, 0x90, 0x90, 0x90, 0x90, 0x90, 0x90, 0x90, 0x90, 0x90, 0x90, 0x90, 0x90, 0x90, 0x90, 0x90, 0x90, 0x91, 0x91, 0x91, 0x91, 0x91, 0x91,
    0x9c, 0x9c, 0x9c, 0xab, 0xab, 0xac, 0xac, 0xa9, 0xb2, 0xb4, 0xb4, 0xb6, 0xb6, 0xbb, 0xbb, 0xbd, 0xbe, 0xbe, 0xbe, 0xc0, 0xc0, 0xc5, 0xc5, 0xc5,
    0xc8, 0xc8, 0xc8, 0xcd, 0xcd, 0xcd, 0xce, 0xce, 0xce, 0xd2, 0xd2, 0xd3, 0xd4, 0xd6, 0xd6, 0xd6, 0xd7, 0xd7, 0xd7, 0xda, 0xdb, 0xdb, 0xdd, 0xdd,
    0xe1, 0xe1, 0xe4, 0xe4, 0xe4, 0xe5, 0xe5, 0xe7, 0xe9, 0xe9, 0xeb, 0xeb, 0xeb, 0xee, 0xee, 0xee, 0xee, 0xee, 0xee, 0xee, 0xf5, 0xf5, 0xf5, 0xf5,
    0xf5, 0xee, 0xee, 0xee, 0xed, 0xed, 0xed, 0xed, 0xeb, 0xeb, 0xe8, 0xe8, 0xe7, 0xe5, 0xe3, 0xe2, 0xe2, 0xe1, 0xdc, 0xdc, 0xd9, 0xd9, 0xd9, 0xd8,
    0xd5, 0xd5, 0xd3, 0xd3, 0xd2, 0xd0, 0xcf, 0xcc, 0xcc, 0xcb, 0xc9, 0xc7, 0xc6, 0xc3, 0xc2, 0xc2, 0xbc, 0xbc, 0xba, 0xb9, 0xb8, 0xb8, 0xb3, 0xb3,
    0xaf, 0xaf, 0xaf, 0xa6, 0x9b, 0x97, 0x97, 0x97, 0x8e, 0x8e, 0x8e, 0x89, 0x89, 0x89, 0x88, 0x88, 0x88, 0x88, 0x88, 0x88, 0x88, 0x88, 0x88, 0x88,
    0x88, 0x88, 0x88, 0x88, 0x88, 0x88, 0x88, 0x88, 0x88, 0x88, 0x88, 0x88, 0x88, 0x88, 0x88, 0x88, 0x88, 0x88, 0x89, 0x89, 0x89, 0x89, 0x89, 0x89,
    0x53, 0x53, 0x53, 0x53, 0x53, 0x54, 0x54, 0x54, 0x54, 0x4f, 0x4f, 0x4b, 0x4b, 0x4a, 0x46, 0x46, 0x43, 0x3e, 0x3d, 0x3e, 0x3a, 0x3d, 0x39, 0x36,
    0x39, 0x36, 0x36, 0x36, 0x36, 0x34, 0x2f, 0x2f, 0x2f, 0x2b, 0x2b, 0x2b, 0x2a, 0x2a, 0x2a, 0x2a, 0x2a, 0x26, 0x2a, 0x26, 0x23, 0x23, 0x23, 0x23,
    0x23, 0x21, 0x21, 0x21, 0x21, 0x1e, 0x1f, 0x1c, 0x1b, 0x1b, 0x1b, 0x1b, 0x1b, 0x1b, 0x1b, 0x18, 0x18, 0x18, 0x18, 0x18, 0x18, 0x18, 0x15, 0x13,
    0x13, 0x15, 0x13, 0x13, 0x13, 0x10, 0x10, 0x12, 0x13, 0x10, 0x0f, 0x0e, 0x0e, 0x0f, 0x0f, 0x0c, 0x0c, 0x0c, 0x0c, 0x08, 0x08, 0x0c, 0x0b, 0x07,
    0x06, 0x03, 0x00, 0x00, 0x02, 0x0a, 0x22, 0x30, 0x30, 0x30, 0x45, 0x45, 0x47, 0x47, 0x41, 0x47, 0x47, 0x47, 0x45, 0x51, 0x52, 0x4f, 0x46, 0x48,
    0x42, 0x42, 0x3f, 0x3f, 0x3f, 0x38, 0x39, 0x34, 0x26, 0x25, 0x25, 0x1e, 0x1a, 0x0d, 0x0d, 0x0b, 0x0b, 0x0b, 0x0b, 0x00, 0x29, 0xff, 0xfd, 0xfb,
    0xeb, 0xd0, 0xd0, 0xb7, 0x4e, 0x7c, 0x55, 0x55, 0x5f, 0x4c, 0x55, 0x5f, 0x55, 0x13, 0x1e, 0x1e, 0x25, 0x26, 0x26, 0x26, 0x26, 0x2b, 0x34, 0x34,
    0x34, 0x34, 0x34, 0x34, 0x34, 0x34, 0x34, 0x34, 0x2f, 0x2b, 0x2b, 0x2a, 0x26, 0x26, 0x23, 0x23, 0x23, 0x21, 0x21, 0x1e, 0x1f, 0x24, 0x2d, 0x39,
    0x3a, 0x42, 0x48, 0x4f, 0x53, 0x5c, 0x5c, 0x5c, 0x5c, 0x5c, 0x5c, 0x5c, 0x5a, 0x5c, 0x5c, 0x5c, 0x5c, 0x5a, 0x5b, 0x5b, 0x5b, 0x5b, 0x5d, 0x5d,
    0x5d, 0x5d, 0x5e, 0x5e, 0x5e, 0x62, 0x62, 0x62, 0x62, 0x62, 0x65, 0x65, 0x65, 0x66, 0x6b, 0x6b, 0x6b, 0x6b, 0x6e, 0x6f, 0x6f, 0x6f, 0x6f, 0x7b,
    0x7b, 0x7b, 0x7b, 0x7b, 0x7b, 0x7b, 0x86, 0x86, 0x8a, 0x8a, 0x8a, 0x8a, 0x8a, 0x8a, 0x8b, 0x8b, 0x8b, 0x8b, 0x8c, 0x92, 0x92, 0x8b, 0x8b, 0x92,
    0x92, 0x92, 0x92, 0x92, 0x92, 0x92, 0x92, 0x92, 0x92, 0x92, 0x92, 0x90, 0x90, 0x90, 0x90, 0x90, 0x90, 0x90, 0x90, 0x90, 0x90, 0x90, 0x90, 0x90,
    0x90, 0x90, 0x90, 0x90, 0x90, 0x90, 0x90, 0x90, 0x90, 0x90, 0x90, 0x90, 0x90, 0x90, 0x90, 0x90, 0x90, 0x90, 0x91, 0x91, 0x91, 0x91, 0x91, 0x9c,
    0x9c, 0x9c, 0x9c, 0xab, 0xab, 0xac, 0xac, 0xa9, 0xb2, 0xb4, 0xb4, 0xb6, 0xb6, 0xbb, 0xbb, 0xbb, 0xbe, 0xbe, 0xbe, 0xc0, 0xc0, 0xc4, 0xc5, 0xc5,
    0xc8, 0xc8, 0xc8, 0xcd, 0xcd, 0xcd, 0xce, 0xce, 0xce, 0xd2, 0xd2, 0xd2, 0xd4, 0xd6, 0xd6, 0xd6, 0xd7, 0xd7, 0xd7, 0xda, 0xda, 0xdb, 0xdd, 0xdd,
    0xdf, 0xe1, 0xe1, 0xe4, 0xe4, 0xe5, 0xe5, 0xe9, 0xe9, 0xe9, 0xeb, 0xeb, 0xee, 0xee, 0xee, 0xee, 0xee, 0xee, 0xf5, 0xf5, 0xf5, 0xf5, 0xf5, 0xf5,
    0xf5, 0xf5, 0xf5, 0xee, 0xee, 0xed, 0xed, 0xed, 0xed, 0xeb, 0xeb, 0xe8, 0xe7, 0xe5, 0xe3, 0xe3, 0xe2, 0xe1, 0xe1, 0xdc, 0xdb, 0xd9, 0xd9, 0xd8,
    0xd5, 0xd5, 0xd5, 0xd3, 0xd0, 0xd0, 0xcf, 0xcf, 0xcc, 0xcb, 0xc9, 0xc7, 0xc6, 0xc6, 0xc3, 0xc2, 0xc2, 0xbc, 0xba, 0xba, 0xb9, 0xb8, 0xb8, 0xb3,
    0xaf, 0xaf, 0xaf, 0xa6, 0xa6, 0x9b, 0x97, 0x97, 0x8e, 0x8e, 0x8e, 0x8e, 0x89, 0x89, 0x89, 0x88, 0x88, 0x88, 0x88, 0x88, 0x88, 0x88, 0x88, 0x88,
    0x88, 0x88, 0x88, 0x88, 0x88, 0x88, 0x88, 0x88, 0x88, 0x88, 0x88, 0x88, 0x88, 0x88, 0x88, 0x88, 0x88, 0x89, 0x89, 0x89, 0x89, 0x89, 0x89, 0x89,
    0x53, 0x53, 0x53, 0x53, 0x53, 0x54, 0x54, 0x54, 0x54, 0x4f, 0x4f, 0x4b, 0x4b, 0x4a, 0x46, 0x46, 0x43, 0x43, 0x3d, 0x3d, 0x39, 0x3d, 0x39, 0x39,
    0x36, 0x36, 0x36, 0x36, 0x36, 0x36, 0x36, 0x2f, 0x2f, 0x2f, 0x2b, 0x2b, 0x2b, 0x2a, 0x2a, 0x2a, 0x2a, 0x26, 0x26, 0x26, 0x23, 0x23, 0x23, 0x23,
    0x23, 0x21, 0x21, 0x21, 0x21, 0x1e, 0x1e, 0x1f, 0x1c, 0x1c, 0x1c, 0x1b, 0x1b, 0x1b, 0x1b, 0x1b, 0x1a, 0x18, 0x18, 0x18, 0x18, 0x18, 0x15, 0x15,
    0x18, 0x18, 0x13, 0x13, 0x13, 0x13, 0x13, 0x10, 0x10, 0x0e, 0x0e, 0x0e, 0x0e, 0x0e, 0x0c, 0x0c, 0x0c, 0x0c, 0x0c, 0x0c, 0x0c, 0x0b, 0x0c, 0x0e,
    0x04, 0x00, 0x00, 0x02, 0x02, 0x02, 0x0a, 0x16, 0x22, 0x22, 0x3c, 0x30, 0x41, 0x3c, 0x45, 0x47, 0x45, 0x4f, 0x45, 0x4f, 0x44, 0x44, 0x45, 0x44,
    0x3f, 0x3f, 0x3f, 0x38, 0x38, 0x33, 0x31, 0x2b, 0x25, 0x25, 0x1e, 0x1a, 0x15, 0x0d, 0x0d, 0x0b, 0x04, 0x0b, 0x04, 0x06, 0x72, 0xfe, 0xf5, 0xfb,
    0xfb, 0xbf, 0xb7, 0xd1, 0x55, 0x4e, 0xb7, 0x4e, 0x4e, 0x55, 0x4e, 0x55, 0x7c, 0x36, 0x18, 0x25, 0x25, 0x26, 0x26, 0x26, 0x2b, 0x34, 0x34, 0x34,
    0x34, 0x34, 0x34, 0x34, 0x34, 0x34, 0x34, 0x34, 0x2b, 0x2b, 0x2a, 0x2a, 0x26, 0x25, 0x23, 0x23, 0x21, 0x1e, 0x1f, 0x1c, 0x1c, 0x24, 0x2d, 0x36,
    0x3a, 0x42, 0x48, 0x4f, 0x53, 0x5c, 0x5c, 0x5c, 0x5c, 0x5c, 0x5c, 0x5c, 0x5c, 0x5c, 0x5c, 0x5c, 0x5c, 0x5b, 0x5b, 0x5b, 0x5b, 0x5d, 0x5d, 0x5d,
    0x5d, 0x5d, 0x5e, 0x5e, 0x62, 0x62, 0x62, 0x62, 0x62, 0x62, 0x65, 0x65, 0x66, 0x6b, 0x6b, 0x6b, 0x6b, 0x6e, 0x6f, 0x6f, 0x6f, 0x6f, 0x7b, 0x7b,
    0x7b, 0x7b, 0x7b, 0x7b, 0x7b, 0x7b, 0x85, 0x8a, 0x8a, 0x8a, 0x8a, 0x8a, 0x8b, 0x8b, 0x8b, 0x8b, 0x8b, 0x8b, 0x8c, 0x92, 0x92, 0x92, 0x92, 0x92,
    0x92, 0x92, 0x92, 0x92, 0x92, 0x92, 0x92, 0x92, 0x92, 0x92, 0x92, 0x92, 0x90, 0x90, 0x90, 0x90, 0x90, 0x90, 0x90, 0x90, 0x90, 0x90, 0x90, 0x90,
    0x90, 0x90, 0x90, 0x90, 0x90, 0x90, 0x90, 0x90, 0x90, 0x90, 0x90, 0x90, 0x91, 0x90, 0x90, 0x90, 0x90, 0x90, 0x91, 0x91, 0x91, 0x91, 0x9c, 0x9c,
    0x9c, 0x9c, 0x9c, 0xab, 0xac, 0xac, 0xac, 0xa9, 0xb2, 0xb4, 0xb4, 0xb6, 0xb6, 0xbb, 0xbb, 0xbb, 0xbe, 0xbe, 0xbe, 0xc0, 0xc0, 0xc0, 0xc5, 0xc5,
    0xc5, 0xc8, 0xc8, 0xc8, 0xcd, 0xcd, 0xcd, 0xce, 0xce, 0xce, 0xd2, 0xd2, 0xd3, 0xd4, 0xd6, 0xd6, 0xd6, 0xd7, 0xd7, 0xda, 0xda, 0xdb, 0xdb, 0xdd,
    0xdf, 0xe1, 0xe1, 0xe4, 0xe4, 0xe5, 0xe5, 0xe9, 0xe9, 0xe9, 0xeb, 0xeb, 0xee, 0xee, 0xee, 0xee, 0xf1, 0xf5, 0xf5, 0xf5, 0xf5, 0xf5, 0xf5, 0xf5,
    0xf5, 0xf5, 0xf5, 0xf5, 0xf5, 0xee, 0xed, 0xed, 0xed, 0xed, 0xeb, 0xeb, 0xe8, 0xe7, 0xe5, 0xe3, 0xe3, 0xe2, 0xe1, 0xdd, 0xdc, 0xd9, 0xd9, 0xd9,
    0xd8, 0xd5, 0xd5, 0xd3, 0xd3, 0xd2, 0xd0, 0xcf, 0xcc, 0xcb, 0xc9, 0xc7, 0xc6, 0xc6, 0xc3, 0xc2, 0xc2, 0xbc, 0xbc, 0xba, 0xb9, 0xb8, 0xb8, 0xb3,
    0xb3, 0xaf, 0xaf, 0xaf, 0xa6, 0xa6, 0x97, 0x97, 0x97, 0x8e, 0x8e, 0x8e, 0x8e, 0x89, 0x89, 0x89, 0x88, 0x88, 0x88, 0x88, 0x88, 0x88, 0x88, 0x88,
    0x88, 0x88, 0x88, 0x88, 0x88, 0x88, 0x88, 0x88, 0x88, 0x88, 0x88, 0x88, 0x88, 0x88, 0x88, 0x88, 0x89, 0x89, 0x89, 0x89, 0x89, 0x89, 0x89, 0x89,
    0x53, 0x53, 0x53, 0x53, 0x54, 0x54, 0x54, 0x54, 0x54, 0x4f, 0x4f, 0x4b, 0x4b, 0x4a, 0x46, 0x46, 0x43, 0x3e, 0x3d, 0x3a, 0x39, 0x39, 0x39, 0x3a,
    0x39, 0x36, 0x36, 0x36, 0x36, 0x36, 0x36, 0x2f, 0x2f, 0x2f, 0x2b, 0x2b, 0x2b, 0x2b, 0x2a, 0x2a, 0x2a, 0x2a, 0x26, 0x26, 0x26, 0x23, 0x23, 0x23,
    0x23, 0x21, 0x21, 0x21, 0x21, 0x21, 0x1e, 0x1f, 0x1c, 0x1c, 0x1b, 0x1b, 0x1b, 0x1b, 0x1b, 0x1b, 0x1b, 0x18, 0x18, 0x18, 0x18, 0x18, 0x18, 0x18,
    0x18, 0x15, 0x15, 0x13, 0x13, 0x13, 0x13, 0x13, 0x10, 0x10, 0x0e, 0x0f, 0x0f, 0x0e, 0x0c, 0x0c, 0x0c, 0x0c, 0x0c, 0x0c, 0x0c, 0x0c, 0x0c, 0x0f,
    0x03, 0x00, 0x00, 0x02, 0x02, 0x0a, 0x16, 0x16, 0x22, 0x30, 0x30, 0x3c, 0x3c, 0x30, 0x45, 0x3c, 0x45, 0x45, 0x45, 0x44, 0x41, 0x41, 0x40, 0x3f,
    0x3f, 0x3b, 0x38, 0x38, 0x32, 0x31, 0x2b, 0x25, 0x25, 0x1e, 0x1e, 0x1a, 0x0d, 0x0d, 0x0d, 0x0b, 0x07, 0x04, 0x03, 0x46, 0xff, 0xeb, 0xfd, 0xd8,
    0xd8, 0xd8, 0x7c, 0x7c, 0xb7, 0x4c, 0x5f, 0x5f, 0x49, 0x4e, 0x4e, 0x55, 0x5f, 0x55, 0x1b, 0x23, 0x25, 0x26, 0x26, 0x26, 0x26, 0x34, 0x34, 0x34,
    0x34, 0x34, 0x34, 0x34, 0x34, 0x34, 0x2b, 0x2b, 0x2b, 0x2a, 0x2a, 0x26, 0x25, 0x23, 0x21, 0x21, 0x1e, 0x1f, 0x1c, 0x1c, 0x1b, 0x23, 0x2d, 0x33,
    0x3a, 0x42, 0x48, 0x4f, 0x53, 0x5c, 0x5c, 0x5c, 0x5c, 0x5c, 0x5c, 0x5c, 0x5c, 0x5c, 0x5c, 0x5c, 0x5a, 0x5b, 0x5b, 0x5b, 0x5b, 0x5d, 0x5d, 0x5d,
    0x5d, 0x5d, 0x5e, 0x5e, 0x62, 0x62, 0x62, 0x62, 0x62, 0x62, 0x65, 0x65, 0x66, 0x6b, 0x6b, 0x6b, 0x6b, 0x6e, 0x6f, 0x6f, 0x6f, 0x6f, 0x7b, 0x7b,
    0x7b, 0x7b, 0x7b, 0x7b, 0x7b, 0x7b, 0x8a, 0x8a, 0x8a, 0x85, 0x8a, 0x8a, 0x8b, 0x8b, 0x8b, 0x8b, 0x92, 0x92, 0x92, 0x92, 0x92, 0x92, 0x92, 0x92,
    0x92, 0x92, 0x92, 0x92, 0x92, 0x92, 0x92, 0x92, 0x92, 0x92, 0x92, 0x92, 0x92, 0x90, 0x92, 0x90, 0x90, 0x90, 0x92, 0x90, 0x90, 0x90, 0x90, 0x90,
    0x90, 0x90, 0x90, 0x90, 0x90, 0x90, 0x90, 0x90, 0x90, 0x90, 0x90, 0x90, 0x91, 0x91, 0x90, 0x90, 0x91, 0x90, 0x91, 0x91, 0x91, 0x91, 0x9c, 0x9c,
    0x9c, 0x9c, 0x9c, 0xab, 0xac, 0xac, 0xac, 0xa9, 0xb2, 0xb4, 0xb4, 0xb2, 0xb6, 0xb6, 0xbb, 0xbb, 0xbd, 0xbe, 0xbe, 0xbe, 0xc0, 0xc0, 0xc5, 0xc5,
    0xc5, 0xc8, 0xc8, 0xc8, 0xcd, 0xcd, 0xcd, 0xce, 0xce, 0xce, 0xd2, 0xd2, 0xd2, 0xd4, 0xd6, 0xd6, 0xd6, 0xd7, 0xd7, 0xd7, 0xda, 0xdb, 0xdb, 0xdd,
    0xde, 0xe1, 0xe1, 0xe4, 0xe4, 0xe5, 0xe5, 0xe6, 0xe9, 0xe9, 0xeb, 0xec, 0xee, 0xee, 0xee, 0xf1, 0xf1, 0xf5, 0xf5, 0xf5, 0xf5, 0xf5, 0xf5, 0xf5,
    0xf5, 0xf5, 0xf5, 0xf5, 0xf5, 0xf5, 0xee, 0xee, 0xed, 0xed, 0xed, 0xeb, 0xe8, 0xe8, 0xe7, 0xe5, 0xe3, 0xe2, 0xe1, 0xe1, 0xdc, 0xdb, 0xd9, 0xd9,
    0xd8, 0xd5, 0xd5, 0xd4, 0xd3, 0xd0, 0xd0, 0xcf, 0xcc, 0xcc, 0xcb, 0xc9, 0xc7, 0xc6, 0xc6, 0xc3, 0xc2, 0xc2, 0xbc, 0xba, 0xb9, 0xb9, 0xb8, 0xb8,
    0xb3, 0xaf, 0xaf, 0xaf, 0xa6, 0xa6, 0x9b, 0x97, 0x97, 0x97, 0x8e, 0x8e, 0x8e, 0x8e, 0x89, 0x89, 0x89, 0x88, 0x88, 0x88, 0x88, 0x88, 0x88, 0x88,
    0x88, 0x88, 0x88, 0x88, 0x88, 0x88, 0x88, 0x88, 0x88, 0x88, 0x88, 0x88, 0x88, 0x88, 0x88, 0x89, 0x89, 0x89, 0x89, 0x89, 0x89, 0x89, 0x89, 0x89,
    0x53, 0x53, 0x53, 0x53, 0x54, 0x54, 0x54, 0x54, 0x54, 0x50, 0x4f, 0x4b, 0x4b, 0x4a, 0x46, 0x46, 0x43, 0x43, 0x3a, 0x3a, 0x3a, 0x3a, 0x3a, 0x36,
    0x39, 0x39, 0x39, 0x36, 0x36, 0x36, 0x34, 0x34, 0x34, 0x2f, 0x2f, 0x2b, 0x2b, 0x2b, 0x2b, 0x2a, 0x2a, 0x2a, 0x2a, 0x2a, 0x26, 0x23, 0x23, 0x23,
    0x23, 0x23, 0x23, 0x23, 0x21, 0x1e, 0x1e, 0x1e, 0x1f, 0x1c, 0x1c, 0x1b, 0x1b, 0x1c, 0x1b, 0x18, 0x18, 0x18, 0x18, 0x18, 0x18, 0x18, 0x18, 0x18,
    0x15, 0x15, 0x15, 0x13, 0x13, 0x13, 0x13, 0x13, 0x13, 0x13, 0x13, 0x0e, 0x0e, 0x0e, 0x0e, 0x0c, 0x0c, 0x0d, 0x0c, 0x0c, 0x0c, 0x0f, 0x0f, 0x06,
    0x00, 0x00, 0x00, 0x02, 0x02, 0x02, 0x16, 0x22, 0x22, 0x30, 0x30, 0x47, 0x47, 0x30, 0x3c, 0x41, 0x3c, 0x3c, 0x47, 0x3c, 0x41, 0x3b, 0x37, 0x3b,
    0x3b, 0x35, 0x33, 0x32, 0x31, 0x2b, 0x25, 0x20, 0x1e, 0x1e, 0x1a, 0x0d, 0x0d, 0x0d, 0x0b, 0x0b, 0x0b, 0x04, 0x15, 0xfe, 0xfd, 0xf5, 0xf4, 0xe3,
    0xbf, 0xd0, 0xb7, 0x55, 0x55, 0x7c, 0x4c, 0x55, 0x55, 0x55, 0x4e, 0x4e, 0x55, 0x7c, 0x3e, 0x15, 0x26, 0x23, 0x26, 0x26, 0x2b, 0x2b, 0x34, 0x34,
    0x34, 0x34, 0x34, 0x34, 0x2f, 0x2b, 0x2b, 0x2b, 0x2a, 0x26, 0x23, 0x23, 0x21, 0x21, 0x1e, 0x1e, 0x1c, 0x1c, 0x1c, 0x1b, 0x18, 0x21, 0x2a, 0x33,
    0x3a, 0x42, 0x48, 0x4f, 0x53, 0x5c, 0x5c, 0x5c, 0x5c, 0x5c, 0x5c, 0x5c, 0x5c, 0x5c, 0x5c, 0x5b, 0x5b, 0x5b, 0x5b, 0x5b, 0x5b, 0x5d, 0x5d, 0x5d,
    0x5d, 0x5d, 0x5e, 0x61, 0x62, 0x62, 0x62, 0x62, 0x62, 0x65, 0x65, 0x66, 0x6b, 0x6b, 0x6b, 0x6b, 0x6e, 0x6f, 0x6f, 0x6f, 0x6f, 0x7b, 0x7b, 0x7b,
    0x7b, 0x7b, 0x7b, 0x7b, 0x7b, 0x8a, 0x8a, 0x8a, 0x8b, 0x8b, 0x8b, 0x8b, 0x8b, 0x8b, 0x8c, 0x8c, 0x92, 0x92, 0x92, 0x92, 0x92, 0x92, 0x92, 0x92,
    0x92, 0x92, 0x92, 0x92, 0x92, 0x92, 0x92, 0x92, 0x92, 0x92, 0x92, 0x92, 0x92, 0x92, 0x92, 0x92, 0x90, 0x90, 0x92, 0x92, 0x90, 0x90, 0x90, 0x92,
    0x90, 0x90, 0x90, 0x90, 0x90, 0x90, 0x90, 0x90, 0x90, 0x90, 0x90, 0x90, 0x91, 0x91, 0x91, 0x90, 0x91, 0x91, 0x91, 0x91, 0x91, 0x91, 0x9c, 0x9c,
    0x9c, 0x9c, 0x9c, 0xab, 0xac, 0xac, 0xac, 0xa9, 0xb2, 0xb4, 0xb4, 0xb4, 0xb6, 0xb6, 0xbb, 0xbb, 0xbd, 0xbe, 0xbe, 0xbe, 0xc0, 0xc0, 0xc4, 0xc5,
    0xc5, 0xc5, 0xc8, 0xc8, 0xcd, 0xcd, 0xcd, 0xcd, 0xce, 0xce, 0xce, 0xd2, 0xd2, 0xd3, 0xd4, 0xd6, 0xd6, 0xd7, 0xd7, 0xd7, 0xda, 0xda, 0xdb, 0xdd,
    0xdd, 0xdf, 0xe1, 0xe4, 0xe4, 0xe4, 0xe5, 0xe6, 0xe9, 0xe9, 0xeb, 0xec, 0xee, 0xee, 0xee, 0xf1, 0xf1, 0xf5, 0xf5, 0xf5, 0xf5, 0xf5, 0xf5, 0xf5,
    0xf7, 0xf5, 0xf5, 0xf5, 0xf5, 0xf5, 0xf5, 0xf5, 0xee, 0xed, 0xed, 0xed, 0xeb, 0xe8, 0xe7, 0xe7, 0xe3, 0xe3, 0xe2, 0xe1, 0xe1, 0xdc, 0xd9, 0xd9,
    0xd9, 0xd8, 0xd5, 0xd5, 0xd3, 0xd3, 0xd2, 0xd0, 0xcf, 0xcc, 0xcb, 0xc9, 0xc7, 0xc6, 0xc6, 0xc3, 0xc2, 0xc2, 0xbc, 0xbc, 0xba, 0xb9, 0xb8, 0xb8,
    0xb3, 0xb3, 0xaf, 0xaf, 0xaf, 0xa6, 0xa6, 0x9b, 0x97, 0x97, 0x8e, 0x8e, 0x8e, 0x8e, 0x8e, 0x89, 0x89, 0x89, 0x88, 0x88, 0x88, 0x88, 0x88, 0x88,
    0x88, 0x88, 0x88, 0x88, 0x88, 0x88, 0x88, 0x88, 0x88, 0x88, 0x88, 0x88, 0x88, 0x88, 0x89, 0x89, 0x89, 0x89, 0x89, 0x89, 0x89, 0x89, 0x89, 0x89,
    0x53, 0x53, 0x54, 0x54, 0x54, 0x54, 0x54, 0x54, 0x54, 0x50, 0x4f, 0x4b, 0x4d, 0x4a, 0x46, 0x46, 0x43, 0x3e, 0x3e, 0x3e, 0x3d, 0x39, 0x39, 0x39,
    0x39, 0x39, 0x39, 0x39, 0x36, 0x36, 0x36, 0x34, 0x34, 0x34, 0x2f, 0x2f, 0x2b, 0x2b, 0x2b, 0x2b, 0x2a, 0x2a, 0x2a, 0x2a, 0x2a, 0x26, 0x23, 0x23,
    0x23, 0x23, 0x23, 0x23, 0x20, 0x1e, 0x21, 0x1e, 0x1e, 0x1c, 0x1c, 0x1c, 0x1b, 0x1c, 0x1b, 0x18, 0x1b, 0x1b, 0x18, 0x18, 0x18, 0x18, 0x18, 0x18,
    0x18, 0x18, 0x15, 0x13, 0x13, 0x13, 0x13, 0x13, 0x13, 0x13, 0x13, 0x12, 0x0f, 0x10, 0x13, 0x0d, 0x10, 0x0d, 0x0d, 0x10, 0x0f, 0x12, 0x0f, 0x03,
    0x00, 0x00, 0x00, 0x02, 0x02, 0x0a, 0x16, 0x30, 0x30, 0x30, 0x47, 0x3c, 0x47, 0x3c, 0x47, 0x3c, 0x47, 0x45, 0x3c, 0x3b, 0x3c, 0x3b, 0x3b, 0x3b,
    0x35, 0x33, 0x31, 0x31, 0x27, 0x24, 0x20, 0x1d, 0x1a, 0x1a, 0x0d, 0x0d, 0x0d, 0x0b, 0x0b, 0x0b, 0x07, 0x03, 0xdd, 0xff, 0xfb, 0xfb, 0xd8, 0xe8,
    0xc9, 0xb7, 0xca, 0x4e, 0x7c, 0x5f, 0x55, 0x55, 0xb7, 0x4c, 0x5f, 0x55, 0x4e, 0x7c, 0x55, 0x1e, 0x23, 0x26, 0x26, 0x26, 0x2b, 0x2b, 0x34, 0x2b,
    0x2b, 0x2b, 0x2b, 0x2b, 0x2b, 0x2b, 0x26, 0x26, 0x23, 0x23, 0x23, 0x21, 0x1e, 0x1f, 0x1c, 0x1c, 0x1c, 0x1c, 0x18, 0x18, 0x1b, 0x21, 0x2a, 0x36,
    0x3a, 0x42, 0x48, 0x4f, 0x54, 0x5c, 0x5c, 0x5c, 0x5c, 0x5c, 0x5c, 0x5c, 0x5b, 0x5c, 0x5c, 0x5b, 0x5b, 0x5d, 0x5d, 0x5d, 0x5d, 0x5d, 0x5d, 0x5d,
    0x5d, 0x5d, 0x61, 0x61, 0x62, 0x62, 0x62, 0x62, 0x65, 0x65, 0x65, 0x66, 0x6b, 0x6b, 0x6b, 0x6b, 0x6e, 0x6f, 0x6f, 0x6f, 0x6f, 0x7b, 0x7b, 0x7b,
    0x7b, 0x7b, 0x7b, 0x7b, 0x8a, 0x8a, 0x8a, 0x8a, 0x8b, 0x8b, 0x8b, 0x8b, 0x8b, 0x8b, 0x8c, 0x8c, 0x92, 0x92, 0x92, 0x92, 0x92, 0x92, 0x92, 0x92,
    0x92, 0x92, 0x92, 0x92, 0x92, 0x92, 0x92, 0x92, 0x92, 0x92, 0x92, 0x92, 0x91, 0x92, 0x92, 0x92, 0x92, 0x90, 0x92, 0x92, 0x92, 0x90, 0x90, 0x92,
    0x90, 0x90, 0x90, 0x90, 0x90, 0x90, 0x90, 0x90, 0x90, 0x90, 0x90, 0x91, 0x91, 0x91, 0x91, 0x91, 0x91, 0x91, 0x91, 0x91, 0x91, 0x91, 0x9c, 0x9c,
    0x9c, 0x9c, 0x9c, 0xac, 0xac, 0xac, 0xac, 0xa9, 0xb2, 0xb4, 0xb4, 0xb4, 0xb6, 0xb6, 0xbb, 0xbb, 0xbb, 0xbd, 0xbe, 0xbe, 0xbe, 0xc4, 0xc4, 0xc5,
    0xc5, 0xc5, 0xc8, 0xc8, 0xc8, 0xcd, 0xcd, 0xcd, 0xce, 0xce, 0xce, 0xd2, 0xd2, 0xd2, 0xd4, 0xd6, 0xd6, 0xd6, 0xd7, 0xd7, 0xd7, 0xda, 0xdb, 0xdb,
    0xdd, 0xdf, 0xe1, 0xe1, 0xe4, 0xe4, 0xe5, 0xe6, 0xe9, 0xe9, 0xeb, 0xec, 0xee, 0xee, 0xee, 0xf1, 0xf5, 0xf5, 0xf5, 0xf5, 0xf5, 0xf7, 0xf7, 0xf7,
    0xf7, 0xf7, 0xf7, 0xf5, 0xf5, 0xf5, 0xf5, 0xf5, 0xf5, 0xee, 0xed, 0xed, 0xed, 0xeb, 0xe8, 0xe7, 0xe5, 0xe3, 0xe3, 0xe2, 0xe1, 0xdc, 0xdb, 0xd9,
    0xd9, 0xd8, 0xd5, 0xd5, 0xd4, 0xd3, 0xd0, 0xd0, 0xcf, 0xcc, 0xcc, 0xcb, 0xc9, 0xc7, 0xc6, 0xc6, 0xc3, 0xc2, 0xc2, 0xbc, 0xba, 0xb9, 0xb9, 0xb8,
    0xb8, 0xb3, 0xaf, 0xaf, 0xaf, 0xaf, 0xa6, 0x9b, 0x97, 0x97, 0x97, 0x8e, 0x8e, 0x8e, 0x8e, 0x8e, 0x89, 0x89, 0x89, 0x89, 0x88, 0x88, 0x88, 0x88,
    0x88, 0x88, 0x88, 0x88, 0x88, 0x88, 0x88, 0x88, 0x88, 0x88, 0x88, 0x88, 0x89, 0x89, 0x89, 0x89, 0x89, 0x89, 0x89, 0x89, 0x89, 0x89, 0x89, 0x89,
    0x53, 0x54, 0x54, 0x54, 0x54, 0x54, 0x54, 0x54, 0x54, 0x50, 0x4f, 0x4b, 0x4d, 0x4b, 0x46, 0x46, 0x43, 0x43, 0x3a, 0x36, 0x3a, 0x39, 0x39, 0x3a,
    0x39, 0x39, 0x39, 0x39, 0x36, 0x36, 0x36, 0x36, 0x34, 0x34, 0x34, 0x2f, 0x2f, 0x2b, 0x2b, 0x2b, 0x2a, 0x2a, 0x2a, 0x2a, 0x26, 0x2a, 0x26, 0x25,
    0x23, 0x23, 0x23, 0x23, 0x21, 0x21, 0x21, 0x1e, 0x1e, 0x1e, 0x1f, 0x1f, 0x1c, 0x1c, 0x1c, 0x1c, 0x1b, 0x18, 0x15, 0x18, 0x18, 0x18, 0x18, 0x18,
    0x18, 0x18, 0x15, 0x15, 0x15, 0x13, 0x13, 0x13, 0x13, 0x13, 0x13, 0x13, 0x13, 0x13, 0x13, 0x10, 0x0d, 0x0d, 0x10, 0x10, 0x10, 0x13, 0x06, 0x00,
    0x00, 0x00, 0x02, 0x02, 0x0a, 0x0a, 0x30, 0x22, 0x3c, 0x30, 0x47, 0x47, 0x47, 0x47, 0x51, 0x47, 0x47, 0x47, 0x47, 0x3c, 0x3b, 0x3b, 0x37, 0x35,
    0x2c, 0x28, 0x27, 0x27, 0x24, 0x20, 0x1d, 0x1e, 0x1a, 0x15, 0x0d, 0x0d, 0x0d, 0x0b, 0x0b, 0x0b, 0x00, 0x42, 0xff, 0xfd, 0xfb, 0xe8, 0xd8, 0xbf,
    0xd8, 0xb7, 0x7c, 0x7c, 0x4e, 0x5f, 0x5f, 0x5f, 0x5f, 0x55, 0x4e, 0x55, 0x55, 0x55, 0x7c, 0x3d, 0x1b, 0x26, 0x26, 0x26, 0x26, 0x2b, 0x2b, 0x2b,
    0x2b, 0x2b, 0x2b, 0x2b, 0x2a, 0x26, 0x26, 0x23, 0x23, 0x21, 0x21, 0x21, 0x1e, 0x1c, 0x1c, 0x1c, 0x18, 0x18, 0x18, 0x18, 0x18, 0x21, 0x2a, 0x36,
    0x3a, 0x42, 0x48, 0x4f, 0x54, 0x5c, 0x5c, 0x5c, 0x5c, 0x5c, 0x5c, 0x5b, 0x5b, 0x5c, 0x5c, 0x5b, 0x5b, 0x5d, 0x5d, 0x5d, 0x5d, 0x5d, 0x5d, 0x5d,
    0x5d, 0x5e, 0x61, 0x61, 0x62, 0x62, 0x62, 0x62, 0x65, 0x65, 0x66, 0x66, 0x6b, 0x6b, 0x6b, 0x6e, 0x6e, 0x6f, 0x6e, 0x6f, 0x7b, 0x7b, 0x7b, 0x7b,
    0x7b, 0x7b, 0x7b, 0x86, 0x8a, 0x8a, 0x8a, 0x8a, 0x8b, 0x8b, 0x8c, 0x8c, 0x8c, 0x8c, 0x8c, 0x8c, 0x92, 0x92, 0x92, 0x93, 0x92, 0x92, 0x92, 0x92,
    0x92, 0x92, 0x92, 0x92, 0x92, 0x92, 0x92, 0x92, 0x92, 0x92, 0x92, 0x92, 0x91, 0x92, 0x92, 0x92, 0x92, 0x92, 0x92, 0x92, 0x92, 0x90, 0x90, 0x92,
    0x92, 0x91, 0x90, 0x92, 0x90, 0x91, 0x90, 0x91, 0x90, 0x90, 0x90, 0x91, 0x91, 0x91, 0x91, 0x91, 0x91, 0x91, 0x91, 0x91, 0x91, 0x91, 0x9c, 0x9c,
    0x9c, 0x9c, 0x9c, 0xac, 0xac, 0xac, 0xac, 0xa9, 0xb2, 0xb4, 0xb4, 0xb4, 0xb4, 0xb6, 0xb6, 0xbb, 0xbb, 0xbd, 0xbe, 0xbe, 0xbe, 0xc0, 0xc4, 0xc4,
    0xc5, 0xc5, 0xc8, 0xc8, 0xc8, 0xc8, 0xcd, 0xcd, 0xcd, 0xce, 0xce, 0xce, 0xd2, 0xd2, 0xd3, 0xd4, 0xd6, 0xd6, 0xd7, 0xd7, 0xd7, 0xda, 0xda, 0xdb,
    0xdd, 0xde, 0xe1, 0xe1, 0xe4, 0xe4, 0xe5, 0xe5, 0xe9, 0xe9, 0xeb, 0xec, 0xee, 0xee, 0xee, 0xf1, 0xf5, 0xf5, 0xf5, 0xf5, 0xf7, 0xf7, 0xf7, 0xf7,
    0xf7, 0xf7, 0xf7, 0xf7, 0xf7, 0xf5, 0xf5, 0xf5, 0xf5, 0xf5, 0xee, 0xed, 0xed, 0xed, 0xeb, 0xe8, 0xe7, 0xe5, 0xe3, 0xe2, 0xe1, 0xe1, 0xdc, 0xd9,
    0xd9, 0xd9, 0xd8, 0xd5, 0xd5, 0xd3, 0xd2, 0xd0, 0xcf, 0xcf, 0xcc, 0xcb, 0xc9, 0xc7, 0xc6, 0xc6, 0xc3, 0xc2, 0xc2, 0xbc, 0xbc, 0xba, 0xb9, 0xb9,
    0xb8, 0xb3, 0xb3, 0xaf, 0xaf, 0xaf, 0xa6, 0xa6, 0x9b, 0x97, 0x97, 0x97, 0x8e, 0x8e, 0x8e, 0x8e, 0x8e, 0x89, 0x89, 0x89, 0x89, 0x89, 0x88, 0x88,
    0x88, 0x88, 0x88, 0x88, 0x88, 0x88, 0x88, 0x88, 0x88, 0x88, 0x89, 0x89, 0x89, 0x89, 0x89, 0x89, 0x89, 0x89, 0x89, 0x89, 0x89, 0x89, 0x89, 0x89,
    0x54, 0x54, 0x54, 0x54, 0x54, 0x54, 0x54, 0x54, 0x54, 0x50, 0x4f, 0x4b, 0x4d, 0x4a, 0x4a, 0x46, 0x43, 0x43, 0x34, 0x1e, 0x2a, 0x3d, 0x39, 0x39,
    0x3a, 0x39, 0x39, 0x39, 0x39, 0x36, 0x36, 0x36, 0x34, 0x34, 0x34, 0x34, 0x2f, 0x2f, 0x2f, 0x2b, 0x2b, 0x2a, 0x2a, 0x2a, 0x2a, 0x2a, 0x26, 0x25,
    0x25, 0x25, 0x23, 0x23, 0x23, 0x21, 0x21, 0x1e, 0x1e, 0x1e, 0x1e, 0x1f, 0x1f, 0x1c, 0x1c, 0x1c, 0x1b, 0x13, 0x0c, 0x10, 0x18, 0x18, 0x18, 0x18,
    0x18, 0x18, 0x18, 0x18, 0x18, 0x18, 0x15, 0x13, 0x13, 0x15, 0x13, 0x13, 0x13, 0x13, 0x13, 0x13, 0x10, 0x10, 0x13, 0x10, 0x13, 0x13, 0x03, 0x00,
    0x00, 0x00, 0x02, 0x02, 0x02, 0x0a, 0x22, 0x22, 0x3c, 0x16, 0x3c, 0x47, 0x47, 0x47, 0x3c, 0x47, 0x3c, 0x3c, 0x3c, 0x3b, 0x3b, 0x35, 0x2c, 0x2c,
    0x28, 0x27, 0x27, 0x20, 0x20, 0x1d, 0x1a, 0x1a, 0x15, 0x0d, 0x0d, 0x0d, 0x0b, 0x0b, 0x07, 0x06, 0x05, 0xf6, 0xfe, 0xfb, 0xfb, 0xe8, 0xd0, 0xc6,
    0xb7, 0xbf, 0x5f, 0xb7, 0xca, 0x39, 0x7c, 0x7c, 0x49, 0x7c, 0x55, 0x4e, 0x5f, 0x55, 0x7c, 0x4c, 0x1e, 0x23, 0x26, 0x26, 0x26, 0x2b, 0x26, 0x2b,
    0x2b, 0x26, 0x26, 0x26, 0x26, 0x23, 0x23, 0x23, 0x21, 0x21, 0x1e, 0x1f, 0x1c, 0x1b, 0x1b, 0x18, 0x18, 0x18, 0x18, 0x18, 0x1a, 0x21, 0x29, 0x36,
    0x3a, 0x42, 0x48, 0x4f, 0x54, 0x5c, 0x5c, 0x5c, 0x5c, 0x5c, 0x5c, 0x5c, 0x5b, 0x5c, 0x5b, 0x5b, 0x5d, 0x5d, 0x5d, 0x5d, 0x5d, 0x5d, 0x5d, 0x5e,
    0x5e, 0x5e, 0x61, 0x62, 0x62, 0x62, 0x62, 0x62, 0x65, 0x65, 0x66, 0x66, 0x6b, 0x6b, 0x6b, 0x6e, 0x6e, 0x6f, 0x6e, 0x6f, 0x7b, 0x7b, 0x7b, 0x7b,
    0x7b, 0x7b, 0x7b, 0x85, 0x8a, 0x86, 0x8a, 0x8a, 0x8b, 0x8b, 0x8c, 0x8c, 0x8c, 0x8c, 0x92, 0x92, 0x93, 0x92, 0x93, 0x93, 0x93, 0x92, 0x92, 0x92,
    0x92, 0x94, 0x92, 0x92, 0x92, 0x92, 0x92, 0x92, 0x92, 0x92, 0x92, 0x92, 0x92, 0x91, 0x92, 0x92, 0x92, 0x92, 0x92, 0x92, 0x92, 0x92, 0x90, 0x92,
    0x92, 0x91, 0x91, 0x92, 0x90, 0x91, 0x91, 0x91, 0x91, 0x90, 0x90, 0x91, 0x91, 0x91, 0x91, 0x91, 0x91, 0x91, 0x9c, 0x91, 0x91, 0x91, 0x9c, 0x9c,
    0x9c, 0x9c, 0x9c, 0xac, 0xac, 0xac, 0xac, 0xa9, 0xa9, 0xb2, 0xb4, 0xb4, 0xb4, 0xb6, 0xb6, 0xbb, 0xbb, 0xbb, 0xbd, 0xbe, 0xbe, 0xbe, 0xc4, 0xc4,
    0xc5, 0xc5, 0xc5, 0xc8, 0xc8, 0xc8, 0xcd, 0xcd, 0xcd, 0xce, 0xce, 0xce, 0xd2, 0xd2, 0xd2, 0xd4, 0xd6, 0xd6, 0xd6, 0xd7, 0xd7, 0xd7, 0xda, 0xdb,
    0xdb, 0xdd, 0xdf, 0xe1, 0xe4, 0xe4, 0xe5, 0xe5, 0xe9, 0xe9, 0xeb, 0xec, 0xee, 0xee, 0xf1, 0xf1, 0xf5, 0xf5, 0xf5, 0xf5, 0xf7, 0xf7, 0xf7, 0xf7,
    0xf7, 0xf7, 0xf7, 0xf7, 0xf7, 0xf7, 0xf7, 0xf5, 0xf5, 0xf5, 0xf5, 0xee, 0xed, 0xed, 0xeb, 0xe8, 0xe7, 0xe7, 0xe3, 0xe3, 0xe2, 0xe1, 0xdc, 0xdc,
    0xd9, 0xd9, 0xd8, 0xd5, 0xd5, 0xd3, 0xd3, 0xd0, 0xd0, 0xcf, 0xcc, 0xcc, 0xcb, 0xc9, 0xc7, 0xc6, 0xc3, 0xc2, 0xc2, 0xc2, 0xbc, 0xba, 0xb9, 0xb9,
    0xb8, 0xb8, 0xb3, 0xb3, 0xaf, 0xaf, 0xaf, 0xa6, 0xa6, 0x9b, 0x97, 0x97, 0x97, 0x8e, 0x8e, 0x8e, 0x8e, 0x8e, 0x89, 0x89, 0x89, 0x89, 0x89, 0x89,
    0x88, 0x88, 0x88, 0x88, 0x88, 0x88, 0x88, 0x88, 0x89, 0x89, 0x89, 0x89, 0x89, 0x89, 0x89, 0x89, 0x89, 0x89, 0x89, 0x89, 0x89, 0x89, 0x89, 0x89,
    0x54, 0x54, 0x54, 0x54, 0x54, 0x54, 0x54, 0x54, 0x54, 0x50, 0x4f, 0x4b, 0x4d, 0x4b, 0x4a, 0x49, 0x43, 0x43, 0x34, 0x1b, 0x1e, 0x39, 0x3a, 0x39,
    0x39, 0x39, 0x39, 0x39, 0x39, 0x39, 0x36, 0x36, 0x34, 0x34, 0x34, 0x34, 0x34, 0x2f, 0x2f, 0x2b, 0x2b, 0x2b, 0x2b, 0x2b, 0x2a, 0x2a, 0x26, 0x26,
    0x26, 0x25, 0x23, 0x23, 0x23, 0x23, 0x23, 0x20, 0x21, 0x1e, 0x1e, 0x1e, 0x1e, 0x1f, 0x1c, 0x1f, 0x1b, 0x10, 0x0c, 0x13, 0x18, 0x1b, 0x1a, 0x1a,
    0x18, 0x18, 0x18, 0x18, 0x18, 0x18, 0x18, 0x15, 0x18, 0x18, 0x15, 0x13, 0x13, 0x13, 0x15, 0x13, 0x13, 0x15, 0x13, 0x13, 0x15, 0x0f, 0x00, 0x00,
    0x00, 0x00, 0x02, 0x02, 0x02, 0x0a, 0x16, 0x30, 0x22, 0x30, 0x3c, 0x30, 0x3c, 0x3c, 0x30, 0x3c, 0x30, 0x3b, 0x37, 0x30, 0x2c, 0x2c, 0x2c, 0x27,
    0x27, 0x24, 0x20, 0x20, 0x1d, 0x1d, 0x1a, 0x15, 0x10, 0x0d, 0x0d, 0x0b, 0x0b, 0x04, 0x0b, 0x00, 0x2e, 0xfe, 0xfe, 0xfb, 0xe8, 0xd8, 0xc6, 0xcb,
    0x7c, 0x7c, 0xd1, 0x55, 0xb7, 0x5f, 0x43, 0x7c, 0x5f, 0x4c, 0x7c, 0x55, 0x5f, 0x5f, 0x55, 0x7c, 0x2f, 0x1b, 0x23, 0x25, 0x26, 0x26, 0x26, 0x26,
    0x26, 0x26, 0x26, 0x23, 0x23, 0x21, 0x23, 0x21, 0x1f, 0x1f, 0x1c, 0x1b, 0x1b, 0x1a, 0x18, 0x18, 0x18, 0x18, 0x18, 0x18, 0x18, 0x1f, 0x29, 0x2d,
    0x3a, 0x42, 0x48, 0x4f, 0x56, 0x5c, 0x5c, 0x5c, 0x5c, 0x5c, 0x5c, 0x5b, 0x5b, 0x5d, 0x5b, 0x5d, 0x5d, 0x5d, 0x5d, 0x5d, 0x5d, 0x5d, 0x5d, 0x5e,
    0x5e, 0x5e, 0x61, 0x62, 0x62, 0x62, 0x62, 0x62, 0x65, 0x65, 0x66, 0x6b, 0x6b, 0x6b, 0x6b, 0x6e, 0x6e, 0x6e, 0x6e, 0x7b, 0x7b, 0x7b, 0x7b, 0x7b,
    0x7b, 0x7b, 0x7b, 0x85, 0x86, 0x86, 0x8a, 0x8b, 0x8b, 0x8b, 0x8c, 0x8c, 0x92, 0x92, 0x93, 0x93, 0x93, 0x93, 0x94, 0x94, 0x94, 0x92, 0x92, 0x92,
    0x92, 0x94, 0x94, 0x92, 0x92, 0x92, 0x92, 0x92, 0x96, 0x92, 0x92, 0x92, 0x92, 0x92, 0x91, 0x92, 0x92, 0x92, 0x92, 0x92, 0x91, 0x92, 0x91, 0x92,
    0x92, 0x91, 0x91, 0x92, 0x92, 0x91, 0x91, 0x91, 0x91, 0x91, 0x90, 0x91, 0x91, 0x91, 0x9c, 0x91, 0x91, 0x91, 0x9c, 0x9c, 0x91, 0x91, 0x9c, 0x9c,
    0x9c, 0x9c, 0x9c, 0xac, 0xac, 0xac, 0xac, 0xa9, 0xa9, 0xb2, 0xb4, 0xb4, 0xb4, 0xb6, 0xb6, 0xbb, 0xbb, 0xbb, 0xbd, 0xbe, 0xbe, 0xbe, 0xc0, 0xc4,
    0xc4, 0xc5, 0xc5, 0xc8, 0xc8, 0xc8, 0xc8, 0xcd, 0xcd, 0xcd, 0xce, 0xce, 0xce, 0xd2, 0xd2, 0xd3, 0xd4, 0xd6, 0xd6, 0xd7, 0xd7, 0xd7, 0xda, 0xda,
    0xdb, 0xdd, 0xde, 0xe1, 0xe4, 0xe4, 0xe4, 0xe5, 0xe9, 0xe9, 0xe9, 0xec, 0xee, 0xee, 0xf1, 0xf1, 0xf5, 0xf5, 0xf5, 0xf7, 0xf7, 0xf7, 0xf7, 0xf7,
    0xf7, 0xf7, 0xf7, 0xf7, 0xf7, 0xf7, 0xf7, 0xf7, 0xf5, 0xf5, 0xf5, 0xee, 0xed, 0xed, 0xed, 0xeb, 0xe8, 0xe7, 0xe5, 0xe3, 0xe2, 0xe1, 0xe1, 0xdc,
    0xd9, 0xd9, 0xd9, 0xd8, 0xd5, 0xd5, 0xd3, 0xd2, 0xd0, 0xcf, 0xcf, 0xcc, 0xcb, 0xc9, 0xc7, 0xc6, 0xc6, 0xc3, 0xc2, 0xc2, 0xbc, 0xbc, 0xba, 0xb9,
    0xb9, 0xb8, 0xb3, 0xb3, 0xaf, 0xaf, 0xaf, 0xa6, 0xa6, 0x9b, 0x97, 0x97, 0x97, 0x97, 0x8e, 0x8e, 0x8e, 0x8e, 0x8e, 0x8e, 0x89, 0x89, 0x89, 0x89,
    0x89, 0x89, 0x89, 0x89, 0x89, 0x89, 0x89, 0x89, 0x89, 0x89, 0x89, 0x89, 0x89, 0x89, 0x89, 0x89, 0x89, 0x89, 0x89, 0x89, 0x89, 0x89, 0x8e, 0x8e,
    0x54, 0x54, 0x54, 0x54, 0x54, 0x54, 0x54, 0x54, 0x54, 0x52, 0x4f, 0x4b, 0x4d, 0x4b, 0x4a, 0x46, 0x43, 0x43, 0x2f, 0x18, 0x1e, 0x39, 0x3a, 0x39,
    0x3d, 0x39, 0x39, 0x39, 0x39, 0x39, 0x39, 0x36, 0x36, 0x34, 0x34, 0x34, 0x34, 0x34, 0x2f, 0x2f, 0x2b, 0x2b, 0x2b, 0x2b, 0x2b, 0x2b, 0x26, 0x26,
    0x26, 0x25, 0x23, 0x23, 0x23, 0x23, 0x23, 0x23, 0x23, 0x21, 0x1e, 0x1e, 0x1e, 0x1e, 0x1e, 0x1e, 0x1b, 0x10, 0x0d, 0x15, 0x1b, 0x1b, 0x1b, 0x1b,
    0x1a, 0x18, 0x18, 0x18, 0x18, 0x18, 0x18, 0x18, 0x15, 0x15, 0x15, 0x15, 0x15, 0x15, 0x15, 0x15, 0x15, 0x15, 0x13, 0x15, 0x14, 0x03, 0x00, 0x00,
    0x00, 0x00, 0x02, 0x02, 0x0a, 0x0a, 0x16, 0x22, 0x22, 0x3c, 0x30, 0x3c, 0x3c, 0x30, 0x30, 0x30, 0x2c, 0x37, 0x30, 0x2c, 0x2c, 0x2c, 0x27, 0x27,
    0x27, 0x24, 0x20, 0x1d, 0x1d, 0x1a, 0x1a, 0x10, 0x0d, 0x0d, 0x0d, 0x0b, 0x04, 0x04, 0x0b, 0x00, 0x4f, 0xff, 0xfd, 0xed, 0xd8, 0xc6, 0xc6, 0xb7,
    0xb7, 0x5f, 0xca, 0xd0, 0x34, 0xb7, 0x7c, 0x3e, 0x7c, 0x7c, 0x4c, 0x7c, 0x55, 0x5f, 0x5f, 0xb7, 0x49, 0x1b, 0x23, 0x23, 0x23, 0x25, 0x25, 0x23,
    0x23, 0x23, 0x23, 0x21, 0x21, 0x1e, 0x1c, 0x1c, 0x1c, 0x1c, 0x1b, 0x18, 0x18, 0x18, 0x18, 0x14, 0x14, 0x14, 0x14, 0x14, 0x14, 0x1f, 0x29, 0x2f,
    0x3a, 0x42, 0x48, 0x4f, 0x56, 0x5c, 0x5c, 0x5c, 0x5c, 0x5c, 0x5c, 0x5b, 0x5b, 0x5d, 0x5d, 0x5d, 0x5d, 0x5d, 0x5d, 0x5d, 0x5d, 0x5d, 0x5d, 0x5e,
    0x5e, 0x5e, 0x62, 0x62, 0x62, 0x62, 0x62, 0x62, 0x65, 0x66, 0x66, 0x6b, 0x6b, 0x6b, 0x6b, 0x6e, 0x6f, 0x6e, 0x6e, 0x7b, 0x7b, 0x7b, 0x7b, 0x7b,
    0x7b, 0x7b, 0x85, 0x8a, 0x86, 0x86, 0x8a, 0x8b, 0x8b, 0x8b, 0x8c, 0x8c, 0x93, 0x93, 0x93, 0x93, 0x93, 0x93, 0x94, 0x94, 0x94, 0x94, 0x94, 0x92,
    0x92, 0x94, 0x94, 0x96, 0x92, 0x94, 0x92, 0x92, 0x96, 0x96, 0x92, 0x92, 0x96, 0x92, 0x92, 0x91, 0x96, 0x92, 0x92, 0x92, 0x91, 0x91, 0x91, 0x91,
    0x92, 0x91, 0x91, 0x91, 0x92, 0x91, 0x91, 0x91, 0x91, 0x91, 0x91, 0x91, 0x91, 0x91, 0x9c, 0x91, 0x91, 0x91, 0x9c, 0x9c, 0x91, 0x91, 0x9c, 0x9c,
    0x9c, 0x9c, 0x9c, 0xac, 0xac, 0xac, 0xac, 0xa9, 0xa9, 0xb4, 0xb4, 0xb4, 0xb4, 0xb6, 0xb6, 0xbb, 0xbb, 0xbb, 0xbd, 0xbd, 0xbe, 0xbe, 0xc0, 0xc0,
    0xc4, 0xc5, 0xc5, 0xc5, 0xc8, 0xc8, 0xc8, 0xcd, 0xcd, 0xcd, 0xce, 0xce, 0xce, 0xd2, 0xd2, 0xd2, 0xd4, 0xd6, 0xd6, 0xd6, 0xd7, 0xd7, 0xda, 0xda,
    0xdb, 0xdd, 0xde, 0xe1, 0xe1, 0xe4, 0xe4, 0xe5, 0xe6, 0xe9, 0xe9, 0xec, 0xee, 0xee, 0xf1, 0xf1, 0xf5, 0xf5, 0xf5, 0xf7, 0xf7, 0xf7, 0xf7, 0xf7,
    0xf7, 0xf7, 0xf7, 0xf7, 0xf7, 0xf7, 0xf7, 0xf7, 0xf7, 0xf5, 0xf5, 0xf5, 0xee, 0xed, 0xed, 0xed, 0xeb, 0xe8, 0xe7, 0xe3, 0xe3, 0xe2, 0xe1, 0xdd,
    0xdc, 0xd9, 0xd9, 0xd8, 0xd5, 0xd5, 0xd4, 0xd3, 0xd0, 0xd0, 0xcf, 0xcc, 0xcc, 0xcb, 0xc9, 0xc7, 0xc6, 0xc3, 0xc3, 0xc2, 0xc2, 0xbc, 0xba, 0xb9,
    0xb9, 0xb8, 0xb8, 0xb3, 0xb3, 0xaf, 0xaf, 0xaf, 0xa6, 0xa6, 0x9b, 0x97, 0x97, 0x97, 0x97, 0x8e, 0x8e, 0x8e, 0x8e, 0x8e, 0x8e, 0x89, 0x89, 0x89,
    0x89, 0x89, 0x89, 0x89, 0x89, 0x89, 0x89, 0x89, 0x89, 0x89, 0x89, 0x89, 0x89, 0x89, 0x89, 0x89, 0x89, 0x89, 0x89, 0x8e, 0x8e, 0x8e, 0x8e, 0x8e,
    0x54, 0x54, 0x54, 0x54, 0x54, 0x54, 0x54, 0x54, 0x56, 0x52, 0x4f, 0x4b, 0x4d, 0x4b, 0x49, 0x49, 0x43, 0x43, 0x3d, 0x36, 0x36, 0x3e, 0x3d, 0x3d,
    0x3a, 0x3a, 0x39, 0x39, 0x39, 0x39, 0x39, 0x39, 0x39, 0x36, 0x34, 0x34, 0x34, 0x34, 0x34, 0x2f, 0x2b, 0x2b, 0x2b, 0x2b, 0x2b, 0x2b, 0x2a, 0x26,
    0x26, 0x26, 0x25, 0x23, 0x23, 0x23, 0x23, 0x23, 0x25, 0x23, 0x21, 0x1e, 0x1e, 0x1e, 0x1e, 0x21, 0x1e, 0x15, 0x18, 0x1b, 0x1c, 0x1b, 0x1b, 0x1b,
    0x1b, 0x1a, 0x1b, 0x1b, 0x18, 0x18, 0x18, 0x18, 0x18, 0x18, 0x18, 0x15, 0x15, 0x15, 0x15, 0x15, 0x15, 0x18, 0x18, 0x18, 0x11, 0x00, 0x00, 0x00,
    0x00, 0x02, 0x02, 0x02, 0x16, 0x0a, 0x30, 0x22, 0x30, 0x30, 0x30, 0x3c, 0x30, 0x28, 0x3b, 0x2c, 0x2c, 0x2c, 0x2c, 0x28, 0x28, 0x27, 0x24, 0x24,
    0x20, 0x1d, 0x1d, 0x1d, 0x1a, 0x1a, 0x15, 0x10, 0x0d, 0x0d, 0x0d, 0x0b, 0x04, 0x04, 0x0b, 0x00, 0x52, 0xff, 0xfd, 0xf5, 0xd8, 0xca, 0x7c, 0xb7,
    0xb7, 0x55, 0x4a, 0xe8, 0x7c, 0x4c, 0xe8, 0x49, 0x36, 0xbf, 0x5f, 0x5f, 0x7c, 0x5f, 0x5f, 0x5f, 0x7c, 0x1e, 0x1b, 0x23, 0x1e, 0x23, 0x1e, 0x21,
    0x21, 0x21, 0x21, 0x21, 0x1f, 0x1c, 0x1c, 0x1c, 0x18, 0x18, 0x18, 0x18, 0x18, 0x14, 0x14, 0x13, 0x14, 0x14, 0x14, 0x14, 0x14, 0x1f, 0x24, 0x2f,
    0x3a, 0x42, 0x48, 0x4f, 0x56, 0x5c, 0x5c, 0x5c, 0x5d, 0x5d, 0x5d, 0x5b, 0x5b, 0x5d, 0x5d, 0x5d, 0x5d, 0x5d, 0x5d, 0x5d, 0x5d, 0x5d, 0x5d, 0x5e,
    0x5e, 0x62, 0x62, 0x62, 0x62, 0x62, 0x62, 0x65, 0x65, 0x66, 0x6b, 0x6b, 0x6b, 0x6b, 0x6b, 0x6e, 0x6f, 0x6e, 0x6f, 0x7b, 0x7b, 0x7b, 0x7b, 0x7b,
    0x7b, 0x85, 0x85, 0x8a, 0x86, 0x85, 0x8b, 0x8b, 0x8b, 0x8b, 0x8c, 0x8c, 0x93, 0x93, 0x92, 0x92, 0x94, 0x94, 0x94, 0x96, 0x94, 0x98, 0x94, 0x96,
    0x96, 0x94, 0x94, 0x96, 0x96, 0x96, 0x94, 0x96, 0x96, 0x96, 0x96, 0x92, 0x96, 0x96, 0x92, 0x92, 0x96, 0x92, 0x92, 0x92, 0x92, 0x91, 0x91, 0x91,
    0x92, 0x91, 0x91, 0x91, 0x91, 0x91, 0x91, 0x91, 0x91, 0x91, 0x91, 0x91, 0x91, 0x91, 0x9c, 0x9c, 0x91, 0x91, 0x9c, 0x9c, 0x9c, 0x91, 0x9c, 0x9c,
    0x9c, 0x9c, 0x9c, 0xac, 0xac, 0xac, 0xac, 0xa9, 0xa9, 0xb4, 0xb4, 0xb4, 0xb4, 0xb6, 0xb6, 0xbb, 0xbb, 0xbb, 0xbd, 0xbd, 0xbe, 0xbe, 0xc0, 0xc0,
    0xc0, 0xc4, 0xc5, 0xc5, 0xc8, 0xc8, 0xc8, 0xc8, 0xcd, 0xcd, 0xcd, 0xce, 0xce, 0xce, 0xd2, 0xd2, 0xd3, 0xd4, 0xd6, 0xd6, 0xd7, 0xd7, 0xd7, 0xda,
    0xdb, 0xdb, 0xdd, 0xdf, 0xe1, 0xe4, 0xe4, 0xe5, 0xe5, 0xe9, 0xe9, 0xec, 0xec, 0xf1, 0xf1, 0xf1, 0xf5, 0xf5, 0xf5, 0xf7, 0xf7, 0xf7, 0xf7, 0xf7,
    0xf7, 0xf7, 0xf7, 0xf7, 0xf7, 0xf7, 0xf7, 0xf7, 0xf7, 0xf7, 0xf5, 0xf5, 0xf5, 0xee, 0xed, 0xed, 0xeb, 0xe8, 0xe7, 0xe5, 0xe3, 0xe3, 0xe1, 0xe1,
    0xdc, 0xd9, 0xd9, 0xd9, 0xd8, 0xd5, 0xd5, 0xd3, 0xd0, 0xd0, 0xcf, 0xcf, 0xcc, 0xcb, 0xc9, 0xc7, 0xc6, 0xc6, 0xc3, 0xc2, 0xc2, 0xbc, 0xbc, 0xba,
    0xb9, 0xb9, 0xb8, 0xb8, 0xb3, 0xaf, 0xaf, 0xaf, 0xaf, 0xa6, 0xa6, 0x9b, 0x97, 0x97, 0x97, 0x97, 0x8e, 0x8e, 0x8e, 0x8e, 0x8e, 0x8e, 0x8e, 0x8e,
    0x89, 0x89, 0x89, 0x89, 0x89, 0x89, 0x89, 0x89, 0x89, 0x89, 0x89, 0x89, 0x89, 0x89, 0x89, 0x89, 0x89, 0x8e, 0x8e, 0x8e, 0x8e, 0x8e, 0x8e, 0x8e,
    0x54, 0x54, 0x54, 0x54, 0x54, 0x54, 0x54, 0x54, 0x56, 0x52, 0x4f, 0x4b, 0x4d, 0x4b, 0x4a, 0x49, 0x43, 0x43, 0x43, 0x43, 0x43, 0x43, 0x3d, 0x3d,
    0x3d, 0x3d, 0x3d, 0x3d, 0x39, 0x39, 0x39, 0x39, 0x39, 0x34, 0x34, 0x34, 0x34, 0x34, 0x34, 0x34, 0x34, 0x34, 0x2b, 0x2b, 0x2b, 0x2b, 0x2a, 0x2a,
    0x26, 0x26, 0x26, 0x25, 0x23, 0x23, 0x23, 0x23, 0x23, 0x23, 0x21, 0x1e, 0x21, 0x21, 0x1e, 0x1e, 0x1e, 0x1e, 0x1e, 0x1e, 0x1e, 0x1e, 0x1b, 0x1e,
    0x1b, 0x1b, 0x1b, 0x1b, 0x1b, 0x18, 0x18, 0x18, 0x1a, 0x18, 0x18, 0x15, 0x15, 0x18, 0x15, 0x15, 0x15, 0x18, 0x18, 0x1b, 0x06, 0x00, 0x00, 0x00,
    0x00, 0x02, 0x02, 0x02, 0x16, 0x0a, 0x30, 0x16, 0x30, 0x30, 0x30, 0x30, 0x28, 0x22, 0x30, 0x28, 0x28, 0x28, 0x27, 0x27, 0x27, 0x27, 0x24, 0x20,
    0x1d, 0x1d, 0x1d, 0x1a, 0x1a, 0x1a, 0x10, 0x0d, 0x0d, 0x0d, 0x0d, 0x07, 0x04, 0x04, 0x0b, 0x00, 0x52, 0xff, 0xfd, 0xe3, 0xc6, 0xb7, 0x7c, 0x7c,
    0xb7, 0x5f, 0x4c, 0x4e, 0xd0, 0x5f, 0x2f, 0xca, 0x5f, 0x55, 0x7c, 0x7c, 0x55, 0x7c, 0x7c, 0x5f, 0xb7, 0x39, 0x15, 0x1c, 0x21, 0x1e, 0x1e, 0x1f,
    0x1f, 0x1c, 0x1c, 0x1c, 0x1b, 0x1b, 0x18, 0x18, 0x18, 0x18, 0x18, 0x14, 0x14, 0x13, 0x13, 0x13, 0x13, 0x13, 0x13, 0x13, 0x14, 0x1f, 0x24, 0x2f,
    0x3a, 0x42, 0x48, 0x4f, 0x56, 0x5c, 0x5c, 0x5c, 0x5d, 0x5d, 0x5d, 0x5d, 0x5d, 0x5d, 0x5d, 0x5d, 0x5d, 0x5d, 0x5d, 0x5d, 0x5d, 0x5d, 0x5d, 0x5e,
    0x62, 0x62, 0x62, 0x62, 0x62, 0x62, 0x62, 0x65, 0x66, 0x66, 0x6b, 0x6b, 0x6b, 0x6b, 0x6e, 0x6f, 0x6f, 0x6e, 0x6f, 0x7b, 0x7b, 0x7b, 0x7b, 0x7b,
    0x7b, 0x85, 0x8a, 0x8a, 0x85, 0x85, 0x8b, 0x8b, 0x8b, 0x92, 0x92, 0x92, 0x93, 0x93, 0x94, 0x94, 0x94, 0x94, 0x94, 0x96, 0x96, 0x98, 0x98, 0x96,
    0x96, 0x94, 0x94, 0x96, 0x96, 0x96, 0x96, 0x96, 0x96, 0x96, 0x96, 0x96, 0x96, 0x96, 0x96, 0x92, 0x96, 0x96, 0x92, 0x92, 0x92, 0x92, 0x91, 0x91,
    0x91, 0x91, 0x91, 0x91, 0x91, 0x91, 0x91, 0x91, 0x91, 0x9c, 0x91, 0x91, 0x91, 0x91, 0x9c, 0x9c, 0x9c, 0x91, 0x9c, 0x9c, 0x9c, 0x9c, 0x9c, 0x9c,
    0x9c, 0x9c, 0x9c, 0xab, 0xac, 0xac, 0xac, 0xa9, 0xa9, 0xb4, 0xb4, 0xb4, 0xb4, 0xb6, 0xb6, 0xb6, 0xbb, 0xbb, 0xbd, 0xbd, 0xbe, 0xbe, 0xbe, 0xc0,
    0xc0, 0xc4, 0xc5, 0xc5, 0xc8, 0xc8, 0xc8, 0xc8, 0xc8, 0xcd, 0xcd, 0xce, 0xce, 0xce, 0xce, 0xd2, 0xd2, 0xd4, 0xd6, 0xd6, 0xd6, 0xd7, 0xd7, 0xda,
    0xda, 0xdb, 0xdd, 0xde, 0xe1, 0xe4, 0xe4, 0xe4, 0xe5, 0xe9, 0xe9, 0xec, 0xec, 0xf1, 0xf1, 0xf1, 0xf5, 0xf5, 0xf5, 0xf7, 0xf7, 0xf7, 0xf7, 0xfa,
    0xfa, 0xfa, 0xfa, 0xf7, 0xf7, 0xf7, 0xf7, 0xf7, 0xf7, 0xf7, 0xf7, 0xf5, 0xf5, 0xf5, 0xee, 0xed, 0xed, 0xeb, 0xe8, 0xe7, 0xe5, 0xe3, 0xe2, 0xe1,
    0xdd, 0xdc, 0xd9, 0xd9, 0xd8, 0xd5, 0xd5, 0xd4, 0xd3, 0xd2, 0xd0, 0xcf, 0xcc, 0xcc, 0xcb, 0xc9, 0xc7, 0xc6, 0xc6, 0xc3, 0xc2, 0xc2, 0xbc, 0xba,
    0xba, 0xb9, 0xb8, 0xb8, 0xb3, 0xb3, 0xaf, 0xaf, 0xaf, 0xaf, 0xa6, 0xa6, 0x9b, 0x97, 0x97, 0x97, 0x97, 0x8e, 0x8e, 0x8e, 0x8e, 0x8e, 0x8e, 0x8e,
    0x8e, 0x8e, 0x89, 0x89, 0x89, 0x89, 0x89, 0x89, 0x89, 0x89, 0x89, 0x89, 0x89, 0x8e, 0x8e, 0x8e, 0x8e, 0x8e, 0x8e, 0x8e, 0x8e, 0x8e, 0x8e, 0x8e,
    0x54, 0x54, 0x54, 0x54, 0x54, 0x54, 0x54, 0x56, 0x56, 0x52, 0x4f, 0x4b, 0x4d, 0x4b, 0x4a, 0x49, 0x43, 0x43, 0x43, 0x43, 0x43, 0x43, 0x3d, 0x3d,
    0x3d, 0x3d, 0x3d, 0x3d, 0x3d, 0x39, 0x39, 0x39, 0x39, 0x39, 0x34, 0x34, 0x34, 0x34, 0x34, 0x34, 0x34, 0x34, 0x2b, 0x2b, 0x2b, 0x2b, 0x2b, 0x26,
    0x26, 0x26, 0x26, 0x26, 0x25, 0x23, 0x23, 0x23, 0x23, 0x23, 0x23, 0x21, 0x23, 0x23, 0x23, 0x1f, 0x1e, 0x1e, 0x1e, 0x1e, 0x1e, 0x1e, 0x1e, 0x1e,
    0x1b, 0x1b, 0x1b, 0x1b, 0x1b, 0x1b, 0x1b, 0x1b, 0x1b, 0x18, 0x18, 0x18, 0x18, 0x18, 0x18, 0x18, 0x1a, 0x18, 0x19, 0x19, 0x03, 0x00, 0x00, 0x00,
    0x00, 0x02, 0x02, 0x0a, 0x0a, 0x16, 0x22, 0x16, 0x3c, 0x30, 0x28, 0x30, 0x27, 0x22, 0x28, 0x28, 0x27, 0x27, 0x27, 0x27, 0x24, 0x24, 0x22, 0x1d,
    0x1d, 0x1d, 0x1a, 0x1a, 0x15, 0x15, 0x10, 0x0d, 0x0d, 0x0d, 0x0b, 0x07, 0x04, 0x04, 0x06, 0x00, 0x41, 0xfe, 0xfe, 0xfd, 0xc6, 0xb7, 0xb7, 0x5f,
    0x55, 0x7c, 0x7c, 0xb7, 0x55, 0xf7, 0x4e, 0x1e, 0x7c, 0x5f, 0x4e, 0xb7, 0x5f, 0x5f, 0x5f, 0x7c, 0x7c, 0x7c, 0x10, 0x18, 0x1b, 0x1b, 0x1c, 0x1c,
    0x1b, 0x1b, 0x1b, 0x18, 0x18, 0x18, 0x18, 0x15, 0x15, 0x13, 0x13, 0x13, 0x13, 0x13, 0x13, 0x13, 0x13, 0x13, 0x13, 0x13, 0x14, 0x1f, 0x24, 0x2f,
    0x3a, 0x42, 0x48, 0x4f, 0x56, 0x5d, 0x5c, 0x5c, 0x5d, 0x5d, 0x5d, 0x5d, 0x5d, 0x5d, 0x5d, 0x5d, 0x5d, 0x5e, 0x5e, 0x5d, 0x5e, 0x5e, 0x5e, 0x62,
    0x62, 0x62, 0x62, 0x62, 0x62, 0x62, 0x65, 0x65, 0x66, 0x66, 0x6b, 0x6b, 0x6b, 0x6b, 0x6e, 0x6f, 0x6e, 0x6e, 0x6f, 0x7b, 0x7b, 0x7b, 0x7b, 0x7b,
    0x86, 0x85, 0x8a, 0x85, 0x85, 0x8b, 0x8b, 0x8c, 0x92, 0x92, 0x92, 0x92, 0x93, 0x93, 0x94, 0x94, 0x94, 0x94, 0x94, 0x96, 0x96, 0x98, 0x98, 0x96,
    0x96, 0x96, 0x94, 0x96, 0x96, 0x96, 0x96, 0x96, 0x96, 0x96, 0x96, 0x96, 0x96, 0x96, 0x96, 0x96, 0x96, 0x96, 0x92, 0x92, 0x92, 0x92, 0x91, 0x9c,
    0x91, 0x92, 0x91, 0x91, 0x91, 0x92, 0x91, 0x91, 0x91, 0x9c, 0x91, 0x91, 0x9c, 0x91, 0x9c, 0x9c, 0x9c, 0x9c, 0x9c, 0x9c, 0x9c, 0x9c, 0x9c, 0x9c,
    0x9c, 0x9c, 0x9c, 0xab, 0xac, 0xac, 0xac, 0xac, 0xa9, 0xb4, 0xb4, 0xb2, 0xb4, 0xb6, 0xb6, 0xb6, 0xb6, 0xbb, 0xbb, 0xbd, 0xbe, 0xbe, 0xbe, 0xc0,
    0xc0, 0xc0, 0xc4, 0xc5, 0xc5, 0xc8, 0xc8, 0xc8, 0xc8, 0xcd, 0xcd, 0xcd, 0xce, 0xce, 0xce, 0xd2, 0xd2, 0xd3, 0xd4, 0xd6, 0xd6, 0xd7, 0xd7, 0xd7,
    0xda, 0xdb, 0xdb, 0xde, 0xdf, 0xe4, 0xe4, 0xe4, 0xe5, 0xe6, 0xe9, 0xec, 0xec, 0xf1, 0xf1, 0xf1, 0xf5, 0xf5, 0xf7, 0xf7, 0xf7, 0xf7, 0xf7, 0xfa,
    0xfa, 0xfa, 0xfa, 0xfa, 0xfa, 0xfa, 0xf7, 0xf7, 0xf7, 0xf7, 0xf7, 0xf7, 0xf5, 0xf5, 0xf5, 0xee, 0xed, 0xed, 0xe8, 0xe8, 0xe7, 0xe3, 0xe3, 0xe2,
    0xe1, 0xdc, 0xdb, 0xd9, 0xd9, 0xd8, 0xd5, 0xd5, 0xd3, 0xd0, 0xd0, 0xcf, 0xcf, 0xcc, 0xcb, 0xc9, 0xc7, 0xc6, 0xc6, 0xc3, 0xc2, 0xc2, 0xbc, 0xbc,
    0xba, 0xb9, 0xb9, 0xb8, 0xb8, 0xb3, 0xb3, 0xaf, 0xaf, 0xaf, 0xa6, 0xa6, 0xa6, 0x9b, 0x97, 0x97, 0x97, 0x97, 0x8e, 0x8e, 0x8e, 0x8e, 0x8e, 0x8e,
    0x8e, 0x8e, 0x8e, 0x8e, 0x8e, 0x8e, 0x8e, 0x8e, 0x8e, 0x8e, 0x8e, 0x8e, 0x8e, 0x8e, 0x8e, 0x8e, 0x8e, 0x8e, 0x8e, 0x8e, 0x8e, 0x8e, 0x8e, 0x8e,
    0x54, 0x54, 0x54, 0x54, 0x54, 0x54, 0x56, 0x56, 0x57, 0x52, 0x4f, 0x4d, 0x4e, 0x4d, 0x4a, 0x49, 0x43, 0x43, 0x43, 0x3e, 0x43, 0x43, 0x3e, 0x3e,
    0x3d, 0x3d, 0x3d, 0x3d, 0x3d, 0x39, 0x39, 0x39, 0x39, 0x39, 0x34, 0x34, 0x34, 0x34, 0x34, 0x34, 0x34, 0x34, 0x2b, 0x2b, 0x2b, 0x2b, 0x2b, 0x26,
    0x26, 0x26, 0x26, 0x26, 0x26, 0x25, 0x25, 0x23, 0x23, 0x23, 0x23, 0x23, 0x23, 0x23, 0x20, 0x1e, 0x1e, 0x1e, 0x1e, 0x1e, 0x1e, 0x1e, 0x1e, 0x1e,
    0x1e, 0x1e, 0x1e, 0x1b, 0x1b, 0x1b, 0x1b, 0x1b, 0x1b, 0x1b, 0x1b, 0x18, 0x18, 0x18, 0x18, 0x1b, 0x1b, 0x1b, 0x1c, 0x14, 0x00, 0x00, 0x00, 0x00,
    0x02, 0x02, 0x02, 0x0a, 0x0a, 0x22, 0x16, 0x22, 0x30, 0x22, 0x22, 0x2c, 0x27, 0x2c, 0x2c, 0x27, 0x27, 0x27, 0x22, 0x22, 0x22, 0x22, 0x1d, 0x1d,
    0x1d, 0x1a, 0x1a, 0x15, 0x15, 0x10, 0x0d, 0x0d, 0x0d, 0x0d, 0x0d, 0x0b, 0x04, 0x04, 0x04, 0x03, 0x11, 0xfc, 0xfe, 0xfd, 0xd8, 0x7c, 0x7c, 0x7c,
    0x5f, 0xb7, 0x55, 0xb7, 0xd1, 0x23, 0xe8, 0x36, 0x49, 0xfd, 0x4a, 0x7c, 0x5f, 0x5f, 0x5f, 0x7c, 0x5f, 0xb7, 0x2f, 0x10, 0x1a, 0x1b, 0x18, 0x1a,
    0x18, 0x18, 0x18, 0x18, 0x15, 0x13, 0x13, 0x13, 0x13, 0x13, 0x13, 0x13, 0x13, 0x13, 0x13, 0x13, 0x13, 0x13, 0x13, 0x13, 0x15, 0x1f, 0x24, 0x2f,
    0x3a, 0x42, 0x48, 0x4f, 0x57, 0x5e, 0x5d, 0x5d, 0x5d, 0x5d, 0x5d, 0x5d, 0x5d, 0x5e, 0x5d, 0x5d, 0x5d, 0x5e, 0x5e, 0x5e, 0x5e, 0x5e, 0x5e, 0x62,
    0x62, 0x62, 0x62, 0x62, 0x62, 0x62, 0x65, 0x66, 0x66, 0x6b, 0x6b, 0x6b, 0x6b, 0x6e, 0x6e, 0x6f, 0x6e, 0x6f, 0x7b, 0x7b, 0x7b, 0x7b, 0x7b, 0x7b,
    0x86, 0x8a, 0x8a, 0x85, 0x85, 0x8b, 0x8c, 0x8c, 0x92, 0x92, 0x92, 0x92, 0x93, 0x93, 0x94, 0x94, 0x94, 0x94, 0x98, 0x96, 0x96, 0x98, 0x98, 0x98,
    0x96, 0x96, 0x96, 0xa1, 0x96, 0x96, 0x96, 0xa1, 0x96, 0x96, 0x9f, 0x96, 0x96, 0x96, 0x9f, 0x96, 0x96, 0x96, 0x9d, 0x92, 0x96, 0x92, 0x92, 0x9c,
    0x91, 0x92, 0x92, 0x91, 0x91, 0x92, 0x91, 0x91, 0x91, 0x9c, 0x9c, 0x91, 0x9c, 0x9c, 0x9c, 0x9c, 0x9c, 0x9c, 0x9c, 0x9c, 0x9c, 0x9c, 0x9c, 0x9c,
    0x9c, 0x9c, 0x9c, 0xab, 0xac, 0xac, 0xac, 0xac, 0xac, 0xb4, 0xb4, 0xb2, 0xb2, 0xb4, 0xb6, 0xb6, 0xb6, 0xb6, 0xbb, 0xbb, 0xbd, 0xbe, 0xbe, 0xbe,
    0xc0, 0xc4, 0xc4, 0xc5, 0xc5, 0xc8, 0xc8, 0xc8, 0xc8, 0xc8, 0xcd, 0xcd, 0xcd, 0xce, 0xce, 0xce, 0xd2, 0xd2, 0xd4, 0xd6, 0xd6, 0xd6, 0xd7, 0xd7,
    0xda, 0xda, 0xdb, 0xdd, 0xde, 0xe1, 0xe4, 0xe4, 0xe5, 0xe6, 0xe9, 0xec, 0xec, 0xf1, 0xf1, 0xf1, 0xf5, 0xf5, 0xf5, 0xf7, 0xf7, 0xf7, 0xfa, 0xfa,
    0xfa, 0xfa, 0xfa, 0xfa, 0xfa, 0xfa, 0xfa, 0xfa, 0xf7, 0xf7, 0xf7, 0xf7, 0xf7, 0xf5, 0xf5, 0xee, 0xed, 0xed, 0xeb, 0xe8, 0xe7, 0xe5, 0xe3, 0xe2,
    0xe1, 0xdd, 0xdc, 0xd9, 0xd9, 0xd8, 0xd5, 0xd5, 0xd4, 0xd3, 0xd2, 0xd0, 0xcf, 0xcc, 0xcc, 0xcb, 0xc9, 0xc7, 0xc6, 0xc6, 0xc3, 0xc2, 0xc2, 0xbc,
    0xbc, 0xba, 0xb9, 0xb9, 0xb8, 0xb8, 0xb3, 0xb3, 0xaf, 0xaf, 0xaf, 0xa6, 0xa6, 0x9b, 0x97, 0x97, 0x97, 0x97, 0x97, 0x8e, 0x8e, 0x8e, 0x8e, 0x8e,
    0x8e, 0x8e, 0x8e, 0x8e, 0x8e, 0x8e, 0x8e, 0x8e, 0x8e, 0x8e, 0x8e, 0x8e, 0x8e, 0x8e, 0x8e, 0x8e, 0x8e, 0x8e, 0x8e, 0x8e, 0x8e, 0x8e, 0x8e, 0x8e,
    0x54, 0x54, 0x54, 0x54, 0x54, 0x56, 0x56, 0x56, 0x57, 0x52, 0x4f, 0x4f, 0x4e, 0x4d, 0x4a, 0x49, 0x43, 0x43, 0x43, 0x43, 0x43, 0x3e, 0x3e, 0x3e,
    0x3e, 0x3e, 0x3d, 0x3d, 0x3d, 0x3d, 0x3d, 0x39, 0x39, 0x39, 0x36, 0x34, 0x34, 0x34, 0x34, 0x34, 0x34, 0x34, 0x34, 0x2b, 0x2b, 0x2b, 0x2b, 0x2b,
    0x26, 0x26, 0x26, 0x26, 0x26, 0x26, 0x25, 0x23, 0x23, 0x23, 0x23, 0x23, 0x23, 0x23, 0x20, 0x23, 0x23, 0x20, 0x1e, 0x1e, 0x1e, 0x1e, 0x1e, 0x1e,
    0x1e, 0x1e, 0x1e, 0x1b, 0x1b, 0x1b, 0x1b, 0x1b, 0x1b, 0x1b, 0x1b, 0x1b, 0x1b, 0x1b, 0x1b, 0x1b, 0x1b, 0x1b, 0x1f, 0x0f, 0x00, 0x00, 0x00, 0x00,
    0x02, 0x02, 0x02, 0x0a, 0x16, 0x16, 0x16, 0x30, 0x28, 0x22, 0x28, 0x2c, 0x28, 0x27, 0x27, 0x28, 0x22, 0x27, 0x22, 0x22, 0x1d, 0x1d, 0x1d, 0x1d,
    0x1d, 0x1d, 0x1a, 0x15, 0x15, 0x10, 0x0d, 0x0d, 0x0d, 0x0d, 0x0b, 0x0b, 0x0b, 0x04, 0x04, 0x0b, 0x00, 0x53, 0xff, 0xfd, 0xfd, 0xd0, 0x5f, 0x55,
    0x55, 0x4e, 0x7c, 0x55, 0xfd, 0x55, 0x26, 0xb7, 0x4a, 0x7c, 0x7c, 0x7c, 0x4e, 0x7c, 0x5f, 0x7c, 0x7c, 0x5f, 0x7c, 0x00, 0x15, 0x15, 0x15, 0x15,
    0x15, 0x15, 0x15, 0x15, 0x13, 0x13, 0x13, 0x13, 0x13, 0x13, 0x12, 0x0f, 0x0f, 0x0f, 0x0f, 0x0f, 0x0f, 0x0f, 0x0f, 0x12, 0x14, 0x1f, 0x24, 0x2f,
    0x3a, 0x42, 0x48, 0x4f, 0x57, 0x60, 0x5e, 0x5d, 0x5e, 0x5d, 0x5d, 0x5d, 0x5d, 0x5e, 0x5e, 0x5e, 0x5e, 0x5e, 0x5e, 0x5e, 0x5e, 0x5e, 0x5e, 0x62,
    0x62, 0x62, 0x62, 0x62, 0x62, 0x65, 0x65, 0x66, 0x66, 0x6b, 0x6b, 0x6b, 0x6b, 0x6e, 0x6f, 0x6f, 0x6e, 0x6f, 0x7b, 0x7b, 0x7b, 0x7b, 0x7b, 0x86,
    0x86, 0x8a, 0x8a, 0x85, 0x8b, 0x8b, 0x8c, 0x8c, 0x92, 0x93, 0x93, 0x93, 0x93, 0x93, 0x98, 0x98, 0x94, 0x94, 0x98, 0x98, 0x96, 0x98, 0x98, 0x98,
    0x98, 0x96, 0x96, 0xa1, 0x96, 0x96, 0x96, 0xa1, 0x9f, 0x96, 0xa0, 0x96, 0x96, 0x96, 0x9f, 0x96, 0x96, 0x96, 0x9f, 0x96, 0x96, 0x92, 0x92, 0x9d,
    0x9c, 0x92, 0x92, 0x91, 0x91, 0x92, 0x92, 0x91, 0x91, 0x9c, 0x9c, 0x91, 0x9d, 0x9c, 0x9c, 0x9c, 0x9d, 0x9c, 0x9c, 0x9c, 0x9c, 0x9c, 0x9c, 0x9c,
    0x9c, 0x9c, 0x9c, 0xab, 0xac, 0xac, 0xac, 0xac, 0xac, 0xac, 0xb4, 0xb4, 0xb2, 0xb4, 0xb4, 0xb6, 0xb6, 0xb6, 0xbb, 0xbb, 0xbb, 0xbe, 0xbe, 0xbe,
    0xc0, 0xc0, 0xc4, 0xc4, 0xc5, 0xc5, 0xc8, 0xc8, 0xc8, 0xc8, 0xcd, 0xcd, 0xcd, 0xce, 0xce, 0xce, 0xd2, 0xd2, 0xd3, 0xd4, 0xd6, 0xd6, 0xd7, 0xd7,
    0xd7, 0xda, 0xdb, 0xdd, 0xde, 0xe1, 0xe4, 0xe4, 0xe4, 0xe6, 0xe9, 0xe9, 0xec, 0xf1, 0xf1, 0xf1, 0xf5, 0xf5, 0xf5, 0xf7, 0xf7, 0xf7, 0xfa, 0xfa,
    0xfa, 0xfa, 0xfa, 0xfa, 0xfa, 0xfa, 0xfa, 0xfa, 0xfa, 0xf7, 0xf7, 0xf7, 0xf7, 0xf5, 0xf5, 0xf5, 0xee, 0xed, 0xed, 0xeb, 0xe8, 0xe7, 0xe3, 0xe3,
    0xe2, 0xe1, 0xdc, 0xdb, 0xd9, 0xd9, 0xd8, 0xd5, 0xd5, 0xd3, 0xd0, 0xd0, 0xcf, 0xcf, 0xcc, 0xcb, 0xc9, 0xc7, 0xc6, 0xc6, 0xc3, 0xc2, 0xc2, 0xc2,
    0xbc, 0xba, 0xb9, 0xb9, 0xb8, 0xb8, 0xb3, 0xb3, 0xaf, 0xaf, 0xaf, 0xaf, 0xa6, 0xa6, 0x9b, 0x97, 0x97, 0x97, 0x97, 0x97, 0x8e, 0x8e, 0x8e, 0x8e,
    0x8e, 0x8e, 0x8e, 0x8e, 0x8e, 0x8e, 0x8e, 0x8e, 0x8e, 0x8e, 0x8e, 0x8e, 0x8e, 0x8e, 0x8e, 0x8e, 0x8e, 0x8e, 0x8e, 0x8e, 0x8e, 0x8e, 0x8e, 0x8e,
    0x54, 0x54, 0x54, 0x54, 0x54, 0x56, 0x56, 0x57, 0x57, 0x52, 0x4f, 0x4f, 0x50, 0x4d, 0x4a, 0x49, 0x43, 0x43, 0x43, 0x43, 0x3e, 0x3e, 0x3e, 0x3e,
    0x3e, 0x3e, 0x3d, 0x3d, 0x3d, 0x3d, 0x3d, 0x3d, 0x39, 0x39, 0x39, 0x39, 0x34, 0x34, 0x34, 0x34, 0x34, 0x34, 0x34, 0x34, 0x2b, 0x2b, 0x2b, 0x26,
    0x26, 0x26, 0x26, 0x26, 0x26, 0x26, 0x23, 0x23, 0x23, 0x23, 0x23, 0x23, 0x23, 0x23, 0x23, 0x23, 0x23, 0x20, 0x20, 0x20, 0x1e, 0x1e, 0x1e, 0x1e,
    0x1e, 0x1e, 0x1e, 0x1e, 0x1e, 0x1b, 0x1b, 0x1b, 0x1b, 0x1b, 0x1b, 0x1b, 0x1b, 0x18, 0x1b, 0x1b, 0x1b, 0x1b, 0x1f, 0x04, 0x00, 0x00, 0x00, 0x02,
    0x02, 0x02, 0x0a, 0x0a, 0x16, 0x16, 0x22, 0x22, 0x28, 0x27, 0x2c, 0x28, 0x22, 0x27, 0x22, 0x27, 0x22, 0x27, 0x22, 0x22, 0x20, 0x1d, 0x1d, 0x1d,
    0x1a, 0x1a, 0x1a, 0x1a, 0x15, 0x10, 0x10, 0x0d, 0x0d, 0x0d, 0x0d, 0x0b, 0x0b, 0x0b, 0x04, 0x04, 0x04, 0x0a, 0xfe, 0xfe, 0xfd, 0xfd, 0xb7, 0x55,
    0x5f, 0x49, 0x55, 0xd1, 0x4c, 0xb7, 0x49, 0x43, 0xfb, 0x4c, 0x5f, 0xbf, 0x5f, 0x7c, 0x5f, 0x5f, 0x7c, 0x7c, 0x7c, 0x3a, 0x04, 0x15, 0x15, 0x13,
    0x13, 0x10, 0x10, 0x12, 0x0f, 0x0f, 0x12, 0x0e, 0x0f, 0x0f, 0x0e, 0x0e, 0x0e, 0x0e, 0x0f, 0x0f, 0x11, 0x11, 0x0f, 0x0f, 0x12, 0x1f, 0x24, 0x2f,
    0x3a, 0x42, 0x48, 0x4f, 0x57, 0x5e, 0x5e, 0x5e, 0x5e, 0x5e, 0x5e, 0x5d, 0x5d, 0x5e, 0x5e, 0x61, 0x5e, 0x5e, 0x5e, 0x5e, 0x5e, 0x5e, 0x62, 0x62,
    0x62, 0x62, 0x62, 0x62, 0x65, 0x65, 0x66, 0x66, 0x6b, 0x6b, 0x6b, 0x6b, 0x6b, 0x6e, 0x6f, 0x6e, 0x6e, 0x6f, 0x7b, 0x7b, 0x7b, 0x7b, 0x82, 0x86,
    0x86, 0x8a, 0x8a, 0x85, 0x8b, 0x8b, 0x8c, 0x93, 0x93, 0x93, 0x93, 0x93, 0x93, 0x93, 0x98, 0x98, 0x98, 0x94, 0x98, 0x98, 0x98, 0x98, 0x98, 0x98,
    0x98, 0xa2, 0xa1, 0xa2, 0xa1, 0x96, 0x96, 0xa2, 0xa1, 0x9f, 0xa0, 0x9f, 0x96, 0x96, 0x9f, 0x9f, 0x96, 0x96, 0x9f, 0x9d, 0x96, 0x96, 0x92, 0x9d,
    0x9c, 0x9d, 0x92, 0x9d, 0x91, 0x92, 0x92, 0x9d, 0x91, 0x9d, 0x9c, 0x9c, 0x9d, 0x9d, 0x9c, 0x9c, 0x9d, 0x9c, 0x9c, 0x9c, 0x9c, 0x9c, 0x9c, 0x9c,
    0x9c, 0x9c, 0x9c, 0xab, 0xab, 0xab, 0xab, 0xac, 0xac, 0xac, 0xac, 0xb4, 0xb4, 0xb4, 0xb4, 0xb4, 0xb6, 0xb6, 0xbb, 0xbb, 0xbb, 0xbd, 0xbe, 0xbe,
    0xbe, 0xc0, 0xc4, 0xc4, 0xc4, 0xc5, 0xc8, 0xc8, 0xc8, 0xc8, 0xc8, 0xcd, 0xcd, 0xcd, 0xce, 0xce, 0xce, 0xd2, 0xd2, 0xd4, 0xd6, 0xd6, 0xd6, 0xd7,
    0xd7, 0xda, 0xda, 0xdb, 0xde, 0xdf, 0xe4, 0xe4, 0xe4, 0xe5, 0xe6, 0xe9, 0xec, 0xec, 0xf1, 0xf1, 0xf5, 0xf5, 0xf5, 0xf7, 0xf7, 0xf7, 0xfa, 0xfa,
    0xfa, 0xfa, 0xfa, 0xfa, 0xfa, 0xfa, 0xfa, 0xfa, 0xfa, 0xfa, 0xf7, 0xf7, 0xf7, 0xf7, 0xf5, 0xf5, 0xee, 0xee, 0xed, 0xeb, 0xe8, 0xe7, 0xe5, 0xe3,
    0xe2, 0xe1, 0xdd, 0xdc, 0xd9, 0xd9, 0xd7, 0xd5, 0xd5, 0xd4, 0xd3, 0xd2, 0xd0, 0xcf, 0xcc, 0xcc, 0xcb, 0xc9, 0xc7, 0xc6, 0xc6, 0xc3, 0xc2, 0xc2,
    0xbc, 0xbc, 0xba, 0xb9, 0xb9, 0xb8, 0xb8, 0xb3, 0xb3, 0xaf, 0xaf, 0xaf, 0xaf, 0xa6, 0xa6, 0x9b, 0x9b, 0x97, 0x97, 0x97, 0x97, 0x97, 0x8e, 0x8e,
    0x8e, 0x8e, 0x8e, 0x8e, 0x8e, 0x8e, 0x8e, 0x8e, 0x8e, 0x8e, 0x8e, 0x8e, 0x8e, 0x8e, 0x8e, 0x8e, 0x8e, 0x8e, 0x8e, 0x8e, 0x8e, 0x8e, 0x8e, 0x8f,
    0x54, 0x54, 0x54, 0x54, 0x56, 0x56, 0x57, 0x57, 0x57, 0x52, 0x4f, 0x4f, 0x4e, 0x4d, 0x4a, 0x4a, 0x49, 0x43, 0x43, 0x43, 0x43, 0x3e, 0x3e, 0x3e,
    0x3e, 0x3e, 0x3d, 0x3d, 0x3d, 0x3d, 0x3d, 0x3d, 0x39, 0x39, 0x39, 0x39, 0x34, 0x34, 0x34, 0x34, 0x34, 0x34, 0x34, 0x34, 0x34, 0x2b, 0x2b, 0x2b,
    0x26, 0x26, 0x26, 0x26, 0x26, 0x26, 0x26, 0x25, 0x23, 0x23, 0x23, 0x23, 0x23, 0x23, 0x23, 0x23, 0x23, 0x23, 0x20, 0x20, 0x20, 0x1e, 0x1e, 0x1e,
    0x1e, 0x1e, 0x1e, 0x1e, 0x1e, 0x1e, 0x1e, 0x1e, 0x1e, 0x1b, 0x1b, 0x1b, 0x1b, 0x1b, 0x1b, 0x1b, 0x1b, 0x1c, 0x19, 0x03, 0x00, 0x00, 0x00, 0x02,
    0x02, 0x02, 0x0a, 0x16, 0x16, 0x22, 0x16, 0x0a, 0x22, 0x22, 0x2c, 0x22, 0x24, 0x27, 0x22, 0x24, 0x27, 0x27, 0x22, 0x1d, 0x20, 0x1d, 0x1a, 0x1d,
    0x1a, 0x1a, 0x1a, 0x1a, 0x10, 0x10, 0x10, 0x0d, 0x0d, 0x0d, 0x0d, 0x0d, 0x0b, 0x0b, 0x04, 0x07, 0x04, 0x00, 0x38, 0xff, 0xfe, 0xfe, 0xfe, 0xb7,
    0x4e, 0x4e, 0x43, 0xb7, 0x7c, 0x34, 0xe3, 0x39, 0x49, 0xfd, 0x4e, 0xb7, 0xc6, 0x5f, 0x55, 0x7c, 0x5f, 0x7c, 0x7c, 0x68, 0x00, 0x13, 0x12, 0x0e,
    0x10, 0x0e, 0x0e, 0x0f, 0x0f, 0x0e, 0x0c, 0x0e, 0x0e, 0x0e, 0x0e, 0x0e, 0x0e, 0x0e, 0x0e, 0x0f, 0x0f, 0x0f, 0x0f, 0x11, 0x12, 0x1f, 0x24, 0x2f,
    0x3a, 0x42, 0x48, 0x4f, 0x57, 0x5e, 0x5e, 0x5e, 0x5e, 0x5e, 0x5e, 0x61, 0x61, 0x5e, 0x5e, 0x61, 0x5e, 0x5e, 0x5e, 0x5e, 0x5e, 0x62, 0x62, 0x62,
    0x62, 0x62, 0x62, 0x62, 0x65, 0x65, 0x66, 0x66, 0x6b, 0x6b, 0x6b, 0x6b, 0x6e, 0x6e, 0x6f, 0x6e, 0x6f, 0x6f, 0x7b, 0x7b, 0x7b, 0x7b, 0x82, 0x86,
    0x86, 0x8a, 0x86, 0x8b, 0x8b, 0x8c, 0x93, 0x93, 0x93, 0x93, 0x93, 0x94, 0x94, 0x94, 0x98, 0x98, 0x98, 0x98, 0x98, 0x98, 0x98, 0x98, 0x98, 0x98,
    0x98, 0xa2, 0xa2, 0xa3, 0xa2, 0xa1, 0x96, 0xa2, 0xa1, 0xa1, 0xa0, 0xa0, 0x9f, 0x96, 0x9f, 0x9f, 0x9f, 0x96, 0x9f, 0x9f, 0x96, 0x96, 0x92, 0x9d,
    0x9d, 0x9d, 0x92, 0x9d, 0x91, 0x92, 0x92, 0x9d, 0x91, 0x9d, 0x9c, 0x9c, 0x9d, 0x9d, 0x9c, 0x9c, 0x9d, 0x9d, 0x9c, 0x9c, 0x9c, 0x9c, 0x9c, 0x9c,
    0x9c, 0x9c, 0x9c, 0xab, 0xab, 0xab, 0xab, 0xac, 0xac, 0xac, 0xac, 0xb4, 0xb4, 0xb4, 0xb4, 0xb4, 0xb6, 0xb6, 0xbb, 0xbb, 0xbb, 0xbb, 0xbd, 0xbd,
    0xbe, 0xc0, 0xc4, 0xc4, 0xc4, 0xc5, 0xc5, 0xc8, 0xc8, 0xc8, 0xc8, 0xc8, 0xcd, 0xcd, 0xce, 0xce, 0xce, 0xd2, 0xd2, 0xd3, 0xd4, 0xd6, 0xd6, 0xd7,
    0xd7, 0xd7, 0xda, 0xdb, 0xdd, 0xde, 0xe1, 0xe4, 0xe4, 0xe5, 0xe6, 0xe9, 0xec, 0xec, 0xf1, 0xf1, 0xf3, 0xf5, 0xf5, 0xf7, 0xf7, 0xf7, 0xfa, 0xfa,
    0xfa, 0xfa, 0xfa, 0xfa, 0xfb, 0xfa, 0xfa, 0xfa, 0xfa, 0xfa, 0xfa, 0xf7, 0xf7, 0xf7, 0xf7, 0xf5, 0xf5, 0xee, 0xed, 0xed, 0xeb, 0xe8, 0xe7, 0xe3,
    0xe3, 0xe2, 0xe1, 0xdd, 0xdb, 0xd9, 0xd9, 0xd8, 0xd5, 0xd5, 0xd3, 0xd2, 0xd0, 0xcf, 0xcf, 0xcc, 0xcb, 0xc9, 0xc9, 0xc7, 0xc6, 0xc3, 0xc2, 0xc2,
    0xc2, 0xbc, 0xba, 0xba, 0xb9, 0xb9, 0xb8, 0xb8, 0xb3, 0xb3, 0xaf, 0xaf, 0xaf, 0xaf, 0xa6, 0xa6, 0x9b, 0x9b, 0x97, 0x97, 0x97, 0x97, 0x97, 0x97,
    0x8e, 0x8e, 0x8e, 0x8e, 0x8e, 0x8e, 0x8e, 0x8e, 0x8e, 0x8e, 0x8e, 0x8e, 0x8e, 0x8e, 0x8e, 0x8e, 0x8e, 0x8e, 0x8e, 0x8e, 0x8e, 0x8f, 0x8f, 0x8f,
    0x54, 0x54, 0x54, 0x56, 0x56, 0x57, 0x57, 0x57, 0x57, 0x52, 0x4f, 0x4f, 0x50, 0x4d, 0x4a, 0x4a, 0x49, 0x43, 0x43, 0x43, 0x43, 0x43, 0x3e, 0x3e,
    0x3e, 0x3e, 0x3d, 0x3d, 0x3d, 0x3d, 0x3d, 0x3d, 0x39, 0x39, 0x39, 0x39, 0x34, 0x34, 0x34, 0x34, 0x34, 0x34, 0x34, 0x34, 0x34, 0x2b, 0x2b, 0x2b,
    0x26, 0x26, 0x26, 0x26, 0x26, 0x26, 0x26, 0x26, 0x25, 0x23, 0x23, 0x23, 0x23, 0x23, 0x23, 0x23, 0x23, 0x23, 0x23, 0x20, 0x20, 0x20, 0x1e, 0x1e,
    0x1e, 0x1e, 0x1e, 0x1e, 0x1e, 0x1e, 0x1e, 0x1e, 0x1b, 0x1b, 0x1b, 0x1b, 0x1b, 0x1e, 0x1e, 0x1e, 0x1b, 0x1f, 0x15, 0x00, 0x00, 0x02, 0x02, 0x02,
    0x02, 0x0a, 0x0a, 0x16, 0x22, 0x30, 0x22, 0x22, 0x27, 0x22, 0x35, 0x27, 0x27, 0x28, 0x22, 0x22, 0x27, 0x27, 0x22, 0x20, 0x1d, 0x1d, 0x1d, 0x1d,
    0x1d, 0x1d, 0x1a, 0x1a, 0x1a, 0x10, 0x10, 0x10, 0x0d, 0x0d, 0x0d, 0x0d, 0x0b, 0x0b, 0x0b, 0x07, 0x04, 0x04, 0x03, 0xc1, 0xff, 0xfd, 0xfe, 0xfd,
    0xd0, 0x4c, 0x4e, 0x49, 0xb7, 0x3d, 0x43, 0xb7, 0x1e, 0x7c, 0xfb, 0x4e, 0xd0, 0x5f, 0x55, 0x5f, 0x5f, 0x63, 0x7c, 0x7c, 0x3f, 0x00, 0x0d, 0x0c,
    0x0c, 0x0c, 0x0c, 0x0c, 0x0c, 0x0c, 0x0c, 0x0c, 0x0c, 0x0c, 0x0c, 0x0c, 0x0e, 0x0e, 0x0e, 0x0f, 0x0f, 0x0f, 0x0f, 0x0f, 0x12, 0x1c, 0x24, 0x2f,
    0x3a, 0x42, 0x48, 0x4f, 0x57, 0x61, 0x5e, 0x5e, 0x5e, 0x5e, 0x5e, 0x61, 0x61, 0x5e, 0x5e, 0x61, 0x61, 0x61, 0x5e, 0x62, 0x62, 0x62, 0x62, 0x62,
    0x62, 0x64, 0x62, 0x62, 0x65, 0x65, 0x66, 0x66, 0x6b, 0x6b, 0x6b, 0x6b, 0x6e, 0x6e, 0x6e, 0x6e, 0x6f, 0x7b, 0x7b, 0x7a, 0x7b, 0x7b, 0x86, 0x86,
    0x85, 0x8a, 0x85, 0x8b, 0x8c, 0x8c, 0x93, 0x93, 0x93, 0x93, 0x94, 0x94, 0x94, 0x94, 0x98, 0x98, 0x98, 0x98, 0x98, 0x98, 0x98, 0xa2, 0x98, 0x99,
    0x98, 0xa2, 0xa2, 0xa3, 0xa3, 0xa1, 0xa1, 0xa2, 0xa2, 0xa1, 0xa2, 0xa0, 0x9f, 0x96, 0x9f, 0x9f, 0x9f, 0x96, 0x9f, 0x9f, 0x9f, 0x96, 0x9d, 0x9f,
    0x9d, 0x9d, 0x9d, 0x9d, 0x9d, 0x92, 0x92, 0x9d, 0x91, 0x9d, 0x9d, 0x9c, 0x9d, 0x9d, 0x9c, 0x9c, 0x9d, 0x9d, 0x9c, 0x9c, 0x9c, 0x9c, 0x9c, 0x9c,
    0x9c, 0x9c, 0x9c, 0xab, 0xab, 0xab, 0xab, 0xac, 0xac, 0xac, 0xac, 0xb4, 0xb4, 0xb4, 0xb4, 0xb4, 0xb6, 0xb6, 0xb6, 0xbb, 0xbb, 0xbb, 0xbd, 0xbd,
    0xbe, 0xbe, 0xc0, 0xc4, 0xc4, 0xc4, 0xc5, 0xc5, 0xc8, 0xc8, 0xc8, 0xc8, 0xcd, 0xcd, 0xcd, 0xce, 0xce, 0xce, 0xd2, 0xd2, 0xd4, 0xd4, 0xd6, 0xd6,
    0xd7, 0xd7, 0xda, 0xdb, 0xdb, 0xde, 0xdf, 0xe4, 0xe4, 0xe4, 0xe6, 0xe9, 0xec, 0xec, 0xf1, 0xf1, 0xf3, 0xf5, 0xf5, 0xf7, 0xf7, 0xf7, 0xfa, 0xfa,
    0xfa, 0xfa, 0xfa, 0xfb, 0xfb, 0xfb, 0xfb, 0xfb, 0xfa, 0xfa, 0xfa, 0xfa, 0xf7, 0xf7, 0xf7, 0xf7, 0xf5, 0xf5, 0xee, 0xed, 0xed, 0xe8, 0xe9, 0xe5,
    0xe3, 0xe2, 0xe1, 0xdd, 0xdc, 0xd9, 0xd9, 0xd7, 0xd5, 0xd5, 0xd4, 0xd3, 0xd0, 0xd0, 0xcf, 0xcc, 0xcc, 0xcb, 0xc9, 0xc7, 0xc6, 0xc6, 0xc3, 0xc2,
    0xc2, 0xbc, 0xbc, 0xba, 0xb9, 0xb9, 0xb8, 0xb8, 0xb3, 0xb3, 0xb3, 0xaf, 0xaf, 0xaf, 0xaf, 0xa6, 0xa6, 0x9b, 0x9b, 0x97, 0x97, 0x97, 0x97, 0x97,
    0x97, 0x97, 0x8e, 0x8e, 0x8e, 0x8e, 0x8e, 0x8e, 0x8e, 0x8e, 0x8e, 0x8e, 0x8e, 0x8e, 0x8e, 0x8e, 0x8e, 0x8e, 0x8e, 0x8e, 0x8f, 0x8f, 0x8f, 0x8f,
    0x54, 0x54, 0x56, 0x56, 0x57, 0x57, 0x57, 0x57, 0x57, 0x52, 0x4f, 0x4f, 0x50, 0x4d, 0x4a, 0x4a, 0x49, 0x49, 0x43, 0x43, 0x43, 0x43, 0x43, 0x3e,
    0x3e, 0x3e, 0x3e, 0x3d, 0x3d, 0x3d, 0x3d, 0x3d, 0x39, 0x39, 0x39, 0x39, 0x39, 0x34, 0x34, 0x34, 0x34, 0x34, 0x34, 0x34, 0x34, 0x2b, 0x2b, 0x2b,
    0x26, 0x26, 0x26, 0x26, 0x26, 0x26, 0x26, 0x26, 0x26, 0x25, 0x23, 0x23, 0x23, 0x23, 0x23, 0x23, 0x23, 0x23, 0x20, 0x20, 0x20, 0x20, 0x20, 0x1e,
    0x1f, 0x1e, 0x1e, 0x1e, 0x1e, 0x1e, 0x1e, 0x1e, 0x1e, 0x1e, 0x1e, 0x1e, 0x1e, 0x1e, 0x1e, 0x1e, 0x1b, 0x21, 0x0c, 0x00, 0x00, 0x02, 0x02, 0x02,
    0x02, 0x16, 0x0a, 0x16, 0x16, 0x22, 0x22, 0x30, 0x28, 0x28, 0x2c, 0x28, 0x28, 0x28, 0x27, 0x22, 0x22, 0x22, 0x24, 0x24, 0x1d, 0x1d, 0x1d, 0x1a,
    0x1d, 0x1d, 0x1a, 0x1a, 0x1a, 0x15, 0x10, 0x10, 0x10, 0x10, 0x0d, 0x0d, 0x0d, 0x0d, 0x0b, 0x0b, 0x0b, 0x0b, 0x00, 0x17, 0xfe, 0xfe, 0xfe, 0xfd,
    0xfe, 0xca, 0x4a, 0x4e, 0x55, 0x55, 0x36, 0x49, 0xd0, 0x26, 0xd0, 0xfd, 0x4e, 0xd0, 0x55, 0x5f, 0x5f, 0x7c, 0x5f, 0xb7, 0x55, 0x0a, 0x06, 0x08,
    0x0c, 0x08, 0x08, 0x08, 0x08, 0x08, 0x08, 0x09, 0x09, 0x09, 0x0c, 0x0c, 0x0c, 0x0c, 0x0e, 0x0e, 0x0f, 0x0f, 0x0f, 0x0f, 0x12, 0x1c, 0x24, 0x2f,
    0x3a, 0x42, 0x48, 0x4f, 0x57, 0x61, 0x61, 0x5e, 0x61, 0x61, 0x5e, 0x61, 0x61, 0x62, 0x5e, 0x62, 0x62, 0x62, 0x62, 0x62, 0x62, 0x62, 0x62, 0x62,
    0x62, 0x62, 0x62, 0x62, 0x65, 0x65, 0x66, 0x66, 0x6b, 0x6b, 0x6b, 0x6b, 0x6e, 0x6e, 0x6e, 0x6e, 0x6f, 0x7b, 0x7b, 0x7b, 0x7b, 0x82, 0x86, 0x86,
    0x85, 0x86, 0x85, 0x8b, 0x8c, 0x8c, 0x93, 0x93, 0x93, 0x93, 0x94, 0x94, 0x94, 0x94, 0x98, 0x98, 0x98, 0x98, 0x98, 0x98, 0x98, 0xa2, 0xa2, 0x99,
    0x99, 0xa2, 0xa2, 0xa3, 0xa3, 0xa3, 0xa1, 0xa2, 0xa2, 0xa1, 0xa2, 0xa0, 0xa2, 0x9f, 0xa0, 0x9f, 0x9f, 0x96, 0x9f, 0x9f, 0x9f, 0x96, 0x9d, 0x9f,
    0x9f, 0x9d, 0x9d, 0x9d, 0x9d, 0x92, 0x92, 0x9d, 0x9d, 0x9d, 0x9d, 0x9c, 0x9d, 0x9d, 0x9d, 0x9c, 0x9d, 0x9d, 0x9c, 0x9c, 0x9c, 0x9c, 0x9c, 0x9c,
    0x9c, 0x9c, 0x9c, 0xab, 0xab, 0xab, 0xab, 0xac, 0xac, 0xac, 0xac, 0xa9, 0xb4, 0xb2, 0xb4, 0xb4, 0xb4, 0xb6, 0xb6, 0xb6, 0xbb, 0xbb, 0xbd, 0xbd,
    0xbe, 0xbe, 0xbe, 0xc4, 0xc0, 0xc4, 0xc4, 0xc5, 0xc5, 0xc8, 0xc8, 0xc8, 0xc8, 0xcd, 0xcd, 0xce, 0xce, 0xce, 0xd2, 0xd2, 0xd3, 0xd4, 0xd6, 0xd6,
    0xd7, 0xd7, 0xda, 0xda, 0xdb, 0xdd, 0xde, 0xe4, 0xe4, 0xe4, 0xe6, 0xe6, 0xea, 0xec, 0xf1, 0xf1, 0xf3, 0xf5, 0xf5, 0xf7, 0xf7, 0xf7, 0xfa, 0xfa,
    0xfa, 0xfa, 0xfa, 0xfb, 0xfb, 0xfb, 0xfb, 0xfb, 0xfb, 0xfa, 0xfa, 0xfa, 0xf7, 0xf7, 0xf7, 0xf7, 0xf5, 0xf5, 0xf5, 0xee, 0xed, 0xeb, 0xe8, 0xe7,
    0xe5, 0xe3, 0xe2, 0xe1, 0xdd, 0xdb, 0xd9, 0xd9, 0xd8, 0xd5, 0xd5, 0xd3, 0xd2, 0xd2, 0xd0, 0xcf, 0xcc, 0xcb, 0xc9, 0xc9, 0xc7, 0xc6, 0xc6, 0xc3,
    0xc2, 0xc2, 0xbc, 0xbc, 0xba, 0xb9, 0xb9, 0xb8, 0xb8, 0xb3, 0xb3, 0xb3, 0xaf, 0xaf, 0xaf, 0xaf, 0xa6, 0xa6, 0x9b, 0x9b, 0x97, 0x97, 0x97, 0x97,
    0x97, 0x97, 0x97, 0x97, 0x8e, 0x8e, 0x8e, 0x8e, 0x8e, 0x8e, 0x8e, 0x8e, 0x8e, 0x8e, 0x8e, 0x8e, 0x8e, 0x8f, 0x8f, 0x8f, 0x8f, 0x8f, 0x8f, 0x8f,
    0x54, 0x54, 0x56, 0x57, 0x57, 0x57, 0x57, 0x57, 0x57, 0x52, 0x4f, 0x4f, 0x50, 0x4d, 0x4d, 0x4a, 0x49, 0x49, 0x43, 0x43, 0x43, 0x43, 0x43, 0x43,
    0x3e, 0x3e, 0x3e, 0x3e, 0x3d, 0x3d, 0x3d, 0x3d, 0x39, 0x3d, 0x39, 0x39, 0x39, 0x34, 0x34, 0x34, 0x34, 0x34, 0x34, 0x34, 0x34, 0x2b, 0x2b, 0x2b,
    0x26, 0x26, 0x26, 0x26, 0x26, 0x26, 0x26, 0x26, 0x26, 0x25, 0x23, 0x25, 0x23, 0x23, 0x23, 0x23, 0x23, 0x20, 0x20, 0x20, 0x20, 0x20, 0x20, 0x1e,
    0x1e, 0x1e, 0x1e, 0x1e, 0x1e, 0x1e, 0x1e, 0x1e, 0x1e, 0x1e, 0x1e, 0x1e, 0x1e, 0x1e, 0x1e, 0x1e, 0x1b, 0x21, 0x06, 0x00, 0x00, 0x02, 0x02, 0x02,
    0x02, 0x0a, 0x0a, 0x16, 0x16, 0x22, 0x28, 0x30, 0x28, 0x28, 0x2c, 0x2c, 0x28, 0x28, 0x28, 0x24, 0x22, 0x22, 0x22, 0x24, 0x24, 0x22, 0x1d, 0x1d,
    0x1a, 0x1d, 0x1a, 0x1a, 0x1a, 0x1a, 0x15, 0x15, 0x10, 0x10, 0x0d, 0x0d, 0x0d, 0x0d, 0x0b, 0x0b, 0x0d, 0x0b, 0x04, 0x03, 0x5c, 0xff, 0xfe, 0xfe,
    0xfe, 0xfe, 0xb7, 0xb7, 0x49, 0x43, 0x5f, 0x2f, 0x5f, 0x55, 0x3d, 0xfe, 0xb7, 0x5f, 0x7c, 0x5f, 0x5f, 0x7c, 0x7c, 0x7c, 0xbf, 0x3a, 0x00, 0x0b,
    0x07, 0x06, 0x06, 0x07, 0x08, 0x08, 0x08, 0x08, 0x09, 0x09, 0x0c, 0x0c, 0x0c, 0x0c, 0x0e, 0x0e, 0x0e, 0x0e, 0x0f, 0x11, 0x12, 0x1c, 0x24, 0x2f,
    0x3a, 0x42, 0x48, 0x4f, 0x57, 0x61, 0x61, 0x61, 0x61, 0x61, 0x61, 0x61, 0x61, 0x62, 0x5e, 0x64, 0x62, 0x62, 0x62, 0x62, 0x62, 0x62, 0x62, 0x62,
    0x62, 0x62, 0x65, 0x65, 0x65, 0x65, 0x66, 0x66, 0x6b, 0x6b, 0x6b, 0x6d, 0x6e, 0x6e, 0x6e, 0x6f, 0x6f, 0x7b, 0x7b, 0x7b, 0x7b, 0x82, 0x86, 0x85,
    0x86, 0x85, 0x85, 0x8c, 0x8c, 0x8c, 0x93, 0x93, 0x93, 0x93, 0x94, 0x94, 0x94, 0x94, 0x98, 0x98, 0x98, 0x98, 0x98, 0x98, 0x98, 0xa2, 0xa2, 0xa7,
    0x99, 0xa3, 0xa2, 0xa3, 0xa3, 0xa5, 0xa1, 0xa2, 0xa2, 0xa2, 0xa2, 0xa2, 0xa2, 0xa1, 0xa0, 0x9f, 0xa1, 0x9f, 0x9f, 0x9f, 0x9f, 0x9f, 0x9d, 0x9f,
    0x9f, 0x9d, 0x9d, 0x9d, 0x9d, 0x9d, 0x92, 0x9d, 0x9d, 0x9d, 0x9d, 0x9c, 0x9d, 0x9d, 0x9d, 0x9c, 0x9d, 0x9d, 0x9d, 0x9c, 0x9c, 0x9c, 0x9c, 0x9c,
    0x9c, 0x9c, 0x9c, 0xab, 0xab, 0xab, 0xab, 0xac, 0xac, 0xac, 0xac, 0xac, 0xa9, 0xb2, 0xb2, 0xb4, 0xb4, 0xb4, 0xb6, 0xb6, 0xb6, 0xbb, 0xbb, 0xbd,
    0xbe, 0xbe, 0xbe, 0xbe, 0xc4, 0xc0, 0xc4, 0xc5, 0xc5, 0xc8, 0xc8, 0xc8, 0xc8, 0xcd, 0xcd, 0xcd, 0xce, 0xce, 0xce, 0xd2, 0xd2, 0xd3, 0xd6, 0xd6,
    0xd6, 0xd7, 0xd7, 0xda, 0xdb, 0xdb, 0xde, 0xe1, 0xe4, 0xe4, 0xe5, 0xe6, 0xe9, 0xec, 0xec, 0xf1, 0xf1, 0xf5, 0xf5, 0xf7, 0xf7, 0xf7, 0xfa, 0xfa,
    0xfa, 0xfa, 0xfb, 0xfb, 0xfb, 0xfb, 0xfb, 0xfb, 0xfb, 0xfb, 0xfa, 0xfa, 0xfa, 0xf7, 0xf7, 0xf7, 0xf7, 0xf5, 0xf5, 0xee, 0xed, 0xed, 0xeb, 0xe9,
    0xe5, 0xe3, 0xe3, 0xe1, 0xdd, 0xdc, 0xd9, 0xd9, 0xd7, 0xd5, 0xd5, 0xd4, 0xd3, 0xd0, 0xd0, 0xcf, 0xcc, 0xcc, 0xcb, 0xc9, 0xc7, 0xc6, 0xc6, 0xc3,
    0xc2, 0xc2, 0xc2, 0xbc, 0xba, 0xba, 0xb9, 0xb9, 0xb8, 0xb8, 0xb3, 0xb3, 0xaf, 0xaf, 0xaf, 0xaf, 0xaf, 0xa6, 0xa6, 0xa6, 0x9b, 0x9b, 0x97, 0x97,
    0x97, 0x97, 0x97, 0x97, 0x97, 0x97, 0x97, 0x8e, 0x8e, 0x8e, 0x8e, 0x8e, 0x8e, 0x8e, 0x8e, 0x8f, 0x8f, 0x8f, 0x8f, 0x8f, 0x8f, 0x8f, 0x8f, 0x8f,
    0x54, 0x56, 0x56, 0x57, 0x57, 0x57, 0x57, 0x57, 0x57, 0x52, 0x4f, 0x4f, 0x50, 0x4d, 0x4c, 0x4a, 0x49, 0x49, 0x43, 0x43, 0x43, 0x43, 0x43, 0x43,
    0x3e, 0x3e, 0x3e, 0x3e, 0x3d, 0x3d, 0x3d, 0x3d, 0x3d, 0x3d, 0x3d, 0x39, 0x39, 0x34, 0x34, 0x34, 0x34, 0x34, 0x34, 0x34, 0x2b, 0x2b, 0x2b, 0x2b,
    0x26, 0x26, 0x26, 0x26, 0x26, 0x26, 0x26, 0x26, 0x25, 0x25, 0x25, 0x25, 0x25, 0x23, 0x23, 0x23, 0x23, 0x23, 0x20, 0x20, 0x20, 0x20, 0x20, 0x1e,
    0x1e, 0x1e, 0x1e, 0x1e, 0x1e, 0x1e, 0x1e, 0x1e, 0x1e, 0x1e, 0x1e, 0x1e, 0x1e, 0x1e, 0x1e, 0x1b, 0x1e, 0x20, 0x03, 0x00, 0x02, 0x02, 0x02, 0x02,
    0x0a, 0x0a, 0x16, 0x0a, 0x22, 0x22, 0x28, 0x2c, 0x28, 0x28, 0x28, 0x2c, 0x28, 0x28, 0x28, 0x22, 0x22, 0x22, 0x1d, 0x1d, 0x24, 0x22, 0x1d, 0x20,
    0x1d, 0x1d, 0x1d, 0x1a, 0x1a, 0x1a, 0x15, 0x15, 0x10, 0x15, 0x10, 0x0d, 0x10, 0x0d, 0x0d, 0x0d, 0x0b, 0x0b, 0x0b, 0x03, 0x3c, 0xfe, 0xfe, 0xfe,
    0xfe, 0xfe, 0xfd, 0xb7, 0xd0, 0x43, 0x43, 0x55, 0x23, 0xe3, 0x55, 0x5f, 0xfe, 0x55, 0x5f, 0x7c, 0x55, 0xb7, 0x7c, 0x7c, 0xc6, 0x55, 0x11, 0x04,
    0x06, 0x05, 0x05, 0x04, 0x07, 0x07, 0x07, 0x07, 0x08, 0x09, 0x09, 0x0c, 0x0c, 0x0c, 0x0e, 0x0e, 0x0e, 0x0e, 0x0f, 0x11, 0x12, 0x1c, 0x24, 0x2f,
    0x3a, 0x42, 0x48, 0x4f, 0x57, 0x64, 0x64, 0x61, 0x61, 0x61, 0x61, 0x64, 0x61, 0x62, 0x62, 0x62, 0x62, 0x62, 0x62, 0x62, 0x62, 0x62, 0x62, 0x62,
    0x62, 0x65, 0x65, 0x65, 0x65, 0x66, 0x66, 0x6b, 0x6b, 0x6b, 0x6b, 0x6d, 0x6e, 0x6e, 0x6e, 0x6f, 0x7b, 0x7b, 0x7a, 0x7b, 0x7b, 0x82, 0x86, 0x85,
    0x86, 0x85, 0x8c, 0x8c, 0x8c, 0x8c, 0x93, 0x93, 0x93, 0x93, 0x94, 0x94, 0x94, 0x94, 0x98, 0x98, 0x98, 0x98, 0x99, 0x99, 0x98, 0xa2, 0xa2, 0xa7,
    0xa7, 0xa3, 0xa2, 0xa3, 0xa3, 0xa5, 0xa3, 0xa2, 0xa3, 0xa2, 0xa2, 0xa2, 0xa4, 0xa2, 0xa0, 0xa0, 0xa1, 0xa1, 0xa0, 0x9f, 0x9f, 0x9f, 0x9d, 0x9f,
    0x9f, 0x9f, 0x9d, 0x9d, 0x9d, 0x9d, 0x92, 0x9d, 0x9d, 0x9d, 0x9d, 0x9d, 0x9d, 0x9d, 0x9d, 0x9d, 0x9d, 0x9d, 0x9d, 0x9c, 0x9c, 0x9c, 0x9c, 0x9c,
    0x9c, 0x9c, 0x9c, 0xab, 0xab, 0xab, 0xab, 0xac, 0xac, 0xac, 0xac, 0xac, 0xac, 0xb4, 0xb2, 0xb4, 0xb4, 0xb4, 0xb6, 0xb6, 0xb6, 0xbb, 0xbb, 0xbb,
    0xbd, 0xbe, 0xbe, 0xbe, 0xc0, 0xc0, 0xc4, 0xc4, 0xc5, 0xc5, 0xc8, 0xc8, 0xc8, 0xc8, 0xcd, 0xcd, 0xcd, 0xce, 0xce, 0xd2, 0xd2, 0xd3, 0xd4, 0xd6,
    0xd6, 0xd7, 0xd7, 0xda, 0xda, 0xdb, 0xdd, 0xdf, 0xe4, 0xe4, 0xe4, 0xe6, 0xe9, 0xec, 0xec, 0xf1, 0xf1, 0xf3, 0xf5, 0xf7, 0xf7, 0xf7, 0xfa, 0xfa,
    0xfa, 0xfa, 0xfb, 0xfb, 0xfb, 0xfb, 0xfb, 0xfb, 0xfb, 0xfb, 0xfb, 0xfa, 0xfa, 0xfa, 0xf7, 0xf7, 0xf7, 0xf7, 0xf5, 0xf5, 0xee, 0xed, 0xeb, 0xe8,
    0xe7, 0xe5, 0xe3, 0xe2, 0xe1, 0xdd, 0xdb, 0xd9, 0xd9, 0xd8, 0xd5, 0xd5, 0xd3, 0xd3, 0xd2, 0xd0, 0xcf, 0xcc, 0xcb, 0xcb, 0xc9, 0xc7, 0xc6, 0xc6,
    0xc3, 0xc2, 0xc2, 0xbc, 0xbc, 0xba, 0xb9, 0xb9, 0xb8, 0xb8, 0xb8, 0xb3, 0xb3, 0xaf, 0xaf, 0xaf, 0xaf, 0xaf, 0xa6, 0xa6, 0xa6, 0x9b, 0x9b, 0x97,
    0x97, 0x97, 0x97, 0x97, 0x97, 0x97, 0x97, 0x97, 0x97, 0x97, 0x97, 0x8f, 0x8f, 0x8f, 0x8f, 0x8f, 0x8f, 0x8f, 0x8f, 0x8f, 0x8f, 0x8f, 0x8f, 0x8f,
    0x56, 0x56, 0x57, 0x57, 0x57, 0x57, 0x57, 0x57, 0x57, 0x52, 0x4f, 0x4f, 0x50, 0x4d, 0x4d, 0x4a, 0x49, 0x49, 0x43, 0x43, 0x43, 0x43, 0x43, 0x43,
    0x3e, 0x3e, 0x3e, 0x3e, 0x3d, 0x3d, 0x3d, 0x3d, 0x3d, 0x3d, 0x3d, 0x39, 0x34, 0x34, 0x34, 0x34, 0x34, 0x34, 0x34, 0x34, 0x2b, 0x2b, 0x2b, 0x26,
    0x26, 0x26, 0x26, 0x26, 0x26, 0x26, 0x25, 0x25, 0x25, 0x25, 0x25, 0x25, 0x23, 0x23, 0x23, 0x23, 0x20, 0x1e, 0x1e, 0x20, 0x20, 0x1e, 0x1e, 0x1e,
    0x1e, 0x1e, 0x1e, 0x1e, 0x1e, 0x1e, 0x1e, 0x1e, 0x1e, 0x1e, 0x1e, 0x1e, 0x1e, 0x1e, 0x1e, 0x1e, 0x1e, 0x1c, 0x03, 0x00, 0x02, 0x02, 0x0a, 0x0a,
    0x16, 0x16, 0x22, 0x16, 0x30, 0x22, 0x28, 0x22, 0x30, 0x2c, 0x27, 0x2c, 0x28, 0x27, 0x2c, 0x27, 0x22, 0x27, 0x22, 0x22, 0x20, 0x1d, 0x1d, 0x1d,
    0x1d, 0x1d, 0x1d, 0x1d, 0x1a, 0x15, 0x15, 0x1a, 0x15, 0x15, 0x15, 0x15, 0x10, 0x10, 0x10, 0x0d, 0x0d, 0x0b, 0x0c, 0x00, 0x29, 0xff, 0xfe, 0xfe,
    0xfe, 0xfe, 0xfe, 0xfd, 0xfd, 0xb7, 0x0f, 0xb7, 0x49, 0x25, 0xd8, 0xd8, 0x4e, 0xfd, 0x55, 0x5f, 0x7c, 0x5f, 0x7c, 0x7c, 0x7c, 0xe3, 0x2d, 0x00,
    0x06, 0x05, 0x05, 0x04, 0x04, 0x07, 0x07, 0x07, 0x08, 0x08, 0x09, 0x09, 0x0c, 0x0c, 0x0c, 0x0e, 0x0e, 0x0e, 0x0f, 0x11, 0x12, 0x1c, 0x24, 0x2f,
    0x3a, 0x42, 0x48, 0x4f, 0x57, 0x64, 0x64, 0x64, 0x64, 0x61, 0x61, 0x64, 0x64, 0x62, 0x62, 0x62, 0x62, 0x62, 0x62, 0x62, 0x62, 0x62, 0x62, 0x65,
    0x65, 0x65, 0x65, 0x65, 0x66, 0x66, 0x6b, 0x6b, 0x6b, 0x6b, 0x6b, 0x6d, 0x6e, 0x6e, 0x6e, 0x6f, 0x7b, 0x7b, 0x7a, 0x7b, 0x7b, 0x86, 0x86, 0x85,
    0x86, 0x85, 0x8c, 0x8c, 0x8c, 0x8c, 0x93, 0x93, 0x93, 0x93, 0x98, 0x98, 0x98, 0x98, 0x98, 0x98, 0x98, 0x98, 0x99, 0x99, 0x99, 0xa7, 0xa2, 0xa7,
    0xa7, 0xa5, 0xa3, 0xa3, 0xa3, 0xa5, 0xa5, 0xa3, 0xa5, 0xa2, 0xa2, 0xa2, 0xa4, 0xa2, 0xa2, 0xa0, 0xa1, 0xa1, 0xa0, 0x9f, 0x9f, 0x9f, 0xa0, 0x9f,
    0x9f, 0x9f, 0x9d, 0x9f, 0x9d, 0x9d, 0x92, 0x9d, 0x9d, 0x9d, 0x9d, 0x9d, 0x9d, 0x9d, 0x9d, 0x9d, 0x9d, 0x9d, 0x9d, 0x9c, 0x9c, 0x9c, 0x9c, 0x9c,
    0x9c, 0x9c, 0x9c, 0xab, 0xab, 0xab, 0xab, 0xac, 0xac, 0xac, 0xab, 0xac, 0xac, 0xb4, 0xb4, 0xb4, 0xb4, 0xb4, 0xb6, 0xb6, 0xb6, 0xb6, 0xbb, 0xbb,
    0xbb, 0xbd, 0xbe, 0xbe, 0xc0, 0xc4, 0xc0, 0xc4, 0xc4, 0xc5, 0xc5, 0xc8, 0xc8, 0xc8, 0xc8, 0xcd, 0xcd, 0xce, 0xce, 0xce, 0xd2, 0xd2, 0xd4, 0xd6,
    0xd6, 0xd7, 0xd7, 0xd7, 0xda, 0xdb, 0xdd, 0xde, 0xe4, 0xe4, 0xe4, 0xe6, 0xe6, 0xea, 0xec, 0xf1, 0xf1, 0xf3, 0xf5, 0xf7, 0xf7, 0xf7, 0xf7, 0xfa,
    0xfa, 0xfa, 0xfb, 0xfb, 0xfb, 0xfb, 0xfb, 0xfb, 0xfb, 0xfb, 0xfb, 0xfb, 0xfa, 0xfa, 0xfa, 0xf7, 0xf7, 0xf7, 0xf5, 0xf5, 0xee, 0xee, 0xed, 0xeb,
    0xe9, 0xe5, 0xe3, 0xe3, 0xe1, 0xe1, 0xdc, 0xd9, 0xd9, 0xd9, 0xd5, 0xd5, 0xd5, 0xd3, 0xd0, 0xd0, 0xcf, 0xcf, 0xcc, 0xcb, 0xc9, 0xc9, 0xc7, 0xc6,
    0xc3, 0xc3, 0xc2, 0xc2, 0xbc, 0xbc, 0xba, 0xb9, 0xb9, 0xb8, 0xb8, 0xb8, 0xb3, 0xb3, 0xaf, 0xaf, 0xaf, 0xaf, 0xaf, 0xa6, 0xa6, 0xa6, 0x9b, 0x9b,
    0x9b, 0x97, 0x97, 0x97, 0x97, 0x97, 0x97, 0x97, 0x97, 0x97, 0x97, 0x97, 0x97, 0x97, 0x97, 0x97, 0x97, 0x97, 0x97, 0x97, 0x97, 0x97, 0x97, 0x97,
    0x56, 0x57, 0x57, 0x57, 0x57, 0x57, 0x57, 0x57, 0x57, 0x52, 0x4f, 0x4f, 0x50, 0x4e, 0x4d, 0x4a, 0x49, 0x49, 0x43, 0x43, 0x43, 0x43, 0x43, 0x43,
    0x43, 0x3e, 0x3e, 0x3e, 0x3d, 0x3d, 0x3d, 0x3d, 0x3d, 0x3d, 0x39, 0x39, 0x34, 0x34, 0x34, 0x34, 0x34, 0x34, 0x34, 0x34, 0x2b, 0x2b, 0x2b, 0x26,
    0x26, 0x26, 0x26, 0x26, 0x26, 0x26, 0x25, 0x25, 0x25, 0x25, 0x25, 0x23, 0x23, 0x23, 0x20, 0x1e, 0x1e, 0x1e, 0x20, 0x20, 0x20, 0x1e, 0x1e, 0x1e,
    0x1e, 0x1e, 0x1e, 0x1e, 0x1e, 0x1e, 0x1e, 0x1e, 0x1e, 0x1e, 0x1e, 0x1e, 0x1e, 0x1e, 0x1e, 0x1e, 0x21, 0x15, 0x00, 0x00, 0x02, 0x02, 0x0a, 0x16,
    0x0a, 0x17, 0x16, 0x22, 0x22, 0x2c, 0x22, 0x17, 0x37, 0x2c, 0x28, 0x2c, 0x27, 0x27, 0x2c, 0x28, 0x27, 0x27, 0x22, 0x22, 0x20, 0x1d, 0x1d, 0x1d,
    0x1d, 0x1d, 0x1d, 0x1d, 0x1d, 0x1a, 0x15, 0x1a, 0x1a, 0x15, 0x15, 0x1a, 0x15, 0x10, 0x10, 0x0d, 0x0d, 0x0c, 0x0d, 0x06, 0x0a, 0x88, 0xff, 0xfe,
    0xfe, 0xfe, 0xfe, 0xfe, 0xfd, 0xfe, 0x46, 0x23, 0x4d, 0x4d, 0x4d, 0xfe, 0x43, 0x5f, 0xfd, 0x7c, 0x7c, 0x7c, 0x7c, 0x63, 0x7c, 0xca, 0x55, 0x0a,
    0x03, 0x04, 0x04, 0x04, 0x04, 0x04, 0x07, 0x08, 0x07, 0x08, 0x09, 0x09, 0x09, 0x0e, 0x0c, 0x0c, 0x0f, 0x0e, 0x0f, 0x11, 0x12, 0x1f, 0x24, 0x2f,
    0x3a, 0x42, 0x48, 0x4f, 0x57, 0x64, 0x64, 0x64, 0x64, 0x64, 0x61, 0x64, 0x64, 0x62, 0x62, 0x62, 0x62, 0x62, 0x62, 0x62, 0x62, 0x62, 0x62, 0x65,
    0x65, 0x65, 0x65, 0x66, 0x66, 0x66, 0x6b, 0x6b, 0x6b, 0x6b, 0x6d, 0x6d, 0x6e, 0x6e, 0x6e, 0x6f, 0x7b, 0x7a, 0x7b, 0x7b, 0x7b, 0x86, 0x85, 0x86,
    0x86, 0x85, 0x8c, 0x8c, 0x8c, 0x8c, 0x93, 0x93, 0x93, 0x98, 0x98, 0x98, 0x98, 0x98, 0x99, 0x99, 0x99, 0x98, 0x99, 0x99, 0x99, 0xa7, 0xa7, 0xa7,
    0xa7, 0xa7, 0xa3, 0xa3, 0xa3, 0xa7, 0xa5, 0xa5, 0xa5, 0xa5, 0xa2, 0xa2, 0xa4, 0xa2, 0xa2, 0xa0, 0xa1, 0xa1, 0xa0, 0xa0, 0x9f, 0x9f, 0xa0, 0x9f,
    0x9f, 0x9f, 0x9f, 0x9f, 0x9d, 0x9d, 0x92, 0x9d, 0x9d, 0x9d, 0x9d, 0x9d, 0x9d, 0x9d, 0x9e, 0x9d, 0x9d, 0x9d, 0x9d, 0x9c, 0x9c, 0x9c, 0x9c, 0x9c,
    0x9c, 0x9c, 0x9c, 0xab, 0xab, 0xab, 0xab, 0xac, 0xac, 0xab, 0xab, 0xac, 0xac, 0xb4, 0xb4, 0xb4, 0xb4, 0xb4, 0xb6, 0xb6, 0xb6, 0xb6, 0xbb, 0xbb,
    0xbb, 0xbb, 0xbd, 0xbe, 0xbe, 0xc0, 0xc4, 0xc0, 0xc4, 0xc4, 0xc5, 0xc8, 0xc8, 0xc8, 0xc8, 0xcd, 0xcd, 0xcd, 0xce, 0xce, 0xd2, 0xd2, 0xd3, 0xd4,
    0xd6, 0xd6, 0xd7, 0xd7, 0xda, 0xda, 0xdb, 0xde, 0xdf, 0xe4, 0xe4, 0xe4, 0xe6, 0xea, 0xec, 0xef, 0xf1, 0xf1, 0xf5, 0xf5, 0xf7, 0xf7, 0xf7, 0xfa,
    0xfa, 0xfa, 0xfb, 0xfb, 0xfb, 0xfb, 0xfb, 0xfb, 0xfb, 0xfb, 0xfb, 0xfb, 0xfa, 0xfa, 0xfa, 0xf7, 0xf7, 0xf7, 0xf7, 0xf5, 0xf5, 0xee, 0xed, 0xeb,
    0xe8, 0xe7, 0xe5, 0xe3, 0xe2, 0xe1, 0xdd, 0xdb, 0xd9, 0xd9, 0xd8, 0xd5, 0xd5, 0xd3, 0xd3, 0xd2, 0xd0, 0xcf, 0xcc, 0xcc, 0xcb, 0xc9, 0xc7, 0xc6,
    0xc6, 0xc3, 0xc2, 0xc2, 0xc2, 0xbc, 0xbc, 0xba, 0xb9, 0xb9, 0xb8, 0xb8, 0xb3, 0xb3, 0xb3, 0xaf, 0xaf, 0xaf, 0xaf, 0xaf, 0xa6, 0xa6, 0xa6, 0xa6,
    0x9b, 0x9b, 0x9b, 0x97, 0x97, 0x97, 0x97, 0x97, 0x97, 0x97, 0x97, 0x97, 0x97, 0x97, 0x97, 0x97, 0x97, 0x97, 0x97, 0x97, 0x97, 0x97, 0x97, 0x97,
    0x57, 0x57, 0x57, 0x57, 0x57, 0x57, 0x57, 0x57, 0x57, 0x52, 0x4f, 0x4f, 0x50, 0x4e, 0x4c, 0x4a, 0x49, 0x43, 0x43, 0x43, 0x43, 0x43, 0x43, 0x43,
    0x43, 0x3e, 0x3e, 0x3e, 0x3d, 0x3d, 0x3d, 0x3d, 0x3d, 0x3d, 0x3d, 0x39, 0x34, 0x34, 0x34, 0x34, 0x34, 0x34, 0x34, 0x34, 0x2b, 0x2b, 0x26, 0x26,
    0x26, 0x26, 0x26, 0x26, 0x26, 0x25, 0x26, 0x25, 0x25, 0x25, 0x25, 0x25, 0x25, 0x23, 0x20, 0x20, 0x20, 0x20, 0x20, 0x20, 0x1e, 0x1e, 0x1e, 0x1e,
    0x1e, 0x1e, 0x1e, 0x1e, 0x1e, 0x1e, 0x1e, 0x1e, 0x1e, 0x1e, 0x1e, 0x1e, 0x1e, 0x1e, 0x1e, 0x1e, 0x23, 0x0f, 0x03, 0x02, 0x02, 0x0a, 0x0a, 0x16,
    0x0a, 0x16, 0x16, 0x22, 0x16, 0x37, 0x27, 0x22, 0x37, 0x2c, 0x2c, 0x2c, 0x28, 0x27, 0x28, 0x28, 0x28, 0x27, 0x22, 0x22, 0x24, 0x22, 0x1d, 0x1d,
    0x1d, 0x22, 0x1d, 0x1d, 0x1d, 0x1d, 0x1a, 0x1a, 0x1a, 0x1a, 0x15, 0x15, 0x1a, 0x15, 0x10, 0x10, 0x10, 0x10, 0x10, 0x10, 0x00, 0x48, 0xff, 0xfe,
    0xfe, 0xfe, 0xfe, 0xfe, 0xfd, 0xfe, 0xfd, 0x1b, 0x23, 0x4d, 0xb7, 0x3a, 0xfd, 0x43, 0xc6, 0xd8, 0x4c, 0xb7, 0x5f, 0xb7, 0xb7, 0x5f, 0xfb, 0x1f,
    0x00, 0x04, 0x04, 0x04, 0x04, 0x04, 0x04, 0x07, 0x07, 0x07, 0x07, 0x09, 0x09, 0x0c, 0x0c, 0x0c, 0x0e, 0x0e, 0x0f, 0x11, 0x12, 0x1f, 0x24, 0x2f,
    0x3a, 0x42, 0x4b, 0x4f, 0x57, 0x64, 0x64, 0x64, 0x64, 0x64, 0x64, 0x64, 0x62, 0x64, 0x62, 0x62, 0x62, 0x62, 0x62, 0x62, 0x62, 0x62, 0x62, 0x65,
    0x65, 0x65, 0x66, 0x66, 0x66, 0x6b, 0x6b, 0x6b, 0x6b, 0x6b, 0x6d, 0x6d, 0x6e, 0x6e, 0x6e, 0x6f, 0x7b, 0x7a, 0x7b, 0x7b, 0x7b, 0x86, 0x85, 0x86,
    0x86, 0x8c, 0x8c, 0x8c, 0x8c, 0x8c, 0x93, 0x93, 0x98, 0x98, 0x98, 0x98, 0x99, 0x99, 0x99, 0x99, 0x99, 0x99, 0x99, 0x99, 0x99, 0xa7, 0xa7, 0xa7,
    0xa7, 0xa7, 0xa5, 0xa3, 0xa3, 0xa7, 0xa5, 0xa5, 0xa5, 0xa5, 0xa2, 0xa2, 0xa4, 0xa4, 0xa2, 0xa2, 0xa2, 0xa1, 0xa2, 0xa0, 0x9f, 0x9f, 0xa0, 0xa0,
    0x9f, 0xa0, 0x9f, 0x9f, 0x9d, 0x9d, 0x9d, 0x9d, 0x9d, 0x9d, 0x9d, 0x9d, 0x9d, 0x9d, 0x9e, 0x9d, 0x9d, 0x9d, 0x9d, 0x9c, 0x9c, 0x9c, 0x9c, 0x9c,
    0x9e, 0x9c, 0x9c, 0xab, 0xab, 0xab, 0xab, 0xac, 0xab, 0xab, 0xab, 0xac, 0xac, 0xb4, 0xb4, 0xb4, 0xb4, 0xb4, 0xb4, 0xb6, 0xb6, 0xb6, 0xbb, 0xbb,
    0xbb, 0xbb, 0xbd, 0xbd, 0xbe, 0xc0, 0xc0, 0xc0, 0xc4, 0xc4, 0xc5, 0xc5, 0xc8, 0xc8, 0xc8, 0xc8, 0xcd, 0xcd, 0xce, 0xce, 0xce, 0xd2, 0xd2, 0xd4,
    0xd6, 0xd6, 0xd7, 0xd7, 0xda, 0xda, 0xdb, 0xdd, 0xde, 0xe4, 0xe4, 0xe4, 0xe6, 0xe9, 0xea, 0xef, 0xf1, 0xf1, 0xf3, 0xf5, 0xf7, 0xf7, 0xf7, 0xfa,
    0xfa, 0xfa, 0xfa, 0xfb, 0xfb, 0xfb, 0xfb, 0xfb, 0xfb, 0xfb, 0xfb, 0xfb, 0xfb, 0xfa, 0xfa, 0xfa, 0xf7, 0xf7, 0xf7, 0xf5, 0xf5, 0xee, 0xee, 0xed,
    0xeb, 0xe8, 0xe7, 0xe3, 0xe3, 0xe1, 0xe1, 0xdc, 0xdb, 0xd9, 0xd9, 0xd6, 0xd5, 0xd5, 0xd3, 0xd0, 0xd0, 0xcf, 0xcf, 0xcc, 0xcb, 0xc9, 0xc9, 0xc7,
    0xc6, 0xc6, 0xc3, 0xc2, 0xc2, 0xbc, 0xbc, 0xba, 0xba, 0xb9, 0xb9, 0xb8, 0xb8, 0xb3, 0xb3, 0xb3, 0xaf, 0xaf, 0xaf, 0xaf, 0xaf, 0xa6, 0xa6, 0xa6,
    0xa6, 0x9b, 0x9b, 0x9b, 0x9b, 0x97, 0x97, 0x97, 0x97, 0x97, 0x97, 0x97, 0x97, 0x97, 0x97, 0x97, 0x97, 0x97, 0x97, 0x97, 0x97, 0x97, 0x97, 0x97,
    0x57, 0x57, 0x57, 0x57, 0x57, 0x57, 0x57, 0x57, 0x57, 0x52, 0x4f, 0x4f, 0x50, 0x4d, 0x4c, 0x4a, 0x49, 0x49, 0x43, 0x43, 0x43, 0x43, 0x43, 0x43,
    0x43, 0x3e, 0x3e, 0x3e, 0x3d, 0x3d, 0x3d, 0x3d, 0x3d, 0x3d, 0x39, 0x39, 0x34, 0x34, 0x34, 0x34, 0x34, 0x34, 0x34, 0x34, 0x2b, 0x2b, 0x26, 0x26,
    0x26, 0x26, 0x26, 0x26, 0x26, 0x26, 0x26, 0x25, 0x25, 0x25, 0x23, 0x23, 0x23, 0x23, 0x20, 0x20, 0x20, 0x20, 0x1e, 0x1e, 0x1e, 0x1e, 0x1e, 0x1e,
    0x1e, 0x1e, 0x1e, 0x1e, 0x1e, 0x1e, 0x1e, 0x1e, 0x1e, 0x1e, 0x1e, 0x1e, 0x1e, 0x1e, 0x1e, 0x1e, 0x23, 0x10, 0x00, 0x02, 0x0a, 0x0a, 0x0a, 0x0a,
    0x0a, 0x0a, 0x22, 0x16, 0x28, 0x2c, 0x28, 0x30, 0x2c, 0x2c, 0x2c, 0x35, 0x2c, 0x28, 0x28, 0x27, 0x28, 0x28, 0x27, 0x22, 0x27, 0x27, 0x22, 0x1d,
    0x1d, 0x1d, 0x1d, 0x1d, 0x1d, 0x1d, 0x1d, 0x15, 0x1a, 0x1a, 0x1a, 0x15, 0x15, 0x1a, 0x15, 0x15, 0x10, 0x10, 0x10, 0x15, 0x03, 0x2e, 0xff, 0xff,
    0xfe, 0xfe, 0xfe, 0xfe, 0xfe, 0xe3, 0xaf, 0x55, 0x2f, 0x4e, 0x43, 0xc6, 0x55, 0xbf, 0x7c, 0xd8, 0x7c, 0x80, 0x7c, 0x7c, 0x7c, 0x7c, 0xcb, 0x4f,
    0x00, 0x00, 0x04, 0x04, 0x04, 0x04, 0x04, 0x04, 0x07, 0x08, 0x08, 0x09, 0x09, 0x09, 0x09, 0x0e, 0x0e, 0x0e, 0x0f, 0x11, 0x12, 0x1f, 0x24, 0x2f,
    0x3a, 0x42, 0x4b, 0x4f, 0x57, 0x64, 0x64, 0x64, 0x64, 0x64, 0x62, 0x64, 0x62, 0x62, 0x62, 0x62, 0x62, 0x62, 0x62, 0x62, 0x62, 0x62, 0x62, 0x65,
    0x65, 0x66, 0x66, 0x66, 0x6b, 0x6b, 0x6b, 0x6b, 0x6b, 0x6b, 0x6d, 0x6e, 0x6e, 0x6e, 0x6e, 0x7b, 0x7b, 0x7a, 0x7b, 0x7b, 0x7b, 0x85, 0x85, 0x86,
    0x86, 0x8c, 0x8c, 0x8c, 0x8c, 0x8c, 0x93, 0x93, 0x98, 0x98, 0x98, 0x98, 0x99, 0x99, 0x99, 0x99, 0x99, 0x99, 0xa3, 0xa8, 0x99, 0xa7, 0xa7, 0xa7,
    0xa7, 0xa7, 0xa7, 0xa5, 0xa3, 0xa7, 0xa7, 0xa5, 0xa5, 0xa5, 0xa5, 0xa2, 0xa4, 0xa4, 0xa5, 0xa2, 0xa4, 0xa1, 0xa2, 0xa0, 0xa0, 0x9f, 0xa4, 0xa0,
    0x9f, 0xa0, 0x9f, 0x9f, 0x9f, 0x9d, 0x9d, 0x9f, 0x9d, 0x9d, 0x9d, 0x9d, 0x9d, 0x9d, 0x9e, 0x9d, 0x9d, 0x9d, 0x9d, 0x9c, 0x9c, 0x9c, 0x9c, 0x9c,
    0x9e, 0x9c, 0x9c, 0xab, 0xab, 0xab, 0xab, 0xac, 0xab, 0xab, 0xab, 0xac, 0xac, 0xb4, 0xb4, 0xb4, 0xb4, 0xb4, 0xb4, 0xb4, 0xb6, 0xb6, 0xb6, 0xbb,
    0xbb, 0xbb, 0xbd, 0xbd, 0xbe, 0xbe, 0xc0, 0xc4, 0xc0, 0xc4, 0xc4, 0xc5, 0xc5, 0xc8, 0xc8, 0xc8, 0xcd, 0xcd, 0xcd, 0xce, 0xce, 0xd2, 0xd2, 0xd3,
    0xd4, 0xd6, 0xd6, 0xd7, 0xd7, 0xda, 0xdb, 0xdb, 0xde, 0xdf, 0xe4, 0xe4, 0xe6, 0xe6, 0xea, 0xec, 0xef, 0xf1, 0xf3, 0xf5, 0xf7, 0xf7, 0xf7, 0xfa,
    0xfa, 0xfa, 0xfa, 0xfb, 0xfb, 0xfb, 0xfb, 0xfb, 0xfb, 0xfb, 0xfb, 0xfb, 0xfb, 0xfa, 0xfa, 0xfa, 0xfa, 0xf7, 0xf7, 0xf7, 0xf5, 0xf5, 0xee, 0xee,
    0xeb, 0xeb, 0xe9, 0xe5, 0xe3, 0xe2, 0xe1, 0xdd, 0xdb, 0xd9, 0xd9, 0xd8, 0xd5, 0xd5, 0xd3, 0xd3, 0xd2, 0xd0, 0xcf, 0xcc, 0xcc, 0xcb, 0xc9, 0xc7,
    0xc7, 0xc6, 0xc6, 0xc3, 0xc2, 0xc2, 0xbc, 0xbc, 0xba, 0xb9, 0xb9, 0xb9, 0xb8, 0xb8, 0xb3, 0xb3, 0xb3, 0xaf, 0xaf, 0xaf, 0xaf, 0xaf, 0xa6, 0xa6,
    0xa6, 0xa6, 0xa6, 0x9b, 0x9b, 0x9b, 0x9b, 0x97, 0x97, 0x97, 0x97, 0x97, 0x97, 0x97, 0x97, 0x97, 0x97, 0x97, 0x97, 0x97, 0x97, 0x97, 0x97, 0x97,
    0x57, 0x57, 0x57, 0x57, 0x57, 0x57, 0x57, 0x57, 0x57, 0x52, 0x4f, 0x4f, 0x50, 0x4d, 0x4c, 0x4a, 0x49, 0x49, 0x43, 0x43, 0x43, 0x43, 0x43, 0x43,
    0x43, 0x3e, 0x3e, 0x3e, 0x3d, 0x3d, 0x3d, 0x3d, 0x3d, 0x3d, 0x39, 0x39, 0x34, 0x34, 0x34, 0x34, 0x34, 0x34, 0x34, 0x34, 0x2b, 0x26, 0x26, 0x26,
    0x26, 0x26, 0x26, 0x26, 0x25, 0x25, 0x26, 0x25, 0x23, 0x23, 0x23, 0x20, 0x20, 0x20, 0x20, 0x20, 0x20, 0x1e, 0x1e, 0x1e, 0x1e, 0x1e, 0x1e, 0x1e,
    0x1e, 0x1e, 0x1e, 0x1e, 0x1e, 0x1e, 0x1e, 0x1e, 0x1e, 0x1e, 0x1e, 0x1e, 0x1e, 0x1e, 0x1e, 0x1e, 0x23, 0x0f, 0x00, 0x02, 0x0a, 0x02, 0x16, 0x0a,
    0x16, 0x22, 0x16, 0x28, 0x30, 0x2c, 0x30, 0x30, 0x2c, 0x28, 0x2c, 0x35, 0x2c, 0x2c, 0x28, 0x27, 0x27, 0x2c, 0x28, 0x27, 0x22, 0x27, 0x27, 0x22,
    0x22, 0x1d, 0x1d, 0x1d, 0x1d, 0x1d, 0x1d, 0x1a, 0x1a, 0x1a, 0x17, 0x15, 0x1a, 0x1a, 0x1a, 0x1a, 0x1a, 0x10, 0x15, 0x1a, 0x0b, 0x22, 0xfc, 0xff,
    0xfe, 0xfe, 0xfe, 0xfe, 0xfe, 0xfe, 0x21, 0x7c, 0x49, 0xb7, 0x4d, 0x7c, 0x5f, 0xb7, 0x80, 0x55, 0xd0, 0x7c, 0xb7, 0x5f, 0xb7, 0x7c, 0x7c, 0xf4,
    0x11, 0x00, 0x03, 0x04, 0x03, 0x03, 0x04, 0x04, 0x07, 0x07, 0x08, 0x08, 0x09, 0x09, 0x0e, 0x0e, 0x0e, 0x0e, 0x0f, 0x11, 0x12, 0x1f, 0x24, 0x2f,
    0x3a, 0x42, 0x4b, 0x4f, 0x57, 0x64, 0x64, 0x64, 0x64, 0x64, 0x64, 0x62, 0x64, 0x64, 0x62, 0x62, 0x62, 0x62, 0x65, 0x62, 0x62, 0x62, 0x65, 0x65,
    0x65, 0x66, 0x66, 0x66, 0x6b, 0x6b, 0x6b, 0x6b, 0x6b, 0x6b, 0x6d, 0x6e, 0x6e, 0x6e, 0x6e, 0x7b, 0x7b, 0x7a, 0x7b, 0x7b, 0x7b, 0x85, 0x85, 0x86,
    0x85, 0x8c, 0x8c, 0x8c, 0x8c, 0x93, 0x93, 0x93, 0x98, 0x98, 0x98, 0x98, 0x99, 0x99, 0x99, 0x99, 0x99, 0x99, 0xa7, 0xa8, 0xa8, 0xa8, 0xa7, 0xa7,
    0xa7, 0xa7, 0xa7, 0xa5, 0xa3, 0xa7, 0xa7, 0xa5, 0xa7, 0xa5, 0xa5, 0xa3, 0xa4, 0xa4, 0xa5, 0xa2, 0xa4, 0xa2, 0xa2, 0xa2, 0xa0, 0x9f, 0xa4, 0xa0,
    0x9f, 0xa0, 0x9f, 0x9f, 0x9f, 0x9e, 0x9d, 0x9f, 0x9d, 0x9d, 0x9d, 0x9d, 0x9d, 0x9d, 0x9e, 0x9d, 0x9d, 0x9d, 0x9d, 0x9d, 0x9c, 0x9c, 0x9c, 0x9c,
    0x9e, 0x9c, 0x9c, 0xab, 0xab, 0xab, 0xab, 0xab, 0xab, 0xab, 0xab, 0xac, 0xac, 0xab, 0xb4, 0xb4, 0xb4, 0xb4, 0xb4, 0xb4, 0xb6, 0xb6, 0xb6, 0xb6,
    0xbb, 0xbb, 0xbd, 0xbd, 0xbd, 0xbe, 0xbe, 0xc0, 0xc4, 0xc0, 0xc4, 0xc4, 0xc5, 0xc8, 0xc8, 0xc8, 0xc8, 0xcd, 0xcd, 0xce, 0xce, 0xce, 0xd2, 0xd2,
    0xd4, 0xd6, 0xd6, 0xd7, 0xd7, 0xda, 0xda, 0xdb, 0xdd, 0xde, 0xe4, 0xe4, 0xe4, 0xe6, 0xea, 0xec, 0xef, 0xf1, 0xf1, 0xf5, 0xf7, 0xf7, 0xf7, 0xf7,
    0xfa, 0xfa, 0xfa, 0xfb, 0xfb, 0xfb, 0xfb, 0xfb, 0xfb, 0xfb, 0xfb, 0xfb, 0xfb, 0xfb, 0xfa, 0xfa, 0xfa, 0xf7, 0xf7, 0xf7, 0xf5, 0xf5, 0xee, 0xee,
    0xed, 0xeb, 0xe8, 0xe7, 0xe3, 0xe3, 0xe1, 0xe1, 0xdc, 0xdb, 0xd9, 0xd9, 0xd6, 0xd5, 0xd5, 0xd3, 0xd2, 0xd2, 0xcf, 0xcf, 0xcc, 0xcb, 0xcb, 0xc9,
    0xc7, 0xc6, 0xc6, 0xc3, 0xc2, 0xc2, 0xc2, 0xbc, 0xbc, 0xba, 0xb9, 0xb9, 0xb8, 0xb8, 0xb8, 0xb3, 0xb3, 0xb3, 0xaf, 0xaf, 0xaf, 0xaf, 0xaf, 0xaf,
    0xa6, 0xa6, 0xa6, 0xa6, 0x9b, 0x9b, 0x9b, 0x9b, 0x9b, 0x9b, 0x9b, 0x97, 0x97, 0x97, 0x97, 0x97, 0x97, 0x97, 0x97, 0x97, 0x97, 0x97, 0x97, 0x97,
    0x57, 0x57, 0x57, 0x57, 0x57, 0x57, 0x57, 0x57, 0x57, 0x52, 0x4f, 0x4f, 0x50, 0x4e, 0x4d, 0x4a, 0x49, 0x49, 0x43, 0x43, 0x43, 0x43, 0x43, 0x43,
    0x43, 0x3e, 0x3e, 0x3e, 0x3d, 0x3d, 0x3d, 0x3d, 0x3d, 0x3d, 0x39, 0x34, 0x34, 0x34, 0x34, 0x34, 0x34, 0x34, 0x34, 0x2b, 0x2b, 0x26, 0x26, 0x26,
    0x26, 0x26, 0x26, 0x25, 0x25, 0x26, 0x25, 0x25, 0x23, 0x23, 0x20, 0x20, 0x20, 0x20, 0x20, 0x20, 0x1e, 0x1e, 0x1e, 0x1e, 0x1e, 0x1e, 0x1e, 0x1e,
    0x1e, 0x1e, 0x1e, 0x1e, 0x1e, 0x1e, 0x1e, 0x1e, 0x1e, 0x1e, 0x1e, 0x1e, 0x1e, 0x1e, 0x1e, 0x1e, 0x20, 0x0a, 0x03, 0x0a, 0x0a, 0x0a, 0x16, 0x0a,
    0x28, 0x16, 0x22, 0x22, 0x2c, 0x28, 0x30, 0x37, 0x2c, 0x27, 0x2c, 0x35, 0x2c, 0x35, 0x2c, 0x27, 0x27, 0x28, 0x28, 0x28, 0x27, 0x24, 0x27, 0x24,
    0x27, 0x1d, 0x1d, 0x1d, 0x1d, 0x1d, 0x1d, 0x1d, 0x17, 0x1a, 0x1a, 0x1a, 0x17, 0x1a, 0x15, 0x17, 0x1a, 0x1a, 0x15, 0x15, 0x0d, 0x2f, 0xfe, 0xff,
    0xfe, 0xfe, 0xfe, 0xfe, 0xfd, 0x76, 0x26, 0x1f, 0xb7, 0x43, 0xe0, 0x5f, 0x5f, 0xc6, 0x43, 0xd0, 0x5f, 0xd0, 0x7c, 0x5f, 0x7c, 0x7c, 0x7c, 0xcc,
    0x42, 0x00, 0x03, 0x03, 0x01, 0x01, 0x04, 0x05, 0x05, 0x07, 0x08, 0x08, 0x0c, 0x09, 0x0e, 0x0e, 0x0e, 0x0e, 0x0f, 0x11, 0x12, 0x1f, 0x24, 0x2f,
    0x3a, 0x42, 0x48, 0x4f, 0x59, 0x65, 0x64, 0x64, 0x64, 0x64, 0x64, 0x62, 0x62, 0x65, 0x62, 0x62, 0x62, 0x65, 0x65, 0x65, 0x65, 0x65, 0x65, 0x65,
    0x65, 0x66, 0x66, 0x66, 0x6b, 0x6b, 0x6b, 0x6b, 0x6b, 0x6b, 0x6d, 0x6e, 0x6e, 0x6e, 0x6e, 0x7b, 0x7a, 0x7a, 0x7b, 0x7b, 0x7b, 0x85, 0x85, 0x86,
    0x85, 0x8c, 0x8c, 0x8c, 0x8c, 0x93, 0x93, 0x93, 0x98, 0x98, 0x98, 0x98, 0x99, 0x99, 0xa3, 0xa3, 0x99, 0x99, 0xa7, 0xa8, 0xa8, 0xa8, 0xa8, 0xa7,
    0xa7, 0xa8, 0xa7, 0xa7, 0xa5, 0xa7, 0xa7, 0xa5, 0xa7, 0xa5, 0xa5, 0xa3, 0xa4, 0xa4, 0xa5, 0xa3, 0xa4, 0xa2, 0xa2, 0xa2, 0xa0, 0x9f, 0xa4, 0xa0,
    0x9f, 0xa0, 0x9f, 0x9f, 0x9f, 0xa0, 0x9d, 0x9f, 0x9d, 0x9d, 0x9d, 0x9d, 0x9d, 0x9d, 0x9e, 0x9d, 0x9d, 0x9d, 0x9d, 0x9d, 0x9c, 0x9c, 0x9c, 0x9c,
    0x9d, 0x9c, 0x9c, 0xab, 0xab, 0xab, 0xab, 0xab, 0xab, 0xab, 0xab, 0xac, 0xab, 0xab, 0xab, 0xac, 0xb4, 0xb4, 0xb4, 0xb4, 0xb4, 0xb6, 0xb6, 0xb6,
    0xbb, 0xbb, 0xbb, 0xbd, 0xbd, 0xbe, 0xbe, 0xc0, 0xc4, 0xc4, 0xc4, 0xc4, 0xc5, 0xc5, 0xc8, 0xc8, 0xc8, 0xcd, 0xcd, 0xcd, 0xce, 0xce, 0xd2, 0xd2,
    0xd3, 0xd4, 0xd6, 0xd6, 0xd7, 0xd7, 0xda, 0xdb, 0xdd, 0xde, 0xe4, 0xe4, 0xe4, 0xe6, 0xea, 0xea, 0xef, 0xf1, 0xf1, 0xf3, 0xf5, 0xf7, 0xf7, 0xf7,
    0xfa, 0xfa, 0xfa, 0xfb, 0xfb, 0xfb, 0xfb, 0xfb, 0xfb, 0xfb, 0xfb, 0xfb, 0xfb, 0xfb, 0xfa, 0xfa, 0xfa, 0xfa, 0xf7, 0xf7, 0xf7, 0xf5, 0xf5, 0xee,
    0xee, 0xeb, 0xeb, 0xe9, 0xe5, 0xe3, 0xe2, 0xe1, 0xdd, 0xdb, 0xd9, 0xd9, 0xd7, 0xd5, 0xd5, 0xd4, 0xd3, 0xd0, 0xd0, 0xcf, 0xcf, 0xcc, 0xcb, 0xc9,
    0xc9, 0xc7, 0xc6, 0xc6, 0xc3, 0xc2, 0xc2, 0xc2, 0xbc, 0xbc, 0xba, 0xb9, 0xb9, 0xb8, 0xb8, 0xb8, 0xb3, 0xb3, 0xb3, 0xaf, 0xaf, 0xaf, 0xaf, 0xaf,
    0xaf, 0xa6, 0xa6, 0xa6, 0xa6, 0xa6, 0x9b, 0x9b, 0x9b, 0x9b, 0x9b, 0x9b, 0x9b, 0x9b, 0x9b, 0x9b, 0x97, 0x97, 0x97, 0x97, 0x97, 0x97, 0x97, 0x97,
    0x57, 0x57, 0x57, 0x57, 0x57, 0x57, 0x57, 0x57, 0x59, 0x52, 0x4f, 0x4f, 0x50, 0x4e, 0x4d, 0x4a, 0x49, 0x43, 0x43, 0x43, 0x43, 0x43, 0x43, 0x3e,
    0x43, 0x3e, 0x3e, 0x3d, 0x3d, 0x3d, 0x3d, 0x3d, 0x3d, 0x39, 0x39, 0x34, 0x34, 0x34, 0x34, 0x34, 0x34, 0x34, 0x34, 0x2b, 0x2b, 0x26, 0x26, 0x26,
    0x26, 0x26, 0x26, 0x25, 0x25, 0x25, 0x25, 0x25, 0x23, 0x23, 0x20, 0x20, 0x20, 0x20, 0x1e, 0x1e, 0x1e, 0x1e, 0x1e, 0x1e, 0x1e, 0x1e, 0x1e, 0x1e,
    0x1e, 0x1e, 0x1e, 0x1e, 0x1e, 0x1e, 0x1e, 0x1e, 0x1e, 0x1e, 0x1e, 0x1e, 0x1e, 0x1e, 0x1e, 0x1e, 0x21, 0x06, 0x03, 0x0a, 0x02, 0x16, 0x0a, 0x22,
    0x22, 0x0a, 0x22, 0x16, 0x30, 0x22, 0x30, 0x37, 0x30, 0x28, 0x2c, 0x2c, 0x2c, 0x35, 0x35, 0x2c, 0x28, 0x2c, 0x27, 0x28, 0x28, 0x27, 0x24, 0x24,
    0x24, 0x27, 0x22, 0x1d, 0x1d, 0x1d, 0x1d, 0x1d, 0x1d, 0x1a, 0x1a, 0x1d, 0x1a, 0x1a, 0x19, 0x1a, 0x1a, 0x1d, 0x15, 0x1a, 0x04, 0x4b, 0xff, 0xfe,
    0xfe, 0xfe, 0xfe, 0xfe, 0xff, 0x2a, 0x63, 0x39, 0x2f, 0x4e, 0x36, 0xfb, 0x2a, 0x7c, 0x4c, 0x55, 0xb7, 0xb7, 0xb7, 0xb7, 0x5f, 0xb7, 0x7c, 0xb7,
    0xcb, 0x00, 0x00, 0x00, 0x01, 0x03, 0x04, 0x04, 0x04, 0x07, 0x08, 0x08, 0x0c, 0x09, 0x0e, 0x0e, 0x0e, 0x0e, 0x0f, 0x11, 0x12, 0x1f, 0x24, 0x2f,
    0x3a, 0x42, 0x48, 0x50, 0x59, 0x66, 0x65, 0x65, 0x65, 0x65, 0x64, 0x62, 0x62, 0x65, 0x62, 0x62, 0x62, 0x65, 0x65, 0x65, 0x65, 0x65, 0x65, 0x65,
    0x66, 0x66, 0x66, 0x66, 0x6b, 0x6b, 0x6b, 0x6b, 0x6b, 0x6b, 0x6e, 0x6e, 0x6e, 0x6e, 0x6e, 0x7b, 0x7a, 0x7b, 0x7b, 0x7b, 0x85, 0x85, 0x85, 0x86,
    0x85, 0x8c, 0x8c, 0x8c, 0x8c, 0x93, 0x93, 0x93, 0x98, 0x98, 0x98, 0x98, 0xa3, 0xa3, 0xa3, 0xa3, 0xa7, 0x99, 0xa7, 0xa8, 0xa8, 0xa8, 0xa8, 0xa7,
    0xa7, 0xa8, 0xa7, 0xa7, 0xa5, 0xa7, 0xa7, 0xa7, 0xa7, 0xa5, 0xa5, 0xa5, 0xa4, 0xa4, 0xa5, 0xa5, 0xa4, 0xa2, 0xa2, 0xa2, 0xa4, 0x9f, 0xa4, 0xa4,
    0xa0, 0xa0, 0xa0, 0x9f, 0x9f, 0xa0, 0x9d, 0x9f, 0x9f, 0x9d, 0x9d, 0x9d, 0x9d, 0x9d, 0x9e, 0x9e, 0x9d, 0x9d, 0x9d, 0x9d, 0x9c, 0x9c, 0x9c, 0x9c,
    0x9d, 0x9c, 0x9c, 0xab, 0xab, 0xab, 0xab, 0xab, 0xab, 0xab, 0xab, 0xab, 0xab, 0xab, 0xab, 0xab, 0xb4, 0xb4, 0xb4, 0xb4, 0xb4, 0xb6, 0xb6, 0xb6,
    0xb6, 0xbb, 0xbb, 0xbb, 0xbd, 0xbd, 0xbe, 0xbe, 0xc0, 0xc4, 0xc0, 0xc4, 0xc4, 0xc5, 0xc8, 0xc8, 0xc8, 0xc8, 0xcd, 0xcd, 0xce, 0xce, 0xce, 0xd2,
    0xd2, 0xd4, 0xd6, 0xd6, 0xd7, 0xd7, 0xda, 0xdb, 0xdb, 0xde, 0xdf, 0xe4, 0xe4, 0xe4, 0xe6, 0xea, 0xef, 0xef, 0xf1, 0xf3, 0xf5, 0xf7, 0xf7, 0xf7,
    0xfa, 0xfa, 0xfa, 0xfa, 0xfb, 0xfb, 0xfb, 0xfb, 0xfb, 0xfb, 0xfb, 0xfb, 0xfb, 0xfb, 0xfb, 0xfa, 0xfa, 0xfa, 0xfa, 0xf7, 0xf7, 0xf5, 0xf5, 0xf1,
    0xee, 0xed, 0xeb, 0xe8, 0xe7, 0xe5, 0xe3, 0xe1, 0xe1, 0xdd, 0xdb, 0xd9, 0xd9, 0xd8, 0xd5, 0xd5, 0xd3, 0xd3, 0xd2, 0xd0, 0xcf, 0xcc, 0xcc, 0xcb,
    0xc9, 0xc7, 0xc7, 0xc6, 0xc6, 0xc3, 0xc2, 0xc2, 0xc2, 0xbc, 0xba, 0xba, 0xb9, 0xb9, 0xb8, 0xb8, 0xb8, 0xb3, 0xb3, 0xb3, 0xaf, 0xaf, 0xaf, 0xaf,
    0xaf, 0xaf, 0xa6, 0xa6, 0xa6, 0xa6, 0xa6, 0xa6, 0xa6, 0x9b, 0x9b, 0x9b, 0x9b, 0x9b, 0x9b, 0x9b, 0x9b, 0x9b, 0x9b, 0x9b, 0x9b, 0x9b, 0x97, 0x97,
    0x57, 0x57, 0x57, 0x57, 0x57, 0x57, 0x57, 0x57, 0x59, 0x53, 0x4f, 0x4f, 0x50, 0x4d, 0x4c, 0x4a, 0x49, 0x43, 0x43, 0x43, 0x43, 0x43, 0x43, 0x43,
    0x3e, 0x3e, 0x3e, 0x3d, 0x3d, 0x3d, 0x3d, 0x3d, 0x39, 0x39, 0x34, 0x34, 0x34, 0x34, 0x34, 0x34, 0x34, 0x34, 0x34, 0x2b, 0x26, 0x26, 0x26, 0x26,
    0x26, 0x26, 0x26, 0x26, 0x25, 0x25, 0x25, 0x25, 0x23, 0x20, 0x20, 0x20, 0x20, 0x1e, 0x1e, 0x1e, 0x1e, 0x1e, 0x1e, 0x1e, 0x1e, 0x1e, 0x1e, 0x1e,
    0x1e, 0x1e, 0x1e, 0x1e, 0x1e, 0x1e, 0x1e, 0x1e, 0x1e, 0x1e, 0x1e, 0x1e, 0x1e, 0x1e, 0x20, 0x25, 0x20, 0x0a, 0x02, 0x0a, 0x0a, 0x16, 0x0a, 0x22,
    0x0a, 0x17, 0x28, 0x22, 0x37, 0x30, 0x3b, 0x28, 0x37, 0x35, 0x35, 0x28, 0x2c, 0x2c, 0x2c, 0x2c, 0x2c, 0x2c, 0x27, 0x28, 0x28, 0x28, 0x27, 0x22,
    0x24, 0x24, 0x24, 0x22, 0x24, 0x22, 0x1d, 0x1d, 0x20, 0x1d, 0x1d, 0x1d, 0x1d, 0x1d, 0x1d, 0x1d, 0x1a, 0x1a, 0x1d, 0x1d, 0x07, 0x31, 0xfe, 0xff,
    0xfe, 0xfe, 0xfe, 0xfe, 0xff, 0xc6, 0x24, 0x5f, 0x4f, 0xb9, 0x49, 0x49, 0xd8, 0x23, 0xb7, 0x4c, 0xd0, 0xcb, 0x7c, 0xb7, 0x7c, 0x7c, 0x7c, 0xb7,
    0xd8, 0x29, 0x00, 0x01, 0x03, 0x04, 0x01, 0x04, 0x07, 0x07, 0x08, 0x09, 0x09, 0x0c, 0x0e, 0x0e, 0x0e, 0x0f, 0x0f, 0x12, 0x15, 0x1f, 0x24, 0x2e,
    0x3a, 0x42, 0x48, 0x52, 0x59, 0x66, 0x65, 0x65, 0x65, 0x65, 0x65, 0x65, 0x65, 0x65, 0x65, 0x65, 0x65, 0x65, 0x65, 0x65, 0x66, 0x66, 0x66, 0x66,
    0x66, 0x66, 0x66, 0x66, 0x6b, 0x6b, 0x6b, 0x6b, 0x6b, 0x6d, 0x6e, 0x6e, 0x6e, 0x6e, 0x6e, 0x7a, 0x7a, 0x7b, 0x7b, 0x7b, 0x85, 0x85, 0x85, 0x86,
    0x85, 0x8c, 0x8c, 0x8c, 0x93, 0x93, 0x93, 0x93, 0x98, 0x98, 0x98, 0x98, 0xa3, 0xa3, 0xa3, 0xa3, 0xa7, 0x99, 0xa7, 0xa8, 0xa8, 0xa8, 0xa8, 0xa8,
    0xa7, 0xa8, 0xa8, 0xa7, 0xa5, 0xa7, 0xa7, 0xa7, 0xa7, 0xa7, 0xa5, 0xa5, 0xa7, 0xa4, 0xa5, 0xa5, 0xa4, 0xa4, 0xa2, 0xa2, 0xa4, 0xa0, 0xa4, 0xa4,
    0xa0, 0xa0, 0xa0, 0x9f, 0x9f, 0xa0, 0x9d, 0x9f, 0x9f, 0x9d, 0x9d, 0x9d, 0x9d, 0x9d, 0x9e, 0x9e, 0x9d, 0x9d, 0x9d, 0x9d, 0x9c, 0x9c, 0x9c, 0x9c,
    0x9d, 0x9c, 0x9c, 0xab, 0x9c, 0xab, 0xab, 0xab, 0x9c, 0xab, 0xab, 0xab, 0xab, 0xab, 0xab, 0xab, 0xb4, 0xb4, 0xb4, 0xb4, 0xb4, 0xb4, 0xb6, 0xb6,
    0xb6, 0xb6, 0xbb, 0xbb, 0xbd, 0xbd, 0xbd, 0xbe, 0xbe, 0xc0, 0xc4, 0xc4, 0xc4, 0xc5, 0xc5, 0xc8, 0xc8, 0xc8, 0xcd, 0xcd, 0xcd, 0xce, 0xce, 0xd2,
    0xd2, 0xd4, 0xd6, 0xd6, 0xd7, 0xd7, 0xda, 0xda, 0xdb, 0xdd, 0xde, 0xe4, 0xe4, 0xe4, 0xe6, 0xea, 0xef, 0xef, 0xf1, 0xf1, 0xf5, 0xf6, 0xf7, 0xf7,
    0xf8, 0xfa, 0xfa, 0xfa, 0xfb, 0xfb, 0xfb, 0xfb, 0xfb, 0xfb, 0xfb, 0xfb, 0xfb, 0xfb, 0xfb, 0xfa, 0xfa, 0xfa, 0xfa, 0xf7, 0xf7, 0xf7, 0xf5, 0xf5,
    0xee, 0xee, 0xeb, 0xeb, 0xe9, 0xe5, 0xe3, 0xe2, 0xe1, 0xdd, 0xdb, 0xd9, 0xd9, 0xd7, 0xd5, 0xd5, 0xd4, 0xd3, 0xd0, 0xd0, 0xcf, 0xcf, 0xcc, 0xcb,
    0xcb, 0xc9, 0xc7, 0xc6, 0xc6, 0xc3, 0xc3, 0xc2, 0xc2, 0xbc, 0xbc, 0xba, 0xba, 0xb9, 0xb9, 0xb8, 0xb8, 0xb8, 0xb3, 0xb3, 0xb3, 0xaf, 0xaf, 0xaf,
    0xaf, 0xaf, 0xaf, 0xaf, 0xa6, 0xa6, 0xa6, 0xa6, 0xa6, 0xa6, 0xa6, 0x9b, 0x9b, 0x9b, 0x9b, 0x9b, 0x9b, 0x9b, 0x9b, 0x9b, 0x9b, 0x9b, 0x9b, 0x9b,
    0x57, 0x57, 0x57, 0x57, 0x57, 0x57, 0x57, 0x59, 0x59, 0x53, 0x4f, 0x4f, 0x50, 0x4d, 0x4d, 0x4a, 0x49, 0x43, 0x43, 0x43, 0x43, 0x43, 0x43, 0x43,
    0x3e, 0x3e, 0x3e, 0x3d, 0x3d, 0x3d, 0x3d, 0x3d, 0x39, 0x39, 0x34, 0x34, 0x34, 0x34, 0x34, 0x34, 0x34, 0x2b, 0x2b, 0x2b, 0x26, 0x26, 0x26, 0x26,
    0x26, 0x26, 0x26, 0x26, 0x25, 0x25, 0x25, 0x23, 0x23, 0x20, 0x20, 0x20, 0x20, 0x1e, 0x1e, 0x1e, 0x1e, 0x1e, 0x1e, 0x1e, 0x1e, 0x1e, 0x1e, 0x1e,
    0x1e, 0x1e, 0x1e, 0x1e, 0x1e, 0x1e, 0x1e, 0x1e, 0x1e, 0x1e, 0x1e, 0x1e, 0x20, 0x20, 0x1e, 0x25, 0x20, 0x05, 0x05, 0x0a, 0x0a, 0x16, 0x16, 0x16,
    0x16, 0x28, 0x28, 0x30, 0x2c, 0x37, 0x37, 0x27, 0x37, 0x37, 0x37, 0x28, 0x28, 0x2c, 0x2c, 0x2c, 0x2c, 0x2c, 0x27, 0x28, 0x28, 0x28, 0x27, 0x24,
    0x22, 0x24, 0x24, 0x24, 0x22, 0x22, 0x22, 0x1d, 0x1d, 0x22, 0x1d, 0x1d, 0x1d, 0x1d, 0x1a, 0x1d, 0x1d, 0x1d, 0x1a, 0x1d, 0x15, 0x15, 0xd4, 0xff,
    0xfe, 0xfe, 0xfe, 0xfe, 0xfe, 0xff, 0x55, 0x4b, 0x55, 0x17, 0xc6, 0x5f, 0x43, 0x55, 0x3d, 0xb7, 0xb7, 0xc6, 0x7c, 0x7c, 0x7c, 0x7c, 0x7c, 0x7c,
    0xcc, 0x57, 0x00, 0x03, 0x03, 0x01, 0x04, 0x04, 0x07, 0x07, 0x08, 0x09, 0x09, 0x0c, 0x0e, 0x0e, 0x0f, 0x0f, 0x11, 0x12, 0x15, 0x1f, 0x24, 0x2e,
    0x3a, 0x42, 0x4b, 0x52, 0x59, 0x66, 0x66, 0x65, 0x65, 0x65, 0x65, 0x65, 0x65, 0x66, 0x66, 0x65, 0x65, 0x65, 0x65, 0x66, 0x66, 0x66, 0x66, 0x66,
    0x66, 0x66, 0x66, 0x66, 0x6b, 0x6b, 0x6b, 0x6b, 0x6b, 0x6e, 0x6e, 0x6e, 0x6e, 0x6e, 0x6f, 0x7a, 0x7a, 0x7b, 0x7b, 0x7a, 0x85, 0x85, 0x85, 0x86,
    0x8b, 0x8c, 0x8c, 0x8c, 0x93, 0x93, 0x93, 0x93, 0x98, 0x98, 0x98, 0x98, 0xa3, 0xa3, 0xa3, 0xa3, 0xa7, 0xa7, 0xa7, 0xa8, 0xa8, 0xa8, 0xa8, 0xa8,
    0xa7, 0xa8, 0xa8, 0xa8, 0xa5, 0xa7, 0xa7, 0xa8, 0xa7, 0xa7, 0xa5, 0xa5, 0xa7, 0xa4, 0xa5, 0xa5, 0xa4, 0xa4, 0xa2, 0xa2, 0xa4, 0xa0, 0xa4, 0xa4,
    0xa0, 0xa4, 0xa0, 0x9f, 0x9f, 0xa0, 0x9d, 0x9f, 0x9f, 0x9d, 0x9d, 0x9e, 0x9d, 0x9d, 0x9e, 0x9e, 0x9d, 0x9d, 0x9d, 0x9d, 0x9c, 0x9c, 0x9c, 0x9c,
    0x9d, 0x9c, 0x9c, 0xab, 0x9c, 0xab, 0xab, 0xab, 0x9c, 0xab, 0xab, 0xab, 0xab, 0xab, 0xab, 0xab, 0xb4, 0xb4, 0xb4, 0xb4, 0xb4, 0xb4, 0xb4, 0xb6,
    0xb6, 0xb6, 0xbb, 0xbb, 0xbd, 0xbd, 0xbd, 0xbe, 0xbe, 0xc0, 0xc4, 0xc0, 0xc4, 0xc4, 0xc5, 0xc8, 0xc8, 0xc8, 0xc8, 0xcd, 0xcd, 0xce, 0xce, 0xce,
    0xd2, 0xd3, 0xd4, 0xd6, 0xd6, 0xd7, 0xd7, 0xda, 0xdb, 0xdd, 0xde, 0xe4, 0xe4, 0xe4, 0xe6, 0xea, 0xea, 0xef, 0xf1, 0xf1, 0xf3, 0xf5, 0xf7, 0xf7,
    0xf8, 0xfa, 0xfa, 0xfa, 0xfb, 0xfb, 0xfb, 0xfb, 0xfb, 0xfb, 0xfb, 0xfb, 0xfb, 0xfb, 0xfb, 0xfb, 0xfa, 0xfa, 0xfa, 0xfa, 0xf7, 0xf7, 0xf5, 0xf5,
    0xf1, 0xee, 0xed, 0xeb, 0xe8, 0xe7, 0xe5, 0xe3, 0xe1, 0xe1, 0xdd, 0xdb, 0xd9, 0xd9, 0xd8, 0xd5, 0xd5, 0xd3, 0xd3, 0xd2, 0xd0, 0xcf, 0xcf, 0xcc,
    0xcb, 0xc9, 0xc9, 0xc7, 0xc6, 0xc6, 0xc3, 0xc2, 0xc2, 0xc2, 0xbc, 0xbc, 0xba, 0xba, 0xb9, 0xb9, 0xb8, 0xb8, 0xb8, 0xb3, 0xb3, 0xb3, 0xaf, 0xaf,
    0xaf, 0xaf, 0xaf, 0xaf, 0xaf, 0xaf, 0xa6, 0xa6, 0xa6, 0xa6, 0xa6, 0xa6, 0xa6, 0xa6, 0xa6, 0xa6, 0x9b, 0x9b, 0x9b, 0x9b, 0x9b, 0x9b, 0x9b, 0x9b,
    0x57, 0x57, 0x57, 0x57, 0x57, 0x57, 0x59, 0x59, 0x59, 0x53, 0x4f, 0x4f, 0x50, 0x4d, 0x4d, 0x4a, 0x49, 0x43, 0x43, 0x43, 0x43, 0x43, 0x43, 0x3e,
    0x3e, 0x3e, 0x3e, 0x3d, 0x3d, 0x3d, 0x3d, 0x3d, 0x39, 0x34, 0x34, 0x34, 0x34, 0x34, 0x34, 0x34, 0x34, 0x2b, 0x2b, 0x26, 0x26, 0x26, 0x26, 0x26,
    0x26, 0x26, 0x26, 0x26, 0x25, 0x25, 0x25, 0x23, 0x23, 0x20, 0x20, 0x20, 0x20, 0x20, 0x1e, 0x1e, 0x1e, 0x1e, 0x1e, 0x1e, 0x1e, 0x1e, 0x1e, 0x1e,
    0x1e, 0x1e, 0x1e, 0x1e, 0x1e, 0x1e, 0x1e, 0x1e, 0x1e, 0x1e, 0x1e, 0x1e, 0x20, 0x20, 0x1e, 0x25, 0x20, 0x05, 0x05, 0x0a, 0x0a, 0x16, 0x17, 0x16,
    0x22, 0x28, 0x30, 0x30, 0x2c, 0x3c, 0x37, 0x22, 0x37, 0x3b, 0x3b, 0x2c, 0x2c, 0x2c, 0x2c, 0x2c, 0x2c, 0x2c, 0x28, 0x28, 0x28, 0x27, 0x27, 0x28,
    0x24, 0x22, 0x22, 0x24, 0x22, 0x22, 0x22, 0x22, 0x1d, 0x20, 0x20, 0x1d, 0x1d, 0x1d, 0x1d, 0x1d, 0x1d, 0x1d, 0x1a, 0x1d, 0x1d, 0x0b, 0x8d, 0xff,
    0xfe, 0xff, 0xfe, 0xfe, 0xfe, 0xfe, 0xff, 0x1f, 0x8e, 0x54, 0x21, 0xe3, 0x43, 0x55, 0x5f, 0x39, 0xbf, 0xd0, 0x7c, 0xb7, 0x7c, 0x7c, 0x80, 0x7c,
    0xc6, 0xba, 0x05, 0x05, 0x03, 0x04, 0x04, 0x04, 0x07, 0x07, 0x08, 0x09, 0x0c, 0x0e, 0x0f, 0x0e, 0x0f, 0x0f, 0x11, 0x12, 0x15, 0x1f, 0x24, 0x2e,
    0x3a, 0x42, 0x4b, 0x52, 0x59, 0x6b, 0x66, 0x66, 0x66, 0x66, 0x66, 0x66, 0x65, 0x66, 0x66, 0x66, 0x66, 0x66, 0x66, 0x66, 0x66, 0x66, 0x66, 0x66,
    0x66, 0x66, 0x66, 0x66, 0x6b, 0x6b, 0x6b, 0x6b, 0x6e, 0x6e, 0x6e, 0x6e, 0x6e, 0x6e, 0x6f, 0x7a, 0x7a, 0x7b, 0x7b, 0x7a, 0x85, 0x85, 0x85, 0x86,
    0x8b, 0x8c, 0x8c, 0x8c, 0x93, 0x93, 0x93, 0x93, 0x98, 0x98, 0x98, 0x98, 0xa3, 0xa3, 0xa3, 0xa3, 0xa7, 0xa7, 0xa7, 0xa8, 0xa8, 0xa8, 0xa8, 0xa8,
    0xa8, 0xa8, 0xa8, 0xa8, 0xa7, 0xa7, 0xa7, 0xa8, 0xa7, 0xa7, 0xa5, 0xa5, 0xa7, 0xa4, 0xa5, 0xa5, 0xa7, 0xa4, 0xa2, 0xa2, 0xa4, 0xa0, 0xa4, 0xa4,
    0xa0, 0xa4, 0xa0, 0x9f, 0x9f, 0xa0, 0x9f, 0x9f, 0x9f, 0x9d, 0x9d, 0x9e, 0x9d, 0x9d, 0x9e, 0x9e, 0x9d, 0x9d, 0x9d, 0x9d, 0x9c, 0x9c, 0x9c, 0x9c,
    0x9d, 0x9c, 0x9c, 0xab, 0x9c, 0xab, 0xab, 0x9c, 0x9c, 0xab, 0xab, 0xab, 0xab, 0xab, 0xab, 0xab, 0xb4, 0xb4, 0xb4, 0xb4, 0xb4, 0xb4, 0xb4, 0xb4,
    0xb6, 0xb6, 0xbb, 0xbb, 0xbd, 0xbd, 0xbd, 0xbd, 0xbe, 0xbe, 0xc0, 0xc4, 0xc4, 0xc4, 0xc5, 0xc5, 0xc8, 0xc8, 0xc8, 0xcd, 0xcd, 0xce, 0xce, 0xce,
    0xd2, 0xd2, 0xd4, 0xd6, 0xd6, 0xd7, 0xd7, 0xda, 0xda, 0xdb, 0xde, 0xdf, 0xe4, 0xe4, 0xe4, 0xe6, 0xea, 0xef, 0xef, 0xf1, 0xf3, 0xf5, 0xf7, 0xf7,
    0xf8, 0xfa, 0xfa, 0xfa, 0xfa, 0xfb, 0xfb, 0xfb, 0xfb, 0xfb, 0xfb, 0xfb, 0xfb, 0xfb, 0xfb, 0xfb, 0xfa, 0xfa, 0xfa, 0xfa, 0xf7, 0xf7, 0xf7, 0xf5,
    0xf5, 0xee, 0xee, 0xeb, 0xeb, 0xe9, 0xe5, 0xe3, 0xe2, 0xe1, 0xdd, 0xdc, 0xd9, 0xd9, 0xd7, 0xd6, 0xd5, 0xd5, 0xd3, 0xd3, 0xd2, 0xd0, 0xcf, 0xcc,
    0xcc, 0xcb, 0xc9, 0xc9, 0xc7, 0xc6, 0xc6, 0xc3, 0xc2, 0xc2, 0xc2, 0xbc, 0xbc, 0xba, 0xba, 0xb9, 0xb9, 0xb8, 0xb8, 0xb8, 0xb3, 0xb3, 0xb3, 0xb3,
    0xaf, 0xaf, 0xaf, 0xaf, 0xaf, 0xaf, 0xaf, 0xa6, 0xa6, 0xa6, 0xa6, 0xa6, 0xa6, 0xa6, 0xa6, 0xa6, 0xa6, 0xa6, 0xa6, 0x9b, 0x9b, 0x9b, 0x9b, 0x9b,
    0x57, 0x57, 0x57, 0x57, 0x57, 0x59, 0x59, 0x59, 0x59, 0x53, 0x4f, 0x4f, 0x50, 0x4d, 0x4d, 0x4a, 0x49, 0x43, 0x43, 0x43, 0x43, 0x3e, 0x3e, 0x3e,
    0x3e, 0x3d, 0x3d, 0x3d, 0x3d, 0x3d, 0x3d, 0x39, 0x34, 0x34, 0x34, 0x34, 0x34, 0x34, 0x34, 0x34, 0x2b, 0x2b, 0x2b, 0x26, 0x26, 0x26, 0x26, 0x26,
    0x26, 0x26, 0x25, 0x25, 0x25, 0x25, 0x25, 0x23, 0x23, 0x20, 0x20, 0x20, 0x20, 0x20, 0x20, 0x1e, 0x1e, 0x1e, 0x1e, 0x1e, 0x1e, 0x1e, 0x1e, 0x1e,
    0x1e, 0x1e, 0x1e, 0x1e, 0x1e, 0x1e, 0x1e, 0x1e, 0x20, 0x1e, 0x20, 0x25, 0x25, 0x20, 0x25, 0x25, 0x1f, 0x05, 0x05, 0x0a, 0x16, 0x16, 0x17, 0x16,
    0x22, 0x28, 0x28, 0x28, 0x30, 0x3b, 0x37, 0x28, 0x37, 0x37, 0x3b, 0x37, 0x2c, 0x2c, 0x2c, 0x2c, 0x28, 0x2c, 0x2c, 0x28, 0x28, 0x27, 0x27, 0x28,
    0x27, 0x24, 0x22, 0x22, 0x22, 0x22, 0x22, 0x22, 0x22, 0x1d, 0x22, 0x22, 0x1d, 0x1d, 0x1d, 0x1d, 0x1d, 0x1d, 0x1d, 0x1d, 0x24, 0x04, 0x64, 0xff,
    0xfe, 0xfe, 0xff, 0xff, 0xff, 0xfe, 0xfe, 0xc1, 0x0a, 0x55, 0x57, 0x2a, 0xbf, 0x23, 0x55, 0x55, 0x43, 0xe8, 0xb7, 0x7c, 0x80, 0x7c, 0x7c, 0x7c,
    0xaf, 0xc2, 0x29, 0x00, 0x05, 0x04, 0x04, 0x04, 0x07, 0x07, 0x08, 0x09, 0x0c, 0x0e, 0x0e, 0x0e, 0x0f, 0x0f, 0x12, 0x13, 0x14, 0x1f, 0x29, 0x2e,
    0x3a, 0x42, 0x4b, 0x52, 0x59, 0x6b, 0x66, 0x66, 0x66, 0x66, 0x6b, 0x66, 0x66, 0x66, 0x66, 0x66, 0x66, 0x66, 0x66, 0x66, 0x66, 0x66, 0x66, 0x6b,
    0x6b, 0x6b, 0x6b, 0x6b, 0x6b, 0x6b, 0x6b, 0x6d, 0x6e, 0x6e, 0x6e, 0x6e, 0x6e, 0x6e, 0x6f, 0x7a, 0x7a, 0x7b, 0x7b, 0x7a, 0x85, 0x85, 0x85, 0x86,
    0x8b, 0x8c, 0x8c, 0x93, 0x93, 0x93, 0x93, 0x93, 0x98, 0x98, 0x98, 0x98, 0xa3, 0xa3, 0xa3, 0xa3, 0xa7, 0xa7, 0xa7, 0xa8, 0xa8, 0xa8, 0xa8, 0xa8,
    0xa8, 0xa8, 0xa8, 0xa8, 0xa7, 0xa7, 0xa7, 0xa8, 0xa7, 0xa7, 0xa8, 0xa5, 0xa7, 0xa7, 0xa5, 0xa5, 0xa7, 0xa4, 0xa4, 0xa2, 0xa4, 0xa4, 0xa4, 0xa4,
    0xa4, 0xa4, 0xa0, 0x9f, 0x9f, 0xa0, 0xa0, 0x9f, 0x9f, 0x9d, 0x9d, 0x9e, 0xa0, 0x9d, 0x9e, 0x9e, 0x9d, 0x9d, 0x9d, 0x9d, 0x9c, 0x9c, 0x9c, 0x9c,
    0x9d, 0x9c, 0x9c, 0xab, 0x9c, 0xab, 0xab, 0x9c, 0x9c, 0xab, 0xab, 0xab, 0xab, 0xab, 0xab, 0xab, 0xab, 0xb4, 0xb4, 0xb4, 0xb4, 0xb4, 0xb4, 0xb4,
    0xb6, 0xb6, 0xb6, 0xbb, 0xbb, 0xbd, 0xbd, 0xbd, 0xbe, 0xbe, 0xbe, 0xc4, 0xc0, 0xc4, 0xc4, 0xc5, 0xc8, 0xc8, 0xc8, 0xcd, 0xcd, 0xcd, 0xce, 0xce,
    0xd2, 0xd2, 0xd3, 0xd6, 0xd6, 0xd6, 0xd7, 0xda, 0xda, 0xdb, 0xde, 0xde, 0xe4, 0xe4, 0xe4, 0xe6, 0xea, 0xef, 0xef, 0xf1, 0xf1, 0xf5, 0xf6, 0xf7,
    0xf7, 0xf8, 0xfa, 0xfa, 0xfa, 0xfb, 0xfb, 0xfb, 0xfb, 0xfb, 0xfb, 0xfb, 0xfb, 0xfb, 0xfb, 0xfb, 0xfb, 0xfa, 0xfa, 0xfa, 0xfa, 0xf7, 0xf7, 0xf5,
    0xf5, 0xf1, 0xee, 0xee, 0xeb, 0xe8, 0xe7, 0xe5, 0xe3, 0xe1, 0xe1, 0xdd, 0xdb, 0xd9, 0xd9, 0xd8, 0xd5, 0xd5, 0xd4, 0xd3, 0xd0, 0xd0, 0xcf, 0xcf,
    0xcc, 0xcc, 0xcb, 0xc9, 0xc7, 0xc6, 0xc6, 0xc6, 0xc3, 0xc2, 0xc2, 0xc2, 0xbc, 0xbc, 0xba, 0xb9, 0xb9, 0xb9, 0xb8, 0xb8, 0xb8, 0xb3, 0xb3, 0xb3,
    0xb3, 0xaf, 0xaf, 0xaf, 0xaf, 0xaf, 0xaf, 0xaf, 0xaf, 0xa6, 0xa6, 0xa6, 0xa6, 0xa6, 0xa6, 0xa6, 0xa6, 0xa6, 0xa6, 0xa6, 0xa6, 0xa6, 0xa6, 0xa6,
    0x57, 0x57, 0x57, 0x57, 0x59, 0x59, 0x59, 0x59, 0x59, 0x53, 0x4f, 0x4f, 0x50, 0x4d, 0x46, 0x43, 0x43, 0x43, 0x43, 0x43, 0x3e, 0x3e, 0x3e, 0x3e,
    0x3d, 0x3d, 0x3d, 0x3d, 0x3d, 0x3d, 0x39, 0x39, 0x34, 0x34, 0x34, 0x34, 0x34, 0x34, 0x34, 0x34, 0x2b, 0x2b, 0x2b, 0x26, 0x26, 0x26, 0x26, 0x26,
    0x26, 0x26, 0x26, 0x25, 0x25, 0x25, 0x23, 0x23, 0x23, 0x20, 0x20, 0x20, 0x20, 0x20, 0x20, 0x20, 0x1e, 0x1e, 0x1e, 0x1e, 0x1e, 0x1e, 0x1e, 0x1e,
    0x1e, 0x1e, 0x1e, 0x1e, 0x1e, 0x1e, 0x1e, 0x1e, 0x20, 0x20, 0x25, 0x25, 0x25, 0x25, 0x25, 0x26, 0x21, 0x0a, 0x0a, 0x0a, 0x17, 0x16, 0x16, 0x22,
    0x17, 0x2c, 0x22, 0x22, 0x3c, 0x37, 0x3b, 0x37, 0x37, 0x37, 0x35, 0x37, 0x35, 0x2c, 0x2c, 0x2c, 0x28, 0x28, 0x2c, 0x28, 0x28, 0x28, 0x27, 0x27,
    0x27, 0x27, 0x27, 0x22, 0x22, 0x22, 0x1f, 0x22, 0x22, 0x1d, 0x22, 0x20, 0x1d, 0x1d, 0x1d, 0x22, 0x1d, 0x1d, 0x22, 0x20, 0x1d, 0x1a, 0xc0, 0xff,
    0xfe, 0xff, 0xff, 0x55, 0x74, 0xff, 0xff, 0xfb, 0x2a, 0x1a, 0xe3, 0x7c, 0x13, 0x4d, 0x2f, 0x49, 0x55, 0x7c, 0xe3, 0xb7, 0x7c, 0x7c, 0x7c, 0x7c,
    0x7c, 0xd8, 0x4f, 0x00, 0x06, 0x03, 0x04, 0x04, 0x07, 0x07, 0x08, 0x09, 0x0c, 0x0e, 0x0e, 0x0e, 0x0f, 0x11, 0x12, 0x13, 0x14, 0x1f, 0x29, 0x2e,
    0x3a, 0x45, 0x4b, 0x52, 0x59, 0x6b, 0x6b, 0x6b, 0x66, 0x66, 0x6b, 0x6b, 0x66, 0x6b, 0x66, 0x66, 0x66, 0x66, 0x66, 0x66, 0x66, 0x66, 0x66, 0x6b,
    0x6b, 0x6b, 0x6b, 0x6b, 0x6b, 0x6b, 0x6d, 0x6d, 0x6e, 0x6e, 0x6e, 0x6e, 0x6e, 0x6e, 0x6f, 0x7a, 0x7a, 0x7b, 0x7b, 0x7a, 0x85, 0x85, 0x86, 0x8b,
    0x8b, 0x8c, 0x8c, 0x93, 0x93, 0x93, 0x93, 0x93, 0x98, 0x98, 0x98, 0x98, 0xa3, 0xa3, 0xa3, 0xa3, 0xa8, 0xa7, 0xa7, 0xa8, 0xa8, 0xa8, 0xa8, 0xa8,
    0xa8, 0xa8, 0xa8, 0xa8, 0xa8, 0xa7, 0xa7, 0xa8, 0xa8, 0xa7, 0xa8, 0xa5, 0xa7, 0xa7, 0xa5, 0xa5, 0xa7, 0xa7, 0xa5, 0xa2, 0xa4, 0xa4, 0xa4, 0xa4,
    0xa4, 0xa4, 0xa4, 0x9f, 0x9f, 0xa4, 0xa0, 0x9f, 0x9f, 0x9d, 0x9d, 0x9e, 0xa0, 0x9d, 0x9e, 0x9e, 0x9d, 0x9d, 0x9d, 0x9d, 0x9c, 0x9c, 0x9c, 0x9c,
    0x9c, 0x9c, 0x9c, 0xab, 0x9c, 0xab, 0x9c, 0x9c, 0x9c, 0xab, 0xab, 0xab, 0xab, 0xab, 0xab, 0xab, 0xab, 0xab, 0xb4, 0xb4, 0xb4, 0xb4, 0xb4, 0xb4,
    0xb6, 0xb6, 0xb6, 0xbb, 0xbb, 0xbd, 0xbd, 0xbd, 0xbd, 0xbe, 0xbe, 0xc0, 0xc4, 0xc4, 0xc4, 0xc5, 0xc5, 0xc8, 0xc8, 0xc8, 0xcd, 0xcd, 0xce, 0xce,
    0xce, 0xd2, 0xd2, 0xd4, 0xd6, 0xd6, 0xd7, 0xd7, 0xda, 0xdb, 0xdb, 0xde, 0xe4, 0xe4, 0xe4, 0xe6, 0xea, 0xea, 0xef, 0xef, 0xf1, 0xf3, 0xf6, 0xf7,
    0xf7, 0xf8, 0xfa, 0xfa, 0xfa, 0xf9, 0xfb, 0xfb, 0xfb, 0xfb, 0xfb, 0xfb, 0xfb, 0xfb, 0xfb, 0xfb, 0xfb, 0xfa, 0xfa, 0xfa, 0xfa, 0xf7, 0xf7, 0xf7,
    0xf5, 0xf5, 0xee, 0xee, 0xeb, 0xeb, 0xe9, 0xe5, 0xe3, 0xe3, 0xe1, 0xdd, 0xdc, 0xdb, 0xd9, 0xd9, 0xd6, 0xd5, 0xd5, 0xd3, 0xd3, 0xd2, 0xd0, 0xcf,
    0xcc, 0xcc, 0xcb, 0xc9, 0xc9, 0xc7, 0xc6, 0xc6, 0xc3, 0xc3, 0xc2, 0xc2, 0xc2, 0xbc, 0xbc, 0xba, 0xb9, 0xb9, 0xb9, 0xb8, 0xb8, 0xb8, 0xb3, 0xb3,
    0xb3, 0xb3, 0xaf, 0xaf, 0xaf, 0xaf, 0xaf, 0xaf, 0xaf, 0xaf, 0xaf, 0xa6, 0xa6, 0xa6, 0xa6, 0xa6, 0xa6, 0xa6, 0xa6, 0xa6, 0xa6, 0xa6, 0xa6, 0xa6,
    0x57, 0x57, 0x59, 0x59, 0x59, 0x59, 0x59, 0x59, 0x59, 0x54, 0x4f, 0x4f, 0x50, 0x4d, 0x43, 0x3e, 0x3d, 0x3e, 0x3e, 0x3e, 0x3e, 0x3e, 0x3e, 0x3d,
    0x3d, 0x3d, 0x3d, 0x3d, 0x3d, 0x39, 0x39, 0x34, 0x34, 0x34, 0x34, 0x34, 0x34, 0x34, 0x34, 0x34, 0x2b, 0x2b, 0x2b, 0x2b, 0x26, 0x26, 0x26, 0x26,
    0x26, 0x26, 0x26, 0x25, 0x25, 0x25, 0x25, 0x25, 0x25, 0x23, 0x23, 0x20, 0x20, 0x20, 0x20, 0x20, 0x20, 0x20, 0x1e, 0x1e, 0x1e, 0x1e, 0x1e, 0x1e,
    0x20, 0x1e, 0x1e, 0x20, 0x20, 0x20, 0x20, 0x20, 0x23, 0x25, 0x25, 0x25, 0x25, 0x26, 0x25, 0x26, 0x23, 0x0a, 0x0a, 0x0a, 0x17, 0x22, 0x17, 0x22,
    0x22, 0x30, 0x28, 0x28, 0x3c, 0x30, 0x3c, 0x3b, 0x37, 0x2c, 0x35, 0x37, 0x37, 0x35, 0x35, 0x2c, 0x2c, 0x2c, 0x2c, 0x28, 0x28, 0x28, 0x27, 0x27,
    0x27, 0x27, 0x28, 0x22, 0x22, 0x22, 0x22, 0x22, 0x22, 0x22, 0x1d, 0x20, 0x20, 0x1d, 0x1d, 0x20, 0x20, 0x1d, 0x1d, 0x24, 0x24, 0x0d, 0x86, 0xff,
    0xfe, 0xff, 0xff, 0x36, 0x15, 0x43, 0x4a, 0x26, 0x2b, 0x3d, 0x23, 0x3e, 0x88, 0x12, 0xb7, 0x3a, 0x4d, 0xb7, 0xc6, 0xcb, 0xb7, 0x7c, 0x7c, 0x7c,
    0x7c, 0xd0, 0x54, 0x00, 0x05, 0x05, 0x05, 0x04, 0x07, 0x07, 0x09, 0x0c, 0x0c, 0x0e, 0x0e, 0x0e, 0x0f, 0x11, 0x12, 0x13, 0x14, 0x1f, 0x29, 0x2e,
    0x3a, 0x45, 0x4b, 0x52, 0x59, 0x6b, 0x6b, 0x6b, 0x6b, 0x6b, 0x6b, 0x6b, 0x6b, 0x6b, 0x66, 0x6b, 0x6b, 0x66, 0x66, 0x6b, 0x6b, 0x6b, 0x6b, 0x6b,
    0x6b, 0x6b, 0x6b, 0x6b, 0x6b, 0x6b, 0x6d, 0x6d, 0x6e, 0x6e, 0x6e, 0x6e, 0x6e, 0x6f, 0x6f, 0x7a, 0x7a, 0x7b, 0x7b, 0x85, 0x85, 0x85, 0x86, 0x8b,
    0x8b, 0x8c, 0x8c, 0x93, 0x93, 0x93, 0x93, 0x93, 0x98, 0x98, 0x98, 0x98, 0xa3, 0xa3, 0xa3, 0xa3, 0xa8, 0xa8, 0xa8, 0xa8, 0xa8, 0xa8, 0xa8, 0xa8,
    0xa8, 0xa8, 0xa8, 0xa8, 0xa8, 0xa7, 0xa7, 0xa8, 0xa8, 0xa7, 0xa8, 0xa5, 0xa8, 0xa7, 0xa5, 0xa5, 0xa7, 0xa7, 0xa5, 0xa2, 0xa4, 0xa4, 0xa4, 0xa4,
    0xa4, 0xa4, 0xa4, 0x9f, 0x9f, 0xa4, 0xa0, 0x9f, 0x9f, 0x9d, 0x9d, 0x9e, 0xa0, 0x9d, 0x9e, 0x9e, 0x9d, 0x9d, 0x9d, 0x9d, 0x9c, 0x9c, 0x9c, 0x9c,
    0x9c, 0x9c, 0x9c, 0x9c, 0x9c, 0xab, 0x9c, 0x9c, 0x9c, 0xab, 0xab, 0xab, 0xab, 0xab, 0xab, 0xab, 0xab, 0xab, 0xb4, 0xb4, 0xb4, 0xb4, 0xb4, 0xb4,
    0xb6, 0xb6, 0xb6, 0xb6, 0xbb, 0xbb, 0xbd, 0xbd, 0xbd, 0xbe, 0xbe, 0xbe, 0xc4, 0xc0, 0xc4, 0xc4, 0xc5, 0xc8, 0xc8, 0xc8, 0xcd, 0xcd, 0xcd, 0xce,
    0xce, 0xd2, 0xd2, 0xd4, 0xd6, 0xd6, 0xd7, 0xd7, 0xda, 0xda, 0xdb, 0xde, 0xdf, 0xe4, 0xe4, 0xe4, 0xe6, 0xea, 0xef, 0xef, 0xf1, 0xf1, 0xf6, 0xf6,
    0xf7, 0xf8, 0xf8, 0xfa, 0xfa, 0xf9, 0xf9, 0xfb, 0xfb, 0xfb, 0xfb, 0xfb, 0xfb, 0xfb, 0xfb, 0xfb, 0xfb, 0xfa, 0xfa, 0xfa, 0xfa, 0xf7, 0xf7, 0xf7,
    0xf5, 0xf5, 0xf1, 0xee, 0xee, 0xeb, 0xe8, 0xe7, 0xe5, 0xe3, 0xe2, 0xe1, 0xdd, 0xdb, 0xd9, 0xd9, 0xd7, 0xd5, 0xd5, 0xd4, 0xd3, 0xd0, 0xd2, 0xd0,
    0xcf, 0xcc, 0xcc, 0xcb, 0xc9, 0xc9, 0xc7, 0xc6, 0xc6, 0xc3, 0xc3, 0xc2, 0xc2, 0xbc, 0xbc, 0xba, 0xba, 0xb9, 0xb9, 0xb9, 0xb8, 0xb8, 0xb8, 0xb3,
    0xb3, 0xb3, 0xb3, 0xaf, 0xaf, 0xaf, 0xaf, 0xaf, 0xaf, 0xaf, 0xaf, 0xaf, 0xaf, 0xa6, 0xa6, 0xa6, 0xa6, 0xa6, 0xa6, 0xa6, 0xa6, 0xa6, 0xa6, 0xa6,
    0x57, 0x59, 0x59, 0x59, 0x59, 0x59, 0x59, 0x59, 0x59, 0x54, 0x4f, 0x4f, 0x50, 0x4d, 0x43, 0x3d, 0x36, 0x3e, 0x43, 0x3e, 0x3d, 0x3d, 0x3d, 0x3d,
    0x3d, 0x3d, 0x3d, 0x3d, 0x39, 0x39, 0x34, 0x34, 0x34, 0x34, 0x34, 0x34, 0x34, 0x34, 0x34, 0x2b, 0x2b, 0x2b, 0x2b, 0x26, 0x26, 0x26, 0x26, 0x26,
    0x26, 0x26, 0x26, 0x25, 0x25, 0x25, 0x25, 0x25, 0x25, 0x23, 0x23, 0x25, 0x25, 0x25, 0x25, 0x25, 0x25, 0x25, 0x25, 0x23, 0x20, 0x20, 0x23, 0x20,
    0x20, 0x20, 0x20, 0x23, 0x23, 0x23, 0x23, 0x23, 0x25, 0x25, 0x25, 0x25, 0x26, 0x26, 0x26, 0x26, 0x21, 0x0a, 0x0a, 0x16, 0x16, 0x19, 0x22, 0x22,
    0x2c, 0x37, 0x28, 0x30, 0x3c, 0x2c, 0x3c, 0x3b, 0x37, 0x35, 0x35, 0x35, 0x35, 0x37, 0x35, 0x35, 0x2c, 0x2c, 0x2c, 0x2c, 0x2c, 0x2c, 0x28, 0x27,
    0x28, 0x27, 0x27, 0x27, 0x22, 0x22, 0x27, 0x22, 0x22, 0x24, 0x22, 0x24, 0x22, 0x22, 0x22, 0x1d, 0x22, 0x22, 0x20, 0x20, 0x27, 0x04, 0x57, 0xff,
    0xfe, 0xfe, 0xff, 0x52, 0x13, 0x23, 0x1e, 0x1b, 0x1b, 0x25, 0x43, 0x0d, 0x50, 0x55, 0x23, 0xb7, 0x36, 0x7c, 0x5f, 0xca, 0xb7, 0xb7, 0xb7, 0x7c,
    0x7c, 0xb8, 0x7d, 0x16, 0x00, 0x06, 0x04, 0x07, 0x07, 0x07, 0x09, 0x0c, 0x0c, 0x0e, 0x0e, 0x0e, 0x11, 0x11, 0x12, 0x13, 0x14, 0x1f, 0x29, 0x2e,
    0x3a, 0x45, 0x4b, 0x52, 0x59, 0x6b, 0x6b, 0x6b, 0x6b, 0x6b, 0x6b, 0x6b, 0x6b, 0x6b, 0x6b, 0x6b, 0x6b, 0x6b, 0x66, 0x6b, 0x6b, 0x6b, 0x6b, 0x6b,
    0x6b, 0x6b, 0x6b, 0x6b, 0x6b, 0x6b, 0x6d, 0x6d, 0x6e, 0x6e, 0x6e, 0x6e, 0x6f, 0x6f, 0x7a, 0x7a, 0x7a, 0x7b, 0x7b, 0x85, 0x85, 0x85, 0x86, 0x8b,
    0x8b, 0x8c, 0x8c, 0x93, 0x93, 0x93, 0x93, 0x94, 0x98, 0x98, 0x98, 0x98, 0xa3, 0xa3, 0xa3, 0xa3, 0xa8, 0xa8, 0xa8, 0xa8, 0xa8, 0xa8, 0xa8, 0xa8,
    0xa8, 0xa8, 0xa8, 0xa8, 0xa8, 0xa7, 0xa7, 0xa8, 0xa8, 0xa7, 0xa8, 0xa5, 0xa8, 0xa7, 0xa5, 0xa5, 0xa7, 0xa7, 0xa5, 0xa2, 0xa4, 0xa4, 0xa4, 0xa4,
    0xa4, 0xa4, 0xa4, 0xa0, 0x9f, 0xa4, 0xa0, 0xa0, 0x9f, 0x9f, 0x9d, 0x9e, 0xa0, 0x9d, 0x9e, 0x9e, 0x9d, 0x9d, 0x9d, 0x9d, 0x9c, 0x9c, 0x9c, 0x9c,
    0x9c, 0x9c, 0x9c, 0x9c, 0x9c, 0xab, 0x9c, 0x9c, 0x9c, 0xab, 0xab, 0xab, 0xab, 0xab, 0xab, 0xab, 0xab, 0xab, 0xb4, 0xb4, 0xb4, 0xb4, 0xb4, 0xb4,
    0xb6, 0xb6, 0xb6, 0xb6, 0xbb, 0xbb, 0xbd, 0xbd, 0xbd, 0xbd, 0xbe, 0xbe, 0xc0, 0xc4, 0xc4, 0xc4, 0xc5, 0xc5, 0xc8, 0xc8, 0xc8, 0xcd, 0xcd, 0xce,
    0xce, 0xd2, 0xd2, 0xd3, 0xd4, 0xd6, 0xd6, 0xd7, 0xda, 0xda, 0xdb, 0xde, 0xde, 0xe4, 0xe4, 0xe4, 0xe6, 0xea, 0xef, 0xef, 0xf1, 0xf1, 0xf3, 0xf6,
    0xf7, 0xf8, 0xf8, 0xfa, 0xfa, 0xf9, 0xf9, 0xfb, 0xfb, 0xfb, 0xfb, 0xfb, 0xfb, 0xfb, 0xfb, 0xfb, 0xfb, 0xfb, 0xfa, 0xfa, 0xfa, 0xfa, 0xf7, 0xf7,
    0xf7, 0xf5, 0xf5, 0xee, 0xee, 0xeb, 0xeb, 0xe9, 0xe5, 0xe3, 0xe3, 0xe1, 0xe1, 0xdd, 0xdb, 0xd9, 0xd9, 0xd8, 0xd5, 0xd5, 0xd3, 0xd3, 0xd0, 0xd0,
    0xcf, 0xcf, 0xcc, 0xcc, 0xcb, 0xc9, 0xc9, 0xc7, 0xc6, 0xc6, 0xc3, 0xc2, 0xc2, 0xc2, 0xbc, 0xbc, 0xba, 0xba, 0xb9, 0xb9, 0xb9, 0xb8, 0xb8, 0xb8,
    0xb3, 0xb3, 0xb3, 0xb3, 0xaf, 0xaf, 0xaf, 0xaf, 0xaf, 0xaf, 0xaf, 0xaf, 0xaf, 0xaf, 0xaf, 0xaf, 0xa6, 0xa6, 0xa6, 0xa6, 0xa6, 0xa6, 0xa6, 0xa6,
    0x59, 0x59, 0x59, 0x59, 0x59, 0x59, 0x59, 0x59, 0x5c, 0x54, 0x4f, 0x4f, 0x50, 0x4d, 0x46, 0x43, 0x3d, 0x3e, 0x3e, 0x3d, 0x3d, 0x3d, 0x3d, 0x3d,
    0x3d, 0x3d, 0x3d, 0x39, 0x39, 0x39, 0x34, 0x34, 0x34, 0x34, 0x34, 0x34, 0x34, 0x34, 0x34, 0x2b, 0x2b, 0x2b, 0x26, 0x26, 0x26, 0x26, 0x26, 0x26,
    0x26, 0x26, 0x26, 0x26, 0x25, 0x25, 0x25, 0x25, 0x25, 0x25, 0x25, 0x25, 0x25, 0x25, 0x25, 0x25, 0x25, 0x25, 0x25, 0x25, 0x25, 0x25, 0x25, 0x23,
    0x23, 0x23, 0x23, 0x23, 0x25, 0x25, 0x25, 0x25, 0x26, 0x26, 0x26, 0x26, 0x26, 0x26, 0x26, 0x2b, 0x22, 0x0a, 0x0a, 0x16, 0x17, 0x22, 0x22, 0x22,
    0x30, 0x30, 0x30, 0x37, 0x37, 0x2c, 0x3b, 0x3b, 0x3b, 0x37, 0x37, 0x37, 0x35, 0x35, 0x35, 0x35, 0x2c, 0x35, 0x35, 0x2c, 0x2c, 0x2c, 0x2c, 0x28,
    0x27, 0x27, 0x27, 0x27, 0x27, 0x27, 0x22, 0x27, 0x24, 0x22, 0x27, 0x24, 0x27, 0x24, 0x24, 0x24, 0x22, 0x24, 0x22, 0x24, 0x27, 0x0b, 0x57, 0xff,
    0xfe, 0xfe, 0xff, 0xfc, 0x2b, 0x25, 0x26, 0x25, 0x25, 0x18, 0x26, 0x36, 0x0b, 0x46, 0x80, 0x21, 0x5f, 0x43, 0xd8, 0x5f, 0xd8, 0x7c, 0xb7, 0x7c,
    0x7c, 0x7c, 0xd0, 0x2e, 0x00, 0x06, 0x04, 0x06, 0x07, 0x08, 0x08, 0x09, 0x0c, 0x0e, 0x0e, 0x0e, 0x0f, 0x11, 0x13, 0x13, 0x14, 0x1f, 0x29, 0x2e,
    0x3a, 0x46, 0x4b, 0x52, 0x59, 0x6b, 0x6d, 0x6d, 0x6b, 0x6b, 0x6b, 0x6b, 0x6b, 0x6b, 0x6b, 0x6b, 0x6b, 0x6b, 0x6b, 0x6b, 0x6b, 0x6b, 0x6b, 0x6b,
    0x6b, 0x6b, 0x6b, 0x6b, 0x6b, 0x6b, 0x6d, 0x6d, 0x6e, 0x6e, 0x6e, 0x6e, 0x6f, 0x6f, 0x7a, 0x7a, 0x7a, 0x7b, 0x7b, 0x85, 0x85, 0x85, 0x86, 0x8b,
    0x8b, 0x8c, 0x8c, 0x93, 0x93, 0x93, 0x93, 0x94, 0x98, 0x98, 0x98, 0x98, 0xa3, 0xa3, 0xa3, 0xa3, 0xa8, 0xa8, 0xa8, 0xa8, 0xa8, 0xa8, 0xa8, 0xa8,
    0xa8, 0xa8, 0xa8, 0xa8, 0xa8, 0xa7, 0xa7, 0xa8, 0xa8, 0xa7, 0xa8, 0xa5, 0xa8, 0xa7, 0xa5, 0xa5, 0xa7, 0xa7, 0xa5, 0xa2, 0xa4, 0xa4, 0xa4, 0xa4,
    0xa4, 0xa4, 0xa4, 0xa0, 0x9f, 0xa4, 0xa0, 0xa0, 0x9f, 0xa0, 0x9d, 0x9e, 0xa0, 0x9d, 0x9e, 0x9e, 0x9d, 0x9d, 0x9d, 0x9d, 0x9c, 0x9c, 0x9c, 0x9c,
    0x9c, 0x9c, 0x9c, 0x9c, 0x9c, 0xab, 0x9c, 0x9c, 0x9c, 0xab, 0xab, 0xab, 0xab, 0xab, 0xab, 0xab, 0xab, 0xab, 0xb4, 0xb4, 0xb4, 0xb4, 0xb4, 0xb4,
    0xb4, 0xb6, 0xb6, 0xb6, 0xbb, 0xbb, 0xbb, 0xbd, 0xbd, 0xbd, 0xbd, 0xbe, 0xc0, 0xc4, 0xc4, 0xc4, 0xc5, 0xc5, 0xc8, 0xc8, 0xc8, 0xcd, 0xcd, 0xce,
    0xce, 0xce, 0xd2, 0xd2, 0xd4, 0xd6, 0xd6, 0xd7, 0xda, 0xda, 0xdb, 0xdb, 0xde, 0xe4, 0xe4, 0xe4, 0xe6, 0xea, 0xea, 0xef, 0xef, 0xf1, 0xf3, 0xf6,
    0xf7, 0xf8, 0xf8, 0xf8, 0xfa, 0xf9, 0xf9, 0xf9, 0xfb, 0xfb, 0xfb, 0xfb, 0xfb, 0xfb, 0xfb, 0xfb, 0xfb, 0xfb, 0xfa, 0xfa, 0xfa, 0xfa, 0xf7, 0xf7,
    0xf7, 0xf5, 0xf5, 0xf1, 0xee, 0xee, 0xeb, 0xe8, 0xe7, 0xe5, 0xe3, 0xe2, 0xe1, 0xdd, 0xdb, 0xd9, 0xd9, 0xd7, 0xd6, 0xd5, 0xd5, 0xd3, 0xd3, 0xd2,
    0xd0, 0xcf, 0xcc, 0xcc, 0xcb, 0xc9, 0xc9, 0xc7, 0xc6, 0xc6, 0xc6, 0xc3, 0xc2, 0xc2, 0xc2, 0xbc, 0xbc, 0xba, 0xba, 0xb9, 0xb9, 0xb9, 0xb8, 0xb8,
    0xb8, 0xb8, 0xb3, 0xb3, 0xb3, 0xb3, 0xaf, 0xaf, 0xaf, 0xaf, 0xaf, 0xaf, 0xaf, 0xaf, 0xaf, 0xaf, 0xaf, 0xaf, 0xa6, 0xa6, 0xa6, 0xa6, 0xa6, 0xa6,
    0x59, 0x59, 0x59, 0x59, 0x59, 0x59, 0x59, 0x5c, 0x5c, 0x54, 0x4f, 0x4f, 0x50, 0x4d, 0x4a, 0x49, 0x43, 0x3e, 0x3e, 0x3d, 0x3d, 0x3d, 0x3d, 0x3d,
    0x3d, 0x3d, 0x3d, 0x39, 0x34, 0x34, 0x34, 0x34, 0x34, 0x34, 0x34, 0x34, 0x34, 0x34, 0x2b, 0x26, 0x25, 0x25, 0x26, 0x26, 0x26, 0x26, 0x26, 0x26,
    0x26, 0x26, 0x26, 0x26, 0x26, 0x26, 0x26, 0x26, 0x26, 0x25, 0x25, 0x25, 0x25, 0x25, 0x25, 0x25, 0x25, 0x25, 0x26, 0x26, 0x26, 0x26, 0x26, 0x25,
    0x25, 0x25, 0x25, 0x25, 0x26, 0x26, 0x26, 0x26, 0x26, 0x26, 0x26, 0x26, 0x26, 0x2b, 0x26, 0x34, 0x24, 0x0a, 0x0a, 0x16, 0x17, 0x22, 0x22, 0x22,
    0x2c, 0x30, 0x37, 0x37, 0x3b, 0x37, 0x3b, 0x3c, 0x3c, 0x3b, 0x3b, 0x3b, 0x35, 0x35, 0x37, 0x37, 0x35, 0x2c, 0x35, 0x2c, 0x2c, 0x2c, 0x2c, 0x28,
    0x28, 0x28, 0x28, 0x27, 0x27, 0x27, 0x27, 0x27, 0x27, 0x27, 0x24, 0x24, 0x27, 0x27, 0x27, 0x27, 0x27, 0x24, 0x24, 0x24, 0x27, 0x15, 0x42, 0xff,
    0xff, 0xfe, 0xfe, 0xff, 0x97, 0x26, 0x26, 0x25, 0x25, 0x25, 0x1e, 0x26, 0x3d, 0x0b, 0x36, 0x55, 0xc6, 0xd8, 0x5f, 0xca, 0xb7, 0xbf, 0x7c, 0x7c,
    0x7c, 0x7c, 0xe0, 0x42, 0x00, 0x06, 0x07, 0x07, 0x07, 0x08, 0x09, 0x09, 0x0c, 0x0e, 0x0e, 0x0f, 0x0f, 0x11, 0x13, 0x13, 0x14, 0x1f, 0x29, 0x2e,
    0x3f, 0x46, 0x4b, 0x52, 0x59, 0x6d, 0x6d, 0x6d, 0x6d, 0x6b, 0x6b, 0x6b, 0x6b, 0x6b, 0x6b, 0x6b, 0x6b, 0x6b, 0x6b, 0x6b, 0x6b, 0x6b, 0x6b, 0x6b,
    0x6b, 0x6d, 0x6b, 0x6b, 0x6d, 0x6d, 0x6d, 0x6d, 0x6e, 0x6e, 0x6e, 0x6e, 0x6f, 0x6e, 0x7a, 0x7a, 0x7a, 0x7b, 0x7b, 0x85, 0x85, 0x85, 0x86, 0x8b,
    0x8b, 0x8c, 0x8c, 0x93, 0x93, 0x93, 0x93, 0x94, 0x98, 0x98, 0x98, 0x99, 0xa3, 0xa3, 0xa3, 0xa3, 0xa8, 0xa8, 0xa8, 0xa8, 0xa8, 0xa8, 0xa8, 0xa8,
    0xa8, 0xa8, 0xa8, 0xa8, 0xa8, 0xa7, 0xa7, 0xa8, 0xa8, 0xa7, 0xa8, 0xa5, 0xa8, 0xa7, 0xa5, 0xa5, 0xa7, 0xa7, 0xa5, 0xa2, 0xa4, 0xa4, 0xa4, 0xa4,
    0xa4, 0xa4, 0xa4, 0xa0, 0x9f, 0xa4, 0xa0, 0xa0, 0x9f, 0xa0, 0x9d, 0x9e, 0xa0, 0x9d, 0x9e, 0x9e, 0x9d, 0x9d, 0x9d, 0x9d, 0x9c, 0x9c, 0x9c, 0x9c,
    0x9c, 0x9c, 0x9c, 0x9c, 0x9c, 0xab, 0x9c, 0x9c, 0x9c, 0xab, 0xab, 0xab, 0xab, 0xab, 0xab, 0xab, 0xab, 0xb1, 0xab, 0xb4, 0xb4, 0xb4, 0xb4, 0xb4,
    0xb4, 0xb4, 0xb6, 0xb6, 0xbb, 0xbb, 0xbb, 0xbd, 0xbd, 0xbd, 0xbd, 0xbe, 0xbe, 0xc4, 0xc4, 0xc4, 0xc4, 0xc5, 0xc8, 0xc8, 0xc8, 0xcd, 0xcd, 0xcd,
    0xce, 0xce, 0xd2, 0xd2, 0xd4, 0xd6, 0xd6, 0xd7, 0xd7, 0xda, 0xda, 0xdb, 0xde, 0xdf, 0xe4, 0xe4, 0xe6, 0xea, 0xea, 0xef, 0xef, 0xf1, 0xf1, 0xf6,
    0xf6, 0xf7, 0xf8, 0xf8, 0xfa, 0xf9, 0xf9, 0xf9, 0xfb, 0xfb, 0xfb, 0xfb, 0xfb, 0xfb, 0xfb, 0xfb, 0xfb, 0xfb, 0xfa, 0xfa, 0xfa, 0xfa, 0xfa, 0xf7,
    0xf7, 0xf5, 0xf5, 0xf5, 0xee, 0xee, 0xeb, 0xeb, 0xe9, 0xe5, 0xe3, 0xe3, 0xe1, 0xe1, 0xdd, 0xdb, 0xd9, 0xd9, 0xd8, 0xd5, 0xd5, 0xd4, 0xd3, 0xd0,
    0xd2, 0xcf, 0xcf, 0xcc, 0xcc, 0xcb, 0xc9, 0xc9, 0xc7, 0xc6, 0xc6, 0xc3, 0xc3, 0xc2, 0xc2, 0xc2, 0xbc, 0xbc, 0xba, 0xba, 0xb9, 0xb9, 0xb9, 0xb8,
    0xb8, 0xb8, 0xb3, 0xb3, 0xb3, 0xb3, 0xb3, 0xaf, 0xaf, 0xaf, 0xaf, 0xaf, 0xaf, 0xaf, 0xaf, 0xaf, 0xaf, 0xaf, 0xaf, 0xaf, 0xaf, 0xa6, 0xa6, 0xa6,
    0x59, 0x59, 0x59, 0x59, 0x59, 0x59, 0x5c, 0x5c, 0x5c, 0x54, 0x4f, 0x4f, 0x50, 0x4d, 0x4a, 0x49, 0x43, 0x3e, 0x3d, 0x3d, 0x3d, 0x3d, 0x3d, 0x3d,
    0x3d, 0x39, 0x39, 0x39, 0x34, 0x34, 0x34, 0x34, 0x34, 0x34, 0x34, 0x34, 0x34, 0x34, 0x2b, 0x25, 0x25, 0x25, 0x26, 0x26, 0x26, 0x26, 0x26, 0x26,
    0x26, 0x26, 0x26, 0x26, 0x26, 0x26, 0x26, 0x26, 0x26, 0x26, 0x26, 0x26, 0x26, 0x26, 0x26, 0x26, 0x26, 0x26, 0x26, 0x26, 0x26, 0x26, 0x26, 0x26,
    0x26, 0x26, 0x26, 0x26, 0x26, 0x26, 0x26, 0x26, 0x26, 0x26, 0x26, 0x26, 0x26, 0x2b, 0x2b, 0x34, 0x24, 0x0a, 0x0a, 0x16, 0x17, 0x22, 0x22, 0x27,
    0x30, 0x37, 0x3b, 0x37, 0x3c, 0x3c, 0x37, 0x3c, 0x3f, 0x3b, 0x3b, 0x3b, 0x35, 0x35, 0x37, 0x37, 0x35, 0x2c, 0x35, 0x35, 0x2c, 0x2c, 0x2c, 0x2c,
    0x28, 0x28, 0x28, 0x28, 0x27, 0x28, 0x28, 0x22, 0x27, 0x27, 0x27, 0x27, 0x27, 0x27, 0x27, 0x27, 0x27, 0x24, 0x27, 0x24, 0x24, 0x22, 0x1f, 0xfc,
    0xff, 0xfe, 0xff, 0xff, 0xff, 0x3e, 0x25, 0x26, 0x26, 0x25, 0x26, 0x1e, 0x26, 0x49, 0x13, 0x4d, 0x4a, 0xd0, 0x7c, 0xb7, 0xb7, 0x7c, 0xb7, 0x7c,
    0x7c, 0x7c, 0xd8, 0x4d, 0x03, 0x05, 0x07, 0x07, 0x08, 0x08, 0x09, 0x0c, 0x0c, 0x0e, 0x0e, 0x0f, 0x0f, 0x11, 0x13, 0x13, 0x14, 0x1f, 0x29, 0x2e,
    0x3f, 0x46, 0x4f, 0x52, 0x5a, 0x6e, 0x6d, 0x6d, 0x6d, 0x6d, 0x6b, 0x6d, 0x6b, 0x6d, 0x6b, 0x6b, 0x6b, 0x6b, 0x6b, 0x6b, 0x6b, 0x6b, 0x6b, 0x6b,
    0x6b, 0x6d, 0x6d, 0x6d, 0x6d, 0x6d, 0x6d, 0x6d, 0x6e, 0x6e, 0x6e, 0x6e, 0x6f, 0x7a, 0x7a, 0x7a, 0x7a, 0x7b, 0x7a, 0x85, 0x85, 0x85, 0x86, 0x8b,
    0x8b, 0x8c, 0x8b, 0x93, 0x93, 0x93, 0x93, 0x94, 0x98, 0x98, 0x98, 0x99, 0xa3, 0xa3, 0xa8, 0xa8, 0xa8, 0xa8, 0xa8, 0xa8, 0xa8, 0xa8, 0xa8, 0xa8,
    0xa8, 0xa8, 0xa8, 0xa8, 0xa8, 0xa8, 0xa7, 0xa8, 0xa8, 0xa8, 0xa8, 0xa5, 0xa8, 0xa7, 0xa7, 0xa5, 0xa7, 0xa7, 0xa5, 0xa4, 0xa4, 0xa4, 0xa4, 0xa4,
    0xa4, 0xa4, 0xa4, 0xa0, 0x9f, 0xa4, 0xa0, 0xa0, 0x9f, 0xa0, 0x9f, 0x9e, 0xa0, 0x9d, 0x9e, 0x9e, 0x9d, 0x9d, 0x9d, 0x9d, 0x9c, 0x9c, 0x9c, 0x9c,
    0x9c, 0x9c, 0x9c, 0x9c, 0x9c, 0x9c, 0x9c, 0x9c, 0x9c, 0xab, 0xab, 0xab, 0xab, 0xab, 0xab, 0xab, 0xab, 0xab, 0xab, 0xab, 0xab, 0xb4, 0xb4, 0xb4,
    0xb4, 0xb4, 0xb6, 0xb6, 0xbb, 0xbb, 0xbb, 0xbb, 0xbd, 0xbd, 0xbd, 0xbe, 0xbe, 0xc0, 0xc4, 0xc4, 0xc4, 0xc5, 0xc5, 0xc8, 0xc8, 0xc8, 0xcd, 0xcd,
    0xce, 0xce, 0xd2, 0xd2, 0xd3, 0xd4, 0xd6, 0xd7, 0xd7, 0xda, 0xda, 0xdb, 0xde, 0xde, 0xe4, 0xe4, 0xe4, 0xea, 0xea, 0xef, 0xef, 0xf1, 0xf1, 0xf3,
    0xf6, 0xf7, 0xf8, 0xf8, 0xf8, 0xf9, 0xf9, 0xf9, 0xf9, 0xfb, 0xfb, 0xfb, 0xfb, 0xfb, 0xfb, 0xfb, 0xfb, 0xfb, 0xfa, 0xfa, 0xfa, 0xfa, 0xfa, 0xf7,
    0xf7, 0xf7, 0xf5, 0xf5, 0xf1, 0xee, 0xee, 0xeb, 0xe8, 0xe7, 0xe5, 0xe3, 0xe2, 0xe1, 0xdd, 0xdc, 0xdb, 0xd9, 0xd9, 0xd6, 0xd5, 0xd5, 0xd3, 0xd3,
    0xd2, 0xd0, 0xcf, 0xcf, 0xcc, 0xcc, 0xcb, 0xc9, 0xc9, 0xc7, 0xc6, 0xc6, 0xc3, 0xc3, 0xc2, 0xc2, 0xc2, 0xbc, 0xbc, 0xba, 0xba, 0xb9, 0xb9, 0xb9,
    0xb8, 0xb8, 0xb8, 0xb8, 0xb3, 0xb3, 0xb3, 0xb3, 0xb0, 0xaf, 0xaf, 0xaf, 0xaf, 0xaf, 0xaf, 0xaf, 0xaf, 0xaf, 0xaf, 0xaf, 0xaf, 0xaf, 0xaf, 0xaf,
    0x59, 0x59, 0x59, 0x59, 0x59, 0x59, 0x5c, 0x5c, 0x5b, 0x54, 0x4f, 0x4f, 0x50, 0x4d, 0x4a, 0x49, 0x43, 0x3e, 0x3d, 0x3d, 0x3d, 0x3d, 0x3d, 0x39,
    0x39, 0x39, 0x39, 0x36, 0x34, 0x34, 0x34, 0x34, 0x34, 0x34, 0x34, 0x34, 0x34, 0x34, 0x2b, 0x26, 0x25, 0x25, 0x26, 0x26, 0x26, 0x26, 0x26, 0x26,
    0x26, 0x26, 0x26, 0x26, 0x26, 0x26, 0x26, 0x26, 0x26, 0x26, 0x26, 0x26, 0x26, 0x26, 0x26, 0x26, 0x26, 0x26, 0x26, 0x26, 0x26, 0x26, 0x26, 0x26,
    0x26, 0x26, 0x26, 0x26, 0x26, 0x26, 0x26, 0x26, 0x2b, 0x2b, 0x2b, 0x2b, 0x2b, 0x2b, 0x2b, 0x34, 0x2a, 0x0a, 0x0a, 0x16, 0x16, 0x22, 0x22, 0x28,
    0x30, 0x37, 0x37, 0x3b, 0x41, 0x41, 0x37, 0x3b, 0x40, 0x3c, 0x3b, 0x3c, 0x3b, 0x35, 0x37, 0x37, 0x35, 0x35, 0x35, 0x35, 0x2c, 0x2c, 0x2c, 0x2c,
    0x2c, 0x28, 0x28, 0x28, 0x28, 0x27, 0x28, 0x27, 0x24, 0x27, 0x28, 0x27, 0x27, 0x27, 0x27, 0x24, 0x27, 0x27, 0x27, 0x24, 0x27, 0x28, 0x0b, 0xc4,
    0xff, 0xff, 0xfe, 0xfe, 0xff, 0x43, 0x26, 0x34, 0x25, 0x25, 0x26, 0x26, 0x1e, 0x34, 0x18, 0x3a, 0xbc, 0x43, 0xe8, 0x7c, 0x7c, 0xb7, 0xb7, 0x7c,
    0x7c, 0x7c, 0xc2, 0x74, 0x17, 0x00, 0x07, 0x08, 0x08, 0x08, 0x09, 0x0c, 0x0c, 0x0e, 0x0f, 0x0f, 0x0f, 0x12, 0x13, 0x14, 0x17, 0x1f, 0x29, 0x39,
    0x3f, 0x46, 0x4f, 0x52, 0x5a, 0x6e, 0x6e, 0x6d, 0x6d, 0x6d, 0x6d, 0x6d, 0x6b, 0x6d, 0x6d, 0x6d, 0x6d, 0x6d, 0x6b, 0x6d, 0x6d, 0x6b, 0x6b, 0x6b,
    0x6b, 0x6d, 0x6d, 0x6d, 0x6d, 0x6d, 0x6d, 0x6d, 0x6e, 0x6e, 0x6e, 0x6e, 0x6e, 0x7a, 0x7a, 0x7a, 0x7a, 0x7b, 0x7a, 0x85, 0x85, 0x85, 0x86, 0x8b,
    0x8b, 0x8c, 0x8b, 0x93, 0x93, 0x93, 0x93, 0x94, 0x98, 0x98, 0x98, 0x99, 0xa3, 0xa3, 0xa8, 0xa8, 0xa8, 0xa8, 0xa8, 0xa8, 0xa8, 0xa8, 0xa8, 0xa8,
    0xa8, 0xa8, 0xa8, 0xa8, 0xa8, 0xa8, 0xa7, 0xa8, 0xa8, 0xa8, 0xa8, 0xa5, 0xa8, 0xa7, 0xa7, 0xa5, 0xa7, 0xa7, 0xa5, 0xa4, 0xa4, 0xa4, 0xa4, 0xa4,
    0xa4, 0xa4, 0xa4, 0xa0, 0xa0, 0xa4, 0xa0, 0xa0, 0x9f, 0xa0, 0x9f, 0x9e, 0xa0, 0x9d, 0x9e, 0x9e, 0x9d, 0x9d, 0x9d, 0x9d, 0x9c, 0x9c, 0x9c, 0x9c,
    0x9c, 0x9c, 0x9c, 0x9c, 0x9c, 0x9c, 0x9c, 0x9c, 0x9c, 0xab, 0xab, 0xab, 0xab, 0xab, 0xab, 0xab, 0xab, 0xab, 0xab, 0xab, 0xab, 0xb4, 0xb4, 0xb4,
    0xb4, 0xb4, 0xb6, 0xb6, 0xb6, 0xbb, 0xbb, 0xbb, 0xbd, 0xbd, 0xbd, 0xbd, 0xbe, 0xbe, 0xc4, 0xc4, 0xc4, 0xc5, 0xc5, 0xc8, 0xc8, 0xc8, 0xcd, 0xcd,
    0xce, 0xce, 0xd2, 0xd2, 0xd2, 0xd4, 0xd6, 0xd6, 0xd7, 0xda, 0xda, 0xdb, 0xde, 0xde, 0xe4, 0xe4, 0xe4, 0xe6, 0xea, 0xef, 0xef, 0xf1, 0xf1, 0xf3,
    0xf6, 0xf6, 0xf7, 0xf8, 0xf8, 0xf9, 0xf9, 0xf9, 0xf9, 0xf9, 0xfb, 0xfb, 0xfb, 0xfb, 0xfb, 0xfb, 0xfb, 0xfb, 0xfa, 0xfa, 0xfa, 0xfa, 0xfa, 0xf7,
    0xf7, 0xf7, 0xf5, 0xf5, 0xf5, 0xee, 0xee, 0xeb, 0xeb, 0xe9, 0xe5, 0xe3, 0xe3, 0xe1, 0xe1, 0xdd, 0xdb, 0xd9, 0xd9, 0xd7, 0xd5, 0xd5, 0xd5, 0xd3,
    0xd3, 0xd2, 0xd0, 0xcf, 0xcc, 0xcc, 0xcb, 0xcb, 0xc9, 0xc7, 0xc7, 0xc6, 0xc6, 0xc3, 0xc2, 0xc2, 0xc2, 0xc2, 0xbc, 0xbc, 0xba, 0xba, 0xb9, 0xb9,
    0xb9, 0xb8, 0xb8, 0xb8, 0xb3, 0xb3, 0xb3, 0xb3, 0xb3, 0xb0, 0xaf, 0xaf, 0xaf, 0xaf, 0xaf, 0xaf, 0xaf, 0xaf, 0xaf, 0xaf, 0xaf, 0xaf, 0xaf, 0xaf,
    0x59, 0x59, 0x59, 0x59, 0x59, 0x5a, 0x5c, 0x5b, 0x5b, 0x54, 0x4f, 0x4f, 0x4e, 0x4d, 0x4a, 0x49, 0x43, 0x3d, 0x3d, 0x3d, 0x3d, 0x3d, 0x3d, 0x39,
    0x39, 0x39, 0x39, 0x36, 0x34, 0x34, 0x34, 0x34, 0x34, 0x34, 0x34, 0x34, 0x34, 0x34, 0x2b, 0x26, 0x26, 0x26, 0x2b, 0x2b, 0x2b, 0x2b, 0x2b, 0x2b,
    0x2b, 0x2b, 0x2b, 0x2b, 0x2b, 0x2b, 0x2b, 0x2b, 0x2b, 0x2b, 0x2b, 0x2b, 0x2b, 0x2b, 0x2b, 0x2b, 0x2b, 0x2b, 0x2b, 0x2b, 0x2b, 0x2b, 0x2b, 0x2b,
    0x2b, 0x2b, 0x2b, 0x2b, 0x2b, 0x2b, 0x2b, 0x2b, 0x34, 0x34, 0x34, 0x2b, 0x34, 0x34, 0x34, 0x34, 0x2a, 0x0a, 0x11, 0x16, 0x17, 0x22, 0x22, 0x28,
    0x30, 0x37, 0x2c, 0x3c, 0x3c, 0x3c, 0x37, 0x3b, 0x40, 0x3f, 0x3b, 0x3b, 0x3b, 0x3b, 0x37, 0x35, 0x35, 0x35, 0x35, 0x35, 0x35, 0x2c, 0x2c, 0x2c,
    0x2c, 0x28, 0x28, 0x28, 0x28, 0x27, 0x28, 0x28, 0x27, 0x27, 0x27, 0x28, 0x27, 0x27, 0x27, 0x27, 0x27, 0x27, 0x27, 0x27, 0x27, 0x27, 0x15, 0x42,
    0xff, 0xff, 0xff, 0xfe, 0xff, 0xa6, 0x3e, 0x3e, 0x5f, 0x4c, 0x26, 0x34, 0x26, 0x1b, 0x34, 0x23, 0x39, 0xd0, 0x43, 0xd8, 0xca, 0x5f, 0xb7, 0xb7,
    0x7c, 0x7c, 0x7c, 0xd8, 0x22, 0x00, 0x0f, 0x07, 0x08, 0x08, 0x09, 0x09, 0x0c, 0x0e, 0x0f, 0x0f, 0x11, 0x13, 0x13, 0x14, 0x14, 0x1f, 0x29, 0x39,
    0x3f, 0x46, 0x4f, 0x52, 0x5a, 0x6e, 0x6e, 0x6d, 0x6d, 0x6d, 0x6d, 0x6d, 0x6d, 0x6d, 0x6d, 0x6d, 0x6d, 0x6d, 0x6d, 0x6d, 0x6d, 0x6d, 0x6d, 0x6d,
    0x6b, 0x6d, 0x6d, 0x6d, 0x6d, 0x6d, 0x6d, 0x6d, 0x6e, 0x6e, 0x6e, 0x6e, 0x6e, 0x7a, 0x7a, 0x7a, 0x7a, 0x7b, 0x7a, 0x85, 0x85, 0x85, 0x86, 0x8b,
    0x8b, 0x8c, 0x8b, 0x93, 0x93, 0x93, 0x93, 0x94, 0x98, 0x98, 0x99, 0x99, 0xa3, 0xa3, 0xa8, 0xa8, 0xa8, 0xa8, 0xa8, 0xa8, 0xa8, 0xa8, 0xa8, 0xa8,
    0xa8, 0xa8, 0xa8, 0xa8, 0xa8, 0xa8, 0xa7, 0xa8, 0xa8, 0xa8, 0xa8, 0xa5, 0xa8, 0xa7, 0xa7, 0xa5, 0xa7, 0xa7, 0xa5, 0xa5, 0xa4, 0xa4, 0xa4, 0xa4,
    0xa4, 0xa4, 0xa4, 0xa4, 0xa0, 0xa4, 0xa4, 0xa0, 0x9f, 0xa0, 0x9f, 0x9e, 0xa0, 0x9d, 0x9e, 0x9e, 0x9d, 0x9d, 0x9d, 0x9d, 0x9c, 0x9c, 0x9c, 0x9c,
    0x9c, 0x9c, 0x9c, 0x9c, 0x9c, 0x9c, 0x9c, 0x9c, 0x9c, 0xab, 0xab, 0xab, 0xab, 0xab, 0xab, 0xab, 0xab, 0xab, 0xab, 0xab, 0xab, 0xab, 0xb4, 0xb4,
    0xb4, 0xb4, 0xb6, 0xb6, 0xb6, 0xb6, 0xbb, 0xbb, 0xbd, 0xbd, 0xbd, 0xbd, 0xbe, 0xbe, 0xc4, 0xc4, 0xc4, 0xc4, 0xc5, 0xc8, 0xc8, 0xc8, 0xcd, 0xcd,
    0xce, 0xce, 0xce, 0xd2, 0xd2, 0xd4, 0xd6, 0xd6, 0xd7, 0xd7, 0xda, 0xdb, 0xdb, 0xde, 0xdf, 0xe4, 0xe4, 0xe6, 0xea, 0xea, 0xef, 0xf0, 0xf1, 0xf3,
    0xf6, 0xf6, 0xf7, 0xf8, 0xf8, 0xf8, 0xf9, 0xf9, 0xf9, 0xf9, 0xf9, 0xf9, 0xfb, 0xfb, 0xfb, 0xfb, 0xfb, 0xfb, 0xfa, 0xfa, 0xfa, 0xfa, 0xfa, 0xfa,
    0xf7, 0xf7, 0xf7, 0xf5, 0xf5, 0xf1, 0xee, 0xee, 0xeb, 0xe9, 0xe7, 0xe5, 0xe3, 0xe2, 0xe1, 0xdd, 0xdc, 0xdb, 0xd9, 0xd9, 0xd8, 0xd5, 0xd5, 0xd4,
    0xd3, 0xd0, 0xd0, 0xcf, 0xcf, 0xcc, 0xcc, 0xcb, 0xc9, 0xc9, 0xc7, 0xc6, 0xc6, 0xc3, 0xc3, 0xc2, 0xc2, 0xc2, 0xbc, 0xbc, 0xbc, 0xba, 0xba, 0xb9,
    0xb9, 0xb9, 0xb8, 0xb8, 0xb8, 0xb8, 0xb3, 0xb3, 0xb3, 0xb3, 0xb0, 0xb0, 0xaf, 0xaf, 0xaf, 0xaf, 0xaf, 0xaf, 0xaf, 0xaf, 0xaf, 0xaf, 0xaf, 0xaf,
    0x59, 0x59, 0x59, 0x59, 0x5a, 0x5c, 0x5b, 0x5b, 0x5b, 0x56, 0x4f, 0x4f, 0x50, 0x4d, 0x4a, 0x49, 0x43, 0x3e, 0x3d, 0x3d, 0x3d, 0x3d, 0x3d, 0x39,
    0x39, 0x39, 0x34, 0x34, 0x34, 0x34, 0x34, 0x34, 0x34, 0x34, 0x34, 0x34, 0x34, 0x34, 0x34, 0x2b, 0x2b, 0x2b, 0x2b, 0x2b, 0x2b, 0x2b, 0x2b, 0x2b,
    0x2b, 0x2b, 0x2b, 0x2b, 0x2b, 0x34, 0x34, 0x34, 0x34, 0x34, 0x34, 0x34, 0x34, 0x34, 0x34, 0x34, 0x34, 0x34, 0x2b, 0x2b, 0x34, 0x34, 0x34, 0x34,
    0x34, 0x34, 0x34, 0x34, 0x34, 0x34, 0x34, 0x34, 0x34, 0x34, 0x34, 0x34, 0x34, 0x34, 0x34, 0x34, 0x2d, 0x0a, 0x0a, 0x16, 0x22, 0x22, 0x27, 0x28,
    0x30, 0x37, 0x28, 0x3c, 0x41, 0x3c, 0x3b, 0x3c, 0x40, 0x40, 0x3b, 0x40, 0x40, 0x3b, 0x3b, 0x3b, 0x37, 0x37, 0x35, 0x35, 0x35, 0x35, 0x2c, 0x2c,
    0x2c, 0x2c, 0x28, 0x28, 0x2c, 0x28, 0x27, 0x28, 0x28, 0x27, 0x27, 0x28, 0x28, 0x27, 0x27, 0x28, 0x28, 0x27, 0x27, 0x27, 0x27, 0x27, 0x24, 0x06,
    0xfe, 0xff, 0xff, 0xff, 0xff, 0xfe, 0x4b, 0xfe, 0xff, 0xff, 0x7c, 0x26, 0x25, 0x1e, 0x39, 0xfd, 0x2b, 0x49, 0xd8, 0x5f, 0xb7, 0xca, 0xb7, 0x7c,
    0x7c, 0x7c, 0x7c, 0xf4, 0x2e, 0x00, 0x06, 0x08, 0x08, 0x09, 0x09, 0x0c, 0x0e, 0x0e, 0x0f, 0x11, 0x11, 0x13, 0x14, 0x14, 0x14, 0x1f, 0x29, 0x39,
    0x3f, 0x45, 0x4f, 0x52, 0x5a, 0x6e, 0x6e, 0x6e, 0x6e, 0x6d, 0x6d, 0x6d, 0x6d, 0x6d, 0x6d, 0x6d, 0x6d, 0x6d, 0x6d, 0x6d, 0x6d, 0x6d, 0x6d, 0x6d,
    0x6d, 0x6d, 0x6d, 0x6d, 0x6d, 0x6d, 0x6d, 0x6d, 0x6e, 0x6e, 0x6e, 0x6e, 0x6e, 0x7a, 0x7a, 0x7a, 0x7a, 0x7b, 0x7a, 0x85, 0x85, 0x85, 0x86, 0x8b,
    0x8b, 0x8c, 0x8b, 0x93, 0x93, 0x93, 0x93, 0x94, 0x98, 0x98, 0x99, 0x99, 0xa3, 0xa3, 0xa3, 0xa8, 0xa8, 0xa8, 0xa8, 0xa8, 0xa8, 0xa8, 0xa8, 0xa8,
    0xa8, 0xa8, 0xa8, 0xa8, 0xa8, 0xa8, 0xa7, 0xa8, 0xa8, 0xa8, 0xa8, 0xa8, 0xa8, 0xa7, 0xae, 0xa5, 0xa7, 0xa7, 0xa5, 0xa5, 0xa4, 0xa4, 0xa4, 0xa4,
    0xa4, 0xa4, 0xa4, 0xa4, 0xa0, 0xa4, 0xa4, 0xa0, 0x9f, 0xa0, 0x9f, 0x9e, 0xa0, 0x9d, 0x9e, 0x9e, 0x9d, 0x9d, 0x9d, 0x9d, 0x9c, 0x9c, 0x9c, 0x9c,
    0x9c, 0x9c, 0x9c, 0x9c, 0x9c, 0x9c, 0x9c, 0x9c, 0x9c, 0xab, 0xab, 0xab, 0xab, 0xab, 0xab, 0xab, 0xab, 0xab, 0xab, 0xab, 0xab, 0xab, 0xb4, 0xb4,
    0xb4, 0xb4, 0xb6, 0xb6, 0xb6, 0xb6, 0xbb, 0xbb, 0xbb, 0xbd, 0xbd, 0xbd, 0xbe, 0xbe, 0xc0, 0xc4, 0xc4, 0xc4, 0xc5, 0xc8, 0xc8, 0xc8, 0xcd, 0xcd,
    0xcd, 0xce, 0xce, 0xd2, 0xd2, 0xd4, 0xd6, 0xd6, 0xd7, 0xd7, 0xda, 0xda, 0xdb, 0xde, 0xde, 0xe4, 0xe4, 0xe4, 0xea, 0xea, 0xef, 0xef, 0xf1, 0xf1,
    0xf2, 0xf6, 0xf7, 0xf8, 0xf8, 0xf8, 0xf8, 0xf9, 0xf9, 0xf9, 0xf9, 0xf9, 0xfb, 0xfb, 0xfb, 0xfb, 0xfb, 0xfb, 0xfa, 0xfa, 0xfa, 0xfa, 0xfa, 0xfa,
    0xf7, 0xf7, 0xf7, 0xf5, 0xf5, 0xf5, 0xee, 0xee, 0xeb, 0xeb, 0xe9, 0xe5, 0xe3, 0xe3, 0xe1, 0xe1, 0xdd, 0xdb, 0xd9, 0xd9, 0xd7, 0xd6, 0xd5, 0xd5,
    0xd3, 0xd3, 0xd2, 0xd0, 0xcf, 0xcf, 0xcc, 0xcc, 0xcb, 0xc9, 0xc9, 0xc7, 0xc6, 0xc6, 0xc3, 0xc3, 0xc2, 0xc2, 0xc2, 0xbc, 0xbc, 0xba, 0xba, 0xb9,
    0xb9, 0xb9, 0xb9, 0xb8, 0xb8, 0xb8, 0xb8, 0xb3, 0xb3, 0xb3, 0xb3, 0xb0, 0xb0, 0xaf, 0xaf, 0xaf, 0xaf, 0xaf, 0xaf, 0xaf, 0xaf, 0xaf, 0xaf, 0xaf,
    0x59, 0x59, 0x59, 0x5a, 0x5a, 0x5b, 0x5b, 0x5b, 0x5b, 0x56, 0x4f, 0x4f, 0x4e, 0x4d, 0x4a, 0x49, 0x43, 0x3e, 0x3d, 0x3d, 0x3d, 0x3d, 0x39, 0x39,
    0x39, 0x39, 0x34, 0x34, 0x34, 0x34, 0x34, 0x34, 0x34, 0x34, 0x34, 0x34, 0x34, 0x34, 0x34, 0x34, 0x2b, 0x34, 0x34, 0x34, 0x34, 0x34, 0x34, 0x34,
    0x34, 0x34, 0x34, 0x34, 0x34, 0x34, 0x34, 0x34, 0x34, 0x34, 0x34, 0x34, 0x34, 0x34, 0x34, 0x34, 0x34, 0x34, 0x34, 0x34, 0x34, 0x34, 0x34, 0x34,
    0x34, 0x34, 0x34, 0x34, 0x34, 0x34, 0x34, 0x34, 0x34, 0x34, 0x34, 0x34, 0x34, 0x34, 0x34, 0x39, 0x2f, 0x0a, 0x11, 0x17, 0x22, 0x22, 0x28, 0x22,
    0x30, 0x30, 0x28, 0x3c, 0x41, 0x3f, 0x40, 0x3c, 0x40, 0x40, 0x3b, 0x40, 0x40, 0x3f, 0x3b, 0x3b, 0x37, 0x37, 0x3b, 0x37, 0x37, 0x35, 0x35, 0x30,
    0x35, 0x2c, 0x28, 0x28, 0x2c, 0x2e, 0x28, 0x28, 0x28, 0x28, 0x28, 0x28, 0x28, 0x2c, 0x27, 0x27, 0x28, 0x27, 0x27, 0x27, 0x27, 0x27, 0x24, 0x12,
    0x42, 0xff, 0xff, 0xff, 0xff, 0xff, 0xff, 0xff, 0xff, 0xfe, 0xff, 0x5f, 0x25, 0x26, 0x0d, 0x49, 0xff, 0x43, 0x4e, 0xfb, 0x7c, 0xb7, 0xb7, 0x80,
    0x7c, 0x7c, 0x7c, 0xd0, 0x4b, 0x04, 0x04, 0x08, 0x08, 0x08, 0x0c, 0x0c, 0x0e, 0x0e, 0x0f, 0x11, 0x12, 0x13, 0x14, 0x14, 0x14, 0x1f, 0x29, 0x39,
    0x42, 0x45, 0x4f, 0x52, 0x5b, 0x78, 0x78, 0x6e, 0x6e, 0x6d, 0x6d, 0x6d, 0x6d, 0x6d, 0x6d, 0x6d, 0x6d, 0x6d, 0x6d, 0x6d, 0x6d, 0x6d, 0x6d, 0x6d,
    0x6d, 0x6d, 0x6d, 0x6d, 0x6d, 0x6d, 0x6d, 0x6d, 0x6e, 0x6e, 0x6e, 0x6e, 0x6e, 0x7a, 0x7a, 0x7a, 0x7a, 0x7a, 0x7a, 0x85, 0x85, 0x85, 0x86, 0x8b,
    0x8b, 0x8c, 0x8b, 0x93, 0x93, 0x93, 0x93, 0x94, 0x98, 0x98, 0x99, 0x99, 0xa3, 0xa3, 0xa3, 0xa3, 0xa8, 0xa8, 0xa8, 0xa8, 0xa8, 0xa8, 0xa8, 0xa8,
    0xa8, 0xa8, 0xa8, 0xa8, 0xa8, 0xa8, 0xa7, 0xa8, 0xa8, 0xa8, 0xa8, 0xa8, 0xa8, 0xa7, 0xae, 0xa5, 0xa7, 0xa7, 0xa5, 0xa5, 0xa4, 0xa4, 0xa4, 0xa4,
    0xa4, 0xa4, 0xa4, 0xa4, 0xa0, 0xa4, 0xa4, 0xa0, 0x9f, 0xa0, 0x9f, 0x9e, 0xa0, 0x9d, 0x9e, 0x9e, 0x9d, 0x9d, 0x9d, 0x9d, 0x9c, 0x9c, 0x9c, 0x9c,
    0x9c, 0x9c, 0x9c, 0x9c, 0x9c, 0x9c, 0x9c, 0x9c, 0x9c, 0xab, 0xab, 0xab, 0xab, 0xab, 0xab, 0xab, 0xab, 0xab, 0xab, 0xab, 0xab, 0xab, 0xb4, 0xb4,
    0xb4, 0xb4, 0xb6, 0xb6, 0xb6, 0xb6, 0xbb, 0xbb, 0xbb, 0xbd, 0xbd, 0xbd, 0xbe, 0xbe, 0xc0, 0xc4, 0xc4, 0xc4, 0xc5, 0xc8, 0xc8, 0xc8, 0xc8, 0xcd,
    0xcd, 0xce, 0xce, 0xd2, 0xd2, 0xd3, 0xd4, 0xd6, 0xd7, 0xd7, 0xda, 0xda, 0xdb, 0xde, 0xde, 0xe4, 0xe4, 0xe4, 0xea, 0xea, 0xef, 0xef, 0xf1, 0xf1,
    0xf3, 0xf6, 0xf6, 0xf8, 0xf8, 0xf8, 0xf8, 0xf9, 0xf9, 0xf9, 0xf9, 0xf9, 0xf9, 0xf9, 0xfb, 0xfb, 0xfb, 0xfb, 0xfa, 0xfa, 0xfa, 0xfa, 0xfa, 0xfa,
    0xf7, 0xf7, 0xf7, 0xf5, 0xf5, 0xf5, 0xf1, 0xee, 0xee, 0xeb, 0xe9, 0xe7, 0xe5, 0xe3, 0xe2, 0xe1, 0xdd, 0xdd, 0xdb, 0xd9, 0xd9, 0xd8, 0xd5, 0xd5,
    0xd4, 0xd3, 0xd3, 0xd2, 0xd0, 0xcf, 0xcf, 0xcc, 0xcc, 0xcb, 0xc9, 0xc9, 0xc7, 0xc6, 0xc6, 0xc3, 0xc3, 0xc2, 0xc2, 0xc2, 0xbc, 0xbc, 0xba, 0xba,
    0xb9, 0xb9, 0xb9, 0xb9, 0xb8, 0xb8, 0xb8, 0xb8, 0xb3, 0xb3, 0xb3, 0xb3, 0xb0, 0xb0, 0xaf, 0xaf, 0xaf, 0xaf, 0xaf, 0xaf, 0xaf, 0xaf, 0xaf, 0xaf,
    0x59, 0x59, 0x59, 0x5a, 0x5b, 0x5b, 0x5b, 0x5b, 0x5b, 0x57, 0x4f, 0x4f, 0x4e, 0x4d, 0x4a, 0x49, 0x43, 0x3d, 0x3d, 0x3d, 0x3d, 0x3d, 0x39, 0x39,
    0x39, 0x39, 0x39, 0x39, 0x36, 0x34, 0x34, 0x34, 0x34, 0x34, 0x34, 0x34, 0x34, 0x34, 0x34, 0x34, 0x34, 0x34, 0x34, 0x34, 0x34, 0x34, 0x34, 0x34,
    0x34, 0x34, 0x34, 0x34, 0x34, 0x34, 0x34, 0x34, 0x34, 0x34, 0x34, 0x34, 0x34, 0x34, 0x34, 0x34, 0x34, 0x34, 0x34, 0x34, 0x34, 0x34, 0x34, 0x34,
    0x34, 0x34, 0x34, 0x34, 0x34, 0x34, 0x34, 0x34, 0x34, 0x34, 0x34, 0x34, 0x34, 0x34, 0x36, 0x39, 0x36, 0x11, 0x11, 0x16, 0x22, 0x22, 0x28, 0x22,
    0x37, 0x3b, 0x30, 0x41, 0x3c, 0x41, 0x41, 0x41, 0x40, 0x40, 0x3b, 0x3f, 0x40, 0x40, 0x40, 0x3b, 0x3b, 0x35, 0x35, 0x3b, 0x35, 0x37, 0x37, 0x35,
    0x35, 0x2c, 0x2c, 0x2c, 0x2c, 0x2c, 0x28, 0x28, 0x28, 0x28, 0x28, 0x28, 0x28, 0x2c, 0x28, 0x27, 0x27, 0x28, 0x27, 0x27, 0x28, 0x27, 0x24, 0x20,
    0x0b, 0xfc, 0xff, 0xff, 0xff, 0xfe, 0xff, 0xfe, 0xfe, 0xfe, 0xfe, 0xff, 0x43, 0x25, 0x26, 0x26, 0x55, 0xfe, 0x5f, 0x55, 0xeb, 0x7c, 0xb7, 0xb7,
    0x7c, 0x7c, 0x7c, 0xb7, 0x97, 0x14, 0x01, 0x08, 0x08, 0x08, 0x0c, 0x0c, 0x0c, 0x0e, 0x0e, 0x11, 0x13, 0x13, 0x13, 0x14, 0x14, 0x21, 0x2d, 0x39,
    0x42, 0x45, 0x4f, 0x52, 0x5b, 0x78, 0x78, 0x78, 0x78, 0x6d, 0x6d, 0x6d, 0x6d, 0x6d, 0x6d, 0x6d, 0x6d, 0x6d, 0x6d, 0x6d, 0x6d, 0x6d, 0x6d, 0x6d,
    0x6d, 0x6d, 0x6d, 0x6d, 0x6d, 0x6d, 0x6d, 0x6d, 0x6e, 0x6e, 0x6e, 0x6e, 0x6e, 0x7a, 0x7a, 0x7a, 0x7a, 0x7a, 0x7a, 0x85, 0x85, 0x85, 0x86, 0x8b,
    0x8b, 0x8b, 0x8b, 0x93, 0x93, 0x93, 0x93, 0x94, 0x98, 0x98, 0x99, 0x99, 0xa3, 0xa3, 0xa3, 0xa3, 0xa8, 0xa8, 0xa8, 0xa8, 0xa8, 0xa8, 0xa8, 0xa8,
    0xa8, 0xa8, 0xa8, 0xa8, 0xa8, 0xa8, 0xa7, 0xa8, 0xa8, 0xa8, 0xa8, 0xa8, 0xa8, 0xa7, 0xae, 0xa5, 0xa7, 0xa7, 0xa5, 0xa5, 0xa4, 0xa4, 0xa4, 0xae,
    0xa4, 0xa4, 0xa4, 0xa4, 0xa0, 0xa4, 0xa4, 0xa0, 0x9f, 0xa0, 0x9f, 0x9e, 0xa0, 0x9d, 0x9e, 0x9e, 0x9d, 0x9d, 0x9d, 0x9d, 0x9c, 0x9c, 0x9c, 0x9c,
    0x9c, 0x9c, 0x9c, 0x9c, 0x9c, 0x9c, 0x9c, 0x9c, 0x9c, 0xab, 0xab, 0xab, 0xab, 0xab, 0xab, 0xab, 0xab, 0xab, 0xab, 0xab, 0xab, 0xab, 0xb4, 0xb4,
    0xb4, 0xb4, 0xb6, 0xb6, 0xb6, 0xb6, 0xb6, 0xbb, 0xbb, 0xbd, 0xbd, 0xbd, 0xbd, 0xbe, 0xc0, 0xc4, 0xc4, 0xc4, 0xc5, 0xc5, 0xc8, 0xc8, 0xc8, 0xcd,
    0xcd, 0xce, 0xce, 0xd2, 0xd2, 0xd2, 0xd4, 0xd6, 0xd6, 0xd7, 0xd7, 0xda, 0xdb, 0xde, 0xde, 0xdf, 0xe4, 0xe4, 0xea, 0xea, 0xef, 0xef, 0xf0, 0xf1,
    0xf1, 0xf6, 0xf6, 0xf8, 0xf8, 0xf8, 0xf8, 0xf8, 0xf9, 0xf9, 0xf9, 0xf9, 0xf9, 0xf9, 0xf9, 0xfb, 0xfb, 0xf9, 0xf9, 0xfa, 0xfa, 0xfa, 0xfa, 0xfa,
    0xf7, 0xf7, 0xf7, 0xf7, 0xf5, 0xf5, 0xf1, 0xee, 0xee, 0xeb, 0xeb, 0xe9, 0xe5, 0xe5, 0xe3, 0xe2, 0xe1, 0xdd, 0xdb, 0xd9, 0xd9, 0xd9, 0xd8, 0xd5,
    0xd5, 0xd3, 0xd3, 0xd0, 0xd0, 0xcf, 0xcf, 0xcc, 0xcc, 0xcb, 0xcb, 0xc9, 0xc7, 0xc7, 0xc6, 0xc6, 0xc3, 0xc2, 0xc2, 0xc2, 0xc2, 0xbc, 0xbc, 0xba,
    0xba, 0xb9, 0xb9, 0xb9, 0xb9, 0xb8, 0xb8, 0xb8, 0xb8, 0xb3, 0xb3, 0xb3, 0xb3, 0xb3, 0xb0, 0xb0, 0xaf, 0xaf, 0xaf, 0xaf, 0xaf, 0xaf, 0xaf, 0xaf,
    0x59, 0x59, 0x5a, 0x5b, 0x5b, 0x5b, 0x5b, 0x5b, 0x5e, 0x57, 0x4f, 0x4f, 0x4e, 0x4d, 0x4a, 0x49, 0x43, 0x3d, 0x3d, 0x3d, 0x3d, 0x3d, 0x39, 0x39,
    0x39, 0x39, 0x39, 0x39, 0x39, 0x36, 0x34, 0x34, 0x34, 0x34, 0x34, 0x34, 0x34, 0x34, 0x34, 0x34, 0x34, 0x34, 0x34, 0x34, 0x34, 0x34, 0x34, 0x34,
    0x34, 0x34, 0x34, 0x34, 0x34, 0x34, 0x34, 0x34, 0x34, 0x39, 0x39, 0x39, 0x39, 0x39, 0x3d, 0x3d, 0x3d, 0x3d, 0x3d, 0x3d, 0x3d, 0x3d, 0x3d, 0x3d,
    0x3d, 0x34, 0x34, 0x34, 0x39, 0x3d, 0x3d, 0x3d, 0x34, 0x39, 0x3d, 0x3d, 0x39, 0x39, 0x39, 0x39, 0x38, 0x14, 0x11, 0x16, 0x22, 0x22, 0x22, 0x22,
    0x30, 0x3c, 0x37, 0x45, 0x37, 0x3b, 0x44, 0x41, 0x40, 0x45, 0x40, 0x3f, 0x40, 0x3f, 0x40, 0x3c, 0x3b, 0x3b, 0x37, 0x35, 0x37, 0x35, 0x35, 0x37,
    0x2c, 0x35, 0x35, 0x2c, 0x2c, 0x2c, 0x2c, 0x28, 0x28, 0x2c, 0x28, 0x2c, 0x28, 0x28, 0x28, 0x28, 0x28, 0x28, 0x28, 0x27, 0x27, 0x27, 0x24, 0x24,
    0x1a, 0x2d, 0xff, 0xff, 0xff, 0xfe, 0xfe, 0xff, 0xfe, 0xff, 0xff, 0xff, 0xe3, 0x49, 0x3e, 0x3e, 0x4c, 0x55, 0xff, 0x7c, 0x7c, 0xca, 0xb7, 0x7c,
    0x7c, 0x7c, 0x7c, 0x7c, 0xf4, 0x1f, 0x00, 0x06, 0x0c, 0x0e, 0x0c, 0x0c, 0x0e, 0x0f, 0x0f, 0x11, 0x13, 0x13, 0x14, 0x14, 0x14, 0x21, 0x2d, 0x39,
    0x42, 0x48, 0x4f, 0x52, 0x5b, 0x78, 0x78, 0x78, 0x78, 0x6e, 0x6d, 0x6d, 0x6d, 0x6d, 0x6d, 0x6d, 0x6d, 0x6d, 0x6d, 0x6d, 0x6d, 0x6d, 0x6d, 0x6d,
    0x6d, 0x6d, 0x6d, 0x6d, 0x6d, 0x6d, 0x6d, 0x6d, 0x6e, 0x6e, 0x6e, 0x6e, 0x6e, 0x7a, 0x7a, 0x7a, 0x7a, 0x7a, 0x7a, 0x85, 0x85, 0x85, 0x86, 0x8b,
    0x8b, 0x8b, 0x8b, 0x93, 0x93, 0x93, 0x93, 0x94, 0x98, 0x98, 0x99, 0x99, 0xa3, 0xa3, 0xa3, 0xa3, 0xa8, 0xa8, 0xa8, 0xa8, 0xa8, 0xa8, 0xa8, 0xa8,
    0xa8, 0xa8, 0xa8, 0xa8, 0xa8, 0xa8, 0xa7, 0xa8, 0xa8, 0xa8, 0xa8, 0xa8, 0xa8, 0xa8, 0xae, 0xa5, 0xa7, 0xa7, 0xa5, 0xa5, 0xa4, 0xa4, 0xa4, 0xae,
    0xa4, 0xa4, 0xa4, 0xa4, 0xa0, 0xa4, 0xa4, 0xa0, 0x9f, 0xa0, 0x9f, 0x9e, 0xa0, 0x9d, 0x9e, 0x9e, 0x9d, 0x9d, 0x9d, 0x9d, 0x9c, 0x9c, 0x9c, 0x9c,
    0x9c, 0x9c, 0x9c, 0x9c, 0x9c, 0x9c, 0x9c, 0x9c, 0x9c, 0xab, 0xab, 0xab, 0xab, 0xab, 0xab, 0xab, 0xab, 0xab, 0xab, 0xab, 0xab, 0xab, 0xb4, 0xb4,
    0xb4, 0xb4, 0xb6, 0xb6, 0xb6, 0xb6, 0xb6, 0xbb, 0xbb, 0xbd, 0xbd, 0xbd, 0xbd, 0xbe, 0xc0, 0xc4, 0xc4, 0xc4, 0xc5, 0xc5, 0xc8, 0xc8, 0xc8, 0xcd,
    0xcd, 0xce, 0xce, 0xd2, 0xd2, 0xd2, 0xd4, 0xd6, 0xd6, 0xd7, 0xd7, 0xda, 0xdb, 0xdb, 0xde, 0xdf, 0xe4, 0xe4, 0xe4, 0xea, 0xef, 0xef, 0xf0, 0xf1,
    0xf1, 0xf2, 0xf6, 0xf6, 0xf8, 0xf8, 0xf8, 0xf8, 0xf9, 0xf9, 0xf9, 0xf9, 0xf9, 0xf9, 0xf9, 0xf9, 0xf9, 0xf9, 0xf9, 0xf9, 0xfa, 0xfa, 0xfa, 0xfa,
    0xfa, 0xf7, 0xf7, 0xf7, 0xf5, 0xf5, 0xf5, 0xf1, 0xee, 0xee, 0xeb, 0xe9, 0xe7, 0xe5, 0xe3, 0xe3, 0xe1, 0xe1, 0xdd, 0xdb, 0xd9, 0xd9, 0xd7, 0xd5,
    0xd5, 0xd5, 0xd3, 0xd3, 0xd2, 0xd0, 0xcf, 0xcf, 0xcc, 0xcc, 0xcb, 0xc9, 0xc9, 0xc7, 0xc6, 0xc6, 0xc3, 0xc3, 0xc2, 0xc2, 0xc2, 0xbc, 0xbc, 0xbc,
    0xba, 0xba, 0xb9, 0xb9, 0xb9, 0xb9, 0xb8, 0xb8, 0xb8, 0xb8, 0xb3, 0xb3, 0xb3, 0xb3, 0xb3, 0xb0, 0xb0, 0xb0, 0xaf, 0xaf, 0xaf, 0xaf, 0xaf, 0xaf,
    0x59, 0x5a, 0x5b, 0x5b, 0x5b, 0x5b, 0x5b, 0x5e, 0x5e, 0x57, 0x52, 0x4f, 0x4e, 0x4d, 0x4a, 0x49, 0x43, 0x3e, 0x3d, 0x3d, 0x3d, 0x3d, 0x3d, 0x39,
    0x39, 0x39, 0x39, 0x39, 0x39, 0x39, 0x39, 0x39, 0x34, 0x34, 0x34, 0x34, 0x34, 0x34, 0x34, 0x34, 0x39, 0x39, 0x34, 0x34, 0x34, 0x34, 0x34, 0x34,
    0x34, 0x39, 0x39, 0x3d, 0x3d, 0x39, 0x3d, 0x3d, 0x3d, 0x3d, 0x3d, 0x3d, 0x3d, 0x3d, 0x3d, 0x3d, 0x3d, 0x3d, 0x3d, 0x3d, 0x3d, 0x3d, 0x3d, 0x3d,
    0x3d, 0x3d, 0x3d, 0x3d, 0x3d, 0x3d, 0x3d, 0x3d, 0x3d, 0x3d, 0x3d, 0x3d, 0x3d, 0x3d, 0x3d, 0x3d, 0x3a, 0x14, 0x0a, 0x16, 0x22, 0x22, 0x22, 0x22,
    0x30, 0x3c, 0x3b, 0x45, 0x22, 0x37, 0x47, 0x41, 0x44, 0x44, 0x41, 0x40, 0x40, 0x3b, 0x40, 0x40, 0x3b, 0x3b, 0x3b, 0x35, 0x37, 0x35, 0x35, 0x37,
    0x2c, 0x35, 0x35, 0x2c, 0x2c, 0x2c, 0x2c, 0x2c, 0x28, 0x2c, 0x28, 0x2c, 0x2c, 0x28, 0x28, 0x28, 0x28, 0x27, 0x28, 0x27, 0x27, 0x28, 0x27, 0x24,
    0x24, 0x0d, 0x4f, 0xff, 0xff, 0xfe, 0xfe, 0xff, 0xff, 0xff, 0xff, 0xfe, 0xff, 0xb7, 0x18, 0x0d, 0x49, 0xb7, 0x7c, 0xfe, 0xd8, 0xca, 0xb7, 0x7c,
    0xb7, 0x7c, 0x7c, 0x7c, 0xd0, 0x3a, 0x00, 0x08, 0x08, 0x0c, 0x0c, 0x0c, 0x0c, 0x0f, 0x11, 0x11, 0x13, 0x13, 0x13, 0x14, 0x14, 0x21, 0x2d, 0x3a,
    0x42, 0x48, 0x4f, 0x53, 0x5b, 0x78, 0x78, 0x78, 0x78, 0x78, 0x6d, 0x78, 0x6d, 0x6d, 0x6d, 0x6d, 0x6d, 0x6d, 0x6d, 0x6d, 0x6d, 0x6d, 0x6d, 0x6d,
    0x6d, 0x6d, 0x6d, 0x6d, 0x6d, 0x6d, 0x6d, 0x6d, 0x6e, 0x6e, 0x6e, 0x6e, 0x6e, 0x7a, 0x7a, 0x7a, 0x7a, 0x7a, 0x7a, 0x85, 0x85, 0x85, 0x86, 0x8b,
    0x8b, 0x8b, 0x8b, 0x93, 0x93, 0x93, 0x93, 0x93, 0x98, 0x98, 0x99, 0x99, 0xa3, 0xa3, 0xa3, 0xa3, 0xa8, 0xa8, 0xa8, 0xa8, 0xa8, 0xa8, 0xa8, 0xa8,
    0xa8, 0xa8, 0xa8, 0xa8, 0xa8, 0xa8, 0xa7, 0xa8, 0xa8, 0xa8, 0xa8, 0xa8, 0xa8, 0xa8, 0xae, 0xa5, 0xa7, 0xa7, 0xa5, 0xa5, 0xa4, 0xa4, 0xa4, 0xae,
    0xa4, 0xa4, 0xa4, 0xa4, 0xa0, 0xa4, 0xa4, 0xa0, 0x9f, 0xa0, 0x9f, 0x9e, 0xa0, 0x9d, 0x9e, 0x9e, 0x9d, 0x9d, 0x9d, 0x9d, 0x9c, 0x9c, 0x9c, 0x9c,
    0x9c, 0x9c, 0x9c, 0x9c, 0x9c, 0x9c, 0x9c, 0x9c, 0x9c, 0xab, 0xab, 0xab, 0xab, 0xab, 0xab, 0xab, 0xab, 0xab, 0xab, 0xab, 0xab, 0xab, 0xb4, 0xb4,
    0xb4, 0xb4, 0xb6, 0xb6, 0xb6, 0xb6, 0xb6, 0xbb, 0xbb, 0xbb, 0xbd, 0xbd, 0xbd, 0xbe, 0xbe, 0xc4, 0xc4, 0xc4, 0xc5, 0xc5, 0xc8, 0xc8, 0xc8, 0xcd,
    0xcd, 0xce, 0xce, 0xce, 0xd2, 0xd2, 0xd4, 0xd6, 0xd6, 0xd7, 0xd7, 0xda, 0xda, 0xdb, 0xde, 0xdf, 0xe4, 0xe4, 0xe4, 0xea, 0xea, 0xef, 0xf0, 0xf1,
    0xf1, 0xf2, 0xf6, 0xf6, 0xf8, 0xf8, 0xf8, 0xf8, 0xf9, 0xf9, 0xf9, 0xf9, 0xf9, 0xf9, 0xf9, 0xf9, 0xf9, 0xf9, 0xf9, 0xf9, 0xfa, 0xfa, 0xfa, 0xfa,
    0xfa, 0xf7, 0xf7, 0xf7, 0xf7, 0xf5, 0xf5, 0xf1, 0xee, 0xee, 0xeb, 0xeb, 0xe9, 0xe5, 0xe5, 0xe3, 0xe2, 0xe1, 0xdd, 0xdc, 0xdb, 0xd9, 0xd9, 0xd8,
    0xd5, 0xd5, 0xd4, 0xd3, 0xd3, 0xd2, 0xd0, 0xcf, 0xcc, 0xcc, 0xcc, 0xcb, 0xc9, 0xc9, 0xc7, 0xc6, 0xc6, 0xc3, 0xc3, 0xc2, 0xc2, 0xc2, 0xbc, 0xbc,
    0xbc, 0xba, 0xba, 0xb9, 0xb9, 0xb9, 0xb9, 0xb8, 0xb8, 0xb8, 0xb8, 0xb3, 0xb3, 0xb3, 0xb3, 0xb3, 0xb3, 0xb0, 0xb0, 0xb0, 0xaf, 0xaf, 0xaf, 0xaf,
    0x5a, 0x5b, 0x5b, 0x5b, 0x5b, 0x5b, 0x5e, 0x5e, 0x5e, 0x57, 0x52, 0x4f, 0x50, 0x4d, 0x4a, 0x49, 0x43, 0x3e, 0x3d, 0x3d, 0x3d, 0x3d, 0x3d, 0x3d,
    0x3d, 0x3d, 0x3d, 0x39, 0x39, 0x39, 0x39, 0x39, 0x3d, 0x39, 0x39, 0x39, 0x39, 0x39, 0x39, 0x3d, 0x3d, 0x3d, 0x3d, 0x3d, 0x3d, 0x3d, 0x3d, 0x3d,
    0x3d, 0x3d, 0x3d, 0x3d, 0x3e, 0x3e, 0x3e, 0x3e, 0x3e, 0x3e, 0x3e, 0x3e, 0x3e, 0x3e, 0x3e, 0x3e, 0x3e, 0x3e, 0x3e, 0x3e, 0x3e, 0x3e, 0x3e, 0x3e,
    0x3e, 0x3e, 0x3e, 0x3e, 0x3e, 0x3e, 0x3e, 0x3e, 0x3d, 0x3e, 0x3e, 0x3e, 0x3d, 0x3d, 0x3d, 0x3d, 0x3a, 0x15, 0x0a, 0x16, 0x22, 0x27, 0x22, 0x22,
    0x30, 0x37, 0x3c, 0x41, 0x30, 0x3c, 0x45, 0x41, 0x41, 0x41, 0x41, 0x40, 0x40, 0x3f, 0x3c, 0x40, 0x3b, 0x3b, 0x3b, 0x3b, 0x35, 0x35, 0x35, 0x35,
    0x37, 0x2c, 0x2c, 0x2c, 0x2c, 0x2c, 0x2c, 0x2c, 0x2c, 0x2c, 0x2c, 0x28, 0x2c, 0x28, 0x28, 0x28, 0x28, 0x28, 0x28, 0x27, 0x27, 0x27, 0x24, 0x20,
    0x24, 0x20, 0x0b, 0x56, 0xff, 0xff, 0xff, 0xff, 0xff, 0xff, 0xff, 0xff, 0xff, 0xd8, 0x25, 0x1e, 0x04, 0x5f, 0xb7, 0x7c, 0xfd, 0xd8, 0xd0, 0x7c,
    0xb7, 0x7c, 0x7c, 0x80, 0xc2, 0x5c, 0x03, 0x08, 0x08, 0x0c, 0x0c, 0x0c, 0x0e, 0x0f, 0x11, 0x12, 0x13, 0x14, 0x14, 0x14, 0x18, 0x21, 0x2d, 0x3a,
    0x42, 0x45, 0x4f, 0x53, 0x5b, 0x78, 0x78, 0x78, 0x78, 0x78, 0x78, 0x78, 0x78, 0x78, 0x6d, 0x6d, 0x6d, 0x6d, 0x6d, 0x6d, 0x6d, 0x6d, 0x6d, 0x6d,
    0x6d, 0x6d, 0x6d, 0x6d, 0x6d, 0x6d, 0x6d, 0x6d, 0x6e, 0x6e, 0x6e, 0x6e, 0x7a, 0x7a, 0x7a, 0x7a, 0x7a, 0x7a, 0x7a, 0x85, 0x85, 0x85, 0x86, 0x8b,
    0x8b, 0x8b, 0x8b, 0x93, 0x93, 0x93, 0x93, 0x93, 0x98, 0x98, 0x99, 0x99, 0xa3, 0xa3, 0xa3, 0xa3, 0xa8, 0xa8, 0xa8, 0xa8, 0xa8, 0xa8, 0xa8, 0xa8,
    0xa8, 0xa8, 0xa8, 0xa8, 0xa8, 0xa8, 0xa7, 0xa8, 0xa8, 0xa8, 0xa8, 0xa8, 0xa8, 0xa8, 0xae, 0xa5, 0xa7, 0xa7, 0xa5, 0xa5, 0xa4, 0xa4, 0xa4, 0xae,
    0xa4, 0xa4, 0xa4, 0xa4, 0xa0, 0xa4, 0xa4, 0xa0, 0x9f, 0xa0, 0x9f, 0x9e, 0xa0, 0x9d, 0x9e, 0x9e, 0x9d, 0x9d, 0x9d, 0x9d, 0x9d, 0x9c, 0x9c, 0x9c,
    0x9d, 0x9c, 0x9c, 0x9c, 0x9c, 0x9c, 0x9c, 0x9c, 0x9c, 0xab, 0xab, 0xab, 0xab, 0xab, 0xab, 0xab, 0xab, 0xab, 0xab, 0xab, 0xab, 0xab, 0xb4, 0xb4,
    0xb4, 0xb4, 0xb6, 0xb6, 0xb6, 0xb6, 0xb6, 0xbb, 0xbb, 0xbb, 0xbd, 0xbd, 0xbd, 0xbe, 0xbe, 0xc0, 0xc4, 0xc4, 0xc4, 0xc5, 0xc8, 0xc8, 0xc8, 0xcd,
    0xcd, 0xcd, 0xce, 0xce, 0xd2, 0xd2, 0xd4, 0xd4, 0xd6, 0xd7, 0xd7, 0xda, 0xda, 0xdb, 0xde, 0xde, 0xe4, 0xe4, 0xe4, 0xea, 0xea, 0xef, 0xef, 0xf0,
    0xf1, 0xf2, 0xf2, 0xf6, 0xf8, 0xf8, 0xf8, 0xf8, 0xf9, 0xf9, 0xf9, 0xf9, 0xf9, 0xf9, 0xf9, 0xf9, 0xf9, 0xf9, 0xf9, 0xf9, 0xfa, 0xfa, 0xfa, 0xfa,
    0xfa, 0xf7, 0xf7, 0xf7, 0xf7, 0xf5, 0xf5, 0xf5, 0xf1, 0xee, 0xee, 0xeb, 0xe9, 0xe7, 0xe5, 0xe3, 0xe3, 0xe1, 0xe1, 0xdd, 0xdb, 0xd9, 0xd9, 0xd7,
    0xd6, 0xd5, 0xd5, 0xd3, 0xd3, 0xd0, 0xd0, 0xcf, 0xcf, 0xcc, 0xcc, 0xcb, 0xcb, 0xc9, 0xc7, 0xc7, 0xc6, 0xc6, 0xc3, 0xc3, 0xc2, 0xc2, 0xc2, 0xbc,
    0xbc, 0xba, 0xba, 0xba, 0xb9, 0xb9, 0xb9, 0xb8, 0xb8, 0xb8, 0xb8, 0xb3, 0xb3, 0xb3, 0xb3, 0xb3, 0xb3, 0xb3, 0xb0, 0xb0, 0xb0, 0xb0, 0xb0, 0xaf,
    0x5b, 0x5b, 0x5b, 0x5b, 0x5b, 0x5e, 0x5e, 0x5e, 0x5e, 0x57, 0x52, 0x4f, 0x50, 0x4d, 0x4a, 0x49, 0x43, 0x3e, 0x3d, 0x3d, 0x3d, 0x3d, 0x3d, 0x3d,
    0x3d, 0x3d, 0x3d, 0x3d, 0x3d, 0x3d, 0x3d, 0x3d, 0x3d, 0x3d, 0x3d, 0x3d, 0x3d, 0x3d, 0x3d, 0x3d, 0x3d, 0x3d, 0x3d, 0x3d, 0x3d, 0x3d, 0x3e, 0x3e,
    0x3e, 0x3e, 0x3e, 0x3e, 0x3e, 0x3e, 0x3e, 0x3e, 0x3e, 0x3e, 0x3e, 0x3e, 0x3e, 0x3e, 0x3e, 0x3e, 0x3e, 0x3e, 0x3e, 0x3e, 0x3e, 0x3e, 0x3e, 0x3e,
    0x3e, 0x3e, 0x3e, 0x3e, 0x3e, 0x3e, 0x3e, 0x3e, 0x3e, 0x3e, 0x3e, 0x3e, 0x3e, 0x3d, 0x3d, 0x3d, 0x43, 0x14, 0x0a, 0x17, 0x22, 0x22, 0x22, 0x22,
    0x30, 0x37, 0x41, 0x3c, 0x41, 0x44, 0x44, 0x41, 0x41, 0x44, 0x44, 0x40, 0x40, 0x40, 0x3b, 0x40, 0x3c, 0x3b, 0x3b, 0x3b, 0x35, 0x37, 0x37, 0x37,
    0x37, 0x35, 0x2c, 0x35, 0x35, 0x2c, 0x2c, 0x35, 0x2e, 0x2c, 0x2c, 0x28, 0x28, 0x2c, 0x28, 0x27, 0x2c, 0x28, 0x27, 0x28, 0x28, 0x27, 0x24, 0x24,
    0x20, 0x22, 0x20, 0x04, 0x4f, 0xff, 0xff, 0xff, 0xff, 0xff, 0xff, 0xff, 0xff, 0xff, 0x55, 0x10, 0x1e, 0x0d, 0xfb, 0xb7, 0xd8, 0xca, 0xd0, 0xb7,
    0x7c, 0x7c, 0x7c, 0x7c, 0xbc, 0xce, 0x0b, 0x04, 0x08, 0x0c, 0x0c, 0x0c, 0x0e, 0x0f, 0x11, 0x12, 0x13, 0x14, 0x14, 0x14, 0x1a, 0x21, 0x2d, 0x3a,
    0x42, 0x48, 0x4f, 0x53, 0x5b, 0x78, 0x78, 0x78, 0x78, 0x78, 0x78, 0x78, 0x78, 0x78, 0x78, 0x6d, 0x6d, 0x6d, 0x6d, 0x6d, 0x6d, 0x6d, 0x6d, 0x6d,
    0x6d, 0x6d, 0x6d, 0x6d, 0x6d, 0x6d, 0x6d, 0x6e, 0x6e, 0x6e, 0x78, 0x78, 0x7a, 0x7a, 0x7a, 0x7a, 0x7a, 0x7a, 0x7a, 0x85, 0x85, 0x85, 0x86, 0x8b,
    0x8b, 0x8b, 0x8b, 0x93, 0x93, 0x93, 0x93, 0x93, 0x98, 0x98, 0x98, 0x99, 0xa3, 0xa3, 0xa3, 0xa3, 0xa8, 0xa8, 0xa8, 0xa8, 0xa8, 0xa8, 0xa8, 0xa8,
    0xa8, 0xa8, 0xa8, 0xa8, 0xa8, 0xa8, 0xa7, 0xa8, 0xa8, 0xa8, 0xa8, 0xa8, 0xa8, 0xa8, 0xae, 0xa5, 0xa7, 0xa7, 0xa5, 0xa5, 0xa4, 0xa4, 0xa4, 0xae,
    0xa4, 0xa4, 0xa4, 0xa4, 0xa0, 0xa4, 0xa4, 0xa0, 0x9f, 0xa0, 0x9f, 0x9e, 0xa0, 0x9d, 0x9e, 0x9e, 0x9d, 0x9d, 0x9d, 0x9d, 0x9d, 0x9c, 0x9c, 0x9c,
    0x9d, 0x9c, 0x9c, 0x9c, 0x9c, 0x9c, 0x9c, 0x9c, 0x9c, 0xab, 0xab, 0xab, 0xab, 0xab, 0xab, 0xab, 0xab, 0xab, 0xab, 0xab, 0xab, 0xab, 0xb4, 0xb4,
    0xb4, 0xb4, 0xb6, 0xb6, 0xb6, 0xb6, 0xb6, 0xbb, 0xbb, 0xbb, 0xbd, 0xbd, 0xbd, 0xbe, 0xbe, 0xc0, 0xc4, 0xc4, 0xc4, 0xc5, 0xc8, 0xc8, 0xc8, 0xcd,
    0xcd, 0xcd, 0xce, 0xce, 0xd2, 0xd2, 0xd2, 0xd4, 0xd6, 0xd7, 0xd7, 0xda, 0xda, 0xdb, 0xde, 0xde, 0xdf, 0xe4, 0xe4, 0xe4, 0xea, 0xef, 0xef, 0xf0,
    0xf1, 0xf1, 0xf2, 0xf6, 0xf6, 0xf8, 0xf8, 0xf8, 0xf9, 0xf9, 0xf9, 0xf9, 0xf9, 0xf9, 0xf9, 0xf9, 0xf9, 0xf9, 0xf9, 0xf9, 0xf9, 0xfa, 0xfa, 0xfa,
    0xfa, 0xf7, 0xf7, 0xf7, 0xf7, 0xf5, 0xf5, 0xf5, 0xf1, 0xee, 0xee, 0xeb, 0xeb, 0xe9, 0xe5, 0xe5, 0xe3, 0xe2, 0xe1, 0xdd, 0xdc, 0xdb, 0xd9, 0xd9,
    0xd8, 0xd5, 0xd5, 0xd5, 0xd3, 0xd3, 0xd2, 0xd0, 0xcf, 0xcf, 0xcc, 0xcc, 0xcb, 0xc9, 0xc9, 0xc7, 0xc6, 0xc6, 0xc6, 0xc3, 0xc2, 0xc2, 0xc2, 0xc2,
    0xbc, 0xbc, 0xba, 0xba, 0xba, 0xb9, 0xb9, 0xb9, 0xb8, 0xb8, 0xb8, 0xb8, 0xb3, 0xb3, 0xb3, 0xb3, 0xb0, 0xb3, 0xb3, 0xb3, 0xb0, 0xb0, 0xb0, 0xb0,
    0x5b, 0x5b, 0x5b, 0x5b, 0x5b, 0x5e, 0x5e, 0x5e, 0x5e, 0x57, 0x52, 0x50, 0x50, 0x4d, 0x4b, 0x46, 0x43, 0x3e, 0x3d, 0x3d, 0x3d, 0x3d, 0x3d, 0x3d,
    0x3d, 0x3d, 0x3d, 0x3d, 0x3d, 0x3d, 0x3d, 0x3d, 0x3d, 0x3d, 0x3d, 0x3d, 0x3d, 0x3d, 0x3d, 0x3d, 0x3e, 0x3e, 0x3e, 0x3e, 0x3e, 0x3e, 0x3e, 0x3e,
    0x3e, 0x3e, 0x43, 0x3e, 0x3e, 0x3e, 0x43, 0x43, 0x43, 0x43, 0x43, 0x43, 0x43, 0x43, 0x43, 0x43, 0x43, 0x43, 0x43, 0x43, 0x43, 0x43, 0x43, 0x43,
    0x43, 0x3e, 0x3e, 0x3e, 0x3e, 0x3e, 0x3e, 0x3e, 0x3e, 0x3e, 0x3e, 0x3e, 0x3e, 0x3d, 0x3d, 0x3d, 0x42, 0x17, 0x0a, 0x16, 0x22, 0x22, 0x22, 0x28,
    0x2c, 0x30, 0x3c, 0x3c, 0x44, 0x44, 0x44, 0x45, 0x41, 0x45, 0x44, 0x44, 0x40, 0x44, 0x40, 0x3f, 0x40, 0x3b, 0x3b, 0x3b, 0x3b, 0x37, 0x37, 0x37,
    0x37, 0x35, 0x35, 0x35, 0x35, 0x35, 0x2c, 0x2c, 0x2c, 0x2c, 0x2c, 0x28, 0x28, 0x2c, 0x2c, 0x28, 0x2c, 0x2c, 0x28, 0x27, 0x28, 0x27, 0x27, 0x24,
    0x22, 0x1d, 0x24, 0x20, 0x04, 0x48, 0xff, 0xff, 0xff, 0xff, 0xff, 0xff, 0xff, 0xff, 0xff, 0x43, 0x13, 0x0d, 0x3e, 0xfd, 0xb7, 0xd8, 0xca, 0xca,
    0x7c, 0x7c, 0x7c, 0x7c, 0xa6, 0xd5, 0x2e, 0x03, 0x09, 0x0c, 0x0c, 0x0e, 0x0e, 0x12, 0x13, 0x13, 0x13, 0x14, 0x14, 0x18, 0x1a, 0x21, 0x2d, 0x3a,
    0x42, 0x48, 0x4f, 0x56, 0x5b, 0x78, 0x78, 0x78, 0x78, 0x78, 0x78, 0x78, 0x78, 0x78, 0x78, 0x78, 0x78, 0x6d, 0x6d, 0x6d, 0x6d, 0x6d, 0x6d, 0x6d,
    0x6d, 0x6d, 0x6d, 0x6d, 0x6d, 0x6d, 0x6d, 0x6e, 0x6e, 0x6e, 0x78, 0x78, 0x7a, 0x7a, 0x7a, 0x7a, 0x7a, 0x7a, 0x7a, 0x85, 0x85, 0x85, 0x86, 0x8b,
    0x8b, 0x8b, 0x8b, 0x93, 0x93, 0x93, 0x93, 0x93, 0x98, 0x98, 0x98, 0x99, 0xa3, 0xa3, 0xa3, 0xa3, 0xa8, 0xa8, 0xa8, 0xa8, 0xa8, 0xa8, 0xa8, 0xa8,
    0xa8, 0xa8, 0xa8, 0xa8, 0xa8, 0xa8, 0xa7, 0xa8, 0xa8, 0xa8, 0xa8, 0xa8, 0xa8, 0xa8, 0xae, 0xa5, 0xa7, 0xa7, 0xa5, 0xa5, 0xa4, 0xa4, 0xa4, 0xae,
    0xa4, 0xa4, 0xa4, 0xa4, 0xa0, 0xa4, 0xa4, 0xa0, 0x9f, 0xa0, 0x9f, 0x9e, 0xa0, 0x9d, 0x9e, 0x9e, 0x9d, 0x9d, 0x9d, 0x9d, 0x9d, 0x9c, 0x9c, 0x9c,
    0x9d, 0x9c, 0x9c, 0x9c, 0x9c, 0xab, 0x9c, 0x9c, 0x9c, 0xab, 0xab, 0xab, 0xab, 0xab, 0xab, 0xab, 0xab, 0xab, 0xab, 0xab, 0xab, 0xab, 0xb4, 0xb4,
    0xb4, 0xb4, 0xb6, 0xb6, 0xb6, 0xb6, 0xb6, 0xbb, 0xbb, 0xbb, 0xbd, 0xbd, 0xbd, 0xbe, 0xbe, 0xc0, 0xc4, 0xc4, 0xc4, 0xc5, 0xc8, 0xc8, 0xc8, 0xcd,
    0xcd, 0xcd, 0xce, 0xce, 0xd2, 0xd2, 0xd2, 0xd4, 0xd6, 0xd7, 0xd7, 0xd7, 0xda, 0xdb, 0xde, 0xde, 0xdf, 0xe4, 0xe4, 0xe4, 0xea, 0xea, 0xef, 0xf0,
    0xf0, 0xf1, 0xf2, 0xf2, 0xf6, 0xf8, 0xf8, 0xf8, 0xf9, 0xf9, 0xf9, 0xf9, 0xf9, 0xf9, 0xf9, 0xf9, 0xf9, 0xf9, 0xf9, 0xf9, 0xf9, 0xfa, 0xfa, 0xfa,
    0xfa, 0xfa, 0xf7, 0xf7, 0xf7, 0xf7, 0xf5, 0xf5, 0xf5, 0xf1, 0xee, 0xee, 0xeb, 0xe9, 0xe7, 0xe5, 0xe3, 0xe3, 0xe1, 0xe1, 0xdd, 0xdb, 0xd9, 0xd9,
    0xd9, 0xd6, 0xd5, 0xd5, 0xd3, 0xd3, 0xd0, 0xd0, 0xd0, 0xcf, 0xcc, 0xcc, 0xcb, 0xcb, 0xc9, 0xc9, 0xc7, 0xc6, 0xc6, 0xc3, 0xc3, 0xc2, 0xc2, 0xc2,
    0xbc, 0xbc, 0xbc, 0xba, 0xba, 0xb9, 0xb9, 0xb9, 0xb9, 0xb8, 0xb8, 0xb8, 0xb8, 0xb3, 0xb3, 0xb3, 0xb3, 0xb0, 0xb0, 0xb3, 0xb3, 0xb0, 0xb0, 0xb0,
    0x5b, 0x5b, 0x5b, 0x5b, 0x5e, 0x5e, 0x5e, 0x5e, 0x5e, 0x57, 0x52, 0x50, 0x55, 0x4d, 0x4d, 0x49, 0x49, 0x43, 0x3e, 0x3e, 0x3e, 0x3d, 0x3d, 0x3e,
    0x3d, 0x3d, 0x3d, 0x3d, 0x3d, 0x3d, 0x3e, 0x3e, 0x3d, 0x3d, 0x3d, 0x3e, 0x3e, 0x3e, 0x3e, 0x3e, 0x3e, 0x3e, 0x3e, 0x3e, 0x3e, 0x43, 0x43, 0x43,
    0x43, 0x43, 0x43, 0x43, 0x43, 0x43, 0x43, 0x43, 0x43, 0x43, 0x43, 0x43, 0x43, 0x43, 0x43, 0x43, 0x43, 0x43, 0x43, 0x43, 0x43, 0x43, 0x43, 0x43,
    0x43, 0x43, 0x43, 0x43, 0x43, 0x3e, 0x3e, 0x3e, 0x3e, 0x3e, 0x43, 0x3e, 0x3e, 0x3d, 0x3d, 0x43, 0x43, 0x12, 0x0a, 0x16, 0x22, 0x22, 0x22, 0x30,
    0x2c, 0x2c, 0x3c, 0x3c, 0x45, 0x45, 0x45, 0x48, 0x41, 0x45, 0x45, 0x44, 0x45, 0x44, 0x40, 0x3f, 0x40, 0x3b, 0x3f, 0x3b, 0x3b, 0x37, 0x3b, 0x37,
    0x37, 0x37, 0x37, 0x2c, 0x35, 0x35, 0x2c, 0x2c, 0x2c, 0x2c, 0x2c, 0x2c, 0x28, 0x2c, 0x2c, 0x2c, 0x2c, 0x2c, 0x28, 0x27, 0x27, 0x28, 0x27, 0x24,
    0x20, 0x20, 0x1d, 0x20, 0x20, 0x03, 0x48, 0xff, 0xff, 0xff, 0xff, 0xff, 0xff, 0xfe, 0xff, 0x5f, 0x1a, 0x1e, 0x18, 0xfd, 0xd1, 0xc6, 0xca, 0xb7,
    0xbf, 0x5f, 0x5f, 0x7c, 0x80, 0xd1, 0x63, 0x00, 0x0c, 0x0c, 0x0c, 0x0e, 0x12, 0x13, 0x13, 0x13, 0x13, 0x14, 0x18, 0x18, 0x1b, 0x21, 0x2d, 0x3a,
    0x42, 0x48, 0x4f, 0x53, 0x5d, 0x81, 0x7a, 0x81, 0x78, 0x78, 0x78, 0x78, 0x78, 0x78, 0x78, 0x78, 0x78, 0x78, 0x6d, 0x78, 0x6d, 0x6d, 0x6d, 0x6d,
    0x6d, 0x6d, 0x6d, 0x6d, 0x6d, 0x6d, 0x6d, 0x6e, 0x6e, 0x6e, 0x78, 0x78, 0x7a, 0x7a, 0x7a, 0x7a, 0x7a, 0x7a, 0x7a, 0x85, 0x85, 0x85, 0x86, 0x8b,
    0x8b, 0x8c, 0x8b, 0x93, 0x93, 0x93, 0x93, 0x93, 0x98, 0x98, 0x98, 0x99, 0xa3, 0xa3, 0xa3, 0xa3, 0xa8, 0xa8, 0xa8, 0xa8, 0xa8, 0xa8, 0xa8, 0xa8,
    0xa8, 0xa8, 0xa8, 0xa8, 0xa8, 0xa8, 0xa7, 0xa8, 0xa8, 0xa8, 0xa8, 0xa8, 0xa8, 0xa7, 0xae, 0xa5, 0xa7, 0xa7, 0xa5, 0xa5, 0xa4, 0xa4, 0xa4, 0xae,
    0xa4, 0xa4, 0xa4, 0xa4, 0xa0, 0xa4, 0xa4, 0xa0, 0x9f, 0xa0, 0x9f, 0x9e, 0xa0, 0x9d, 0x9e, 0x9e, 0x9d, 0x9d, 0x9d, 0x9d, 0x9d, 0x9c, 0x9c, 0x9c,
    0x9d, 0x9c, 0x9c, 0x9c, 0x9c, 0xab, 0x9c, 0x9c, 0x9c, 0xab, 0xab, 0xab, 0xab, 0xab, 0xab, 0xab, 0xab, 0xab, 0xab, 0xab, 0xab, 0xab, 0xb4, 0xb4,
    0xb4, 0xb4, 0xb6, 0xb6, 0xb6, 0xb6, 0xb6, 0xbb, 0xbb, 0xbb, 0xbd, 0xbd, 0xbd, 0xbe, 0xbe, 0xc0, 0xc4, 0xc4, 0xc4, 0xc5, 0xc8, 0xc8, 0xc8, 0xcd,
    0xcd, 0xcd, 0xce, 0xce, 0xd2, 0xd2, 0xd2, 0xd4, 0xd6, 0xd6, 0xd7, 0xd7, 0xda, 0xdb, 0xde, 0xde, 0xdf, 0xe4, 0xe4, 0xe4, 0xea, 0xea, 0xef, 0xef,
    0xf0, 0xf1, 0xf2, 0xf2, 0xf6, 0xf6, 0xf8, 0xf8, 0xf8, 0xf9, 0xf9, 0xf9, 0xf9, 0xf9, 0xf9, 0xf9, 0xf9, 0xf9, 0xf9, 0xf9, 0xf9, 0xf9, 0xfa, 0xfa,
    0xfa, 0xf8, 0xf7, 0xf7, 0xf7, 0xf7, 0xf5, 0xf5, 0xf5, 0xf1, 0xee, 0xee, 0xeb, 0xeb, 0xe9, 0xe5, 0xe5, 0xe3, 0xe2, 0xe1, 0xdd, 0xdc, 0xdb, 0xd9,
    0xd9, 0xd8, 0xd5, 0xd5, 0xd5, 0xd3, 0xd3, 0xd2, 0xd0, 0xcf, 0xcf, 0xcc, 0xcc, 0xcb, 0xc9, 0xc9, 0xc7, 0xc7, 0xc6, 0xc6, 0xc3, 0xc3, 0xc2, 0xc2,
    0xc2, 0xbc, 0xbc, 0xbc, 0xba, 0xba, 0xb9, 0xb9, 0xb9, 0xb9, 0xb8, 0xb8, 0xb8, 0xb8, 0xb3, 0xb3, 0xb3, 0xb3, 0xb0, 0xb0, 0xb3, 0xb3, 0xb0, 0xb0,
    0x5b, 0x5b, 0x5b, 0x5e, 0x5e, 0x5e, 0x5e, 0x5e, 0x5e, 0x59, 0x52, 0x52, 0x55, 0x4d, 0x4d, 0x4a, 0x49, 0x43, 0x43, 0x43, 0x43, 0x3e, 0x3e, 0x3e,
    0x3e, 0x3e, 0x3e, 0x3e, 0x3e, 0x3e, 0x3e, 0x3e, 0x3e, 0x3e, 0x3e, 0x3e, 0x3e, 0x3e, 0x43, 0x43, 0x43, 0x43, 0x43, 0x43, 0x43, 0x43, 0x43, 0x43,
    0x43, 0x43, 0x43, 0x43, 0x43, 0x43, 0x49, 0x49, 0x49, 0x49, 0x49, 0x49, 0x49, 0x49, 0x49, 0x49, 0x49, 0x49, 0x43, 0x43, 0x43, 0x43, 0x43, 0x43,
    0x43, 0x43, 0x43, 0x43, 0x43, 0x43, 0x43, 0x3e, 0x43, 0x43, 0x3e, 0x3e, 0x43, 0x3e, 0x43, 0x43, 0x17, 0x0a, 0x16, 0x16, 0x22, 0x22, 0x22, 0x2c,
    0x2c, 0x2c, 0x41, 0x3c, 0x45, 0x44, 0x44, 0x44, 0x44, 0x45, 0x44, 0x44, 0x41, 0x44, 0x40, 0x3f, 0x40, 0x3c, 0x3b, 0x3b, 0x3b, 0x35, 0x3b, 0x3b,
    0x35, 0x37, 0x3b, 0x35, 0x35, 0x35, 0x35, 0x35, 0x35, 0x2c, 0x2e, 0x2c, 0x28, 0x2c, 0x2c, 0x2e, 0x28, 0x2c, 0x28, 0x28, 0x27, 0x28, 0x28, 0x20,
    0x1d, 0x24, 0x20, 0x1d, 0x20, 0x1d, 0x00, 0x4f, 0xff, 0xff, 0xff, 0xff, 0xff, 0xff, 0xff, 0xfd, 0x3e, 0x1e, 0x43, 0xe3, 0xd8, 0xca, 0xb7, 0xb7,
    0xb7, 0x7c, 0x5f, 0x7c, 0xb7, 0xbc, 0xca, 0x17, 0x04, 0x0e, 0x0e, 0x0e, 0x13, 0x0f, 0x13, 0x13, 0x14, 0x14, 0x18, 0x18, 0x19, 0x24, 0x2f, 0x3a,
    0x42, 0x48, 0x4f, 0x56, 0x5d, 0x81, 0x81, 0x79, 0x81, 0x78, 0x78, 0x78, 0x78, 0x78, 0x78, 0x78, 0x78, 0x78, 0x78, 0x78, 0x78, 0x6d, 0x6d, 0x6d,
    0x6d, 0x6d, 0x6d, 0x6d, 0x6d, 0x6e, 0x6e, 0x6e, 0x6e, 0x6e, 0x78, 0x78, 0x7a, 0x7a, 0x7a, 0x7a, 0x7a, 0x7a, 0x7a, 0x85, 0x85, 0x85, 0x85, 0x8b,
    0x8b, 0x8c, 0x8b, 0x93, 0x93, 0x93, 0x93, 0x93, 0x98, 0x98, 0x98, 0x98, 0xa3, 0xa3, 0xa3, 0xa3, 0xa8, 0xa8, 0xa7, 0xa8, 0xa8, 0xa8, 0xa8, 0xa8,
    0xa8, 0xa8, 0xa8, 0xa8, 0xa8, 0xa8, 0xa7, 0xa8, 0xa8, 0xa8, 0xa8, 0xa8, 0xa8, 0xa7, 0xae, 0xa5, 0xa7, 0xa7, 0xa5, 0xa5, 0xa4, 0xa4, 0xa4, 0xae,
    0xa4, 0xa4, 0xa4, 0xa4, 0xa0, 0xa4, 0xa4, 0xa0, 0x9f, 0xa0, 0x9f, 0x9e, 0xa0, 0x9d, 0x9e, 0x9e, 0x9d, 0x9d, 0x9d, 0x9d, 0x9d, 0x9c, 0x9c, 0x9c,
    0x9d, 0x9c, 0x9c, 0x9c, 0x9c, 0xab, 0x9c, 0x9c, 0x9c, 0xab, 0xab, 0xab, 0xab, 0xab, 0xab, 0xab, 0xab, 0xab, 0xab, 0xab, 0xab, 0xab, 0xb4, 0xb4,
    0xb4, 0xb4, 0xb6, 0xb6, 0xb6, 0xb6, 0xb6, 0xbb, 0xbb, 0xbb, 0xbd, 0xbd, 0xbd, 0xbe, 0xbe, 0xc0, 0xc4, 0xc4, 0xc4, 0xc5, 0xc8, 0xc8, 0xc8, 0xcd,
    0xcd, 0xcd, 0xce, 0xce, 0xd2, 0xd2, 0xd2, 0xd4, 0xd6, 0xd6, 0xd7, 0xd7, 0xda, 0xdb, 0xde, 0xde, 0xdf, 0xe4, 0xe4, 0xe4, 0xea, 0xea, 0xef, 0xef,
    0xf0, 0xf1, 0xf1, 0xf2, 0xf6, 0xf6, 0xf8, 0xf8, 0xf8, 0xf9, 0xf9, 0xf9, 0xf9, 0xf9, 0xf9, 0xf9, 0xf9, 0xf9, 0xf9, 0xf9, 0xf9, 0xf9, 0xfa, 0xfa,
    0xfa, 0xf8, 0xf7, 0xf7, 0xf7, 0xf7, 0xf7, 0xf5, 0xf5, 0xf1, 0xf1, 0xee, 0xee, 0xeb, 0xe9, 0xe7, 0xe5, 0xe3, 0xe3, 0xe1, 0xe1, 0xdd, 0xdb, 0xd9,
    0xd9, 0xd9, 0xd8, 0xd5, 0xd5, 0xd3, 0xd3, 0xd3, 0xd2, 0xd0, 0xcf, 0xcf, 0xcc, 0xcc, 0xcb, 0xc9, 0xc9, 0xc7, 0xc6, 0xc6, 0xc6, 0xc3, 0xc2, 0xc2,
    0xc2, 0xc2, 0xbc, 0xbc, 0xba, 0xba, 0xba, 0xb9, 0xb9, 0xb9, 0xb9, 0xb8, 0xb8, 0xb8, 0xb8, 0xb3, 0xb3, 0xb3, 0xb3, 0xb3, 0xb0, 0xb0, 0xb3, 0xb3,
    0x5b, 0x5b, 0x5b, 0x5e, 0x5e, 0x5e, 0x5e, 0x5e, 0x64, 0x59, 0x52, 0x52, 0x55, 0x4e, 0x4d, 0x4a, 0x49, 0x43, 0x43, 0x43, 0x43, 0x43, 0x43, 0x43,
    0x43, 0x43, 0x3e, 0x3e, 0x43, 0x43, 0x43, 0x43, 0x43, 0x43, 0x43, 0x43, 0x43, 0x43, 0x43, 0x43, 0x43, 0x43, 0x43, 0x43, 0x43, 0x43, 0x43, 0x49,
    0x49, 0x49, 0x49, 0x49, 0x49, 0x49, 0x49, 0x49, 0x49, 0x49, 0x49, 0x49, 0x49, 0x49, 0x49, 0x49, 0x49, 0x49, 0x49, 0x49, 0x49, 0x49, 0x43, 0x43,
    0x43, 0x43, 0x43, 0x43, 0x43, 0x43, 0x43, 0x43, 0x43, 0x43, 0x3e, 0x43, 0x43, 0x43, 0x43, 0x15, 0x03, 0x11, 0x16, 0x16, 0x22, 0x22, 0x22, 0x2c,
    0x30, 0x30, 0x41, 0x41, 0x44, 0x41, 0x44, 0x44, 0x44, 0x45, 0x45, 0x44, 0x45, 0x44, 0x40, 0x3f, 0x40, 0x40, 0x3b, 0x3b, 0x3b, 0x3b, 0x37, 0x3b,
    0x35, 0x37, 0x3b, 0x35, 0x2c, 0x30, 0x2c, 0x2c, 0x35, 0x2c, 0x2c, 0x2c, 0x2c, 0x28, 0x2c, 0x2c, 0x2c, 0x2e, 0x28, 0x28, 0x27, 0x27, 0x28, 0x24,
    0x1a, 0x20, 0x20, 0x20, 0x20, 0x2a, 0x1a, 0x06, 0x9a, 0xff, 0xff, 0xff, 0xff, 0xff, 0xff, 0xfd, 0x5f, 0x1e, 0xfb, 0xfb, 0xe8, 0xd8, 0xca, 0xb7,
    0x7c, 0x7c, 0x5f, 0x5f, 0x7c, 0xb7, 0xd0, 0x4f, 0x00, 0x0f, 0x0f, 0x0f, 0x0f, 0x13, 0x13, 0x14, 0x14, 0x18, 0x18, 0x18, 0x1f, 0x24, 0x2f, 0x3a,
    0x42, 0x48, 0x4f, 0x56, 0x5d, 0x79, 0x81, 0x79, 0x79, 0x78, 0x79, 0x78, 0x78, 0x78, 0x78, 0x78, 0x78, 0x78, 0x78, 0x78, 0x78, 0x6d, 0x6d, 0x6d,
    0x6d, 0x6d, 0x6d, 0x6d, 0x6e, 0x6e, 0x6e, 0x6e, 0x6e, 0x6e, 0x78, 0x78, 0x7a, 0x7a, 0x7a, 0x7a, 0x7a, 0x7a, 0x7a, 0x85, 0x85, 0x85, 0x85, 0x8b,
    0x8b, 0x8c, 0x8b, 0x93, 0x93, 0x93, 0x93, 0x93, 0x98, 0x98, 0x98, 0x98, 0xa3, 0xa3, 0xa3, 0xa3, 0xa8, 0xa8, 0xa7, 0xa8, 0xa8, 0xa8, 0xa8, 0xa8,
    0xa8, 0xa8, 0xa8, 0xa8, 0xa8, 0xa8, 0xa7, 0xa8, 0xa8, 0xa8, 0xa8, 0xa5, 0xa8, 0xa7, 0xae, 0xa5, 0xa7, 0xa7, 0xa5, 0xa5, 0xa4, 0xa4, 0xa4, 0xae,
    0xa4, 0xa4, 0xa4, 0xa4, 0xa0, 0xa4, 0xa4, 0xa0, 0x9f, 0xa0, 0x9f, 0x9e, 0xa0, 0x9d, 0x9e, 0x9e, 0x9d, 0x9d, 0x9d, 0x9d, 0x9d, 0x9c, 0x9c, 0x9c,
    0x9d, 0x9c, 0x9c, 0xab, 0x9c, 0xab, 0x9c, 0x9c, 0x9c, 0xab, 0xab, 0xab, 0xab, 0xab, 0xab, 0xab, 0xab, 0xab, 0xab, 0xab, 0xab, 0xab, 0xb4, 0xb4,
    0xb4, 0xb4, 0xb6, 0xb6, 0xb6, 0xb6, 0xb6, 0xbb, 0xbb, 0xbb, 0xbd, 0xbd, 0xbd, 0xbe, 0xbe, 0xc0, 0xc4, 0xc4, 0xc4, 0xc5, 0xc8, 0xc8, 0xc8, 0xcd,
    0xcd, 0xcd, 0xce, 0xce, 0xd2, 0xd2, 0xd2, 0xd4, 0xd6, 0xd6, 0xd7, 0xd7, 0xda, 0xdb, 0xdb, 0xde, 0xde, 0xe4, 0xe4, 0xe4, 0xe6, 0xea, 0xef, 0xef,
    0xf0, 0xf0, 0xf1, 0xf2, 0xf2, 0xf6, 0xf6, 0xf8, 0xf8, 0xf9, 0xf9, 0xf9, 0xf9, 0xf9, 0xf9, 0xf9, 0xf9, 0xf9, 0xf9, 0xf9, 0xf9, 0xf9, 0xf9, 0xfa,
    0xfa, 0xf8, 0xf7, 0xf7, 0xf7, 0xf7, 0xf7, 0xf5, 0xf5, 0xf5, 0xf1, 0xee, 0xee, 0xeb, 0xe9, 0xe9, 0xe5, 0xe5, 0xe3, 0xe2, 0xe1, 0xdd, 0xdc, 0xdb,
    0xd9, 0xd9, 0xd8, 0xd5, 0xd5, 0xd5, 0xd3, 0xd3, 0xd0, 0xd0, 0xcf, 0xcf, 0xcc, 0xcc, 0xcb, 0xcb, 0xc9, 0xc9, 0xc7, 0xc6, 0xc6, 0xc3, 0xc3, 0xc2,
    0xc2, 0xc2, 0xbc, 0xbc, 0xbc, 0xba, 0xba, 0xba, 0xb9, 0xb9, 0xb9, 0xb9, 0xb8, 0xb8, 0xb8, 0xb8, 0xb3, 0xb3, 0xb3, 0xb3, 0xb0, 0xb0, 0xb0, 0xb0,
    0x5b, 0x5b, 0x5e, 0x5e, 0x5e, 0x5e, 0x5e, 0x64, 0x64, 0x59, 0x52, 0x52, 0x55, 0x50, 0x4d, 0x4a, 0x49, 0x43, 0x43, 0x43, 0x43, 0x43, 0x43, 0x43,
    0x43, 0x43, 0x43, 0x43, 0x43, 0x43, 0x43, 0x43, 0x43, 0x43, 0x43, 0x43, 0x43, 0x43, 0x43, 0x43, 0x43, 0x43, 0x49, 0x49, 0x49, 0x49, 0x49, 0x49,
    0x49, 0x49, 0x49, 0x49, 0x4c, 0x4c, 0x4c, 0x4c, 0x49, 0x49, 0x49, 0x49, 0x49, 0x4c, 0x4c, 0x49, 0x49, 0x49, 0x49, 0x49, 0x49, 0x49, 0x49, 0x43,
    0x43, 0x43, 0x43, 0x43, 0x43, 0x43, 0x43, 0x43, 0x43, 0x43, 0x43, 0x43, 0x43, 0x46, 0x1c, 0x00, 0x14, 0x16, 0x16, 0x16, 0x22, 0x22, 0x22, 0x2c,
    0x37, 0x30, 0x45, 0x41, 0x45, 0x3c, 0x45, 0x44, 0x44, 0x45, 0x45, 0x45, 0x44, 0x44, 0x41, 0x40, 0x40, 0x40, 0x3b, 0x3b, 0x3b, 0x3b, 0x3b, 0x3b,
    0x3b, 0x37, 0x3b, 0x37, 0x35, 0x30, 0x35, 0x2c, 0x2c, 0x35, 0x35, 0x2c, 0x2c, 0x2c, 0x2c, 0x2c, 0x28, 0x28, 0x28, 0x28, 0x27, 0x28, 0x27, 0x28,
    0x1d, 0x1a, 0x20, 0x24, 0x1d, 0x20, 0x2a, 0x0b, 0x2d, 0xff, 0xff, 0xff, 0xff, 0xff, 0xff, 0xd8, 0x4e, 0xb7, 0xfe, 0xfd, 0xfd, 0xe8, 0xd0, 0xb7,
    0xb7, 0x7c, 0x5f, 0x5f, 0x5f, 0xb7, 0xe3, 0xa6, 0x1f, 0x04, 0x12, 0x0f, 0x0f, 0x13, 0x13, 0x14, 0x18, 0x18, 0x18, 0x1b, 0x1f, 0x24, 0x2f, 0x3a,
    0x42, 0x48, 0x4f, 0x56, 0x5d, 0x81, 0x81, 0x81, 0x79, 0x79, 0x79, 0x79, 0x78, 0x78, 0x78, 0x78, 0x78, 0x78, 0x78, 0x78, 0x78, 0x78, 0x6d, 0x6d,
    0x6d, 0x78, 0x6d, 0x6d, 0x6e, 0x6e, 0x78, 0x6e, 0x6e, 0x6e, 0x78, 0x78, 0x7a, 0x7a, 0x7a, 0x7a, 0x7a, 0x7a, 0x7a, 0x85, 0x85, 0x85, 0x85, 0x85,
    0x8b, 0x8c, 0x8b, 0x93, 0x93, 0x93, 0x93, 0x93, 0x98, 0x98, 0x98, 0x98, 0xa3, 0xa3, 0xa3, 0xa3, 0xa8, 0xa8, 0xa7, 0xa8, 0xa8, 0xa8, 0xa8, 0xa8,
    0xa8, 0xa8, 0xa8, 0xa8, 0xa8, 0xa8, 0xa7, 0xa8, 0xa8, 0xa8, 0xa8, 0xa5, 0xa8, 0xa7, 0xae, 0xa5, 0xa7, 0xa7, 0xa5, 0xa5, 0xa4, 0xa4, 0xa4, 0xa4,
    0xa4, 0xa4, 0xa4, 0xa4, 0xa0, 0xa4, 0xa4, 0xa0, 0x9f, 0x9f, 0x9f, 0x9e, 0xa0, 0x9d, 0x9e, 0x9e, 0x9d, 0x9d, 0x9d, 0x9d, 0x9d, 0x9c, 0x9c, 0x9c,
    0x9d, 0x9c, 0x9c, 0xab, 0x9c, 0xab, 0x9c, 0x9c, 0x9c, 0xab, 0xab, 0xab, 0xab, 0xab, 0xab, 0xab, 0xab, 0xab, 0xab, 0xab, 0xab, 0xab, 0xb4, 0xb4,
    0xb4, 0xb4, 0xb6, 0xb6, 0xb6, 0xb6, 0xb6, 0xbb, 0xbb, 0xbb, 0xbd, 0xbd, 0xbd, 0xbe, 0xc0, 0xc0, 0xc4, 0xc4, 0xc4, 0xc5, 0xc8, 0xc8, 0xc8, 0xcd,
    0xcd, 0xcd, 0xce, 0xce, 0xd2, 0xd2, 0xd2, 0xd4, 0xd6, 0xd6, 0xd7, 0xd7, 0xda, 0xda, 0xdb, 0xde, 0xde, 0xe4, 0xe4, 0xe4, 0xe6, 0xea, 0xea, 0xef,
    0xf0, 0xf0, 0xf1, 0xf2, 0xf2, 0xf6, 0xf6, 0xf6, 0xf8, 0xf8, 0xf9, 0xf9, 0xf9, 0xf9, 0xf9, 0xf9, 0xf9, 0xf9, 0xf9, 0xf9, 0xf9, 0xf9, 0xf9, 0xfa,
    0xfa, 0xf8, 0xf8, 0xf7, 0xf7, 0xf7, 0xf7, 0xf5, 0xf5, 0xf5, 0xf1, 0xee, 0xee, 0xee, 0xeb, 0xe9, 0xe7, 0xe5, 0xe3, 0xe3, 0xe1, 0xe1, 0xdd, 0xdb,
    0xd9, 0xd9, 0xd9, 0xd8, 0xd5, 0xd5, 0xd3, 0xd3, 0xd3, 0xd2, 0xd0, 0xcf, 0xcf, 0xcc, 0xcc, 0xcb, 0xc9, 0xc9, 0xc7, 0xc7, 0xc6, 0xc6, 0xc3, 0xc3,
    0xc2, 0xc2, 0xc2, 0xbc, 0xbc, 0xbc, 0xba, 0xba, 0xb9, 0xb9, 0xb9, 0xb9, 0xb9, 0xb8, 0xb8, 0xb8, 0xb8, 0xb3, 0xb3, 0xb3, 0xb3, 0xb0, 0xb0, 0xb0,
    0x5b, 0x5e, 0x5e, 0x5e, 0x5e, 0x5e, 0x64, 0x64, 0x6a, 0x59, 0x52, 0x52, 0x55, 0x50, 0x4d, 0x4c, 0x49, 0x49, 0x49, 0x43, 0x43, 0x43, 0x43, 0x43,
    0x43, 0x43, 0x43, 0x43, 0x43, 0x43, 0x43, 0x43, 0x43, 0x43, 0x43, 0x49, 0x49, 0x43, 0x49, 0x49, 0x49, 0x49, 0x49, 0x49, 0x49, 0x49, 0x49, 0x4c,
    0x4c, 0x4c, 0x4c, 0x4c, 0x4c, 0x4c, 0x4c, 0x4c, 0x4c, 0x4c, 0x4c, 0x4c, 0x4c, 0x4c, 0x4c, 0x49, 0x49, 0x49, 0x49, 0x49, 0x49, 0x49, 0x49, 0x49,
    0x43, 0x43, 0x43, 0x43, 0x43, 0x43, 0x43, 0x43, 0x43, 0x43, 0x43, 0x43, 0x4a, 0x2f, 0x00, 0x2d, 0x5d, 0x16, 0x0a, 0x16, 0x17, 0x22, 0x22, 0x28,
    0x30, 0x30, 0x45, 0x41, 0x45, 0x41, 0x44, 0x44, 0x44, 0x45, 0x45, 0x44, 0x44, 0x44, 0x44, 0x44, 0x40, 0x40, 0x40, 0x3b, 0x3b, 0x3b, 0x3b, 0x3b,
    0x3b, 0x37, 0x37, 0x37, 0x35, 0x35, 0x37, 0x35, 0x27, 0x2c, 0x2c, 0x2c, 0x2c, 0x2c, 0x2c, 0x27, 0x27, 0x2e, 0x28, 0x2e, 0x20, 0x1f, 0x28, 0x31,
    0x27, 0x1d, 0x1d, 0x24, 0x24, 0x1d, 0x24, 0x27, 0x15, 0x69, 0xff, 0xff, 0xff, 0xff, 0xff, 0xfc, 0x25, 0xeb, 0xfe, 0xfd, 0xfd, 0xfb, 0xd8, 0xb7,
    0x7c, 0x7c, 0x5f, 0x5f, 0x55, 0x7c, 0xe3, 0xe8, 0x4b, 0x00, 0x12, 0x13, 0x13, 0x13, 0x14, 0x18, 0x18, 0x18, 0x18, 0x1c, 0x1f, 0x24, 0x36, 0x3a,
    0x42, 0x48, 0x4f, 0x56, 0x5d, 0x79, 0x81, 0x81, 0x79, 0x79, 0x81, 0x79, 0x79, 0x78, 0x78, 0x78, 0x78, 0x78, 0x78, 0x78, 0x78, 0x78, 0x78, 0x6d,
    0x6d, 0x78, 0x6d, 0x6d, 0x6e, 0x6e, 0x78, 0x78, 0x6e, 0x78, 0x78, 0x78, 0x7a, 0x7a, 0x7a, 0x7a, 0x7a, 0x7a, 0x7a, 0x85, 0x85, 0x85, 0x85, 0x85,
    0x8b, 0x8c, 0x8b, 0x93, 0x93, 0x93, 0x93, 0x93, 0x98, 0x98, 0x98, 0x98, 0xa3, 0xa3, 0xa3, 0xa3, 0xa8, 0xa7, 0xa7, 0xa8, 0xa8, 0xa8, 0xa8, 0xa8,
    0xa8, 0xa8, 0xa8, 0xa8, 0xa8, 0xa8, 0xa7, 0xa8, 0xa8, 0xa8, 0xa8, 0xa5, 0xa8, 0xa7, 0xae, 0xa5, 0xa7, 0xa7, 0xa5, 0xa5, 0xa4, 0xa4, 0xa4, 0xa4,
    0xa4, 0xa4, 0xa4, 0xa4, 0xa0, 0xa4, 0xa4, 0xa0, 0x9f, 0x9f, 0x9f, 0x9e, 0xa0, 0x9d, 0x9e, 0x9e, 0x9d, 0x9d, 0x9d, 0x9d, 0x9d, 0x9c, 0x9c, 0x9c,
    0x9d, 0x9c, 0x9c, 0xab, 0x9c, 0xab, 0xab, 0x9c, 0x9c, 0xab, 0xab, 0xab, 0xab, 0xab, 0xab, 0xab, 0xab, 0xab, 0xab, 0xab, 0xab, 0xab, 0xb4, 0xb4,
    0xb4, 0xb4, 0xb6, 0xb6, 0xb6, 0xb6, 0xbb, 0xbb, 0xbb, 0xbb, 0xbd, 0xbd, 0xbe, 0xbe, 0xc0, 0xc0, 0xc4, 0xc4, 0xc4, 0xc5, 0xc8, 0xc8, 0xc8, 0xcd,
    0xcd, 0xcd, 0xce, 0xce, 0xd2, 0xd2, 0xd2, 0xd4, 0xd6, 0xd6, 0xd7, 0xd7, 0xda, 0xda, 0xdb, 0xde, 0xde, 0xe4, 0xe4, 0xe4, 0xe6, 0xea, 0xea, 0xef,
    0xf0, 0xf0, 0xf1, 0xf2, 0xf2, 0xf2, 0xf6, 0xf6, 0xf8, 0xf8, 0xf8, 0xf9, 0xf9, 0xf9, 0xf9, 0xf9, 0xf9, 0xf9, 0xf9, 0xf9, 0xf9, 0xf9, 0xf9, 0xfa,
    0xfa, 0xf8, 0xf8, 0xf7, 0xf7, 0xf7, 0xf7, 0xf7, 0xf5, 0xf5, 0xf5, 0xf1, 0xee, 0xee, 0xeb, 0xe9, 0xe9, 0xe5, 0xe5, 0xe3, 0xe2, 0xe1, 0xdd, 0xdc,
    0xdb, 0xd9, 0xd9, 0xd8, 0xd5, 0xd5, 0xd5, 0xd3, 0xd3, 0xd0, 0xd0, 0xcf, 0xcf, 0xcc, 0xcc, 0xcb, 0xcb, 0xc9, 0xc9, 0xc7, 0xc6, 0xc6, 0xc6, 0xc3,
    0xc2, 0xc2, 0xc2, 0xc2, 0xbc, 0xbc, 0xbc, 0xba, 0xba, 0xb9, 0xb9, 0xb9, 0xb9, 0xb9, 0xb8, 0xb8, 0xb8, 0xb8, 0xb3, 0xb3, 0xb3, 0xb3, 0xb0, 0xb0,
    0x5e, 0x5e, 0x5e, 0x5e, 0x5e, 0x5e, 0x64, 0x64, 0x6a, 0x59, 0x52, 0x52, 0x55, 0x55, 0x4e, 0x4d, 0x4a, 0x49, 0x49, 0x49, 0x49, 0x49, 0x49, 0x49,
    0x43, 0x43, 0x43, 0x43, 0x49, 0x43, 0x43, 0x43, 0x43, 0x43, 0x49, 0x49, 0x49, 0x49, 0x49, 0x49, 0x49, 0x49, 0x49, 0x4c, 0x4c, 0x4c, 0x4c, 0x4c,
    0x4c, 0x4c, 0x4c, 0x4c, 0x4c, 0x4c, 0x4c, 0x4c, 0x4c, 0x4c, 0x4c, 0x4c, 0x4c, 0x4c, 0x4c, 0x4c, 0x4c, 0x4c, 0x49, 0x49, 0x49, 0x49, 0x49, 0x49,
    0x43, 0x43, 0x43, 0x43, 0x43, 0x43, 0x43, 0x43, 0x43, 0x43, 0x43, 0x49, 0x3a, 0x00, 0x22, 0xd6, 0x66, 0x16, 0x0a, 0x17, 0x17, 0x22, 0x22, 0x28,
    0x3b, 0x30, 0x41, 0x41, 0x45, 0x45, 0x44, 0x47, 0x45, 0x44, 0x44, 0x44, 0x44, 0x40, 0x44, 0x44, 0x40, 0x40, 0x40, 0x3b, 0x3b, 0x35, 0x3b, 0x3b,
    0x3b, 0x37, 0x37, 0x37, 0x37, 0x35, 0x35, 0x35, 0x28, 0x2c, 0x2c, 0x2c, 0x2c, 0x28, 0x2c, 0x28, 0x22, 0x27, 0x28, 0x28, 0x20, 0x1a, 0x27, 0x27,
    0x27, 0x27, 0x24, 0x24, 0x2a, 0x20, 0x20, 0x31, 0x10, 0x4f, 0xff, 0xff, 0xff, 0xff, 0xff, 0xe0, 0x20, 0x55, 0xff, 0xfe, 0xfe, 0xfe, 0xeb, 0xc6,
    0xb7, 0x7c, 0x7c, 0x5f, 0x5f, 0x55, 0xd0, 0xfb, 0xb8, 0x22, 0x06, 0x12, 0x14, 0x13, 0x14, 0x18, 0x18, 0x18, 0x1b, 0x1c, 0x1f, 0x2a, 0x36, 0x3a,
    0x42, 0x48, 0x4f, 0x56, 0x5d, 0x83, 0x81, 0x79, 0x81, 0x79, 0x79, 0x79, 0x79, 0x79, 0x78, 0x79, 0x78, 0x78, 0x78, 0x78, 0x78, 0x78, 0x78, 0x6d,
    0x6d, 0x78, 0x78, 0x6d, 0x6e, 0x6e, 0x78, 0x78, 0x78, 0x78, 0x78, 0x78, 0x7a, 0x7a, 0x7a, 0x7a, 0x7a, 0x7a, 0x7a, 0x85, 0x85, 0x85, 0x85, 0x85,
    0x8b, 0x8c, 0x8b, 0x93, 0x93, 0x93, 0x93, 0x93, 0x98, 0x98, 0x98, 0x98, 0x99, 0x99, 0xa3, 0xa3, 0x99, 0x99, 0xa7, 0xa8, 0xa8, 0xa8, 0xa8, 0xa8,
    0xa8, 0xa8, 0xa8, 0xa8, 0xa8, 0xa7, 0xa7, 0xa8, 0xa8, 0xa7, 0xa8, 0xa5, 0xa8, 0xa7, 0xae, 0xa5, 0xa7, 0xa7, 0xa5, 0xa5, 0xa4, 0xa4, 0xa4, 0xa4,
    0xa4, 0xa4, 0xa4, 0xa4, 0x9f, 0xa4, 0xa4, 0xa0, 0x9f, 0x9f, 0x9f, 0x9e, 0xa0, 0x9d, 0x9e, 0x9e, 0x9d, 0x9d, 0x9d, 0x9d, 0x9d, 0x9c, 0x9d, 0x9c,
    0x9d, 0x9c, 0x9c, 0xab, 0x9c, 0xab, 0xab, 0x9c, 0x9c, 0xab, 0xab, 0xab, 0xab, 0xab, 0xab, 0xab, 0xab, 0xb1, 0xab, 0xab, 0xab, 0xab, 0xb4, 0xb4,
    0xb4, 0xb4, 0xb6, 0xb6, 0xb6, 0xb6, 0xbb, 0xbb, 0xbb, 0xbb, 0xbd, 0xbd, 0xbe, 0xbe, 0xc0, 0xc0, 0xc4, 0xc4, 0xc4, 0xc5, 0xc8, 0xc8, 0xc8, 0xcd,
    0xcd, 0xcd, 0xce, 0xce, 0xd2, 0xd2, 0xd2, 0xd4, 0xd6, 0xd6, 0xd7, 0xd7, 0xda, 0xda, 0xdb, 0xde, 0xde, 0xe4, 0xe4, 0xe4, 0xe6, 0xea, 0xea, 0xef,
    0xef, 0xf0, 0xf0, 0xf1, 0xf2, 0xf2, 0xf6, 0xf6, 0xf6, 0xf8, 0xf8, 0xf9, 0xf9, 0xf9, 0xf9, 0xf9, 0xf9, 0xf9, 0xf9, 0xf9, 0xf9, 0xf9, 0xf9, 0xf9,
    0xf8, 0xf8, 0xf8, 0xf7, 0xf7, 0xf7, 0xf7, 0xf7, 0xf5, 0xf5, 0xf5, 0xf1, 0xee, 0xee, 0xeb, 0xeb, 0xe8, 0xe7, 0xe5, 0xe3, 0xe3, 0xe1, 0xe1, 0xdd,
    0xdb, 0xd9, 0xd9, 0xd9, 0xd8, 0xd5, 0xd5, 0xd4, 0xd3, 0xd3, 0xd2, 0xd0, 0xcf, 0xcf, 0xcc, 0xcc, 0xcb, 0xc9, 0xc9, 0xc7, 0xc7, 0xc6, 0xc6, 0xc3,
    0xc3, 0xc2, 0xc2, 0xc2, 0xbc, 0xbc, 0xbc, 0xba, 0xba, 0xba, 0xb9, 0xb9, 0xb9, 0xb9, 0xb8, 0xb8, 0xb8, 0xb8, 0xb8, 0xb3, 0xb3, 0xb3, 0xb3, 0xb0,
    0x5e, 0x5e, 0x5e, 0x5e, 0x5e, 0x64, 0x64, 0x6a, 0x6a, 0x59, 0x52, 0x53, 0x55, 0x55, 0x4e, 0x4d, 0x4c, 0x49, 0x49, 0x49, 0x49, 0x49, 0x49, 0x49,
    0x49, 0x49, 0x49, 0x43, 0x43, 0x43, 0x43, 0x49, 0x49, 0x49, 0x49, 0x49, 0x49, 0x49, 0x49, 0x4a, 0x4a, 0x4c, 0x4c, 0x4c, 0x4c, 0x4c, 0x4c, 0x4e,
    0x4e, 0x4e, 0x4e, 0x4e, 0x4e, 0x4e, 0x4e, 0x4e, 0x4e, 0x4e, 0x4e, 0x4c, 0x4c, 0x4c, 0x4c, 0x4c, 0x49, 0x49, 0x49, 0x49, 0x49, 0x49, 0x49, 0x49,
    0x49, 0x43, 0x43, 0x43, 0x43, 0x43, 0x43, 0x43, 0x43, 0x43, 0x49, 0x43, 0x03, 0x17, 0xc1, 0xde, 0x58, 0x16, 0x16, 0x17, 0x16, 0x22, 0x22, 0x28,
    0x3c, 0x30, 0x3c, 0x41, 0x45, 0x45, 0x3b, 0x47, 0x45, 0x47, 0x45, 0x44, 0x44, 0x40, 0x40, 0x44, 0x40, 0x40, 0x40, 0x40, 0x3c, 0x35, 0x35, 0x3b,
    0x35, 0x37, 0x35, 0x37, 0x37, 0x35, 0x35, 0x37, 0x2c, 0x2c, 0x2c, 0x2c, 0x2c, 0x28, 0x28, 0x28, 0x24, 0x1d, 0x27, 0x27, 0x27, 0x15, 0x20, 0x31,
    0x24, 0x27, 0x27, 0x24, 0x20, 0x24, 0x20, 0x24, 0x2b, 0x1f, 0xd6, 0xff, 0xff, 0xff, 0xff, 0xcc, 0x2d, 0x20, 0xfe, 0xfe, 0xfe, 0xfe, 0xfd, 0xd8,
    0xb7, 0xb7, 0x7c, 0x5f, 0x5f, 0x5f, 0x5f, 0xe8, 0xf7, 0x4f, 0x03, 0x0c, 0x15, 0x14, 0x14, 0x18, 0x18, 0x1b, 0x1c, 0x1c, 0x21, 0x2a, 0x36, 0x3a,
    0x42, 0x48, 0x4f, 0x56, 0x62, 0x83, 0x83, 0x83, 0x79, 0x81, 0x79, 0x79, 0x79, 0x79, 0x79, 0x79, 0x78, 0x78, 0x78, 0x78, 0x78, 0x78, 0x78, 0x78,
    0x6d, 0x78, 0x78, 0x78, 0x6e, 0x6e, 0x78, 0x78, 0x78, 0x78, 0x78, 0x78, 0x7a, 0x7a, 0x7a, 0x7a, 0x7a, 0x7a, 0x7a, 0x85, 0x85, 0x85, 0x85, 0x85,
    0x8b, 0x8c, 0x8b, 0x93, 0x93, 0x93, 0x93, 0x93, 0x98, 0x98, 0x98, 0x98, 0x99, 0x99, 0x99, 0x99, 0x99, 0x99, 0xa7, 0xa8, 0xa8, 0xa8, 0xa8, 0xa8,
    0xa8, 0xa8, 0xa8, 0xa8, 0xa8, 0xa7, 0xa7, 0xa8, 0xa8, 0xa7, 0xa8, 0xa5, 0xa8, 0xa7, 0xa7, 0xa5, 0xa7, 0xa7, 0xa5, 0xa5, 0xa4, 0xa4, 0xa4, 0xa4,
    0xa4, 0xa4, 0xa4, 0xa4, 0x9f, 0xa4, 0xa4, 0xa0, 0x9f, 0x9f, 0x9f, 0x9e, 0xa0, 0x9d, 0x9e, 0x9e, 0x9d, 0x9d, 0x9d, 0x9d, 0x9d, 0x9c, 0x9d, 0x9c,
    0x9d, 0x9c, 0x9c, 0xab, 0x9c, 0xab, 0xab, 0x9c, 0x9c, 0xab, 0xab, 0xab, 0xab, 0xab, 0xab, 0xab, 0xab, 0xab, 0xab, 0xab, 0xab, 0xab, 0xb4, 0xb4,
    0xb4, 0xb4, 0xb6, 0xb6, 0xb6, 0xb6, 0xbb, 0xbb, 0xbb, 0xbb, 0xbd, 0xbd, 0xbe, 0xbe, 0xc0, 0xc0, 0xc4, 0xc4, 0xc4, 0xc5, 0xc8, 0xc8, 0xc8, 0xcd,
    0xcd, 0xcd, 0xce, 0xce, 0xd2, 0xd2, 0xd2, 0xd4, 0xd6, 0xd6, 0xd7, 0xd7, 0xda, 0xda, 0xdb, 0xde, 0xde, 0xe4, 0xe4, 0xe4, 0xe4, 0xe6, 0xea, 0xef,
    0xef, 0xf0, 0xf0, 0xf1, 0xf2, 0xf2, 0xf6, 0xf6, 0xf6, 0xf8, 0xf8, 0xf8, 0xf9, 0xf9, 0xf9, 0xf9, 0xf9, 0xf9, 0xf9, 0xf9, 0xf9, 0xf9, 0xf9, 0xf9,
    0xf8, 0xf8, 0xf8, 0xf8, 0xf7, 0xf7, 0xf7, 0xf7, 0xf5, 0xf5, 0xf5, 0xf1, 0xf1, 0xee, 0xee, 0xeb, 0xe9, 0xe9, 0xe5, 0xe5, 0xe3, 0xe2, 0xe1, 0xdd,
    0xdc, 0xdb, 0xd9, 0xd9, 0xd8, 0xd5, 0xd5, 0xd5, 0xd3, 0xd3, 0xd0, 0xd0, 0xd0, 0xcf, 0xcc, 0xcc, 0xcc, 0xcb, 0xc9, 0xc9, 0xc7, 0xc6, 0xc6, 0xc6,
    0xc3, 0xc2, 0xc2, 0xc2, 0xc2, 0xbc, 0xbc, 0xbc, 0xba, 0xba, 0xb9, 0xb9, 0xb9, 0xb9, 0xb9, 0xb8, 0xb8, 0xb8, 0xb8, 0xb3, 0xb3, 0xb3, 0xb3, 0xb3,
    0x5e, 0x5e, 0x5e, 0x5e, 0x64, 0x64, 0x6a, 0x6a, 0x6a, 0x59, 0x52, 0x53, 0x5f, 0x55, 0x4e, 0x4e, 0x4c, 0x4a, 0x4a, 0x4a, 0x49, 0x49, 0x49, 0x49,
    0x49, 0x49, 0x49, 0x49, 0x49, 0x49, 0x49, 0x49, 0x49, 0x49, 0x49, 0x4a, 0x4a, 0x4c, 0x4c, 0x4c, 0x4c, 0x4c, 0x4c, 0x4e, 0x4e, 0x4e, 0x4e, 0x4e,
    0x4e, 0x4e, 0x4e, 0x4e, 0x4e, 0x4e, 0x4e, 0x4e, 0x4c, 0x4c, 0x4c, 0x4c, 0x4c, 0x4c, 0x4c, 0x4c, 0x43, 0x3d, 0x43, 0x49, 0x49, 0x49, 0x49, 0x49,
    0x49, 0x43, 0x43, 0x43, 0x43, 0x43, 0x43, 0x43, 0x43, 0x43, 0x49, 0x10, 0x17, 0xb8, 0xce, 0x79, 0x51, 0x16, 0x0a, 0x17, 0x22, 0x22, 0x27, 0x28,
    0x3b, 0x30, 0x41, 0x41, 0x45, 0x44, 0x3b, 0x48, 0x47, 0x44, 0x44, 0x44, 0x44, 0x44, 0x40, 0x44, 0x44, 0x40, 0x40, 0x3c, 0x3f, 0x3b, 0x35, 0x3b,
    0x3b, 0x35, 0x35, 0x35, 0x35, 0x35, 0x35, 0x35, 0x35, 0x2c, 0x2c, 0x2c, 0x2c, 0x28, 0x28, 0x28, 0x28, 0x24, 0x20, 0x28, 0x27, 0x1d, 0x24, 0x27,
    0x24, 0x20, 0x1d, 0x1a, 0x1d, 0x24, 0x24, 0x20, 0x32, 0x2a, 0xc5, 0xff, 0xff, 0xff, 0xff, 0xc5, 0x31, 0x1d, 0x54, 0xff, 0xfe, 0xfe, 0xfe, 0xfd,
    0xd0, 0xb7, 0x7c, 0x7c, 0x5f, 0x5f, 0x5f, 0xd8, 0xe8, 0x76, 0x3f, 0x13, 0x13, 0x18, 0x18, 0x18, 0x18, 0x1b, 0x1c, 0x1f, 0x21, 0x2d, 0x39, 0x3f,
    0x46, 0x4b, 0x4f, 0x56, 0x62, 0x83, 0x83, 0x83, 0x83, 0x79, 0x79, 0x79, 0x79, 0x79, 0x79, 0x79, 0x79, 0x78, 0x78, 0x78, 0x78, 0x78, 0x78, 0x78,
    0x78, 0x78, 0x78, 0x78, 0x78, 0x6e, 0x78, 0x78, 0x78, 0x78, 0x78, 0x78, 0x7a, 0x7a, 0x7a, 0x7a, 0x7a, 0x7a, 0x7a, 0x85, 0x85, 0x85, 0x85, 0x85,
    0x8b, 0x8c, 0x8c, 0x93, 0x93, 0x93, 0x93, 0x93, 0x98, 0x98, 0x98, 0x98, 0x99, 0x99, 0x99, 0x99, 0x99, 0x99, 0xa7, 0xa8, 0xa8, 0xa8, 0xa8, 0xa8,
    0xa8, 0xa8, 0xa8, 0xa8, 0xa8, 0xa7, 0xa7, 0xa8, 0xa8, 0xa7, 0xa8, 0xa5, 0xa8, 0xa7, 0xa5, 0xa5, 0xa7, 0xa7, 0xa5, 0xa5, 0xa4, 0xa4, 0xa4, 0xa4,
    0xa4, 0xa4, 0xa4, 0xa4, 0x9f, 0xa4, 0xa4, 0xa0, 0x9f, 0x9f, 0x9f, 0x9e, 0xa0, 0x9d, 0x9e, 0x9e, 0x9d, 0x9d, 0x9d, 0x9d, 0x9d, 0x9d, 0x9d, 0x9c,
    0x9d, 0x9c, 0x9c, 0xab, 0x9c, 0xab, 0xab, 0x9c, 0x9c, 0xab, 0xab, 0xab, 0xab, 0xab, 0xab, 0xab, 0xab, 0xab, 0xab, 0xab, 0xab, 0xab, 0xb4, 0xb4,
    0xb4, 0xb4, 0xb6, 0xb6, 0xb6, 0xb6, 0xbb, 0xbb, 0xbb, 0xbd, 0xbd, 0xbd, 0xbe, 0xbe, 0xc0, 0xc0, 0xc4, 0xc4, 0xc4, 0xc5, 0xc8, 0xc8, 0xc8, 0xcd,
    0xcd, 0xcd, 0xce, 0xce, 0xd2, 0xd2, 0xd2, 0xd2, 0xd6, 0xd6, 0xd7, 0xd7, 0xda, 0xda, 0xdb, 0xde, 0xde, 0xe4, 0xe4, 0xe4, 0xe4, 0xe6, 0xea, 0xea,
    0xef, 0xf0, 0xf0, 0xf1, 0xf2, 0xf2, 0xf2, 0xf6, 0xf6, 0xf8, 0xf8, 0xf8, 0xf9, 0xf9, 0xf9, 0xf9, 0xf9, 0xf9, 0xf9, 0xf9, 0xf9, 0xf9, 0xf9, 0xf9,
    0xf8, 0xf8, 0xf8, 0xf8, 0xf7, 0xf7, 0xf7, 0xf7, 0xf7, 0xf5, 0xf5, 0xf5, 0xf1, 0xee, 0xee, 0xeb, 0xeb, 0xe9, 0xe7, 0xe5, 0xe3, 0xe3, 0xe1, 0xe1,
    0xdd, 0xdb, 0xd9, 0xd9, 0xd9, 0xd8, 0xd5, 0xd5, 0xd3, 0xd3, 0xd3, 0xd2, 0xd0, 0xcf, 0xcf, 0xcc, 0xcc, 0xcb, 0xc9, 0xc9, 0xc7, 0xc7, 0xc6, 0xc6,
    0xc3, 0xc3, 0xc2, 0xc2, 0xc2, 0xbc, 0xbc, 0xbc, 0xba, 0xba, 0xba, 0xb9, 0xb9, 0xb9, 0xb9, 0xb9, 0xb8, 0xb8, 0xb8, 0xb8, 0xb8, 0xb3, 0xb3, 0xb3,
    0x5e, 0x5e, 0x5e, 0x64, 0x64, 0x64, 0x6a, 0x6a, 0x6a, 0x59, 0x52, 0x54, 0x5f, 0x55, 0x55, 0x4e, 0x4e, 0x4c, 0x4c, 0x4c, 0x4c, 0x4c, 0x4c, 0x4c,
    0x4c, 0x4c, 0x4c, 0x49, 0x49, 0x49, 0x49, 0x49, 0x4a, 0x4c, 0x4c, 0x4c, 0x4c, 0x4c, 0x4c, 0x4d, 0x4d, 0x4e, 0x4e, 0x4e, 0x4e, 0x4e, 0x4e, 0x4e,
    0x4e, 0x4e, 0x4e, 0x4e, 0x4c, 0x4e, 0x4e, 0x4e, 0x4c, 0x4c, 0x4c, 0x4c, 0x4c, 0x4c, 0x4c, 0x49, 0x34, 0x2b, 0x2f, 0x43, 0x49, 0x49, 0x49, 0x49,
    0x49, 0x43, 0x43, 0x43, 0x43, 0x43, 0x43, 0x43, 0x43, 0x49, 0x1f, 0x0f, 0xb2, 0xe4, 0x66, 0x51, 0x51, 0x16, 0x0a, 0x16, 0x22, 0x22, 0x22, 0x2c,
    0x37, 0x30, 0x41, 0x41, 0x45, 0x44, 0x40, 0x45, 0x44, 0x47, 0x47, 0x44, 0x44, 0x44, 0x45, 0x41, 0x40, 0x40, 0x40, 0x3f, 0x3f, 0x3c, 0x3b, 0x37,
    0x3b, 0x3b, 0x35, 0x35, 0x35, 0x35, 0x35, 0x35, 0x35, 0x2c, 0x2c, 0x2c, 0x2c, 0x27, 0x27, 0x28, 0x28, 0x28, 0x24, 0x27, 0x27, 0x27, 0x27, 0x24,
    0x1d, 0x1a, 0x0d, 0x0b, 0x0b, 0x1a, 0x2a, 0x2b, 0x20, 0x48, 0xff, 0xff, 0xff, 0xff, 0xff, 0xc0, 0x31, 0x2b, 0x1f, 0xfe, 0xff, 0xfe, 0xfe, 0xfe,
    0xfb, 0xc6, 0x7c, 0x5f, 0x5f, 0x5f, 0x5f, 0x7c, 0xe8, 0xfd, 0x57, 0x04, 0x12, 0x14, 0x18, 0x1a, 0x1b, 0x1b, 0x1f, 0x1f, 0x21, 0x2d, 0x39, 0x42,
    0x46, 0x4b, 0x51, 0x56, 0x62, 0x83, 0x83, 0x83, 0x83, 0x83, 0x79, 0x79, 0x79, 0x79, 0x79, 0x79, 0x79, 0x79, 0x78, 0x78, 0x78, 0x78, 0x78, 0x78,
    0x78, 0x78, 0x78, 0x78, 0x78, 0x78, 0x78, 0x78, 0x78, 0x78, 0x78, 0x78, 0x7a, 0x7a, 0x7a, 0x7a, 0x7a, 0x7a, 0x7a, 0x85, 0x85, 0x85, 0x85, 0x85,
    0x8b, 0x8c, 0x8c, 0x93, 0x93, 0x93, 0x93, 0x93, 0x98, 0x98, 0x98, 0x98, 0x99, 0x99, 0x99, 0x99, 0x99, 0x99, 0xa7, 0xa8, 0xa8, 0xa8, 0xa8, 0xa8,
    0xa8, 0xa8, 0xa8, 0xa8, 0xa8, 0xa7, 0xa7, 0xa8, 0xa8, 0xa7, 0xa8, 0xa5, 0xa8, 0xa7, 0xa5, 0xa5, 0xa7, 0xa7, 0xa5, 0xa2, 0xa4, 0xa4, 0xa4, 0xa4,
    0xa4, 0xa4, 0xa4, 0xa4, 0x9f, 0xa4, 0xa4, 0x9f, 0x9f, 0x9f, 0x9f, 0x9e, 0xa0, 0x9d, 0x9e, 0x9e, 0x9d, 0x9d, 0x9d, 0x9d, 0x9d, 0x9d, 0x9d, 0x9c,
    0x9d, 0x9c, 0x9c, 0xab, 0xab, 0xab, 0xab, 0xab, 0x9c, 0xab, 0xab, 0xab, 0xab, 0xab, 0xab, 0xab, 0xab, 0xab, 0xab, 0xab, 0xac, 0xb4, 0xb4, 0xb4,
    0xb4, 0xb4, 0xb6, 0xb6, 0xb6, 0xb6, 0xbb, 0xbb, 0xbb, 0xbd, 0xbd, 0xbd, 0xbe, 0xbe, 0xc0, 0xc0, 0xc4, 0xc4, 0xc5, 0xc5, 0xc8, 0xc8, 0xc8, 0xcd,
    0xcd, 0xcd, 0xce, 0xce, 0xd2, 0xd2, 0xd2, 0xd2, 0xd6, 0xd6, 0xd7, 0xd7, 0xda, 0xda, 0xdb, 0xde, 0xde, 0xe4, 0xe4, 0xe4, 0xe4, 0xe6, 0xea, 0xea,
    0xef, 0xf0, 0xf0, 0xf0, 0xf2, 0xf2, 0xf2, 0xf6, 0xf6, 0xf6, 0xf8, 0xf8, 0xf9, 0xf9, 0xf9, 0xf9, 0xf9, 0xf9, 0xf9, 0xf9, 0xf9, 0xf9, 0xf9, 0xf9,
    0xf9, 0xf8, 0xf8, 0xf8, 0xf7, 0xf7, 0xf7, 0xf7, 0xf7, 0xf5, 0xf5, 0xf5, 0xf1, 0xee, 0xee, 0xee, 0xeb, 0xe9, 0xe9, 0xe5, 0xe3, 0xe3, 0xe2, 0xe1,
    0xdd, 0xdc, 0xdb, 0xd9, 0xd9, 0xd8, 0xd5, 0xd5, 0xd5, 0xd3, 0xd3, 0xd0, 0xd0, 0xd0, 0xcf, 0xcc, 0xcc, 0xcc, 0xcb, 0xc9, 0xc9, 0xc7, 0xc6, 0xc6,
    0xc6, 0xc3, 0xc2, 0xc2, 0xc2, 0xc2, 0xbc, 0xbc, 0xbc, 0xba, 0xba, 0xb9, 0xb9, 0xb9, 0xb9, 0xb9, 0xb8, 0xb8, 0xb8, 0xb8, 0xb8, 0xb8, 0xb3, 0xb3,
    0x5e, 0x5e, 0x64, 0x64, 0x64, 0x6a, 0x6a, 0x6a, 0x6a, 0x59, 0x52, 0x54, 0x5f, 0x55, 0x55, 0x4e, 0x4e, 0x4c, 0x4c, 0x4c, 0x4c, 0x4c, 0x4c, 0x4c,
    0x4c, 0x4c, 0x4c, 0x4c, 0x4a, 0x4a, 0x49, 0x49, 0x4c, 0x4c, 0x4c, 0x4c, 0x4c, 0x4d, 0x4e, 0x4e, 0x4e, 0x4e, 0x4e, 0x4e, 0x4e, 0x4e, 0x4e, 0x4e,
    0x4e, 0x4e, 0x4e, 0x4e, 0x4e, 0x4e, 0x4e, 0x4e, 0x4c, 0x4c, 0x4c, 0x4c, 0x4c, 0x4c, 0x4c, 0x49, 0x2b, 0x26, 0x26, 0x3e, 0x49, 0x49, 0x49, 0x49,
    0x49, 0x43, 0x43, 0x43, 0x43, 0x49, 0x43, 0x43, 0x4a, 0x32, 0x03, 0x7c, 0xfc, 0x58, 0x47, 0x51, 0x58, 0x16, 0x16, 0x16, 0x22, 0x22, 0x22, 0x30,
    0x30, 0x3b, 0x3c, 0x41, 0x45, 0x44, 0x44, 0x44, 0x47, 0x47, 0x44, 0x44, 0x44, 0x44, 0x44, 0x44, 0x40, 0x40, 0x40, 0x40, 0x40, 0x3b, 0x3b, 0x3b,
    0x3b, 0x3b, 0x35, 0x35, 0x37, 0x35, 0x35, 0x35, 0x35, 0x2c, 0x2c, 0x2c, 0x2c, 0x28, 0x24, 0x27, 0x28, 0x28, 0x28, 0x27, 0x27, 0x27, 0x24, 0x20,
    0x15, 0x0d, 0x0b, 0x0b, 0x04, 0x04, 0x1a, 0x38, 0x20, 0x4b, 0xff, 0xff, 0xff, 0xff, 0xff, 0xc5, 0x2b, 0x32, 0x24, 0x48, 0xff, 0xfe, 0xfe, 0xfe,
    0xfd, 0xe3, 0xb7, 0x7c, 0x5f, 0x5f, 0x5f, 0x5f, 0xc6, 0xfd, 0xe3, 0x42, 0x03, 0x18, 0x18, 0x1b, 0x1c, 0x1c, 0x1f, 0x21, 0x23, 0x2f, 0x39, 0x43,
    0x46, 0x4f, 0x52, 0x56, 0x62, 0x83, 0x83, 0x83, 0x83, 0x83, 0x83, 0x79, 0x79, 0x79, 0x79, 0x79, 0x79, 0x79, 0x78, 0x78, 0x78, 0x78, 0x78, 0x78,
    0x78, 0x78, 0x78, 0x78, 0x78, 0x78, 0x78, 0x78, 0x78, 0x78, 0x78, 0x78, 0x7a, 0x7a, 0x7a, 0x7a, 0x7a, 0x7a, 0x7a, 0x85, 0x85, 0x85, 0x85, 0x85,
    0x8b, 0x8c, 0x8c, 0x8c, 0x93, 0x93, 0x93, 0x93, 0x93, 0x98, 0x98, 0x98, 0x99, 0x99, 0x99, 0x99, 0x99, 0x99, 0xa7, 0xa8, 0xa8, 0xa8, 0xa8, 0xa8,
    0xa8, 0xa8, 0xa8, 0xa8, 0xa8, 0xa7, 0xa7, 0xa8, 0xa8, 0xa7, 0xa8, 0xa5, 0xa8, 0xa7, 0xa5, 0xa5, 0xa7, 0xa7, 0xa5, 0xa2, 0xa4, 0xa4, 0xa4, 0xa4,
    0xa4, 0xa4, 0xa4, 0xa4, 0x9f, 0xa4, 0xa4, 0x9f, 0x9f, 0x9f, 0x9f, 0x9e, 0xa0, 0x9d, 0x9e, 0x9e, 0x9d, 0x9d, 0x9d, 0x9d, 0x9d, 0x9d, 0x9d, 0x9c,
    0x9d, 0x9d, 0x9c, 0xab, 0xab, 0xab, 0xab, 0xab, 0x9c, 0xab, 0xab, 0xab, 0xab, 0xab, 0xab, 0xab, 0xab, 0xab, 0xab, 0xab, 0xb4, 0xb4, 0xb4, 0xb4,
    0xb4, 0xb4, 0xb6, 0xb6, 0xb6, 0xbb, 0xbb, 0xbb, 0xbb, 0xbd, 0xbd, 0xbd, 0xbe, 0xbe, 0xc0, 0xc4, 0xc4, 0xc4, 0xc5, 0xc5, 0xc8, 0xc8, 0xc8, 0xcd,
    0xcd, 0xcd, 0xce, 0xce, 0xd2, 0xd2, 0xd2, 0xd4, 0xd6, 0xd6, 0xd7, 0xd7, 0xda, 0xda, 0xdb, 0xde, 0xde, 0xe4, 0xe4, 0xe4, 0xe4, 0xe6, 0xea, 0xea,
    0xef, 0xf0, 0xf0, 0xf0, 0xf2, 0xf2, 0xf2, 0xf6, 0xf6, 0xf6, 0xf8, 0xf8, 0xf9, 0xf9, 0xf9, 0xf9, 0xf9, 0xf9, 0xf9, 0xf9, 0xf9, 0xf9, 0xf9, 0xf9,
    0xf9, 0xf8, 0xf8, 0xf8, 0xf8, 0xf7, 0xf7, 0xf7, 0xf7, 0xf5, 0xf5, 0xf5, 0xf1, 0xf1, 0xee, 0xee, 0xeb, 0xeb, 0xe9, 0xe7, 0xe5, 0xe3, 0xe3, 0xe1,
    0xe1, 0xdd, 0xdb, 0xd9, 0xd9, 0xd9, 0xd8, 0xd5, 0xd5, 0xd3, 0xd3, 0xd3, 0xd2, 0xd0, 0xcf, 0xcf, 0xcc, 0xcc, 0xcb, 0xc9, 0xc9, 0xc7, 0xc7, 0xc6,
    0xc6, 0xc3, 0xc3, 0xc2, 0xc2, 0xc2, 0xbc, 0xbc, 0xbc, 0xba, 0xba, 0xba, 0xb9, 0xb9, 0xb9, 0xb9, 0xb9, 0xb8, 0xb8, 0xb8, 0xb8, 0xb8, 0xb0, 0xb3,
    0x5e, 0x5e, 0x64, 0x64, 0x6a, 0x6a, 0x6a, 0x6a, 0x6a, 0x5b, 0x52, 0x54, 0x5f, 0x57, 0x55, 0x55, 0x4e, 0x4e, 0x4e, 0x4e, 0x4e, 0x4e, 0x4e, 0x4e,
    0x4e, 0x4d, 0x4d, 0x4d, 0x4c, 0x4a, 0x49, 0x4c, 0x4c, 0x4c, 0x4d, 0x4d, 0x4d, 0x4e, 0x4e, 0x4e, 0x4e, 0x4e, 0x4e, 0x4e, 0x4e, 0x4e, 0x4e, 0x4e,
    0x4e, 0x4e, 0x4e, 0x4e, 0x4e, 0x4e, 0x4e, 0x4e, 0x4c, 0x4c, 0x4c, 0x4c, 0x4c, 0x4c, 0x4c, 0x4c, 0x39, 0x25, 0x2b, 0x43, 0x49, 0x49, 0x49, 0x49,
    0x49, 0x43, 0x43, 0x43, 0x49, 0x43, 0x43, 0x49, 0x38, 0x03, 0x5f, 0xfe, 0x58, 0x47, 0x51, 0x58, 0x58, 0x16, 0x0a, 0x17, 0x22, 0x19, 0x22, 0x30,
    0x30, 0x3c, 0x3c, 0x41, 0x3c, 0x44, 0x44, 0x44, 0x47, 0x47, 0x47, 0x44, 0x44, 0x44, 0x44, 0x44, 0x40, 0x40, 0x40, 0x40, 0x40, 0x3b, 0x3b, 0x3b,
    0x3b, 0x37, 0x37, 0x30, 0x35, 0x35, 0x35, 0x2c, 0x35, 0x2c, 0x2c, 0x2c, 0x2c, 0x2c, 0x27, 0x22, 0x28, 0x27, 0x28, 0x28, 0x27, 0x24, 0x24, 0x1d,
    0x15, 0x0b, 0x0b, 0x0b, 0x0b, 0x0b, 0x04, 0x20, 0x43, 0x33, 0xd6, 0xff, 0xff, 0xff, 0xff, 0xc5, 0x31, 0x31, 0x2e, 0x24, 0xc5, 0xff, 0xfe, 0xfe,
    0xfe, 0xfd, 0xd8, 0xb7, 0x7c, 0x5f, 0x5f, 0x5f, 0xb7, 0xd8, 0xfb, 0xfe, 0x3a, 0x04, 0x1b, 0x1b, 0x1c, 0x1c, 0x21, 0x21, 0x21, 0x2f, 0x3a, 0x42,
    0x48, 0x4f, 0x52, 0x56, 0x62, 0x83, 0x83, 0x83, 0x83, 0x83, 0x83, 0x83, 0x79, 0x79, 0x79, 0x79, 0x79, 0x79, 0x79, 0x79, 0x78, 0x78, 0x78, 0x78,
    0x78, 0x78, 0x78, 0x78, 0x78, 0x78, 0x78, 0x78, 0x78, 0x78, 0x78, 0x78, 0x7a, 0x7a, 0x7a, 0x7a, 0x7a, 0x7a, 0x7a, 0x85, 0x85, 0x85, 0x85, 0x85,
    0x8b, 0x8c, 0x8c, 0x8c, 0x93, 0x93, 0x93, 0x93, 0x93, 0x98, 0x98, 0x98, 0x99, 0x99, 0x99, 0x99, 0x99, 0x99, 0xa3, 0xa8, 0xa8, 0xa8, 0xa8, 0xa8,
    0xa7, 0xa8, 0xa8, 0xa8, 0xa5, 0xa7, 0xa7, 0xa8, 0xa8, 0xa7, 0xa8, 0xa5, 0xa8, 0xa7, 0xa5, 0xa5, 0xa7, 0xa7, 0xa5, 0xa2, 0xa4, 0xa4, 0xa4, 0xa4,
    0xa4, 0xa4, 0xa4, 0xa4, 0x9f, 0xa4, 0xa0, 0x9f, 0x9f, 0x9f, 0x9f, 0x9e, 0xa0, 0x9d, 0x9e, 0x9e, 0x9d, 0x9d, 0x9d, 0x9d, 0x9d, 0x9d, 0x9d, 0x9c,
    0x9e, 0x9d, 0x9c, 0xac, 0xab, 0xab, 0xab, 0xab, 0xab, 0xab, 0xab, 0xab, 0xab, 0xab, 0xab, 0xab, 0xab, 0xab, 0xab, 0xb4, 0xb4, 0xb4, 0xb4, 0xb4,
    0xb4, 0xb4, 0xb6, 0xb6, 0xb6, 0xbb, 0xbb, 0xbb, 0xbb, 0xbd, 0xbd, 0xbd, 0xbe, 0xbe, 0xc0, 0xc4, 0xc4, 0xc4, 0xc5, 0xc5, 0xc8, 0xc8, 0xc8, 0xcd,
    0xcd, 0xcd, 0xce, 0xce, 0xd2, 0xd2, 0xd2, 0xd4, 0xd6, 0xd6, 0xd7, 0xd7, 0xda, 0xda, 0xdb, 0xde, 0xde, 0xe4, 0xe4, 0xe4, 0xe4, 0xe6, 0xea, 0xea,
    0xef, 0xef, 0xf0, 0xf0, 0xf2, 0xf2, 0xf2, 0xf6, 0xf6, 0xf6, 0xf6, 0xf8, 0xf8, 0xf9, 0xf9, 0xf9, 0xf9, 0xf9, 0xf9, 0xf9, 0xf9, 0xf9, 0xf9, 0xf8,
    0xf8, 0xf8, 0xf8, 0xf8, 0xf8, 0xf7, 0xf7, 0xf7, 0xf7, 0xf7, 0xf5, 0xf5, 0xf5, 0xf1, 0xee, 0xee, 0xeb, 0xeb, 0xe8, 0xe7, 0xe5, 0xe3, 0xe3, 0xe1,
    0xe1, 0xdd, 0xdc, 0xd9, 0xd9, 0xd9, 0xd8, 0xd5, 0xd5, 0xd5, 0xd3, 0xd3, 0xd0, 0xd0, 0xcf, 0xcf, 0xcc, 0xcc, 0xcb, 0xcb, 0xc9, 0xc9, 0xc7, 0xc6,
    0xc6, 0xc6, 0xc3, 0xc2, 0xc2, 0xc2, 0xc2, 0xbc, 0xbc, 0xbc, 0xba, 0xba, 0xb9, 0xb9, 0xb9, 0xb9, 0xb9, 0xb8, 0xb8, 0xb8, 0xb8, 0xb8, 0xb8, 0xb0,
    0x5e, 0x64, 0x64, 0x64, 0x6a, 0x6a, 0x6a, 0x6a, 0x6a, 0x5b, 0x53, 0x57, 0x63, 0x5f, 0x55, 0x55, 0x55, 0x4e, 0x4e, 0x4e, 0x4e, 0x4e, 0x4e, 0x4e,
    0x4e, 0x4e, 0x4e, 0x4e, 0x4e, 0x49, 0x49, 0x4a, 0x4d, 0x4e, 0x4e, 0x4e, 0x4e, 0x4e, 0x4e, 0x4e, 0x4e, 0x4e, 0x4e, 0x4e, 0x4e, 0x4e, 0x4e, 0x4e,
    0x4e, 0x4e, 0x4e, 0x4e, 0x4e, 0x4e, 0x4c, 0x4c, 0x4c, 0x4c, 0x4c, 0x4c, 0x4c, 0x4c, 0x4c, 0x4a, 0x49, 0x3d, 0x43, 0x49, 0x49, 0x49, 0x49, 0x43,
    0x49, 0x43, 0x43, 0x43, 0x43, 0x43, 0x49, 0x43, 0x00, 0x53, 0xfe, 0x58, 0x47, 0x47, 0x51, 0x58, 0x58, 0x22, 0x0a, 0x17, 0x22, 0x17, 0x22, 0x2c,
    0x30, 0x3c, 0x3b, 0x3c, 0x2c, 0x41, 0x44, 0x44, 0x44, 0x47, 0x47, 0x44, 0x44, 0x44, 0x44, 0x44, 0x44, 0x3c, 0x3c, 0x40, 0x40, 0x3c, 0x3b, 0x3b,
    0x37, 0x37, 0x3b, 0x35, 0x2c, 0x35, 0x35, 0x2c, 0x2c, 0x2c, 0x2c, 0x2c, 0x2c, 0x2c, 0x28, 0x22, 0x27, 0x28, 0x28, 0x27, 0x27, 0x27, 0x24, 0x20,
    0x15, 0x0b, 0x0b, 0x0b, 0x04, 0x04, 0x07, 0x0d, 0x46, 0x46, 0x3f, 0xfc, 0xff, 0xff, 0xff, 0xcd, 0x33, 0x33, 0x38, 0x27, 0x42, 0xff, 0xfe, 0xfe,
    0xff, 0xfe, 0xeb, 0xb7, 0x7c, 0x5f, 0x5f, 0x5f, 0x7c, 0xca, 0xe3, 0xc9, 0xc6, 0x23, 0x18, 0x1f, 0x21, 0x1e, 0x21, 0x21, 0x23, 0x2f, 0x3a, 0x42,
    0x48, 0x4f, 0x52, 0x58, 0x62, 0x87, 0x83, 0x83, 0x83, 0x83, 0x83, 0x83, 0x79, 0x79, 0x79, 0x79, 0x79, 0x79, 0x79, 0x79, 0x78, 0x78, 0x78, 0x78,
    0x78, 0x78, 0x78, 0x78, 0x78, 0x78, 0x78, 0x78, 0x78, 0x78, 0x78, 0x78, 0x7a, 0x7a, 0x7a, 0x7a, 0x7a, 0x7a, 0x7a, 0x85, 0x85, 0x85, 0x85, 0x85,
    0x8b, 0x8c, 0x8c, 0x8c, 0x8c, 0x93, 0x93, 0x93, 0x93, 0x93, 0x98, 0x98, 0x99, 0x99, 0x99, 0x99, 0x99, 0x99, 0xa3, 0xa8, 0xa8, 0xa8, 0xa8, 0xa8,
    0xa7, 0xa8, 0xa8, 0xa8, 0xa5, 0xa7, 0xa7, 0xa8, 0xa8, 0xa7, 0xa8, 0xa5, 0xa7, 0xa7, 0xa5, 0xa5, 0xa7, 0xa7, 0xa5, 0xa2, 0xa4, 0xa4, 0xa4, 0xa4,
    0xa4, 0xa4, 0xa4, 0xa0, 0x9f, 0xa4, 0xa0, 0x9f, 0x9f, 0x9f, 0x9f, 0x9e, 0xa0, 0x9d, 0x9e, 0x9e, 0x9d, 0x9d, 0x9d, 0x9d, 0x9d, 0x9d, 0x9d, 0x9c,
    0x9e, 0x9d, 0x9c, 0xac, 0xab, 0xab, 0xab, 0xab, 0xab, 0xab, 0xab, 0xab, 0xab, 0xab, 0xab, 0xab, 0xab, 0xab, 0xb4, 0xb4, 0xb4, 0xb4, 0xb4, 0xb4,
    0xb4, 0xb4, 0xb6, 0xb6, 0xb6, 0xbb, 0xbb, 0xbb, 0xbb, 0xbd, 0xbd, 0xbd, 0xbe, 0xbe, 0xc0, 0xc4, 0xc4, 0xc4, 0xc5, 0xc5, 0xc8, 0xc8, 0xc8, 0xcd,
    0xcd, 0xce, 0xce, 0xce, 0xd2, 0xd2, 0xd2, 0xd4, 0xd6, 0xd6, 0xd7, 0xd7, 0xda, 0xda, 0xdb, 0xde, 0xde, 0xe4, 0xe4, 0xe4, 0xe4, 0xe6, 0xea, 0xea,
    0xef, 0xef, 0xf0, 0xf0, 0xf2, 0xf2, 0xf2, 0xf6, 0xf6, 0xf6, 0xf6, 0xf8, 0xf8, 0xf9, 0xf9, 0xf9, 0xf9, 0xf9, 0xf9, 0xf9, 0xf9, 0xf9, 0xf9, 0xf8,
    0xf8, 0xf8, 0xf8, 0xf8, 0xf8, 0xf7, 0xf7, 0xf7, 0xf7, 0xf7, 0xf5, 0xf5, 0xf5, 0xf1, 0xee, 0xee, 0xee, 0xeb, 0xe9, 0xe9, 0xe5, 0xe5, 0xe3, 0xe2,
    0xe1, 0xe1, 0xdc, 0xdb, 0xd9, 0xd9, 0xd7, 0xd5, 0xd5, 0xd5, 0xd3, 0xd3, 0xd3, 0xd2, 0xd0, 0xcf, 0xcf, 0xcc, 0xcc, 0xcb, 0xc9, 0xc9, 0xc7, 0xc7,
    0xc6, 0xc6, 0xc3, 0xc3, 0xc2, 0xc2, 0xc2, 0xbc, 0xbc, 0xbc, 0xba, 0xba, 0xba, 0xb9, 0xb9, 0xb9, 0xb9, 0xb9, 0xb8, 0xb8, 0xb8, 0xb8, 0xb8, 0xb8,
    0x64, 0x64, 0x64, 0x6a, 0x6a, 0x6a, 0x6a, 0x6a, 0x73, 0x5b, 0x54, 0x57, 0x63, 0x5f, 0x5f, 0x55, 0x4e, 0x4e, 0x55, 0x55, 0x55, 0x55, 0x55, 0x55,
    0x55, 0x55, 0x4e, 0x55, 0x4e, 0x49, 0x46, 0x4a, 0x4e, 0x4e, 0x4e, 0x4e, 0x4e, 0x4e, 0x55, 0x55, 0x4e, 0x4e, 0x4e, 0x4e, 0x4e, 0x4e, 0x4e, 0x4e,
    0x4e, 0x4e, 0x4e, 0x4e, 0x4e, 0x4e, 0x4c, 0x4c, 0x4c, 0x4c, 0x4c, 0x4c, 0x49, 0x4c, 0x4c, 0x49, 0x49, 0x49, 0x49, 0x49, 0x43, 0x49, 0x43, 0x43,
    0x49, 0x43, 0x43, 0x43, 0x49, 0x49, 0x49, 0x00, 0x4b, 0xff, 0x58, 0x47, 0x47, 0x51, 0x51, 0x58, 0x79, 0x22, 0x0a, 0x22, 0x19, 0x17, 0x22, 0x28,
    0x30, 0x3b, 0x3c, 0x3c, 0x37, 0x45, 0x44, 0x44, 0x47, 0x44, 0x44, 0x44, 0x44, 0x44, 0x44, 0x44, 0x44, 0x3c, 0x3b, 0x40, 0x40, 0x3c, 0x3b, 0x3b,
    0x3b, 0x3b, 0x3b, 0x37, 0x2c, 0x35, 0x35, 0x2c, 0x2c, 0x2c, 0x2c, 0x2c, 0x2c, 0x28, 0x2c, 0x27, 0x27, 0x28, 0x28, 0x27, 0x20, 0x20, 0x24, 0x22,
    0x1a, 0x0d, 0x0b, 0x0b, 0x0b, 0x0b, 0x0b, 0x07, 0x24, 0x55, 0x49, 0x4a, 0xff, 0xff, 0xff, 0xd6, 0x38, 0x33, 0x35, 0x37, 0x24, 0x56, 0xff, 0xfe,
    0xfe, 0xfe, 0xfe, 0xd8, 0x7c, 0x5f, 0x5f, 0x5f, 0x7c, 0xb7, 0xd8, 0xe3, 0xbc, 0x49, 0x08, 0x21, 0x21, 0x21, 0x23, 0x26, 0x2a, 0x36, 0x3a, 0x42,
    0x48, 0x4f, 0x52, 0x58, 0x62, 0x87, 0x83, 0x83, 0x83, 0x83, 0x83, 0x83, 0x83, 0x83, 0x79, 0x79, 0x79, 0x79, 0x79, 0x79, 0x79, 0x78, 0x78, 0x78,
    0x78, 0x78, 0x78, 0x78, 0x78, 0x78, 0x78, 0x78, 0x78, 0x78, 0x78, 0x78, 0x7a, 0x7a, 0x7a, 0x7a, 0x7a, 0x7a, 0x7a, 0x85, 0x85, 0x85, 0x85, 0x85,
    0x8b, 0x8c, 0x8c, 0x8c, 0x8c, 0x93, 0x93, 0x93, 0x93, 0x93, 0x94, 0x94, 0x99, 0x99, 0x99, 0x99, 0x99, 0x99, 0xa3, 0xa8, 0xa8, 0xa8, 0xa8, 0xa7,
    0xa7, 0xa8, 0xa8, 0xa8, 0xa5, 0xa7, 0xa7, 0xa8, 0xa7, 0xa7, 0xa5, 0xa5, 0xa7, 0xa7, 0xa5, 0xa5, 0xa7, 0xa7, 0xa5, 0xa2, 0xa4, 0xa4, 0xa4, 0xa4,
    0xa4, 0xa4, 0xa4, 0xa0, 0x9f, 0xa4, 0xa0, 0x9f, 0x9f, 0x9f, 0x9f, 0x9e, 0xa0, 0x9d, 0x9e, 0x9e, 0x9e, 0x9d, 0x9d, 0x9d, 0x9d, 0x9d, 0x9e, 0x9c,
    0xac, 0x9d, 0x9c, 0xac, 0xab, 0xab, 0xab, 0xab, 0xab, 0xab, 0xab, 0xab, 0xab, 0xab, 0xab, 0xab, 0xab, 0xab, 0xb4, 0xb4, 0xb4, 0xb4, 0xb4, 0xb4,
    0xb4, 0xb4, 0xb6, 0xb6, 0xbb, 0xbb, 0xbb, 0xbb, 0xbd, 0xbd, 0xbd, 0xbe, 0xbe, 0xc0, 0xc0, 0xc4, 0xc4, 0xc4, 0xc5, 0xc8, 0xc8, 0xc8, 0xc8, 0xcd,
    0xcd, 0xce, 0xce, 0xce, 0xd2, 0xd2, 0xd2, 0xd4, 0xd6, 0xd6, 0xd7, 0xd7, 0xda, 0xda, 0xdb, 0xde, 0xde, 0xe4, 0xe4, 0xe4, 0xe4, 0xe6, 0xe6, 0xea,
    0xea, 0xef, 0xf0, 0xf0, 0xf0, 0xf2, 0xf2, 0xf6, 0xf6, 0xf6, 0xf6, 0xf6, 0xf8, 0xf9, 0xf9, 0xf9, 0xf9, 0xf9, 0xf9, 0xf9, 0xf9, 0xf9, 0xf9, 0xf8,
    0xf8, 0xf8, 0xf8, 0xf8, 0xf8, 0xf7, 0xf7, 0xf7, 0xf7, 0xf7, 0xf5, 0xf5, 0xf5, 0xf1, 0xf1, 0xee, 0xee, 0xeb, 0xeb, 0xe9, 0xe7, 0xe5, 0xe3, 0xe3,
    0xe1, 0xe1, 0xdd, 0xdb, 0xd9, 0xd9, 0xd9, 0xd8, 0xd5, 0xd5, 0xd5, 0xd3, 0xd3, 0xd2, 0xd0, 0xcf, 0xcf, 0xcc, 0xcc, 0xcb, 0xcb, 0xc9, 0xc7, 0xc7,
    0xc6, 0xc6, 0xc3, 0xc3, 0xc2, 0xc2, 0xc2, 0xc2, 0xbc, 0xbc, 0xbc, 0xba, 0xba, 0xb9, 0xb9, 0xb9, 0xb9, 0xb9, 0xb8, 0xb8, 0xb8, 0xb8, 0xb8, 0xb8,
    0x64, 0x64, 0x64, 0x6a, 0x6a, 0x6a, 0x6a, 0x6a, 0x73, 0x5b, 0x54, 0x57, 0x63, 0x5f, 0x5f, 0x55, 0x4a, 0x4c, 0x55, 0x55, 0x55, 0x55, 0x55, 0x55,
    0x55, 0x55, 0x55, 0x55, 0x55, 0x4c, 0x4c, 0x4e, 0x55, 0x55, 0x55, 0x55, 0x55, 0x55, 0x55, 0x55, 0x4e, 0x55, 0x4e, 0x4e, 0x4e, 0x4e, 0x4e, 0x4e,
    0x4e, 0x4e, 0x4e, 0x4c, 0x4c, 0x4c, 0x4c, 0x4c, 0x4c, 0x4c, 0x4c, 0x4c, 0x4c, 0x4c, 0x49, 0x49, 0x49, 0x49, 0x49, 0x49, 0x43, 0x49, 0x43, 0x43,
    0x43, 0x43, 0x49, 0x43, 0x49, 0x4a, 0x0c, 0x45, 0xff, 0x6d, 0x47, 0x47, 0x51, 0x51, 0x51, 0x58, 0x84, 0x22, 0x0a, 0x22, 0x16, 0x16, 0x22, 0x28,
    0x30, 0x3b, 0x3b, 0x41, 0x41, 0x44, 0x44, 0x44, 0x44, 0x44, 0x44, 0x44, 0x44, 0x44, 0x44, 0x44, 0x40, 0x40, 0x3b, 0x3b, 0x40, 0x3c, 0x3b, 0x3c,
    0x2c, 0x3f, 0x3b, 0x37, 0x35, 0x2c, 0x30, 0x30, 0x35, 0x28, 0x28, 0x2c, 0x28, 0x28, 0x28, 0x28, 0x28, 0x27, 0x28, 0x27, 0x1d, 0x1d, 0x22, 0x24,
    0x20, 0x1a, 0x0b, 0x0b, 0x04, 0x0b, 0x0b, 0x04, 0x20, 0x50, 0x50, 0x4b, 0xfd, 0xff, 0xff, 0xf9, 0x3f, 0x35, 0x35, 0x37, 0x37, 0x2e, 0xda, 0xff,
    0xfe, 0xfe, 0xfe, 0xfb, 0xb7, 0x7c, 0x5f, 0x5f, 0x7c, 0x7c, 0xca, 0xeb, 0xfd, 0x46, 0x18, 0x1e, 0x21, 0x23, 0x23, 0x24, 0x2a, 0x36, 0x3a, 0x42,
    0x4b, 0x4f, 0x53, 0x58, 0x66, 0x87, 0x87, 0x83, 0x83, 0x83, 0x83, 0x83, 0x83, 0x83, 0x83, 0x79, 0x79, 0x79, 0x79, 0x79, 0x79, 0x79, 0x78, 0x78,
    0x78, 0x78, 0x78, 0x78, 0x78, 0x78, 0x78, 0x78, 0x78, 0x78, 0x78, 0x78, 0x7a, 0x7a, 0x7a, 0x7a, 0x7a, 0x7a, 0x7a, 0x85, 0x85, 0x85, 0x85, 0x85,
    0x8b, 0x8c, 0x8c, 0x8c, 0x8c, 0x93, 0x93, 0x93, 0x93, 0x93, 0x94, 0x94, 0x95, 0x95, 0x99, 0x99, 0x99, 0x99, 0xa3, 0xa8, 0xa8, 0xa8, 0xa7, 0xa7,
    0xa7, 0xa8, 0xa8, 0xa8, 0xa5, 0xa7, 0xa7, 0xa8, 0xa7, 0xa7, 0xa5, 0xa5, 0xa7, 0xa7, 0xa5, 0xa5, 0xa7, 0xa7, 0xa5, 0xa2, 0xa4, 0xa4, 0xa4, 0xa4,
    0xa4, 0xa4, 0xa4, 0xa0, 0x9f, 0xa4, 0xa0, 0x9f, 0x9f, 0x9f, 0x9f, 0x9e, 0xa0, 0x9d, 0x9e, 0x9e, 0x9e, 0x9d, 0x9d, 0x9d, 0x9d, 0x9d, 0x9e, 0x9c,
    0xac, 0x9d, 0x9c, 0xac, 0xab, 0xab, 0xab, 0xab, 0xab, 0xab, 0xab, 0xac, 0xab, 0xab, 0xab, 0xab, 0xab, 0xab, 0xb4, 0xb4, 0xb4, 0xb4, 0xb4, 0xb4,
    0xb4, 0xb6, 0xb6, 0xb6, 0xbb, 0xbb, 0xbb, 0xbb, 0xbd, 0xbd, 0xbd, 0xbe, 0xbe, 0xc0, 0xc0, 0xc4, 0xc4, 0xc5, 0xc5, 0xc8, 0xc8, 0xc8, 0xc8, 0xcd,
    0xcd, 0xce, 0xce, 0xce, 0xd2, 0xd2, 0xd2, 0xd4, 0xd6, 0xd6, 0xd7, 0xd7, 0xda, 0xda, 0xdb, 0xde, 0xde, 0xe4, 0xe4, 0xe4, 0xe4, 0xe6, 0xe6, 0xea,
    0xea, 0xef, 0xf0, 0xf0, 0xf0, 0xf2, 0xf2, 0xf2, 0xf6, 0xf6, 0xf6, 0xf6, 0xf8, 0xf9, 0xf9, 0xf9, 0xf9, 0xf9, 0xf9, 0xf9, 0xf9, 0xf9, 0xf9, 0xf8,
    0xf8, 0xf8, 0xf8, 0xf8, 0xf8, 0xf8, 0xf7, 0xf7, 0xf7, 0xf7, 0xf5, 0xf5, 0xf5, 0xf5, 0xf1, 0xee, 0xee, 0xeb, 0xeb, 0xe8, 0xe7, 0xe5, 0xe3, 0xe3,
    0xe2, 0xe1, 0xdd, 0xdc, 0xdb, 0xd9, 0xd9, 0xd8, 0xd5, 0xd5, 0xd5, 0xd3, 0xd3, 0xd0, 0xd0, 0xd0, 0xcf, 0xcf, 0xcc, 0xcc, 0xcb, 0xc9, 0xc9, 0xc7,
    0xc6, 0xc6, 0xc6, 0xc3, 0xc2, 0xc2, 0xc2, 0xc2, 0xbc, 0xbc, 0xbc, 0xba, 0xba, 0xb9, 0xb9, 0xb9, 0xb9, 0xb9, 0xb9, 0xb8, 0xb8, 0xb8, 0xb8, 0xb8,
    0x64, 0x64, 0x6a, 0x6a, 0x6a, 0x6a, 0x6a, 0x73, 0x73, 0x5b, 0x54, 0x57, 0x68, 0x63, 0x5f, 0x55, 0x43, 0x43, 0x55, 0x55, 0x55, 0x55, 0x55, 0x55,
    0x55, 0x55, 0x55, 0x55, 0x55, 0x55, 0x55, 0x55, 0x55, 0x55, 0x55, 0x55, 0x55, 0x55, 0x55, 0x55, 0x55, 0x55, 0x4e, 0x4e, 0x4e, 0x4e, 0x4e, 0x4e,
    0x4e, 0x4e, 0x4c, 0x4c, 0x4c, 0x4c, 0x4c, 0x4c, 0x4c, 0x4c, 0x4c, 0x4c, 0x4c, 0x4c, 0x49, 0x49, 0x49, 0x49, 0x49, 0x49, 0x49, 0x49, 0x43, 0x43,
    0x43, 0x43, 0x43, 0x49, 0x4d, 0x1c, 0x37, 0xff, 0xc0, 0x47, 0x47, 0x47, 0x47, 0x51, 0x51, 0x58, 0x84, 0x22, 0x0a, 0x19, 0x16, 0x22, 0x22, 0x28,
    0x37, 0x30, 0x3c, 0x41, 0x41, 0x41, 0x44, 0x44, 0x44, 0x44, 0x44, 0x44, 0x44, 0x44, 0x44, 0x40, 0x41, 0x40, 0x40, 0x2c, 0x40, 0x40, 0x3b, 0x40,
    0x28, 0x2c, 0x3b, 0x37, 0x37, 0x2c, 0x2c, 0x2c, 0x35, 0x2c, 0x22, 0x28, 0x2c, 0x27, 0x27, 0x28, 0x28, 0x28, 0x28, 0x27, 0x1d, 0x1a, 0x1d, 0x24,
    0x27, 0x1d, 0x15, 0x0d, 0x0b, 0x04, 0x0b, 0x04, 0x20, 0x50, 0x50, 0x72, 0xec, 0xff, 0xff, 0xfe, 0x40, 0x35, 0x3f, 0x3b, 0x3b, 0x37, 0x3f, 0xfe,
    0xff, 0xfe, 0xfe, 0xfe, 0xd0, 0x7c, 0x5f, 0x55, 0x5f, 0x7c, 0xb7, 0xca, 0xeb, 0xfe, 0x3a, 0x0c, 0x26, 0x23, 0x24, 0x24, 0x2a, 0x36, 0x43, 0x46,
    0x4b, 0x4f, 0x53, 0x58, 0x66, 0x87, 0x87, 0x83, 0x83, 0x83, 0x83, 0x83, 0x83, 0x83, 0x83, 0x83, 0x79, 0x79, 0x79, 0x79, 0x79, 0x79, 0x78, 0x78,
    0x78, 0x78, 0x78, 0x78, 0x78, 0x78, 0x78, 0x78, 0x78, 0x78, 0x78, 0x78, 0x7a, 0x7a, 0x7a, 0x7a, 0x7a, 0x7a, 0x7a, 0x85, 0x85, 0x85, 0x85, 0x85,
    0x8b, 0x8c, 0x8c, 0x8c, 0x8c, 0x8c, 0x93, 0x93, 0x93, 0x93, 0x94, 0x94, 0x95, 0x95, 0x99, 0x99, 0x99, 0x99, 0x99, 0x99, 0xa8, 0xa7, 0xa7, 0xa7,
    0xa7, 0xa8, 0xa8, 0xa7, 0xa5, 0xa7, 0xa7, 0xa8, 0xa7, 0xa7, 0xa5, 0xa5, 0xa7, 0xa7, 0xa5, 0xa5, 0xa7, 0xa4, 0xa5, 0xa2, 0xa4, 0xa4, 0xa4, 0xa4,
    0xa4, 0xa4, 0xa4, 0xa0, 0x9f, 0xa4, 0xa0, 0x9f, 0x9f, 0x9f, 0x9f, 0x9e, 0xa0, 0x9d, 0x9e, 0x9e, 0x9e, 0x9d, 0x9d, 0x9d, 0x9d, 0x9d, 0x9e, 0x9d,
    0xac, 0x9d, 0x9d, 0xac, 0xab, 0xab, 0xab, 0xab, 0xab, 0xab, 0xab, 0xac, 0xac, 0xab, 0xab, 0xab, 0xab, 0xab, 0xb4, 0xb4, 0xb4, 0xb4, 0xb4, 0xb4,
    0xb4, 0xb6, 0xb6, 0xb6, 0xbb, 0xbb, 0xbb, 0xbb, 0xbd, 0xbd, 0xbd, 0xbe, 0xbe, 0xc0, 0xc0, 0xc4, 0xc4, 0xc5, 0xc5, 0xc8, 0xc8, 0xc8, 0xcd, 0xcd,
    0xcd, 0xce, 0xce, 0xce, 0xd2, 0xd2, 0xd2, 0xd4, 0xd6, 0xd6, 0xd7, 0xd7, 0xda, 0xda, 0xdb, 0xde, 0xde, 0xe4, 0xe4, 0xe4, 0xe4, 0xe6, 0xe6, 0xea,
    0xea, 0xef, 0xef, 0xf0, 0xf0, 0xf2, 0xf2, 0xf2, 0xf6, 0xf6, 0xf6, 0xf6, 0xf6, 0xf8, 0xf9, 0xf9, 0xf9, 0xf9, 0xf9, 0xf9, 0xf9, 0xf9, 0xf9, 0xf8,
    0xf8, 0xf8, 0xf8, 0xf8, 0xf8, 0xf8, 0xf7, 0xf7, 0xf7, 0xf7, 0xf5, 0xf5, 0xf5, 0xf5, 0xf1, 0xee, 0xee, 0xee, 0xeb, 0xe9, 0xe9, 0xe5, 0xe5, 0xe3,
    0xe2, 0xe1, 0xe1, 0xdc, 0xdb, 0xd9, 0xd9, 0xd9, 0xd8, 0xd5, 0xd5, 0xd3, 0xd3, 0xd3, 0xd2, 0xd0, 0xcf, 0xcf, 0xcc, 0xcc, 0xcb, 0xc9, 0xc9, 0xc7,
    0xc7, 0xc6, 0xc6, 0xc3, 0xc3, 0xc2, 0xc2, 0xc2, 0xc1, 0xbc, 0xbc, 0xba, 0xba, 0xba, 0xb9, 0xb9, 0xb9, 0xb9, 0xb9, 0xb8, 0xb8, 0xb8, 0xb8, 0xb8,
    0x64, 0x64, 0x6a, 0x6a, 0x6a, 0x6a, 0x6a, 0x73, 0x73, 0x5b, 0x54, 0x59, 0x72, 0x63, 0x63, 0x55, 0x49, 0x49, 0x55, 0x5f, 0x5f, 0x5f, 0x5f, 0x55,
    0x5f, 0x5f, 0x5f, 0x5f, 0x55, 0x55, 0x55, 0x55, 0x55, 0x55, 0x55, 0x55, 0x55, 0x55, 0x55, 0x55, 0x55, 0x55, 0x4e, 0x4e, 0x4e, 0x4e, 0x4e, 0x4e,
    0x4e, 0x4e, 0x4c, 0x4c, 0x4c, 0x4c, 0x4c, 0x4c, 0x4c, 0x4c, 0x4c, 0x4c, 0x4c, 0x4c, 0x4c, 0x49, 0x49, 0x49, 0x49, 0x49, 0x49, 0x49, 0x43, 0x43,
    0x43, 0x49, 0x49, 0x4c, 0x24, 0x22, 0xfe, 0xf2, 0x47, 0x47, 0x47, 0x47, 0x47, 0x51, 0x58, 0x58, 0x84, 0x22, 0x0a, 0x19, 0x17, 0x22, 0x17, 0x28,
    0x30, 0x28, 0x3c, 0x3b, 0x45, 0x41, 0x44, 0x44, 0x44, 0x44, 0x44, 0x44, 0x44, 0x40, 0x40, 0x40, 0x41, 0x40, 0x40, 0x37, 0x35, 0x3b, 0x3b, 0x3b,
    0x3b, 0x28, 0x37, 0x37, 0x35, 0x35, 0x2c, 0x35, 0x35, 0x35, 0x22, 0x27, 0x2c, 0x28, 0x27, 0x27, 0x28, 0x28, 0x28, 0x28, 0x17, 0x15, 0x1d, 0x20,
    0x27, 0x2b, 0x20, 0x1a, 0x0d, 0x0b, 0x07, 0x04, 0x1d, 0x50, 0x55, 0x55, 0xfa, 0xff, 0xff, 0xff, 0x48, 0x35, 0x3f, 0x3b, 0x3b, 0x40, 0x37, 0x41,
    0xff, 0xff, 0xfe, 0xfe, 0xd8, 0xb7, 0x5f, 0x5f, 0x5f, 0x7c, 0xb7, 0xb7, 0xd1, 0xd8, 0xb7, 0x24, 0x1e, 0x24, 0x24, 0x2a, 0x2f, 0x39, 0x43, 0x46,
    0x48, 0x4f, 0x56, 0x58, 0x66, 0x87, 0x87, 0x87, 0x83, 0x83, 0x83, 0x83, 0x83, 0x83, 0x83, 0x83, 0x79, 0x79, 0x79, 0x79, 0x79, 0x79, 0x78, 0x79,
    0x78, 0x78, 0x78, 0x78, 0x78, 0x78, 0x78, 0x78, 0x78, 0x78, 0x78, 0x78, 0x7a, 0x7a, 0x7a, 0x7a, 0x7a, 0x7a, 0x7a, 0x85, 0x85, 0x85, 0x85, 0x85,
    0x8b, 0x8b, 0x8c, 0x8c, 0x8c, 0x8c, 0x93, 0x93, 0x93, 0x93, 0x94, 0x94, 0x95, 0x95, 0x99, 0x99, 0x99, 0x99, 0x99, 0x99, 0x99, 0xa7, 0xa7, 0xa7,
    0xa7, 0xa8, 0xa7, 0xa5, 0xa5, 0xa7, 0xa7, 0xa8, 0xa7, 0xa7, 0xa5, 0xa5, 0xa7, 0xa7, 0xa5, 0xa5, 0xa7, 0xa4, 0xa5, 0xa2, 0xa4, 0xa4, 0xa4, 0xa4,
    0xa4, 0xa4, 0xa4, 0xa0, 0x9f, 0xa4, 0xa0, 0x9f, 0x9f, 0x9f, 0x9f, 0x9e, 0xa0, 0x9f, 0x9e, 0x9e, 0x9e, 0x9d, 0x9d, 0x9d, 0x9d, 0x9d, 0x9e, 0x9d,
    0xac, 0xac, 0x9d, 0xac, 0xac, 0xab, 0xab, 0xac, 0xab, 0xab, 0xab, 0xac, 0xac, 0xab, 0xab, 0xac, 0xb4, 0xb4, 0xb4, 0xb4, 0xb4, 0xb4, 0xb4, 0xb4,
    0xb6, 0xb6, 0xb6, 0xbb, 0xbb, 0xbb, 0xbb, 0xbb, 0xbd, 0xbd, 0xbd, 0xbe, 0xbe, 0xc0, 0xc0, 0xc4, 0xc4, 0xc5, 0xc5, 0xc8, 0xc8, 0xc8, 0xcd, 0xcd,
    0xcd, 0xce, 0xce, 0xce, 0xd2, 0xd2, 0xd2, 0xd4, 0xd6, 0xd6, 0xd7, 0xd7, 0xda, 0xda, 0xdb, 0xde, 0xde, 0xe4, 0xe4, 0xe4, 0xe4, 0xe6, 0xe6, 0xea,
    0xea, 0xef, 0xef, 0xf0, 0xf0, 0xf2, 0xf2, 0xf2, 0xf2, 0xf6, 0xf6, 0xf6, 0xf6, 0xf8, 0xf9, 0xf9, 0xf9, 0xf9, 0xf9, 0xf9, 0xf9, 0xf9, 0xf9, 0xf8,
    0xf8, 0xf8, 0xf8, 0xf8, 0xf8, 0xf8, 0xf7, 0xf7, 0xf7, 0xf7, 0xf7, 0xf5, 0xf5, 0xf5, 0xf1, 0xf1, 0xee, 0xee, 0xeb, 0xeb, 0xe9, 0xe7, 0xe5, 0xe3,
    0xe3, 0xe1, 0xe1, 0xdd, 0xdb, 0xd9, 0xd9, 0xd9, 0xd8, 0xd5, 0xd5, 0xd5, 0xd3, 0xd3, 0xd0, 0xd0, 0xcf, 0xcf, 0xcc, 0xcc, 0xcb, 0xcb, 0xc9, 0xc9,
    0xc7, 0xc6, 0xc6, 0xc3, 0xc3, 0xc2, 0xc2, 0xc2, 0xc2, 0xbc, 0xbc, 0xbc, 0xba, 0xba, 0xb9, 0xb9, 0xb9, 0xb9, 0xb9, 0xb8, 0xb8, 0xb8, 0xb8, 0xb8,
    0x64, 0x6a, 0x6a, 0x6a, 0x6a, 0x6a, 0x6a, 0x73, 0x73, 0x5b, 0x54, 0x59, 0x76, 0x68, 0x7c, 0x63, 0x55, 0x55, 0x5f, 0x5f, 0x5f, 0x5f, 0x5f, 0x5f,
    0x5f, 0x5f, 0x5f, 0x5f, 0x5f, 0x5f, 0x5f, 0x5f, 0x55, 0x55, 0x55, 0x55, 0x55, 0x55, 0x55, 0x55, 0x55, 0x55, 0x55, 0x55, 0x4e, 0x4e, 0x4e, 0x4e,
    0x4c, 0x4c, 0x4a, 0x4c, 0x4c, 0x4c, 0x4c, 0x4c, 0x4c, 0x4c, 0x4c, 0x4c, 0x4c, 0x4c, 0x4c, 0x49, 0x49, 0x49, 0x49, 0x49, 0x49, 0x49, 0x49, 0x49,
    0x49, 0x43, 0x4c, 0x39, 0x04, 0xd6, 0xfe, 0x47, 0x47, 0x47, 0x47, 0x47, 0x47, 0x51, 0x58, 0x58, 0x84, 0x28, 0x0a, 0x17, 0x19, 0x22, 0x17, 0x28,
    0x28, 0x27, 0x3c, 0x37, 0x44, 0x41, 0x41, 0x44, 0x44, 0x44, 0x44, 0x44, 0x47, 0x45, 0x40, 0x44, 0x41, 0x40, 0x40, 0x40, 0x3b, 0x3b, 0x3c, 0x3b,
    0x3b, 0x35, 0x37, 0x3b, 0x37, 0x35, 0x2c, 0x35, 0x2c, 0x35, 0x28, 0x28, 0x28, 0x2c, 0x27, 0x27, 0x28, 0x28, 0x28, 0x28, 0x24, 0x10, 0x1a, 0x20,
    0x27, 0x31, 0x2b, 0x2a, 0x24, 0x1d, 0x1a, 0x1a, 0x31, 0x4e, 0x55, 0x5f, 0x72, 0xff, 0xff, 0xff, 0x4f, 0x37, 0x40, 0x40, 0x40, 0x40, 0x44, 0x3c,
    0x45, 0xff, 0xfe, 0xff, 0xfd, 0xb7, 0x5f, 0x5f, 0x5f, 0x5f, 0xb7, 0xb7, 0xc6, 0xd8, 0x7d, 0x2a, 0x20, 0x2a, 0x26, 0x2a, 0x2d, 0x3a, 0x43, 0x46,
    0x4b, 0x4f, 0x56, 0x58, 0x66, 0x87, 0x87, 0x87, 0x87, 0x83, 0x83, 0x83, 0x83, 0x83, 0x83, 0x83, 0x83, 0x79, 0x79, 0x79, 0x79, 0x79, 0x79, 0x79,
    0x78, 0x78, 0x78, 0x78, 0x78, 0x78, 0x78, 0x78, 0x78, 0x78, 0x78, 0x7a, 0x7a, 0x7a, 0x7a, 0x7a, 0x7a, 0x7a, 0x7a, 0x85, 0x85, 0x85, 0x85, 0x85,
    0x85, 0x8b, 0x8c, 0x8c, 0x8c, 0x8c, 0x93, 0x93, 0x93, 0x93, 0x94, 0x94, 0x95, 0x95, 0x99, 0x99, 0x99, 0x99, 0x99, 0x99, 0x99, 0xa7, 0xa7, 0xa7,
    0xa7, 0xa7, 0xa7, 0xa5, 0xa5, 0xa7, 0xa7, 0xa8, 0xa7, 0xa7, 0xa5, 0xa5, 0xa7, 0xa4, 0xa5, 0xa5, 0xa7, 0xa4, 0xa5, 0xa2, 0xa4, 0xa4, 0xa4, 0xa4,
    0xa4, 0xa4, 0xa4, 0xa0, 0x9f, 0xa4, 0xa0, 0x9f, 0x9f, 0x9f, 0x9f, 0x9e, 0xa0, 0x9f, 0x9e, 0x9e, 0x9e, 0x9d, 0x9d, 0x9d, 0x9d, 0x9d, 0x9e, 0x9d,
    0xac, 0xac, 0x9d, 0xac, 0xac, 0xab, 0xab, 0xac, 0xab, 0xab, 0xab, 0xac, 0xac, 0xac, 0xab, 0xac, 0xb4, 0xb4, 0xb4, 0xb4, 0xb4, 0xb4, 0xb4, 0xb4,
    0xb6, 0xb6, 0xb6, 0xbb, 0xbb, 0xbb, 0xbb, 0xbd, 0xbd, 0xbd, 0xbe, 0xbe, 0xc0, 0xc0, 0xc4, 0xc4, 0xc4, 0xc5, 0xc8, 0xc8, 0xc8, 0xc8, 0xcd, 0xcd,
    0xcd, 0xce, 0xce, 0xce, 0xd2, 0xd2, 0xd2, 0xd4, 0xd6, 0xd6, 0xd7, 0xda, 0xda, 0xda, 0xdb, 0xde, 0xde, 0xe4, 0xe4, 0xe4, 0xe4, 0xe6, 0xe6, 0xea,
    0xea, 0xef, 0xef, 0xf0, 0xf0, 0xf0, 0xf2, 0xf2, 0xf2, 0xf6, 0xf6, 0xf6, 0xf6, 0xf6, 0xf9, 0xf9, 0xf9, 0xf9, 0xf9, 0xf9, 0xf9, 0xf9, 0xf9, 0xf9,
    0xf8, 0xf8, 0xf8, 0xf8, 0xf8, 0xf8, 0xf7, 0xf7, 0xf7, 0xf7, 0xf7, 0xf5, 0xf5, 0xf5, 0xf1, 0xf1, 0xee, 0xee, 0xeb, 0xeb, 0xe8, 0xe7, 0xe5, 0xe3,
    0xe3, 0xe2, 0xe1, 0xdd, 0xdc, 0xd9, 0xd9, 0xd9, 0xd8, 0xd5, 0xd5, 0xd5, 0xd3, 0xd3, 0xd0, 0xd0, 0xd0, 0xcf, 0xcf, 0xcc, 0xcc, 0xcb, 0xc9, 0xc9,
    0xc7, 0xc6, 0xc6, 0xc6, 0xc3, 0xc2, 0xc2, 0xc2, 0xc2, 0xbc, 0xbc, 0xbc, 0xba, 0xba, 0xba, 0xb9, 0xb9, 0xb9, 0xb9, 0xb9, 0xb8, 0xb8, 0xb8, 0xb8,
    0x64, 0x6a, 0x6a, 0x6a, 0x6a, 0x6a, 0x73, 0x73, 0x73, 0x5b, 0x54, 0x5c, 0x80, 0x72, 0x7c, 0x7c, 0x7c, 0x7c, 0x7c, 0x63, 0x5f, 0x5f, 0x5f, 0x5f,
    0x5f, 0x5f, 0x5f, 0x5f, 0x5f, 0x5f, 0x5f, 0x5f, 0x55, 0x55, 0x55, 0x55, 0x55, 0x55, 0x55, 0x55, 0x55, 0x55, 0x55, 0x55, 0x4e, 0x4e, 0x4e, 0x4e,
    0x4a, 0x43, 0x3d, 0x43, 0x4c, 0x4c, 0x4c, 0x4c, 0x4c, 0x4c, 0x4c, 0x4c, 0x4c, 0x4c, 0x4c, 0x49, 0x49, 0x49, 0x49, 0x49, 0x49, 0x49, 0x49, 0x49,
    0x49, 0x49, 0x46, 0x06, 0x57, 0xff, 0x51, 0x3c, 0x47, 0x47, 0x47, 0x47, 0x51, 0x58, 0x58, 0x58, 0x84, 0x30, 0x0a, 0x19, 0x19, 0x22, 0x22, 0x27,
    0x28, 0x28, 0x41, 0x3b, 0x45, 0x41, 0x3c, 0x41, 0x44, 0x44, 0x44, 0x44, 0x44, 0x44, 0x44, 0x44, 0x40, 0x40, 0x40, 0x3c, 0x3c, 0x3b, 0x3b, 0x3b,
    0x3b, 0x3b, 0x35, 0x37, 0x35, 0x35, 0x2c, 0x2c, 0x35, 0x2c, 0x2c, 0x28, 0x28, 0x2c, 0x27, 0x24, 0x28, 0x28, 0x28, 0x28, 0x28, 0x1d, 0x1a, 0x1d,
    0x27, 0x2e, 0x31, 0x31, 0x32, 0x32, 0x38, 0x3f, 0x49, 0x4c, 0x5f, 0xb7, 0x5f, 0xff, 0xff, 0xff, 0x56, 0x3c, 0x44, 0x40, 0x40, 0x40, 0x44, 0x40,
    0x37, 0xea, 0xff, 0xfe, 0xfe, 0xcb, 0x7c, 0x5f, 0x5f, 0x5f, 0xb7, 0xca, 0xb7, 0xd8, 0xd8, 0x2f, 0x1e, 0x2b, 0x2a, 0x2a, 0x36, 0x3a, 0x42, 0x46,
    0x4b, 0x50, 0x56, 0x58, 0x66, 0x87, 0x87, 0x87, 0x87, 0x83, 0x83, 0x83, 0x83, 0x83, 0x83, 0x83, 0x83, 0x83, 0x79, 0x79, 0x79, 0x79, 0x79, 0x79,
    0x78, 0x78, 0x78, 0x78, 0x78, 0x78, 0x78, 0x78, 0x78, 0x78, 0x7a, 0x7a, 0x7a, 0x7a, 0x7a, 0x7a, 0x7a, 0x7a, 0x7a, 0x85, 0x85, 0x85, 0x85, 0x85,
    0x85, 0x8b, 0x8b, 0x8c, 0x8c, 0x8c, 0x93, 0x93, 0x93, 0x93, 0x94, 0x94, 0x95, 0x95, 0x99, 0x99, 0x99, 0x99, 0x99, 0x99, 0x99, 0xa7, 0xa7, 0xa7,
    0xa7, 0xa7, 0xa5, 0xa5, 0xa5, 0xa7, 0xa7, 0xa5, 0xa7, 0xa5, 0xa5, 0xa5, 0xa7, 0xa4, 0xa5, 0xa5, 0xa7, 0xa4, 0xa2, 0xa2, 0xa4, 0xa4, 0xa4, 0xa4,
    0xa4, 0xa4, 0xa4, 0x9f, 0x9f, 0xa4, 0xa0, 0x9f, 0x9f, 0x9f, 0x9f, 0x9e, 0xa0, 0x9f, 0x9e, 0x9e, 0x9e, 0x9d, 0x9d, 0x9d, 0x9d, 0x9d, 0x9e, 0x9d,
    0xac, 0xac, 0x9d, 0xac, 0xac, 0xab, 0xab, 0xac, 0xab, 0xab, 0xab, 0xac, 0xac, 0xac, 0xac, 0xac, 0xb4, 0xb4, 0xb4, 0xb4, 0xb4, 0xb4, 0xb4, 0xb4,
    0xb6, 0xb6, 0xbb, 0xbb, 0xbb, 0xbb, 0xbb, 0xbd, 0xbd, 0xbd, 0xbe, 0xbe, 0xc0, 0xc0, 0xc4, 0xc4, 0xc4, 0xc5, 0xc8, 0xc8, 0xc8, 0xc8, 0xcd, 0xcd,
    0xcd, 0xce, 0xce, 0xce, 0xd2, 0xd2, 0xd2, 0xd4, 0xd6, 0xd6, 0xd7, 0xda, 0xda, 0xda, 0xdb, 0xde, 0xde, 0xe4, 0xe4, 0xe4, 0xe4, 0xe6, 0xe6, 0xea,
    0xea, 0xef, 0xef, 0xf0, 0xf0, 0xf0, 0xf2, 0xf2, 0xf2, 0xf6, 0xf6, 0xf6, 0xf6, 0xf6, 0xf8, 0xf9, 0xf9, 0xf9, 0xf9, 0xf9, 0xf8, 0xf9, 0xf9, 0xf9,
    0xf8, 0xf8, 0xf8, 0xf8, 0xf8, 0xf8, 0xf7, 0xf7, 0xf7, 0xf7, 0xf7, 0xf5, 0xf5, 0xf5, 0xf1, 0xf1, 0xee, 0xee, 0xeb, 0xeb, 0xe9, 0xe7, 0xe5, 0xe3,
    0xe3, 0xe2, 0xe1, 0xdd, 0xdc, 0xdb, 0xd9, 0xd9, 0xd7, 0xd6, 0xd5, 0xd5, 0xd3, 0xd3, 0xd3, 0xd2, 0xd0, 0xcf, 0xcf, 0xcc, 0xcc, 0xcb, 0xc9, 0xc9,
    0xc7, 0xc6, 0xc6, 0xc6, 0xc3, 0xc2, 0xc2, 0xc2, 0xc2, 0xbc, 0xbc, 0xbc, 0xba, 0xba, 0xba, 0xb9, 0xb9, 0xb9, 0xb9, 0xb9, 0xb9, 0xb8, 0xb8, 0xb8,
    0x6a, 0x6a, 0x6a, 0x6a, 0x6a, 0x6a, 0x73, 0x73, 0x7e, 0x5b, 0x54, 0x5c, 0x97, 0x72, 0x80, 0x7c, 0x72, 0x72, 0x7c, 0x7c, 0x7c, 0x7c, 0x7c, 0x7c,
    0x7c, 0x63, 0x63, 0x5f, 0x5f, 0x5f, 0x5f, 0x5f, 0x5f, 0x5f, 0x5f, 0x55, 0x55, 0x55, 0x55, 0x55, 0x55, 0x55, 0x55, 0x55, 0x4e, 0x4e, 0x4e, 0x4e,
    0x49, 0x34, 0x2f, 0x3e, 0x4c, 0x4c, 0x4c, 0x4c, 0x4c, 0x4c, 0x4c, 0x4c, 0x4c, 0x4c, 0x4c, 0x49, 0x49, 0x49, 0x49, 0x49, 0x49, 0x49, 0x49, 0x49,
    0x49, 0x4d, 0x1f, 0x45, 0xff, 0xb2, 0x41, 0x47, 0x47, 0x47, 0x47, 0x51, 0x51, 0x58, 0x58, 0x58, 0x84, 0x30, 0x0a, 0x17, 0x22, 0x22, 0x22, 0x22,
    0x2c, 0x28, 0x3c, 0x3c, 0x41, 0x45, 0x3c, 0x2c, 0x47, 0x44, 0x44, 0x47, 0x44, 0x44, 0x44, 0x44, 0x44, 0x40, 0x40, 0x40, 0x3c, 0x3b, 0x3b, 0x3b,
    0x3b, 0x3b, 0x35, 0x35, 0x35, 0x35, 0x2c, 0x28, 0x2c, 0x35, 0x2c, 0x28, 0x2c, 0x2c, 0x28, 0x22, 0x27, 0x28, 0x28, 0x28, 0x28, 0x28, 0x1d, 0x1d,
    0x27, 0x31, 0x33, 0x31, 0x31, 0x38, 0x38, 0x46, 0x4c, 0x4c, 0x5f, 0xb7, 0xb7, 0xe4, 0xff, 0xff, 0x7a, 0x40, 0x44, 0x44, 0x40, 0x44, 0x44, 0x44,
    0x3c, 0x4f, 0xff, 0xfe, 0xfe, 0xd0, 0x7c, 0x5f, 0x55, 0x7c, 0xb7, 0xbf, 0xd0, 0xb7, 0xfe, 0x55, 0x18, 0x2f, 0x2f, 0x2f, 0x2f, 0x3a, 0x42, 0x46,
    0x4b, 0x50, 0x56, 0x58, 0x66, 0x87, 0x87, 0x87, 0x87, 0x87, 0x87, 0x83, 0x83, 0x83, 0x83, 0x83, 0x83, 0x83, 0x79, 0x79, 0x79, 0x79, 0x79, 0x7a,
    0x79, 0x78, 0x78, 0x78, 0x78, 0x78, 0x78, 0x78, 0x7a, 0x78, 0x7a, 0x7a, 0x7a, 0x7a, 0x7a, 0x7a, 0x7a, 0x7a, 0x7a, 0x85, 0x85, 0x85, 0x85, 0x85,
    0x85, 0x8b, 0x8b, 0x8c, 0x8c, 0x8c, 0x93, 0x93, 0x93, 0x93, 0x94, 0x94, 0x95, 0x95, 0x99, 0x99, 0x99, 0x99, 0x99, 0x99, 0x99, 0xa7, 0xa7, 0xa7,
    0xa7, 0xa7, 0xa5, 0xa5, 0xa5, 0xa7, 0xa7, 0xa5, 0xa7, 0xa5, 0xa5, 0xa5, 0xa7, 0xa4, 0xa5, 0xa5, 0xa4, 0xa4, 0xa2, 0xa2, 0xa4, 0xa4, 0xa4, 0xa4,
    0xa4, 0xa4, 0xa4, 0x9f, 0x9f, 0xa4, 0xa0, 0x9f, 0x9f, 0x9f, 0x9f, 0x9e, 0xa0, 0x9f, 0x9e, 0x9e, 0x9e, 0x9d, 0x9e, 0x9d, 0x9d, 0x9d, 0x9e, 0x9d,
    0xac, 0xac, 0xac, 0xac, 0xac, 0xab, 0xab, 0xac, 0xac, 0xab, 0xab, 0xac, 0xac, 0xac, 0xac, 0xac, 0xb4, 0xb4, 0xb4, 0xb4, 0xb4, 0xb4, 0xb4, 0xb4,
    0xb6, 0xb6, 0xbb, 0xbb, 0xbb, 0xbb, 0xbd, 0xbd, 0xbd, 0xbd, 0xbe, 0xbe, 0xc0, 0xc0, 0xc4, 0xc4, 0xc5, 0xc5, 0xc8, 0xc8, 0xc8, 0xc8, 0xcd, 0xcd,
    0xce, 0xce, 0xce, 0xce, 0xd2, 0xd2, 0xd2, 0xd4, 0xd6, 0xd6, 0xd7, 0xda, 0xda, 0xda, 0xde, 0xde, 0xdf, 0xe4, 0xe4, 0xe4, 0xe4, 0xe6, 0xe6, 0xea,
    0xea, 0xef, 0xef, 0xf0, 0xf0, 0xf0, 0xf2, 0xf2, 0xf2, 0xf6, 0xf6, 0xf6, 0xf6, 0xf6, 0xf6, 0xf9, 0xf9, 0xf9, 0xf9, 0xf9, 0xf8, 0xf9, 0xf9, 0xf8,
    0xf8, 0xf8, 0xf8, 0xf8, 0xf8, 0xf8, 0xf8, 0xf7, 0xf7, 0xf7, 0xf7, 0xf5, 0xf5, 0xf5, 0xf1, 0xf1, 0xee, 0xee, 0xee, 0xeb, 0xe9, 0xe9, 0xe5, 0xe5,
    0xe3, 0xe2, 0xe1, 0xe1, 0xdd, 0xdb, 0xd9, 0xd9, 0xd9, 0xd8, 0xd5, 0xd5, 0xd5, 0xd3, 0xd3, 0xd2, 0xd0, 0xcf, 0xcf, 0xcc, 0xcc, 0xcb, 0xcb, 0xc9,
    0xc7, 0xc7, 0xc6, 0xc6, 0xc3, 0xc3, 0xc2, 0xc2, 0xc2, 0xc2, 0xbc, 0xbc, 0xba, 0xba, 0xba, 0xb9, 0xb9, 0xb9, 0xb9, 0xb9, 0xb9, 0xb8, 0xb8, 0xb8,
    0x6a, 0x6a, 0x6a, 0x6a, 0x6a, 0x73, 0x73, 0x73, 0x7e, 0x5e, 0x54, 0x5c, 0xa6, 0x80, 0x80, 0x80, 0x80, 0x80, 0x72, 0x72, 0x72, 0x7c, 0x7c, 0x7c,
    0x7c, 0x7c, 0x7c, 0x7c, 0x7c, 0x5f, 0x5f, 0x5f, 0x5f, 0x5f, 0x5f, 0x5f, 0x5f, 0x55, 0x55, 0x55, 0x55, 0x55, 0x55, 0x55, 0x55, 0x4e, 0x4e, 0x4e,
    0x49, 0x34, 0x2f, 0x3e, 0x4c, 0x4c, 0x4c, 0x4c, 0x4c, 0x4c, 0x4c, 0x4c, 0x4c, 0x4c, 0x4c, 0x49, 0x49, 0x49, 0x49, 0x49, 0x49, 0x49, 0x49, 0x49,
    0x49, 0x36, 0x0a, 0xfe, 0xfc, 0x45, 0x40, 0x47, 0x47, 0x47, 0x47, 0x51, 0x58, 0x58, 0x79, 0x58, 0x84, 0x3c, 0x16, 0x22, 0x22, 0x22, 0x22, 0x22,
    0x2c, 0x28, 0x3b, 0x30, 0x44, 0x44, 0x3c, 0x28, 0x47, 0x47, 0x40, 0x40, 0x44, 0x44, 0x44, 0x44, 0x40, 0x40, 0x40, 0x3b, 0x3c, 0x3b, 0x3b, 0x3b,
    0x3b, 0x3b, 0x37, 0x35, 0x35, 0x35, 0x35, 0x28, 0x2c, 0x2c, 0x2c, 0x2c, 0x2c, 0x28, 0x2c, 0x27, 0x22, 0x27, 0x2e, 0x27, 0x27, 0x32, 0x27, 0x24,
    0x27, 0x31, 0x33, 0x32, 0x32, 0x38, 0x38, 0x38, 0x4c, 0x50, 0x5f, 0xb7, 0xd1, 0x97, 0xff, 0xff, 0xde, 0x47, 0x44, 0x44, 0x44, 0x44, 0x44, 0x47,
    0x37, 0x41, 0xff, 0xfe, 0xfe, 0xfb, 0x7c, 0x5f, 0x5f, 0x5f, 0xb7, 0xb7, 0xb7, 0xd8, 0xbc, 0xc6, 0x39, 0x26, 0x2f, 0x36, 0x2f, 0x3a, 0x42, 0x48,
    0x4f, 0x52, 0x58, 0x58, 0x66, 0x87, 0x87, 0x87, 0x87, 0x87, 0x87, 0x83, 0x83, 0x83, 0x83, 0x83, 0x83, 0x83, 0x83, 0x79, 0x79, 0x79, 0x79, 0x7a,
    0x79, 0x78, 0x78, 0x78, 0x78, 0x78, 0x78, 0x78, 0x7a, 0x7a, 0x7a, 0x7a, 0x7a, 0x7a, 0x7a, 0x7a, 0x7a, 0x7a, 0x7a, 0x85, 0x85, 0x85, 0x85, 0x85,
    0x85, 0x8b, 0x8b, 0x8b, 0x8c, 0x8c, 0x93, 0x93, 0x93, 0x93, 0x94, 0x94, 0x95, 0x95, 0x99, 0x99, 0x99, 0x98, 0x99, 0x99, 0x99, 0xa7, 0xa3, 0xa7,
    0xa7, 0xa7, 0xa5, 0xa5, 0xa3, 0xa7, 0xa5, 0xa5, 0xa7, 0xa5, 0xa5, 0xa5, 0xa7, 0xa4, 0xa5, 0xa5, 0xa4, 0xa4, 0xa2, 0xa2, 0xa4, 0xa4, 0xa4, 0xa4,
    0xa4, 0xa4, 0xa4, 0x9f, 0x9f, 0xa4, 0xa0, 0x9f, 0x9f, 0x9f, 0x9f, 0x9e, 0xa0, 0x9f, 0x9e, 0x9e, 0x9e, 0x9d, 0x9e, 0x9d, 0x9d, 0x9d, 0x9e, 0x9e,
    0xac, 0xac, 0xac, 0xac, 0xac, 0xac, 0xab, 0xac, 0xac, 0xac, 0xab, 0xac, 0xac, 0xac, 0xac, 0xac, 0xb4, 0xb4, 0xb4, 0xb4, 0xb4, 0xb4, 0xb6, 0xb6,
    0xb6, 0xb6, 0xbb, 0xbb, 0xbb, 0xbb, 0xbd, 0xbd, 0xbd, 0xbe, 0xbe, 0xbe, 0xc0, 0xc0, 0xc4, 0xc4, 0xc5, 0xc5, 0xc8, 0xc8, 0xc8, 0xc8, 0xcd, 0xcd,
    0xce, 0xce, 0xce, 0xd2, 0xd2, 0xd2, 0xd2, 0xd6, 0xd6, 0xd6, 0xd7, 0xda, 0xda, 0xda, 0xde, 0xde, 0xdf, 0xe4, 0xe4, 0xe4, 0xe4, 0xe6, 0xe6, 0xea,
    0xea, 0xef, 0xef, 0xf0, 0xf0, 0xf0, 0xf2, 0xf2, 0xf2, 0xf2, 0xf6, 0xf6, 0xf6, 0xf6, 0xf6, 0xf9, 0xf9, 0xf9, 0xf9, 0xf9, 0xf8, 0xf8, 0xf8, 0xf8,
    0xf8, 0xf8, 0xf8, 0xf8, 0xf8, 0xf8, 0xf8, 0xf7, 0xf7, 0xf7, 0xf7, 0xf5, 0xf5, 0xf5, 0xf5, 0xf1, 0xf1, 0xee, 0xee, 0xeb, 0xe9, 0xe9, 0xe7, 0xe5,
    0xe3, 0xe3, 0xe1, 0xe1, 0xdd, 0xdc, 0xd9, 0xd9, 0xd9, 0xd8, 0xd5, 0xd5, 0xd5, 0xd3, 0xd3, 0xd0, 0xd0, 0xcf, 0xcf, 0xcc, 0xcc, 0xcb, 0xcb, 0xc9,
    0xc9, 0xc7, 0xc6, 0xc6, 0xc3, 0xc3, 0xc2, 0xc2, 0xc2, 0xc2, 0xbc, 0xbc, 0xbc, 0xba, 0xba, 0xb9, 0xb9, 0xb9, 0xb9, 0xb9, 0xb9, 0xb8, 0xb8, 0xb8,
    0x6a, 0x6a, 0x6a, 0x6a, 0x6a, 0x73, 0x73, 0x6f, 0x7e, 0x5e, 0x56, 0x5c, 0xb3, 0x8e, 0xb7, 0xaf, 0x80, 0xb7, 0xb7, 0xb7, 0xb7, 0x80, 0x7c, 0x7c,
    0x72, 0x72, 0x72, 0x7c, 0x7c, 0x7c, 0x5f, 0x5f, 0x5f, 0x5f, 0x5f, 0x5f, 0x5f, 0x55, 0x55, 0x55, 0x55, 0x55, 0x55, 0x55, 0x55, 0x4e, 0x4e, 0x4e,
    0x49, 0x39, 0x36, 0x43, 0x4c, 0x4c, 0x4c, 0x4c, 0x4c, 0x4c, 0x4c, 0x4c, 0x4c, 0x4c, 0x4c, 0x49, 0x49, 0x49, 0x49, 0x49, 0x49, 0x49, 0x49, 0x49,
    0x4a, 0x0f, 0x73, 0xff, 0x51, 0x3c, 0x47, 0x47, 0x47, 0x47, 0x51, 0x51, 0x58, 0x58, 0x58, 0x58, 0x84, 0x47, 0x16, 0x17, 0x22, 0x22, 0x22, 0x22,
    0x28, 0x30, 0x30, 0x28, 0x44, 0x44, 0x41, 0x3b, 0x44, 0x47, 0x3b, 0x35, 0x44, 0x44, 0x44, 0x44, 0x3c, 0x40, 0x40, 0x3c, 0x3c, 0x3b, 0x3b, 0x3b,
    0x3b, 0x3b, 0x35, 0x35, 0x35, 0x35, 0x35, 0x2c, 0x2c, 0x2c, 0x2c, 0x2c, 0x2c, 0x28, 0x28, 0x2e, 0x27, 0x27, 0x28, 0x28, 0x27, 0x28, 0x2e, 0x27,
    0x27, 0x2e, 0x38, 0x38, 0x32, 0x38, 0x3f, 0x27, 0x31, 0x50, 0x55, 0xb7, 0xf3, 0xd8, 0xfd, 0xff, 0xfe, 0x47, 0x44, 0x44, 0x44, 0x44, 0x44, 0x47,
    0x3c, 0x41, 0xfe, 0xff, 0xfe, 0xfd, 0xb7, 0x5f, 0x5f, 0x55, 0x7c, 0xb7, 0xbf, 0xb7, 0xe8, 0x7c, 0x26, 0x2a, 0x2f, 0x2f, 0x39, 0x3a, 0x42, 0x48,
    0x4f, 0x52, 0x58, 0x58, 0x66, 0x87, 0x87, 0x87, 0x87, 0x87, 0x87, 0x87, 0x83, 0x83, 0x83, 0x83, 0x83, 0x83, 0x83, 0x79, 0x79, 0x79, 0x79, 0x7a,
    0x79, 0x79, 0x78, 0x78, 0x78, 0x78, 0x78, 0x78, 0x7a, 0x7a, 0x7a, 0x7a, 0x7a, 0x7a, 0x7a, 0x7a, 0x7a, 0x7a, 0x7a, 0x85, 0x85, 0x85, 0x85, 0x85,
    0x85, 0x8b, 0x8b, 0x8b, 0x8b, 0x8c, 0x93, 0x93, 0x93, 0x93, 0x94, 0x94, 0x94, 0x94, 0x98, 0x98, 0x98, 0x98, 0x99, 0x99, 0x99, 0xa7, 0xa3, 0xa7,
    0xa7, 0xa5, 0xa5, 0xa5, 0xa3, 0xa7, 0xa5, 0xa5, 0xa7, 0xa5, 0xa5, 0xa5, 0xa7, 0xa4, 0xa5, 0xa5, 0xa4, 0xa4, 0xa2, 0xa2, 0xa4, 0xa4, 0xa4, 0xa4,
    0xa4, 0xa4, 0xa4, 0x9f, 0x9f, 0xa4, 0xa0, 0x9f, 0x9f, 0x9f, 0x9f, 0x9e, 0xa0, 0xa0, 0x9e, 0x9e, 0x9e, 0x9d, 0xac, 0x9d, 0x9d, 0x9d, 0x9e, 0x9e,
    0xac, 0xac, 0xac, 0xac, 0xac, 0xac, 0xab, 0xac, 0xac, 0xac, 0xab, 0xac, 0xac, 0xac, 0xac, 0xac, 0xb4, 0xb4, 0xb4, 0xb4, 0xb4, 0xb4, 0xb6, 0xb6,
    0xb6, 0xb6, 0xbb, 0xbb, 0xbb, 0xbd, 0xbd, 0xbd, 0xbd, 0xbe, 0xbe, 0xc0, 0xc0, 0xc0, 0xc4, 0xc4, 0xc5, 0xc5, 0xc8, 0xc8, 0xc8, 0xcd, 0xcd, 0xcd,
    0xce, 0xce, 0xce, 0xd2, 0xd2, 0xd2, 0xd2, 0xd6, 0xd6, 0xd6, 0xd7, 0xda, 0xda, 0xda, 0xde, 0xde, 0xdf, 0xe4, 0xe4, 0xe4, 0xe4, 0xe6, 0xe6, 0xea,
    0xea, 0xef, 0xef, 0xf0, 0xf0, 0xf0, 0xf2, 0xf2, 0xf2, 0xf2, 0xf6, 0xf6, 0xf6, 0xf6, 0xf6, 0xf9, 0xf9, 0xf9, 0xf9, 0xf8, 0xf8, 0xf8, 0xf8, 0xf8,
    0xf8, 0xf8, 0xf8, 0xf8, 0xf8, 0xf8, 0xf8, 0xf7, 0xf7, 0xf7, 0xf7, 0xf5, 0xf5, 0xf5, 0xf5, 0xf1, 0xf1, 0xee, 0xee, 0xeb, 0xeb, 0xe9, 0xe7, 0xe5,
    0xe3, 0xe3, 0xe1, 0xe1, 0xdd, 0xdc, 0xdb, 0xd9, 0xd9, 0xd8, 0xd5, 0xd5, 0xd5, 0xd3, 0xd3, 0xd0, 0xd0, 0xd0, 0xcf, 0xcf, 0xcc, 0xcc, 0xcb, 0xc9,
    0xc9, 0xc7, 0xc6, 0xc6, 0xc6, 0xc3, 0xc2, 0xc2, 0xc2, 0xc2, 0xbc, 0xbc, 0xbc, 0xba, 0xba, 0xb9, 0xb9, 0xb9, 0xb9, 0xb9, 0xb9, 0xb8, 0xb8, 0xb8,
    0x6a, 0x6a, 0x6a, 0x6a, 0x73, 0x73, 0x73, 0x7e, 0x7e, 0x5e, 0x56, 0x5e, 0xb8, 0xa6, 0xb7, 0xb7, 0xb7, 0xb7, 0xb7, 0xb7, 0xb7, 0xb7, 0xb7, 0xb7,
    0xb7, 0x80, 0x80, 0x80, 0x7c, 0x7c, 0x7c, 0x7c, 0x7c, 0x63, 0x5f, 0x5f, 0x5f, 0x5f, 0x55, 0x55, 0x55, 0x55, 0x55, 0x55, 0x55, 0x4e, 0x4e, 0x4e,
    0x4c, 0x49, 0x49, 0x4c, 0x4c, 0x4c, 0x4c, 0x4c, 0x4c, 0x4c, 0x4c, 0x4c, 0x4c, 0x4c, 0x4c, 0x4c, 0x49, 0x49, 0x49, 0x49, 0x49, 0x49, 0x49, 0x4d,
    0x21, 0x2e, 0xff, 0xc0, 0x37, 0x44, 0x47, 0x47, 0x47, 0x47, 0x47, 0x51, 0x58, 0x58, 0x79, 0x79, 0x84, 0x47, 0x16, 0x22, 0x22, 0x22, 0x22, 0x22,
    0x28, 0x30, 0x30, 0x27, 0x44, 0x44, 0x44, 0x41, 0x44, 0x47, 0x3c, 0x37, 0x44, 0x44, 0x44, 0x44, 0x40, 0x40, 0x40, 0x40, 0x3c, 0x3b, 0x37, 0x3b,
    0x3b, 0x3b, 0x35, 0x35, 0x35, 0x35, 0x35, 0x2c, 0x28, 0x2c, 0x2c, 0x28, 0x2c, 0x28, 0x2c, 0x2e, 0x28, 0x28, 0x28, 0x2e, 0x27, 0x27, 0x28, 0x28,
    0x27, 0x27, 0x35, 0x35, 0x31, 0x27, 0x46, 0x38, 0x31, 0x55, 0x4e, 0x68, 0xd1, 0xca, 0xdf, 0xff, 0xff, 0x4f, 0x44, 0x47, 0x44, 0x47, 0x47, 0x47,
    0x45, 0x3c, 0xcd, 0xff, 0xfe, 0xe8, 0x7c, 0x5f, 0x5f, 0x5f, 0x7c, 0xb7, 0xb7, 0xcc, 0xb7, 0xe8, 0x3d, 0x26, 0x36, 0x36, 0x36, 0x43, 0x46, 0x4b,
    0x4f, 0x52, 0x58, 0x58, 0x66, 0x87, 0x8d, 0x87, 0x87, 0x87, 0x87, 0x87, 0x83, 0x83, 0x83, 0x83, 0x83, 0x83, 0x83, 0x83, 0x79, 0x79, 0x79, 0x79,
    0x7a, 0x79, 0x78, 0x78, 0x78, 0x78, 0x78, 0x78, 0x7a, 0x7a, 0x7a, 0x7a, 0x7a, 0x7a, 0x7a, 0x7a, 0x7a, 0x7a, 0x7a, 0x85, 0x85, 0x85, 0x85, 0x85,
    0x85, 0x8b, 0x8b, 0x8b, 0x8b, 0x8c, 0x93, 0x93, 0x93, 0x93, 0x94, 0x94, 0x94, 0x94, 0x98, 0x98, 0x98, 0x98, 0x99, 0x99, 0x99, 0xa3, 0xa2, 0xa7,
    0xa7, 0xa5, 0xa5, 0xa5, 0xa3, 0xa7, 0xa5, 0xa5, 0xa5, 0xa5, 0xa5, 0xa5, 0xa4, 0xa4, 0xa5, 0xa5, 0xa4, 0xa4, 0xa2, 0xa2, 0xa4, 0xa4, 0xa4, 0xa4,
    0xa4, 0xa4, 0xa4, 0x9f, 0x9f, 0xa4, 0xa0, 0x9f, 0x9f, 0x9f, 0x9f, 0x9e, 0xa0, 0xa0, 0x9e, 0x9e, 0x9e, 0x9d, 0xac, 0x9d, 0x9d, 0x9d, 0x9e, 0x9e,
    0xac, 0xac, 0xac, 0xac, 0xac, 0xac, 0xac, 0xac, 0xac, 0xac, 0xac, 0xac, 0xac, 0xac, 0xac, 0xac, 0xb4, 0xb4, 0xb4, 0xb4, 0xb4, 0xb4, 0xb6, 0xb6,
    0xb6, 0xb6, 0xbb, 0xbb, 0xbd, 0xbd, 0xbd, 0xbd, 0xbe, 0xbe, 0xbe, 0xc0, 0xc0, 0xc4, 0xc4, 0xc4, 0xc5, 0xc8, 0xc8, 0xc8, 0xc8, 0xcd, 0xcd, 0xcd,
    0xce, 0xce, 0xce, 0xd2, 0xd2, 0xd2, 0xd4, 0xd6, 0xd6, 0xd6, 0xd7, 0xda, 0xda, 0xda, 0xde, 0xde, 0xdf, 0xe4, 0xe4, 0xe4, 0xe4, 0xe6, 0xe6, 0xea,
    0xea, 0xef, 0xef, 0xf0, 0xf0, 0xf0, 0xf2, 0xf2, 0xf2, 0xf2, 0xf6, 0xf6, 0xf6, 0xf6, 0xf6, 0xf6, 0xf8, 0xf9, 0xf9, 0xf8, 0xf8, 0xf8, 0xf8, 0xf8,
    0xf8, 0xf8, 0xf8, 0xf8, 0xf8, 0xf8, 0xf8, 0xf7, 0xf7, 0xf7, 0xf7, 0xf5, 0xf5, 0xf5, 0xf5, 0xf1, 0xf1, 0xee, 0xee, 0xeb, 0xeb, 0xe8, 0xe7, 0xe5,
    0xe3, 0xe3, 0xe2, 0xe1, 0xdd, 0xdc, 0xdb, 0xd9, 0xd9, 0xd7, 0xd6, 0xd5, 0xd5, 0xd3, 0xd3, 0xd3, 0xd2, 0xd0, 0xcf, 0xcf, 0xcc, 0xcc, 0xcb, 0xc9,
    0xc9, 0xc7, 0xc6, 0xc6, 0xc6, 0xc3, 0xc2, 0xc2, 0xc2, 0xc2, 0xc1, 0xbc, 0xbc, 0xba, 0xba, 0xba, 0xb9, 0xb9, 0xb9, 0xb9, 0xb9, 0xb9, 0xb8, 0xb8,
    0x6a, 0x6a, 0x6a, 0x6a, 0x73, 0x73, 0x6f, 0x7e, 0x7e, 0x5e, 0x56, 0x5c, 0xb8, 0xaf, 0xbc, 0xb7, 0xb7, 0xb7, 0xb7, 0xb7, 0xb7, 0xb7, 0xb7, 0xb7,
    0xb7, 0xb7, 0xb7, 0x80, 0x80, 0x80, 0x72, 0x7c, 0x7c, 0x7c, 0x7c, 0x5f, 0x5f, 0x5f, 0x5f, 0x55, 0x55, 0x55, 0x55, 0x55, 0x55, 0x4e, 0x4e, 0x4e,
    0x4e, 0x4c, 0x4c, 0x4c, 0x4c, 0x4c, 0x4c, 0x4c, 0x4c, 0x4c, 0x4c, 0x4c, 0x4c, 0x4c, 0x4c, 0x4c, 0x49, 0x49, 0x4a, 0x49, 0x49, 0x49, 0x49, 0x46,
    0x0a, 0xfe, 0xfe, 0x4a, 0x45, 0x48, 0x45, 0x47, 0x47, 0x47, 0x51, 0x51, 0x58, 0x58, 0x84, 0x84, 0x84, 0x51, 0x17, 0x22, 0x22, 0x22, 0x22, 0x22,
    0x28, 0x30, 0x30, 0x2c, 0x45, 0x44, 0x44, 0x44, 0x44, 0x44, 0x44, 0x44, 0x44, 0x44, 0x44, 0x44, 0x40, 0x40, 0x3c, 0x40, 0x3b, 0x3b, 0x37, 0x35,
    0x3b, 0x3b, 0x35, 0x35, 0x35, 0x35, 0x35, 0x2c, 0x2c, 0x2c, 0x2c, 0x2c, 0x27, 0x2c, 0x2c, 0x2e, 0x28, 0x28, 0x28, 0x2e, 0x28, 0x1d, 0x27, 0x2e,
    0x28, 0x24, 0x27, 0x38, 0x38, 0x20, 0x38, 0x4a, 0x4a, 0x50, 0x4e, 0x55, 0xb7, 0xbf, 0xd8, 0xfe, 0xff, 0x6e, 0x48, 0x47, 0x47, 0x47, 0x44, 0x47,
    0x47, 0x3b, 0x62, 0xff, 0xfe, 0xe8, 0x7c, 0x5f, 0x5f, 0x5f, 0x7c, 0xb7, 0xbf, 0xb7, 0xd8, 0x80, 0x3a, 0x26, 0x36, 0x36, 0x36, 0x3a, 0x46, 0x4b,
    0x4f, 0x52, 0x58, 0x58, 0x6d, 0x87, 0x8d, 0x87, 0x87, 0x87, 0x87, 0x87, 0x83, 0x83, 0x83, 0x83, 0x83, 0x83, 0x83, 0x83, 0x79, 0x83, 0x79, 0x79,
    0x7a, 0x79, 0x81, 0x78, 0x78, 0x78, 0x78, 0x78, 0x7a, 0x7a, 0x7a, 0x7a, 0x7a, 0x7a, 0x7a, 0x7a, 0x7a, 0x7a, 0x7a, 0x85, 0x85, 0x85, 0x85, 0x85,
    0x85, 0x8b, 0x8b, 0x8b, 0x8b, 0x8c, 0x93, 0x93, 0x93, 0x93, 0x94, 0x94, 0x94, 0x94, 0x98, 0x98, 0x98, 0x98, 0x99, 0x99, 0x99, 0xa2, 0xa2, 0xa7,
    0xa7, 0xa5, 0xa5, 0xa5, 0xa3, 0xa7, 0xa5, 0xa5, 0xa5, 0xa5, 0xa5, 0xa5, 0xa4, 0xa4, 0xa5, 0xa5, 0xa4, 0xa4, 0xa2, 0xa2, 0xa4, 0xa4, 0xa4, 0xa4,
    0xa4, 0xa4, 0xa4, 0x9f, 0x9f, 0xa4, 0xa0, 0x9f, 0x9f, 0x9f, 0x9f, 0x9e, 0xa0, 0xa0, 0x9e, 0x9e, 0x9e, 0x9d, 0xac, 0x9d, 0x9d, 0x9d, 0x9e, 0x9e,
    0xac, 0xac, 0xac, 0xac, 0xac, 0xac, 0xac, 0xac, 0xac, 0xac, 0xac, 0xac, 0xac, 0xb2, 0xac, 0xac, 0xb4, 0xb4, 0xb4, 0xb4, 0xb4, 0xb4, 0xb6, 0xb6,
    0xb6, 0xb6, 0xbb, 0xbb, 0xbd, 0xbd, 0xbd, 0xbd, 0xbe, 0xbe, 0xbe, 0xc0, 0xc0, 0xc4, 0xc4, 0xc5, 0xc5, 0xc8, 0xc8, 0xc8, 0xc8, 0xcd, 0xcd, 0xcd,
    0xce, 0xce, 0xce, 0xd2, 0xd2, 0xd2, 0xd4, 0xd6, 0xd6, 0xd6, 0xd7, 0xda, 0xda, 0xda, 0xde, 0xde, 0xdf, 0xe4, 0xe4, 0xe4, 0xe4, 0xe6, 0xe6, 0xea,
    0xea, 0xef, 0xef, 0xf0, 0xf0, 0xf0, 0xf2, 0xf2, 0xf2, 0xf2, 0xf6, 0xf6, 0xf6, 0xf6, 0xf6, 0xf6, 0xf8, 0xf8, 0xf8, 0xf8, 0xf8, 0xf8, 0xf8, 0xf8,
    0xf8, 0xf8, 0xf8, 0xf8, 0xf8, 0xf8, 0xf8, 0xf7, 0xf7, 0xf7, 0xf5, 0xf5, 0xf5, 0xf5, 0xf5, 0xf1, 0xf1, 0xee, 0xee, 0xeb, 0xeb, 0xe9, 0xe7, 0xe5,
    0xe3, 0xe3, 0xe2, 0xe1, 0xe1, 0xdd, 0xdb, 0xd9, 0xd9, 0xd9, 0xd8, 0xd5, 0xd5, 0xd4, 0xd3, 0xd3, 0xd2, 0xd0, 0xcf, 0xcf, 0xcc, 0xcc, 0xcb, 0xc9,
    0xc9, 0xc7, 0xc7, 0xc6, 0xc6, 0xc3, 0xc2, 0xc2, 0xc2, 0xc2, 0xc1, 0xbc, 0xbc, 0xba, 0xba, 0xba, 0xb9, 0xb9, 0xb9, 0xb9, 0xb9, 0xb9, 0xb8, 0xb8,
    0x6a, 0x6a, 0x6a, 0x6a, 0x73, 0x73, 0x6f, 0x7e, 0x7e, 0x5e, 0x54, 0x60, 0xbc, 0xaf, 0xb8, 0xb7, 0xbf, 0xbf, 0xbf, 0xbf, 0xb7, 0xbf, 0xbf, 0xbf,
    0xb7, 0xb7, 0xbf, 0xb7, 0xb7, 0x80, 0xb7, 0x7c, 0x7c, 0x7c, 0x7c, 0x7c, 0x5f, 0x5f, 0x5f, 0x5f, 0x55, 0x55, 0x55, 0x55, 0x55, 0x55, 0x4e, 0x4e,
    0x4e, 0x4e, 0x4e, 0x4c, 0x4c, 0x4c, 0x4c, 0x4c, 0x4c, 0x4c, 0x4c, 0x4c, 0x4c, 0x4c, 0x4c, 0x4c, 0x49, 0x49, 0x49, 0x49, 0x49, 0x49, 0x4e, 0x11,
    0x4f, 0xff, 0x72, 0x3a, 0x48, 0x44, 0x48, 0x47, 0x47, 0x51, 0x51, 0x58, 0x58, 0x58, 0x84, 0x84, 0x84, 0x58, 0x22, 0x22, 0x22, 0x29, 0x27, 0x22,
    0x28, 0x37, 0x37, 0x28, 0x3c, 0x44, 0x44, 0x44, 0x44, 0x45, 0x44, 0x44, 0x44, 0x41, 0x44, 0x44, 0x40, 0x40, 0x3c, 0x40, 0x3b, 0x3b, 0x3b, 0x2c,
    0x3b, 0x3b, 0x3b, 0x35, 0x35, 0x35, 0x35, 0x2c, 0x2c, 0x2c, 0x2c, 0x2c, 0x22, 0x27, 0x2c, 0x2e, 0x28, 0x28, 0x28, 0x2e, 0x2e, 0x1d, 0x1d, 0x2e,
    0x33, 0x27, 0x20, 0x33, 0x3f, 0x27, 0x33, 0x46, 0x4c, 0x50, 0x50, 0x55, 0x5f, 0x80, 0xca, 0xfe, 0xff, 0xff, 0x45, 0x47, 0x47, 0x47, 0x47, 0x47,
    0x47, 0x30, 0x51, 0xff, 0xfe, 0xe8, 0x5f, 0x5f, 0x5f, 0x5f, 0x5f, 0x7c, 0xb7, 0xb7, 0xbf, 0xd8, 0x46, 0x2f, 0x2f, 0x36, 0x39, 0x3a, 0x42, 0x4b,
    0x4f, 0x52, 0x58, 0x58, 0x6d, 0x87, 0x8d, 0x87, 0x87, 0x87, 0x87, 0x87, 0x87, 0x83, 0x83, 0x83, 0x83, 0x83, 0x83, 0x83, 0x79, 0x83, 0x79, 0x79,
    0x7a, 0x79, 0x81, 0x78, 0x78, 0x78, 0x81, 0x81, 0x7a, 0x7a, 0x7a, 0x7a, 0x7a, 0x7a, 0x7a, 0x7a, 0x7a, 0x7a, 0x7a, 0x85, 0x85, 0x85, 0x85, 0x86,
    0x85, 0x8b, 0x8b, 0x8b, 0x8b, 0x8b, 0x93, 0x93, 0x93, 0x93, 0x94, 0x94, 0x94, 0x94, 0x98, 0x98, 0x98, 0x98, 0x99, 0x99, 0x98, 0xa2, 0xa2, 0xa7,
    0xa3, 0xa5, 0xa5, 0xa3, 0xa3, 0xa7, 0xa5, 0xa5, 0xa5, 0xa5, 0xa5, 0xa5, 0xa4, 0xa4, 0xa5, 0xa5, 0xa4, 0xa4, 0xa2, 0xa2, 0xa4, 0x9f, 0xa4, 0xa4,
    0xa4, 0xa4, 0xa4, 0x9f, 0x9f, 0xa4, 0xa0, 0x9f, 0x9f, 0x9f, 0x9f, 0x9e, 0xa0, 0xa0, 0x9e, 0x9e, 0x9e, 0x9e, 0xac, 0x9d, 0x9d, 0x9d, 0x9e, 0x9e,
    0xac, 0xac, 0xac, 0xac, 0xac, 0xac, 0xac, 0xac, 0xac, 0xac, 0xac, 0xac, 0xac, 0xb2, 0xb2, 0xb2, 0xb4, 0xb4, 0xb4, 0xb4, 0xb4, 0xb4, 0xb6, 0xb6,
    0xb6, 0xbb, 0xbb, 0xbb, 0xbd, 0xbd, 0xbd, 0xbe, 0xbe, 0xbe, 0xc0, 0xc0, 0xc0, 0xc4, 0xc4, 0xc5, 0xc5, 0xc8, 0xc8, 0xc8, 0xc8, 0xcd, 0xcd, 0xcd,
    0xce, 0xce, 0xce, 0xd2, 0xd2, 0xd2, 0xd4, 0xd6, 0xd6, 0xd6, 0xd7, 0xda, 0xda, 0xdb, 0xde, 0xde, 0xdf, 0xe4, 0xe4, 0xe4, 0xe6, 0xe6, 0xe6, 0xea,
    0xea, 0xef, 0xef, 0xef, 0xf0, 0xf0, 0xf0, 0xf2, 0xf2, 0xf2, 0xf6, 0xf6, 0xf6, 0xf6, 0xf6, 0xf6, 0xf6, 0xf8, 0xf8, 0xf8, 0xf8, 0xf8, 0xf8, 0xf8,
    0xf8, 0xf8, 0xf8, 0xf8, 0xf8, 0xf8, 0xf8, 0xf7, 0xf7, 0xf7, 0xf5, 0xf5, 0xf5, 0xf5, 0xf5, 0xf1, 0xf1, 0xee, 0xee, 0xeb, 0xeb, 0xe9, 0xe9, 0xe5,
    0xe5, 0xe3, 0xe2, 0xe1, 0xe1, 0xdd, 0xdb, 0xd9, 0xd9, 0xd9, 0xd8, 0xd5, 0xd5, 0xd5, 0xd3, 0xd3, 0xd0, 0xd0, 0xcf, 0xcf, 0xcc, 0xcc, 0xcb, 0xcb,
    0xc9, 0xc7, 0xc7, 0xc6, 0xc6, 0xc3, 0xc3, 0xc2, 0xc2, 0xc2, 0xc1, 0xbc, 0xbc, 0xba, 0xba, 0xba, 0xb9, 0xb9, 0xb9, 0xb9, 0xb9, 0xb9, 0xb8, 0xb8,
    0x6a, 0x6a, 0x6a, 0x6a, 0x73, 0x6f, 0x7e, 0x7e, 0x86, 0x5e, 0x54, 0x5e, 0xc2, 0xb8, 0xbf, 0xbf, 0xb7, 0xbf, 0xb7, 0xca, 0xca, 0xb7, 0xbf, 0xca,
    0xb7, 0xb7, 0xb7, 0xb7, 0xb7, 0xb7, 0x80, 0x80, 0x7c, 0x7c, 0x7c, 0x7c, 0x5f, 0x5f, 0x5f, 0x5f, 0x55, 0x55, 0x55, 0x55, 0x55, 0x4e, 0x4e, 0x4e,
    0x4e, 0x4e, 0x4c, 0x4d, 0x4c, 0x4c, 0x4c, 0x4c, 0x4c, 0x4c, 0x4c, 0x4c, 0x4c, 0x4c, 0x4c, 0x4c, 0x4c, 0x4a, 0x49, 0x49, 0x49, 0x4c, 0x43, 0x19,
    0xfe, 0xfe, 0x3f, 0x4a, 0x48, 0x48, 0x45, 0x47, 0x47, 0x51, 0x51, 0x58, 0x58, 0x79, 0x84, 0x84, 0x84, 0x79, 0x22, 0x22, 0x22, 0x28, 0x28, 0x22,
    0x28, 0x3b, 0x37, 0x22, 0x3b, 0x44, 0x45, 0x41, 0x41, 0x44, 0x45, 0x44, 0x44, 0x44, 0x40, 0x40, 0x40, 0x3f, 0x40, 0x3c, 0x40, 0x3b, 0x40, 0x28,
    0x2c, 0x3b, 0x3b, 0x2c, 0x2c, 0x35, 0x2c, 0x2c, 0x2c, 0x2c, 0x2c, 0x2c, 0x27, 0x22, 0x2c, 0x2c, 0x2e, 0x28, 0x28, 0x2e, 0x2e, 0x28, 0x22, 0x27,
    0x33, 0x2e, 0x27, 0x27, 0x38, 0x38, 0x38, 0x42, 0x50, 0x50, 0x55, 0x5f, 0x72, 0x4a, 0x57, 0xfd, 0xff, 0xff, 0x66, 0x44, 0x47, 0x47, 0x47, 0x47,
    0x47, 0x30, 0x4f, 0xff, 0xfe, 0xd5, 0x7c, 0x5f, 0x5f, 0x5f, 0x7c, 0xb7, 0xb7, 0xb7, 0x7c, 0xfb, 0x4d, 0x21, 0x36, 0x36, 0x39, 0x3a, 0x42, 0x4b,
    0x4f, 0x52, 0x59, 0x58, 0x6d, 0x8d, 0x8d, 0x8d, 0x87, 0x87, 0x87, 0x87, 0x87, 0x87, 0x83, 0x83, 0x83, 0x83, 0x83, 0x83, 0x83, 0x83, 0x79, 0x79,
    0x79, 0x79, 0x81, 0x81, 0x78, 0x78, 0x81, 0x81, 0x7a, 0x7a, 0x7a, 0x7a, 0x7a, 0x7a, 0x7a, 0x7a, 0x7a, 0x7a, 0x7a, 0x85, 0x85, 0x85, 0x85, 0x86,
    0x85, 0x8b, 0x8b, 0x8b, 0x8b, 0x8b, 0x93, 0x93, 0x93, 0x93, 0x94, 0x94, 0x94, 0x94, 0x98, 0x98, 0x98, 0x98, 0x99, 0x98, 0x98, 0xa2, 0xa2, 0xa7,
    0xa3, 0xa3, 0xa3, 0xa3, 0xa3, 0xa5, 0xa5, 0xa5, 0xa5, 0xa5, 0xa5, 0xa5, 0xa4, 0xa4, 0xa5, 0xa5, 0xa4, 0xa4, 0xa2, 0xa2, 0xa4, 0x9f, 0xa4, 0xa4,
    0xa4, 0xa4, 0xa4, 0x9f, 0x9f, 0xa4, 0xa0, 0x9f, 0x9f, 0x9f, 0x9f, 0x9e, 0xa0, 0xa0, 0x9e, 0x9e, 0x9e, 0x9e, 0xac, 0x9d, 0x9d, 0x9d, 0xac, 0x9e,
    0xac, 0xac, 0xac, 0xac, 0xac, 0xac, 0xac, 0xac, 0xac, 0xac, 0xac, 0xac, 0xac, 0xb2, 0xb2, 0xb2, 0xb4, 0xb4, 0xb4, 0xb4, 0xb6, 0xb6, 0xb6, 0xb6,
    0xb6, 0xbb, 0xbb, 0xbb, 0xbd, 0xbd, 0xbd, 0xbe, 0xbe, 0xbe, 0xc0, 0xc0, 0xc0, 0xc4, 0xc4, 0xc5, 0xc5, 0xc8, 0xc8, 0xc8, 0xc8, 0xcd, 0xcd, 0xcd,
    0xce, 0xce, 0xce, 0xd2, 0xd2, 0xd2, 0xd4, 0xd6, 0xd6, 0xd7, 0xd7, 0xda, 0xda, 0xdb, 0xde, 0xde, 0xdf, 0xe4, 0xe4, 0xe4, 0xe6, 0xe6, 0xe6, 0xea,
    0xea, 0xef, 0xef, 0xef, 0xf0, 0xf0, 0xf0, 0xf2, 0xf2, 0xf2, 0xf6, 0xf6, 0xf6, 0xf6, 0xf6, 0xf6, 0xf6, 0xf8, 0xf8, 0xf8, 0xf8, 0xf8, 0xf8, 0xf8,
    0xf8, 0xf8, 0xf8, 0xf8, 0xf8, 0xf8, 0xf8, 0xf7, 0xf7, 0xf6, 0xf5, 0xf5, 0xf5, 0xf5, 0xf5, 0xf1, 0xf1, 0xee, 0xee, 0xeb, 0xeb, 0xe9, 0xe9, 0xe5,
    0xe5, 0xe3, 0xe3, 0xe1, 0xe1, 0xdd, 0xdb, 0xd9, 0xd9, 0xd9, 0xd8, 0xd5, 0xd5, 0xd5, 0xd3, 0xd3, 0xd0, 0xd0, 0xcf, 0xcf, 0xcc, 0xcc, 0xcb, 0xcb,
    0xc9, 0xc7, 0xc7, 0xc6, 0xc6, 0xc3, 0xc3, 0xc2, 0xc2, 0xc2, 0xc2, 0xbc, 0xbc, 0xba, 0xba, 0xba, 0xb9, 0xb9, 0xb9, 0xb9, 0xb9, 0xb9, 0xb8, 0xb8,
    0x6a, 0x6a, 0x6a, 0x73, 0x73, 0x6f, 0x7e, 0x7e, 0x86, 0x5e, 0x56, 0x5e, 0xbc, 0xb9, 0xbf, 0xc6, 0xbf, 0xc9, 0xd1, 0xca, 0xbf, 0xca, 0xc6, 0xbf,
    0xca, 0xca, 0xb7, 0xb7, 0xb7, 0xb7, 0xb7, 0x80, 0x7c, 0x7c, 0x7c, 0x7c, 0x7c, 0x5f, 0x5f, 0x5f, 0x5f, 0x55, 0x55, 0x55, 0x55, 0x55, 0x55, 0x4e,
    0x4e, 0x4e, 0x4e, 0x4e, 0x4c, 0x4c, 0x4c, 0x4c, 0x4c, 0x4c, 0x4c, 0x4c, 0x4c, 0x4c, 0x4c, 0x4c, 0x4c, 0x4c, 0x4a, 0x49, 0x49, 0x55, 0x12, 0x4f,
    0xff, 0x55, 0x42, 0x4a, 0x46, 0x48, 0x48, 0x47, 0x47, 0x51, 0x51, 0x58, 0x58, 0x84, 0x84, 0x84, 0x84, 0x79, 0x27, 0x27, 0x22, 0x28, 0x28, 0x22,
    0x2c, 0x3c, 0x30, 0x27, 0x3b, 0x44, 0x44, 0x41, 0x30, 0x44, 0x44, 0x44, 0x44, 0x44, 0x3f, 0x40, 0x40, 0x3b, 0x3b, 0x3b, 0x3b, 0x3b, 0x3f, 0x35,
    0x35, 0x3b, 0x3b, 0x35, 0x27, 0x35, 0x35, 0x2c, 0x2c, 0x2c, 0x2c, 0x2c, 0x28, 0x27, 0x2c, 0x2c, 0x2c, 0x28, 0x28, 0x28, 0x31, 0x2e, 0x27, 0x27,
    0x2e, 0x38, 0x2e, 0x27, 0x38, 0x3f, 0x3f, 0x31, 0x46, 0x50, 0x55, 0x5f, 0xbf, 0x5f, 0x4f, 0xca, 0xfe, 0xff, 0xff, 0x47, 0x47, 0x47, 0x47, 0x47,
    0x47, 0x3b, 0x47, 0xff, 0xff, 0xc6, 0x5f, 0x5f, 0x5f, 0x55, 0x5f, 0xb7, 0xb7, 0x7c, 0xbc, 0xbc, 0x7c, 0x2f, 0x2f, 0x36, 0x39, 0x3a, 0x42, 0x48,
    0x4f, 0x52, 0x57, 0x58, 0x6d, 0x84, 0x8d, 0x8d, 0x87, 0x87, 0x87, 0x87, 0x87, 0x87, 0x83, 0x87, 0x83, 0x83, 0x83, 0x83, 0x83, 0x83, 0x83, 0x79,
    0x79, 0x79, 0x79, 0x81, 0x78, 0x78, 0x79, 0x81, 0x7a, 0x7a, 0x7a, 0x7a, 0x7a, 0x7a, 0x7a, 0x7a, 0x7a, 0x7a, 0x7a, 0x85, 0x85, 0x85, 0x85, 0x86,
    0x85, 0x8b, 0x8b, 0x8b, 0x8b, 0x8b, 0x93, 0x93, 0x93, 0x93, 0x94, 0x94, 0x94, 0x94, 0x98, 0x98, 0x98, 0x98, 0x98, 0x98, 0x98, 0xa2, 0xa2, 0xa3,
    0xa3, 0xa3, 0xa3, 0xa3, 0xa3, 0xa5, 0xa5, 0xa5, 0xa5, 0xa5, 0xa5, 0xa3, 0xa4, 0xa4, 0xa5, 0xa5, 0xa4, 0xa4, 0xa2, 0xa2, 0xa4, 0x9f, 0xa4, 0xa4,
    0xa4, 0xa4, 0xa4, 0x9f, 0x9f, 0xa4, 0xa0, 0x9f, 0x9f, 0x9f, 0x9f, 0x9e, 0xa0, 0xa0, 0xa0, 0x9e, 0x9e, 0x9e, 0xac, 0x9e, 0x9d, 0x9d, 0xac, 0x9e,
    0xad, 0xac, 0xac, 0xac, 0xac, 0xac, 0xac, 0xac, 0xac, 0xac, 0xac, 0xac, 0xac, 0xb2, 0xb2, 0xb4, 0xb4, 0xb4, 0xb4, 0xb4, 0xb6, 0xb6, 0xb6, 0xb6,
    0xbb, 0xbb, 0xbb, 0xbb, 0xbd, 0xbd, 0xbe, 0xbe, 0xbe, 0xbe, 0xc0, 0xc0, 0xc4, 0xc4, 0xc4, 0xc5, 0xc8, 0xc8, 0xc8, 0xc8, 0xc8, 0xcd, 0xcd, 0xcd,
    0xce, 0xce, 0xce, 0xd2, 0xd2, 0xd2, 0xd4, 0xd6, 0xd6, 0xd7, 0xd7, 0xda, 0xda, 0xdb, 0xde, 0xde, 0xdf, 0xe4, 0xe4, 0xe4, 0xe6, 0xe6, 0xe6, 0xea,
    0xea, 0xef, 0xef, 0xef, 0xf0, 0xf0, 0xf0, 0xf2, 0xf2, 0xf2, 0xf2, 0xf6, 0xf6, 0xf6, 0xf6, 0xf6, 0xf6, 0xf8, 0xf8, 0xf8, 0xf8, 0xf8, 0xf8, 0xf8,
    0xf8, 0xf8, 0xf8, 0xf8, 0xf8, 0xf7, 0xf7, 0xf7, 0xf7, 0xf6, 0xf5, 0xf5, 0xf5, 0xf5, 0xf5, 0xf1, 0xf1, 0xee, 0xee, 0xeb, 0xeb, 0xe9, 0xe9, 0xe5,
    0xe5, 0xe3, 0xe3, 0xe1, 0xe1, 0xdd, 0xdc, 0xd9, 0xd9, 0xd9, 0xd8, 0xd5, 0xd5, 0xd5, 0xd3, 0xd3, 0xd0, 0xd0, 0xd0, 0xcf, 0xcc, 0xcc, 0xcb, 0xcb,
    0xc9, 0xc9, 0xc7, 0xc6, 0xc6, 0xc3, 0xc3, 0xc2, 0xc2, 0xc2, 0xc2, 0xbc, 0xbc, 0xba, 0xba, 0xba, 0xb9, 0xb9, 0xb9, 0xb9, 0xb9, 0xb9, 0xb8, 0xb8,
    0x6a, 0x6a, 0x6a, 0x73, 0x73, 0x6f, 0x7e, 0x7e, 0x86, 0x5e, 0x56, 0x60, 0xc6, 0xb9, 0xc6, 0xb9, 0xd8, 0x63, 0x5f, 0xc9, 0xca, 0xc6, 0xbf, 0xbf,
    0xca, 0xca, 0xb7, 0xb7, 0xb7, 0xb7, 0xb7, 0xb7, 0x80, 0x7c, 0x7c, 0x7c, 0x7c, 0x7c, 0x5f, 0x5f, 0x5f, 0x5f, 0x55, 0x55, 0x55, 0x55, 0x55, 0x4e,
    0x4e, 0x4e, 0x4e, 0x4e, 0x4d, 0x4c, 0x4c, 0x4c, 0x4c, 0x4c, 0x4c, 0x4c, 0x4c, 0x4c, 0x4c, 0x4c, 0x4c, 0x49, 0x4a, 0x49, 0x4c, 0x3a, 0x22, 0xfd,
    0xfc, 0x43, 0x49, 0x49, 0x48, 0x48, 0x47, 0x47, 0x51, 0x51, 0x51, 0x58, 0x58, 0x84, 0x84, 0x84, 0x84, 0x79, 0x28, 0x28, 0x22, 0x2c, 0x28, 0x22,
    0x30, 0x37, 0x37, 0x30, 0x3b, 0x44, 0x44, 0x40, 0x28, 0x44, 0x44, 0x44, 0x44, 0x3b, 0x35, 0x3b, 0x3c, 0x3b, 0x37, 0x3b, 0x3b, 0x3b, 0x3b, 0x3b,
    0x3b, 0x3b, 0x3b, 0x3b, 0x27, 0x2c, 0x35, 0x2c, 0x2c, 0x2c, 0x35, 0x2c, 0x2c, 0x2c, 0x2c, 0x2c, 0x2c, 0x2c, 0x28, 0x28, 0x2c, 0x2e, 0x28, 0x27,
    0x28, 0x38, 0x38, 0x32, 0x33, 0x3f, 0x4a, 0x20, 0x31, 0x5f, 0x4e, 0x5f, 0xb7, 0xb7, 0x5f, 0x72, 0xfe, 0xfe, 0xff, 0xd6, 0x41, 0x47, 0x47, 0x47,
    0x47, 0x3c, 0x41, 0xfc, 0xff, 0xca, 0x5f, 0x55, 0x5f, 0x5f, 0x5f, 0x7c, 0xca, 0x7c, 0xb7, 0x80, 0x5f, 0x2f, 0x2f, 0x2f, 0x36, 0x3a, 0x42, 0x48,
    0x4b, 0x52, 0x56, 0x58, 0x6d, 0x84, 0x84, 0x8d, 0x87, 0x87, 0x87, 0x87, 0x87, 0x87, 0x87, 0x87, 0x83, 0x83, 0x83, 0x83, 0x83, 0x83, 0x83, 0x79,
    0x79, 0x79, 0x79, 0x81, 0x81, 0x7a, 0x79, 0x81, 0x7a, 0x7a, 0x7a, 0x7a, 0x7a, 0x7a, 0x7a, 0x7a, 0x7a, 0x7a, 0x7a, 0x85, 0x85, 0x85, 0x85, 0x86,
    0x85, 0x8b, 0x8b, 0x8b, 0x8b, 0x8b, 0x93, 0x93, 0x93, 0x93, 0x94, 0x94, 0x94, 0x94, 0x98, 0x98, 0x98, 0x96, 0x98, 0x98, 0x98, 0xa2, 0xa2, 0xa3,
    0x99, 0xa3, 0xa3, 0xa3, 0xa3, 0xa5, 0xa5, 0xa5, 0xa5, 0xa5, 0xa5, 0xa2, 0xa4, 0xa4, 0xa5, 0xa2, 0xa4, 0xa1, 0xa2, 0xa2, 0xa4, 0x9f, 0xa4, 0xa4,
    0xa4, 0xa4, 0xa4, 0x9f, 0x9f, 0xa4, 0xa0, 0x9f, 0x9f, 0x9f, 0x9f, 0x9e, 0xa0, 0xa0, 0xa0, 0x9e, 0xa0, 0x9e, 0xac, 0x9e, 0x9d, 0x9d, 0xac, 0x9e,
    0xad, 0xac, 0xac, 0xac, 0xac, 0xac, 0xac, 0xac, 0xac, 0xac, 0xac, 0xac, 0xac, 0xb2, 0xb2, 0xb4, 0xb4, 0xb4, 0xb4, 0xb4, 0xb6, 0xb6, 0xb6, 0xb6,
    0xbb, 0xbb, 0xbb, 0xbd, 0xbd, 0xbe, 0xbe, 0xbe, 0xbe, 0xc0, 0xc0, 0xc0, 0xc4, 0xc4, 0xc5, 0xc5, 0xc8, 0xc8, 0xc8, 0xc8, 0xcd, 0xcd, 0xcd, 0xcd,
    0xce, 0xce, 0xce, 0xd2, 0xd2, 0xd2, 0xd6, 0xd6, 0xd6, 0xd7, 0xd7, 0xda, 0xda, 0xdb, 0xde, 0xdf, 0xdf, 0xe4, 0xe4, 0xe4, 0xe6, 0xe6, 0xe6, 0xea,
    0xea, 0xef, 0xef, 0xef, 0xf0, 0xf0, 0xf0, 0xf2, 0xf2, 0xf2, 0xf2, 0xf6, 0xf6, 0xf6, 0xf6, 0xf6, 0xf6, 0xf8, 0xf8, 0xf8, 0xf8, 0xf8, 0xf8, 0xf8,
    0xf8, 0xf8, 0xf8, 0xf8, 0xf8, 0xf7, 0xf7, 0xf7, 0xf6, 0xf6, 0xf5, 0xf5, 0xf5, 0xf5, 0xf3, 0xf1, 0xf1, 0xf1, 0xee, 0xec, 0xeb, 0xe9, 0xe9, 0xe7,
    0xe5, 0xe3, 0xe3, 0xe1, 0xe1, 0xdd, 0xdc, 0xdb, 0xd9, 0xd9, 0xd8, 0xd5, 0xd5, 0xd5, 0xd3, 0xd3, 0xd3, 0xd2, 0xd0, 0xcf, 0xcf, 0xcc, 0xcc, 0xcb,
    0xc9, 0xc9, 0xc7, 0xc6, 0xc6, 0xc3, 0xc3, 0xc2, 0xc2, 0xc2, 0xc2, 0xbc, 0xbc, 0xba, 0xba, 0xba, 0xb9, 0xb9, 0xb9, 0xb9, 0xb9, 0xb9, 0xb8, 0xb8,
    0x6a, 0x6a, 0x6a, 0x73, 0x6f, 0x6f, 0x7e, 0x89, 0x86, 0x5e, 0x56, 0x5e, 0xc6, 0xc1, 0xc6, 0xc3, 0xcb, 0xbf, 0xaf, 0xd1, 0xca, 0xca, 0xc6, 0xbf,
    0xca, 0xbf, 0xca, 0xb7, 0x49, 0x5f, 0xb7, 0xb7, 0xb7, 0x80, 0x7c, 0x7c, 0x7c, 0x7c, 0x63, 0x5f, 0x5f, 0x5f, 0x55, 0x55, 0x55, 0x55, 0x55, 0x55,
    0x4e, 0x4e, 0x4e, 0x4e, 0x4e, 0x4c, 0x4c, 0x4c, 0x4c, 0x4c, 0x4c, 0x4c, 0x4c, 0x4c, 0x4c, 0x4c, 0x4c, 0x4c, 0x49, 0x49, 0x55, 0x1f, 0x45, 0xff,
    0x50, 0x43, 0x49, 0x49, 0x46, 0x48, 0x47, 0x4f, 0x51, 0x51, 0x58, 0x58, 0x79, 0x84, 0x84, 0x84, 0x84, 0x79, 0x2c, 0x28, 0x22, 0x30, 0x28, 0x27,
    0x37, 0x2c, 0x3c, 0x37, 0x3b, 0x45, 0x45, 0x3c, 0x28, 0x44, 0x44, 0x44, 0x3f, 0x2c, 0x27, 0x35, 0x3f, 0x3f, 0x35, 0x37, 0x3c, 0x3b, 0x3b, 0x3b,
    0x37, 0x3b, 0x3b, 0x3b, 0x2c, 0x2c, 0x2c, 0x2c, 0x2c, 0x2c, 0x2c, 0x2c, 0x2c, 0x2c, 0x2c, 0x2c, 0x2c, 0x28, 0x28, 0x28, 0x2c, 0x2e, 0x2e, 0x27,
    0x27, 0x35, 0x2e, 0x38, 0x38, 0x3f, 0x4a, 0x38, 0x38, 0x55, 0x50, 0x55, 0x72, 0xca, 0xb7, 0xb1, 0xfe, 0xfe, 0xfe, 0xff, 0x56, 0x47, 0x4f, 0x47,
    0x47, 0x3c, 0x3c, 0xe0, 0xff, 0xb7, 0x5f, 0x5f, 0x5f, 0x55, 0x5f, 0x7c, 0xb7, 0xb8, 0x7c, 0xe8, 0x63, 0x26, 0x2f, 0x36, 0x36, 0x3a, 0x42, 0x48,
    0x4b, 0x50, 0x56, 0x58, 0x6d, 0x84, 0x8d, 0x8d, 0x8d, 0x87, 0x87, 0x87, 0x87, 0x87, 0x87, 0x87, 0x83, 0x83, 0x83, 0x83, 0x83, 0x83, 0x83, 0x79,
    0x79, 0x79, 0x79, 0x81, 0x81, 0x7a, 0x81, 0x81, 0x7a, 0x7a, 0x7a, 0x7a, 0x7a, 0x7a, 0x7a, 0x7a, 0x7a, 0x7a, 0x7a, 0x85, 0x85, 0x85, 0x85, 0x86,
    0x85, 0x8b, 0x8b, 0x8b, 0x8b, 0x8b, 0x93, 0x93, 0x93, 0x93, 0x93, 0x94, 0x94, 0x94, 0x98, 0x98, 0x96, 0x96, 0x98, 0x98, 0x98, 0xa2, 0xa2, 0x99,
    0x99, 0xa3, 0xa3, 0xa3, 0xa3, 0xa5, 0xa5, 0xa5, 0xa5, 0xa5, 0xa5, 0xa2, 0xa4, 0xa4, 0xa5, 0xa2, 0xa4, 0xa1, 0xa2, 0xa2, 0xa4, 0x9f, 0xa4, 0xa4,
    0xa4, 0xa4, 0xa4, 0x9f, 0x9f, 0xa4, 0xa0, 0x9f, 0x9f, 0x9f, 0x9f, 0x9e, 0xa0, 0xa0, 0xa0, 0x9e, 0xa0, 0x9e, 0xac, 0x9e, 0x9d, 0x9d, 0xac, 0x9e,
    0xad, 0xae, 0xac, 0xad, 0xac, 0xac, 0xac, 0xad, 0xac, 0xac, 0xac, 0xac, 0xac, 0xb2, 0xb2, 0xb4, 0xb4, 0xb4, 0xb4, 0xb4, 0xb6, 0xb6, 0xb6, 0xb6,
    0xbb, 0xbb, 0xbb, 0xbd, 0xbd, 0xbe, 0xbe, 0xbe, 0xbe, 0xc0, 0xc0, 0xc0, 0xc4, 0xc4, 0xc5, 0xc5, 0xc8, 0xc8, 0xc8, 0xc8, 0xcd, 0xcd, 0xcd, 0xce,
    0xce, 0xce, 0xce, 0xd2, 0xd2, 0xd2, 0xd6, 0xd6, 0xd6, 0xd7, 0xd7, 0xda, 0xda, 0xdb, 0xde, 0xdf, 0xdf, 0xe4, 0xe4, 0xe4, 0xe6, 0xe6, 0xe6, 0xea,
    0xea, 0xef, 0xef, 0xef, 0xf0, 0xf0, 0xf0, 0xf2, 0xf2, 0xf2, 0xf2, 0xf6, 0xf6, 0xf6, 0xf6, 0xf6, 0xf6, 0xf6, 0xf6, 0xf8, 0xf8, 0xf8, 0xf8, 0xf8,
    0xf8, 0xf8, 0xf8, 0xf8, 0xf8, 0xf7, 0xf7, 0xf6, 0xf6, 0xf6, 0xf5, 0xf5, 0xf5, 0xf5, 0xf3, 0xf1, 0xf1, 0xf1, 0xee, 0xec, 0xeb, 0xe9, 0xe9, 0xe7,
    0xe5, 0xe3, 0xe3, 0xe1, 0xe1, 0xdd, 0xdc, 0xdb, 0xd9, 0xd9, 0xd7, 0xd6, 0xd5, 0xd5, 0xd3, 0xd3, 0xd3, 0xd2, 0xd0, 0xcf, 0xcf, 0xcc, 0xcc, 0xcb,
    0xc9, 0xc9, 0xc7, 0xc6, 0xc6, 0xc3, 0xc3, 0xc2, 0xc2, 0xc2, 0xc2, 0xbc, 0xbc, 0xba, 0xba, 0xba, 0xb9, 0xb9, 0xb9, 0xb9, 0xb9, 0xb9, 0xb8, 0xb8,
    0x6a, 0x6a, 0x6a, 0x73, 0x6f, 0x7e, 0x7e, 0x86, 0x86, 0x5e, 0x56, 0x64, 0xc6, 0xc1, 0xc6, 0xc6, 0xc9, 0xd0, 0xd0, 0xc9, 0xc6, 0xca, 0xc6, 0xc6,
    0xca, 0xbf, 0xca, 0xbf, 0x5f, 0xb7, 0xb7, 0xb7, 0xb7, 0xb7, 0x7c, 0x7c, 0x7c, 0x7c, 0x7c, 0x63, 0x5f, 0x5f, 0x5f, 0x55, 0x55, 0x55, 0x55, 0x55,
    0x4e, 0x4e, 0x4e, 0x4e, 0x4d, 0x4d, 0x4d, 0x4c, 0x4c, 0x4c, 0x4c, 0x4c, 0x4c, 0x4c, 0x4c, 0x4c, 0x4c, 0x49, 0x49, 0x4d, 0x43, 0x14, 0xce, 0xfd,
    0x42, 0x49, 0x49, 0x46, 0x48, 0x48, 0x4f, 0x51, 0x51, 0x51, 0x58, 0x58, 0x79, 0x84, 0x84, 0x84, 0x84, 0x84, 0x30, 0x2c, 0x27, 0x30, 0x28, 0x28,
    0x37, 0x22, 0x47, 0x28, 0x30, 0x47, 0x3c, 0x41, 0x40, 0x44, 0x44, 0x44, 0x35, 0x27, 0x27, 0x28, 0x3b, 0x40, 0x3b, 0x3b, 0x3b, 0x3b, 0x3b, 0x3b,
    0x37, 0x37, 0x37, 0x37, 0x35, 0x2c, 0x2c, 0x35, 0x2c, 0x28, 0x2c, 0x2c, 0x2c, 0x2c, 0x2c, 0x2c, 0x2c, 0x28, 0x28, 0x2c, 0x2c, 0x28, 0x2e, 0x27,
    0x20, 0x33, 0x33, 0x32, 0x38, 0x38, 0x46, 0x46, 0x49, 0x50, 0x50, 0x50, 0x63, 0xb7, 0xb7, 0x80, 0xfa, 0xfe, 0xfd, 0xff, 0xda, 0x44, 0x51, 0x47,
    0x47, 0x41, 0x30, 0xc1, 0xff, 0xb7, 0x5f, 0x5f, 0x5f, 0x5f, 0x55, 0x7c, 0xb7, 0xc6, 0x97, 0xb7, 0xc9, 0x2f, 0x2a, 0x2f, 0x2f, 0x3a, 0x42, 0x46,
    0x4b, 0x4f, 0x56, 0x58, 0x6d, 0x84, 0x8d, 0x84, 0x8d, 0x87, 0x87, 0x87, 0x87, 0x87, 0x87, 0x87, 0x87, 0x83, 0x83, 0x83, 0x83, 0x83, 0x83, 0x83,
    0x79, 0x79, 0x79, 0x79, 0x81, 0x81, 0x81, 0x81, 0x7a, 0x7a, 0x7a, 0x7a, 0x7a, 0x7a, 0x7a, 0x7a, 0x7a, 0x7a, 0x82, 0x85, 0x85, 0x85, 0x85, 0x85,
    0x85, 0x8b, 0x8b, 0x8b, 0x8b, 0x8b, 0x93, 0x93, 0x93, 0x93, 0x93, 0x94, 0x94, 0x94, 0x94, 0x94, 0x96, 0x96, 0x98, 0x98, 0x98, 0xa2, 0xa2, 0x99,
    0x99, 0xa3, 0xa3, 0xa3, 0xa3, 0xa5, 0xa5, 0xa5, 0xa5, 0xa5, 0xa5, 0xa2, 0xa4, 0xa4, 0xa5, 0xa2, 0xa4, 0xa1, 0xa2, 0xa2, 0xa4, 0x9f, 0xa4, 0xa4,
    0xa4, 0xa4, 0xa4, 0x9f, 0x9f, 0xa4, 0xa0, 0x9f, 0x9f, 0x9f, 0x9f, 0x9e, 0xa0, 0xa0, 0xa0, 0x9e, 0xa0, 0x9e, 0xac, 0xac, 0x9d, 0x9d, 0xac, 0x9e,
    0xad, 0xae, 0xac, 0xae, 0xac, 0xac, 0xac, 0xad, 0xac, 0xac, 0xac, 0xac, 0xac, 0xb2, 0xb2, 0xb4, 0xb4, 0xb4, 0xb4, 0xb4, 0xb6, 0xb6, 0xb6, 0xb6,
    0xbb, 0xbb, 0xbd, 0xbd, 0xbd, 0xbe, 0xbe, 0xbe, 0xbe, 0xc0, 0xc0, 0xc4, 0xc4, 0xc4, 0xc5, 0xc5, 0xc8, 0xc8, 0xc8, 0xc8, 0xcd, 0xcd, 0xcd, 0xce,
    0xce, 0xce, 0xd2, 0xd2, 0xd2, 0xd2, 0xd6, 0xd6, 0xd6, 0xd7, 0xd7, 0xda, 0xda, 0xdb, 0xde, 0xdf, 0xdf, 0xe4, 0xe4, 0xe4, 0xe6, 0xe6, 0xe6, 0xea,
    0xea, 0xef, 0xef, 0xef, 0xf0, 0xf0, 0xf0, 0xf2, 0xf2, 0xf2, 0xf2, 0xf6, 0xf6, 0xf6, 0xf6, 0xf6, 0xf6, 0xf6, 0xf6, 0xf8, 0xf8, 0xf8, 0xf8, 0xf8,
    0xf8, 0xf8, 0xf8, 0xf8, 0xf7, 0xf7, 0xf7, 0xf6, 0xf6, 0xf6, 0xf5, 0xf5, 0xf5, 0xf5, 0xf3, 0xf1, 0xf1, 0xf1, 0xee, 0xec, 0xeb, 0xe9, 0xe9, 0xe7,
    0xe5, 0xe3, 0xe3, 0xe1, 0xe1, 0xdd, 0xdc, 0xdb, 0xd9, 0xd9, 0xd7, 0xd6, 0xd5, 0xd5, 0xd3, 0xd3, 0xd3, 0xd2, 0xd0, 0xcf, 0xcf, 0xcc, 0xcc, 0xcb,
    0xc9, 0xc9, 0xc7, 0xc6, 0xc6, 0xc3, 0xc3, 0xc2, 0xc2, 0xc2, 0xc2, 0xbc, 0xbc, 0xba, 0xba, 0xba, 0xb9, 0xb9, 0xb9, 0xb9, 0xb9, 0xb8, 0xb8, 0xb8,
    0x6a, 0x6a, 0x73, 0x73, 0x6f, 0x7e, 0x7e, 0x86, 0x86, 0x5e, 0x56, 0x64, 0xc6, 0xc1, 0xc6, 0xc6, 0xc6, 0xc6, 0xc9, 0xca, 0xca, 0xc6, 0xca, 0xbf,
    0xbc, 0xc6, 0xb7, 0xca, 0xc6, 0xb7, 0xb7, 0xb7, 0xb7, 0xb7, 0x7c, 0x7c, 0x7c, 0x7c, 0x7c, 0x63, 0x5f, 0x5f, 0x55, 0x55, 0x55, 0x55, 0x55, 0x55,
    0x4e, 0x4e, 0x4e, 0x4e, 0x4d, 0x4d, 0x4d, 0x4d, 0x4c, 0x4c, 0x4c, 0x4c, 0x4c, 0x4c, 0x4c, 0x4c, 0x4a, 0x49, 0x4a, 0x4e, 0x29, 0x2e, 0xff, 0x55,
    0x43, 0x4a, 0x49, 0x48, 0x48, 0x4b, 0x4f, 0x51, 0x51, 0x51, 0x58, 0x58, 0x79, 0x84, 0x84, 0x84, 0x84, 0x84, 0x30, 0x2c, 0x28, 0x37, 0x27, 0x2c,
    0x3b, 0x16, 0x45, 0x2c, 0x30, 0x47, 0x37, 0x45, 0x44, 0x40, 0x44, 0x45, 0x3b, 0x22, 0x22, 0x2c, 0x3f, 0x3b, 0x3c, 0x3b, 0x3b, 0x3b, 0x3b, 0x3b,
    0x37, 0x37, 0x37, 0x37, 0x35, 0x2c, 0x2c, 0x2c, 0x2c, 0x28, 0x2c, 0x2c, 0x2c, 0x2c, 0x2c, 0x2c, 0x2c, 0x2c, 0x28, 0x2c, 0x2c, 0x2e, 0x28, 0x31,
    0x27, 0x2e, 0x38, 0x24, 0x20, 0x3f, 0x46, 0x4a, 0x4a, 0x50, 0x4e, 0x4e, 0x5f, 0xb7, 0xca, 0x80, 0xd8, 0xfe, 0x63, 0xfe, 0xfe, 0x51, 0x47, 0x47,
    0x47, 0x47, 0x2c, 0x78, 0xff, 0xeb, 0x5f, 0x55, 0x5f, 0x5f, 0x7c, 0xb7, 0x5f, 0xd0, 0xaf, 0xbc, 0xe3, 0x2a, 0x2a, 0x2f, 0x2f, 0x3a, 0x43, 0x46,
    0x4b, 0x4f, 0x53, 0x58, 0x6d, 0x84, 0x84, 0x8d, 0x8d, 0x87, 0x87, 0x87, 0x87, 0x87, 0x87, 0x87, 0x87, 0x83, 0x83, 0x83, 0x83, 0x83, 0x83, 0x83,
    0x79, 0x83, 0x81, 0x79, 0x81, 0x81, 0x81, 0x81, 0x7a, 0x7a, 0x7a, 0x7a, 0x7a, 0x7a, 0x7a, 0x7a, 0x7a, 0x82, 0x82, 0x85, 0x85, 0x85, 0x85, 0x85,
    0x85, 0x8b, 0x8b, 0x8b, 0x8b, 0x8b, 0x93, 0x93, 0x93, 0x93, 0x93, 0x93, 0x94, 0x93, 0x94, 0x94, 0x94, 0x96, 0x98, 0x98, 0x98, 0xa2, 0x98, 0x99,
    0x99, 0xa3, 0xa3, 0xa3, 0xa3, 0xa5, 0xa5, 0xa5, 0xa5, 0xa5, 0xa3, 0xa2, 0xa4, 0xa4, 0xa5, 0xa2, 0xa4, 0xa1, 0xa2, 0xa2, 0xa4, 0x9f, 0xa4, 0xa4,
    0x9f, 0xa4, 0x9f, 0x9f, 0x9f, 0xa4, 0xa0, 0x9f, 0x9f, 0x9f, 0x9f, 0xa0, 0xa0, 0xa0, 0xa0, 0x9e, 0xa0, 0x9e, 0xac, 0xac, 0xa0, 0x9d, 0xac, 0xac,
    0xad, 0xae, 0xac, 0xae, 0xac, 0xac, 0xac, 0xad, 0xad, 0xac, 0xac, 0xb2, 0xac, 0xb2, 0xb2, 0xb4, 0xb4, 0xb4, 0xb4, 0xb4, 0xb6, 0xb6, 0xb6, 0xb6,
    0xbb, 0xbb, 0xbd, 0xbd, 0xbe, 0xbe, 0xbe, 0xbe, 0xbe, 0xc0, 0xc0, 0xc4, 0xc4, 0xc4, 0xc5, 0xc5, 0xc8, 0xc8, 0xc8, 0xc8, 0xcd, 0xcd, 0xcd, 0xce,
    0xce, 0xce, 0xd2, 0xd2, 0xd2, 0xd2, 0xd6, 0xd6, 0xd6, 0xd7, 0xd7, 0xda, 0xda, 0xdd, 0xde, 0xdf, 0xdf, 0xe4, 0xe4, 0xe4, 0xe6, 0xe6, 0xe6, 0xea,
    0xea, 0xef, 0xef, 0xef, 0xf0, 0xf0, 0xf0, 0xf2, 0xf2, 0xf2, 0xf2, 0xf2, 0xf6, 0xf6, 0xf6, 0xf6, 0xf6, 0xf6, 0xf6, 0xf6, 0xf8, 0xf8, 0xf8, 0xf8,
    0xf8, 0xf8, 0xf8, 0xf8, 0xf6, 0xf6, 0xf6, 0xf6, 0xf6, 0xf6, 0xf5, 0xf5, 0xf5, 0xf5, 0xf3, 0xf1, 0xf1, 0xf1, 0xee, 0xec, 0xeb, 0xe9, 0xe9, 0xe7,
    0xe5, 0xe3, 0xe3, 0xe1, 0xe1, 0xdd, 0xdc, 0xdb, 0xd9, 0xd9, 0xd9, 0xd6, 0xd5, 0xd5, 0xd4, 0xd3, 0xd3, 0xd2, 0xd0, 0xcf, 0xcf, 0xcc, 0xcc, 0xcb,
    0xc9, 0xc9, 0xc7, 0xc6, 0xc6, 0xc3, 0xc3, 0xc2, 0xc2, 0xc2, 0xc2, 0xbc, 0xbc, 0xba, 0xba, 0xba, 0xb9, 0xb9, 0xb9, 0xb9, 0xb9, 0xb8, 0xb8, 0xb8,
    0x6a, 0x6a, 0x73, 0x73, 0x6f, 0x7e, 0x7e, 0x86, 0x86, 0x5e, 0x56, 0x64, 0xc6, 0xc1, 0xc3, 0xc6, 0xc6, 0xc9, 0xc9, 0xca, 0xc6, 0xc2, 0xc2, 0xc2,
    0xbf, 0xbf, 0xbc, 0xb7, 0xb7, 0xb7, 0xb7, 0xb7, 0xb7, 0xb7, 0x7c, 0x7c, 0x7c, 0x7c, 0x7c, 0x7c, 0x5f, 0x5f, 0x5f, 0x55, 0x55, 0x55, 0x55, 0x55,
    0x4e, 0x4e, 0x4e, 0x4e, 0x4c, 0x4c, 0x4c, 0x4c, 0x4c, 0x4c, 0x4c, 0x4c, 0x4c, 0x4c, 0x4c, 0x4a, 0x49, 0x49, 0x4a, 0x4a, 0x14, 0x5b, 0xfe, 0x46,
    0x43, 0x49, 0x46, 0x48, 0x4b, 0x4f, 0x4f, 0x51, 0x51, 0x58, 0x58, 0x58, 0x79, 0x79, 0x84, 0x84, 0x84, 0x84, 0x30, 0x30, 0x28, 0x3c, 0x22, 0x30,
    0x37, 0x17, 0x45, 0x30, 0x3b, 0x44, 0x3b, 0x44, 0x44, 0x44, 0x44, 0x44, 0x40, 0x28, 0x22, 0x37, 0x40, 0x40, 0x40, 0x3b, 0x3b, 0x3b, 0x3b, 0x37,
    0x37, 0x35, 0x35, 0x37, 0x35, 0x2c, 0x2c, 0x2c, 0x35, 0x28, 0x28, 0x35, 0x2c, 0x2c, 0x2c, 0x2c, 0x2c, 0x2e, 0x2c, 0x28, 0x2c, 0x2c, 0x28, 0x28,
    0x2e, 0x32, 0x38, 0x31, 0x1d, 0x31, 0x46, 0x4b, 0x4a, 0x50, 0x55, 0x50, 0x55, 0xb7, 0xb7, 0xbf, 0xf3, 0xfe, 0x55, 0xbf, 0xfe, 0x5a, 0x4f, 0x51,
    0x47, 0x47, 0x22, 0x5d, 0xff, 0xb7, 0x55, 0x5f, 0x5f, 0x55, 0x5f, 0x7c, 0xc6, 0x5f, 0xfb, 0x5f, 0xbc, 0x36, 0x23, 0x2f, 0x2a, 0x39, 0x43, 0x46,
    0x48, 0x4f, 0x51, 0x58, 0x6d, 0x84, 0x84, 0x8d, 0x84, 0x8d, 0x87, 0x87, 0x87, 0x87, 0x87, 0x87, 0x87, 0x83, 0x83, 0x83, 0x83, 0x83, 0x83, 0x83,
    0x79, 0x83, 0x79, 0x79, 0x81, 0x81, 0x81, 0x81, 0x7a, 0x7a, 0x7a, 0x7a, 0x7a, 0x7a, 0x7a, 0x7a, 0x7a, 0x82, 0x82, 0x85, 0x85, 0x85, 0x85, 0x85,
    0x85, 0x8b, 0x8b, 0x8b, 0x8b, 0x8b, 0x93, 0x93, 0x93, 0x93, 0x93, 0x93, 0x93, 0x93, 0x94, 0x94, 0x94, 0x96, 0x98, 0x98, 0x98, 0xa2, 0x98, 0x99,
    0x99, 0xa3, 0xa3, 0xa3, 0xa3, 0xa5, 0xa5, 0xa5, 0xa5, 0xa5, 0xa3, 0xa2, 0xa4, 0xa4, 0xa5, 0xa2, 0xa4, 0xa1, 0xa2, 0xa2, 0xa4, 0x9f, 0xa4, 0xa4,
    0x9f, 0xa4, 0x9f, 0x9f, 0x9f, 0xa4, 0xa0, 0x9f, 0x9f, 0x9f, 0x9f, 0xa0, 0xa0, 0xa0, 0xa0, 0x9e, 0xa0, 0x9e, 0xac, 0xac, 0xa0, 0x9d, 0xac, 0xac,
    0xad, 0xae, 0xae, 0xae, 0xae, 0xac, 0xac, 0xad, 0xad, 0xb2, 0xac, 0xb2, 0xb2, 0xb2, 0xb2, 0xb4, 0xb2, 0xb2, 0xb6, 0xb6, 0xb6, 0xb6, 0xb6, 0xb6,
    0xbb, 0xbb, 0xbd, 0xbd, 0xbe, 0xbe, 0xbe, 0xbe, 0xc0, 0xc0, 0xc0, 0xc4, 0xc4, 0xc4, 0xc5, 0xc8, 0xc8, 0xc8, 0xc8, 0xc8, 0xcd, 0xcd, 0xcd, 0xce,
    0xce, 0xce, 0xd2, 0xd2, 0xd2, 0xd2, 0xd6, 0xd6, 0xd6, 0xd7, 0xd7, 0xda, 0xda, 0xdd, 0xde, 0xdf, 0xdf, 0xe4, 0xe4, 0xe4, 0xe6, 0xe6, 0xea, 0xea,
    0xea, 0xef, 0xef, 0xef, 0xf0, 0xf0, 0xf0, 0xf2, 0xf2, 0xf2, 0xf2, 0xf2, 0xf6, 0xf6, 0xf6, 0xf6, 0xf6, 0xf6, 0xf6, 0xf6, 0xf6, 0xf6, 0xf8, 0xf8,
    0xf6, 0xf6, 0xf6, 0xf6, 0xf6, 0xf6, 0xf6, 0xf6, 0xf6, 0xf6, 0xf5, 0xf5, 0xf5, 0xf5, 0xf3, 0xf1, 0xf1, 0xf1, 0xee, 0xec, 0xeb, 0xe9, 0xe9, 0xe7,
    0xe5, 0xe3, 0xe3, 0xe2, 0xe1, 0xdd, 0xdc, 0xdb, 0xd9, 0xd9, 0xd9, 0xd6, 0xd5, 0xd5, 0xd4, 0xd3, 0xd3, 0xd2, 0xd0, 0xcf, 0xcf, 0xcc, 0xcc, 0xcb,
    0xc9, 0xc9, 0xc7, 0xc6, 0xc6, 0xc3, 0xc3, 0xc2, 0xc2, 0xc2, 0xc2, 0xbc, 0xbc, 0xba, 0xba, 0xba, 0xb9, 0xb9, 0xb9, 0xb9, 0xb9, 0xb8, 0xb8, 0xb8,
    0x6a, 0x6a, 0x73, 0x73, 0x6f, 0x7e, 0x7e, 0x86, 0x86, 0x5e, 0x56, 0x64, 0xc6, 0xc1, 0xc6, 0xc6, 0xc9, 0xca, 0xc6, 0xc6, 0xc2, 0xc2, 0xc2, 0xc2,
    0xb7, 0xbc, 0xbf, 0xb7, 0xb7, 0xb7, 0xb7, 0xb7, 0xb7, 0xb7, 0x7c, 0x7c, 0x7c, 0x7c, 0x7c, 0x5f, 0x5f, 0x5f, 0x5f, 0x55, 0x55, 0x55, 0x55, 0x55,
    0x4e, 0x4e, 0x4e, 0x4e, 0x4d, 0x4c, 0x4c, 0x4c, 0x4c, 0x4c, 0x4c, 0x4c, 0x4c, 0x4c, 0x4a, 0x49, 0x49, 0x49, 0x4c, 0x3a, 0x17, 0xff, 0x70, 0x43,
    0x49, 0x46, 0x48, 0x48, 0x4f, 0x4f, 0x51, 0x51, 0x58, 0x58, 0x58, 0x58, 0x79, 0x79, 0x84, 0x84, 0x84, 0x84, 0x3c, 0x30, 0x28, 0x30, 0x22, 0x2c,
    0x30, 0x28, 0x3c, 0x30, 0x3c, 0x45, 0x41, 0x41, 0x44, 0x44, 0x44, 0x44, 0x40, 0x3b, 0x2c, 0x3f, 0x3f, 0x3f, 0x40, 0x40, 0x3b, 0x3b, 0x3b, 0x37,
    0x37, 0x35, 0x35, 0x37, 0x35, 0x2c, 0x2c, 0x2c, 0x35, 0x2c, 0x28, 0x2c, 0x2c, 0x2c, 0x2c, 0x2c, 0x2c, 0x2c, 0x2c, 0x2c, 0x28, 0x2e, 0x2c, 0x28,
    0x32, 0x32, 0x38, 0x38, 0x31, 0x27, 0x42, 0x4a, 0x4b, 0x46, 0x50, 0x55, 0x50, 0x80, 0xb7, 0xb7, 0xdd, 0xfd, 0xd1, 0x80, 0xeb, 0x56, 0x51, 0x4f,
    0x47, 0x47, 0x27, 0x51, 0xff, 0xe8, 0x55, 0x55, 0x5f, 0x5f, 0x5f, 0x7c, 0xca, 0x7c, 0xbc, 0xe0, 0x5f, 0x24, 0x26, 0x2a, 0x2a, 0x36, 0x3a, 0x42,
    0x48, 0x4f, 0x52, 0x58, 0x6d, 0x84, 0x84, 0x8d, 0x84, 0x8d, 0x87, 0x87, 0x87, 0x87, 0x87, 0x87, 0x87, 0x87, 0x83, 0x83, 0x83, 0x83, 0x83, 0x83,
    0x83, 0x83, 0x79, 0x79, 0x81, 0x81, 0x81, 0x81, 0x7a, 0x7a, 0x7a, 0x7a, 0x81, 0x7a, 0x7a, 0x7a, 0x7a, 0x82, 0x82, 0x85, 0x85, 0x85, 0x85, 0x85,
    0x85, 0x8b, 0x8b, 0x8b, 0x8b, 0x8b, 0x93, 0x93, 0x93, 0x93, 0x93, 0x93, 0x93, 0x93, 0x94, 0x94, 0x94, 0x96, 0x98, 0x98, 0x98, 0xa2, 0x98, 0x99,
    0x99, 0xa3, 0xa3, 0xa3, 0xa3, 0xa5, 0xa5, 0xa5, 0xa5, 0xa5, 0xa3, 0xa2, 0xa4, 0xa4, 0xa5, 0xa2, 0xa4, 0xa1, 0xa2, 0xa2, 0xa4, 0x9f, 0xa4, 0xa4,
    0x9f, 0xa4, 0x9f, 0x9f, 0x9f, 0xa4, 0xa0, 0x9f, 0x9f, 0x9f, 0x9f, 0xa0, 0xa0, 0xa0, 0xa0, 0x9e, 0xa0, 0x9e, 0xac, 0xac, 0xad, 0x9d, 0xac, 0xac,
    0xad, 0xae, 0xae, 0xae, 0xae, 0xac, 0xac, 0xae, 0xad, 0xb2, 0xac, 0xb2, 0xb2, 0xb2, 0xb2, 0xb4, 0xb2, 0xb6, 0xb6, 0xb6, 0xb6, 0xb6, 0xb6, 0xbb,
    0xbb, 0xbb, 0xbd, 0xbd, 0xbe, 0xbe, 0xbe, 0xbe, 0xc0, 0xc0, 0xc0, 0xc4, 0xc4, 0xc5, 0xc5, 0xc8, 0xc8, 0xc8, 0xc8, 0xc8, 0xcd, 0xcd, 0xcd, 0xce,
    0xce, 0xce, 0xd2, 0xd2, 0xd2, 0xd2, 0xd6, 0xd6, 0xd6, 0xd7, 0xd7, 0xda, 0xda, 0xdd, 0xde, 0xdf, 0xdf, 0xe4, 0xe4, 0xe4, 0xe6, 0xe6, 0xea, 0xea,
    0xea, 0xef, 0xef, 0xef, 0xf0, 0xf0, 0xf0, 0xf0, 0xf2, 0xf2, 0xf2, 0xf2, 0xf6, 0xf6, 0xf6, 0xf6, 0xf6, 0xf6, 0xf6, 0xf6, 0xf6, 0xf6, 0xf6, 0xf6,
    0xf6, 0xf6, 0xf6, 0xf6, 0xf6, 0xf6, 0xf6, 0xf6, 0xf6, 0xf6, 0xf5, 0xf5, 0xf5, 0xf3, 0xf1, 0xf1, 0xf1, 0xf1, 0xee, 0xec, 0xeb, 0xe9, 0xe9, 0xe7,
    0xe5, 0xe3, 0xe3, 0xe2, 0xe1, 0xdd, 0xdd, 0xdb, 0xd9, 0xd9, 0xd9, 0xd8, 0xd5, 0xd5, 0xd4, 0xd3, 0xd3, 0xd2, 0xd0, 0xcf, 0xcf, 0xcc, 0xcc, 0xcb,
    0xc9, 0xc9, 0xc7, 0xc6, 0xc6, 0xc3, 0xc3, 0xc2, 0xc2, 0xc2, 0xc2, 0xbc, 0xbc, 0xba, 0xba, 0xba, 0xb9, 0xb9, 0xb9, 0xb9, 0xb9, 0xb8, 0xb8, 0xb8,
    0x6a, 0x6a, 0x73, 0x6f, 0x6f, 0x7e, 0x7e, 0x86, 0x86, 0x5e, 0x56, 0x64, 0xc6, 0xbc, 0xc3, 0xc6, 0xc6, 0xc6, 0xc3, 0xc2, 0xc2, 0xc2, 0xbf, 0xb7,
    0xb7, 0xb7, 0xb7, 0xb7, 0xbf, 0xb7, 0xb7, 0xb7, 0xb7, 0xb7, 0x7c, 0x7c, 0x7c, 0x7c, 0x7c, 0x5f, 0x5f, 0x5f, 0x55, 0x55, 0x55, 0x55, 0x55, 0x4e,
    0x4e, 0x4e, 0x4e, 0x4d, 0x4d, 0x4c, 0x4c, 0x4c, 0x4c, 0x4c, 0x4c, 0x4a, 0x49, 0x49, 0x49, 0x49, 0x49, 0x49, 0x4a, 0x1f, 0x42, 0xff, 0x4d, 0x43,
    0x4a, 0x4a, 0x48, 0x4b, 0x4f, 0x4f, 0x51, 0x51, 0x58, 0x58, 0x58, 0x58, 0x58, 0x79, 0x79, 0x84, 0x84, 0x84, 0x3c, 0x3b, 0x2c, 0x28, 0x2c, 0x2c,
    0x2c, 0x37, 0x30, 0x28, 0x3c, 0x45, 0x44, 0x3c, 0x44, 0x44, 0x44, 0x40, 0x40, 0x40, 0x40, 0x40, 0x3c, 0x3b, 0x3b, 0x3c, 0x3b, 0x3b, 0x3b, 0x37,
    0x35, 0x35, 0x35, 0x35, 0x2c, 0x2c, 0x35, 0x2c, 0x2c, 0x2c, 0x2c, 0x2c, 0x2c, 0x2c, 0x2c, 0x2c, 0x2c, 0x2c, 0x2c, 0x2c, 0x27, 0x2c, 0x2c, 0x32,
    0x27, 0x33, 0x38, 0x38, 0x3f, 0x38, 0x3f, 0x4a, 0x4b, 0x42, 0x4c, 0x55, 0x5f, 0x5f, 0xb7, 0x72, 0xb7, 0xfd, 0xfd, 0x5f, 0xb7, 0x50, 0x51, 0x4f,
    0x47, 0x47, 0x28, 0x4f, 0xff, 0xf7, 0x5f, 0x55, 0x5f, 0x5f, 0x5f, 0x7c, 0xb7, 0xd0, 0x5f, 0xfe, 0x54, 0x1f, 0x23, 0x26, 0x2a, 0x36, 0x3a, 0x42,
    0x48, 0x4f, 0x52, 0x58, 0x6d, 0x84, 0x84, 0x8d, 0x84, 0x8d, 0x87, 0x87, 0x87, 0x87, 0x87, 0x87, 0x87, 0x87, 0x83, 0x83, 0x83, 0x83, 0x83, 0x83,
    0x83, 0x83, 0x79, 0x81, 0x81, 0x81, 0x79, 0x81, 0x7a, 0x7a, 0x7a, 0x7a, 0x81, 0x7a, 0x7a, 0x7a, 0x7a, 0x82, 0x82, 0x85, 0x85, 0x85, 0x85, 0x85,
    0x85, 0x8b, 0x8b, 0x8b, 0x8b, 0x8b, 0x93, 0x93, 0x93, 0x93, 0x93, 0x93, 0x93, 0x93, 0x94, 0x94, 0x94, 0x94, 0x98, 0x98, 0x98, 0x98, 0x98, 0x99,
    0x99, 0xa3, 0xa3, 0xa3, 0xa3, 0xa5, 0xa5, 0xa3, 0xa5, 0xa5, 0xa3, 0xa2, 0xa4, 0xa4, 0xa5, 0xa2, 0xa4, 0xa1, 0xa2, 0xa2, 0xa4, 0x9f, 0xa4, 0xa4,
    0x9f, 0xa4, 0x9f, 0x9f, 0x9f, 0xa4, 0xa0, 0x9f, 0x9f, 0x9f, 0x9f, 0xa0, 0xa0, 0xa0, 0xa0, 0xa0, 0xa0, 0xa0, 0xac, 0xac, 0xad, 0x9d, 0xac, 0xac,
    0xad, 0xae, 0xae, 0xae, 0xae, 0xae, 0xac, 0xae, 0xae, 0xb2, 0xb2, 0xb2, 0xb2, 0xb2, 0xb2, 0xb4, 0xb6, 0xb6, 0xb6, 0xb6, 0xb6, 0xb6, 0xb6, 0xbb,
    0xbb, 0xbb, 0xbd, 0xbd, 0xbe, 0xbe, 0xbe, 0xbe, 0xc0, 0xc0, 0xc0, 0xc4, 0xc4, 0xc5, 0xc5, 0xc8, 0xc8, 0xc8, 0xc8, 0xcd, 0xcd, 0xcd, 0xcd, 0xce,
    0xce, 0xce, 0xd2, 0xd2, 0xd2, 0xd4, 0xd6, 0xd6, 0xd6, 0xd7, 0xd7, 0xda, 0xda, 0xdd, 0xde, 0xdf, 0xdf, 0xe4, 0xe4, 0xe4, 0xe6, 0xe6, 0xea, 0xea,
    0xea, 0xef, 0xef, 0xef, 0xf0, 0xf0, 0xf0, 0xf0, 0xf2, 0xf2, 0xf2, 0xf2, 0xf6, 0xf6, 0xf6, 0xf6, 0xf6, 0xf6, 0xf6, 0xf6, 0xf6, 0xf6, 0xf6, 0xf6,
    0xf6, 0xf6, 0xf6, 0xf6, 0xf6, 0xf6, 0xf6, 0xf6, 0xf6, 0xf6, 0xf5, 0xf5, 0xf5, 0xf3, 0xf1, 0xf1, 0xf1, 0xf1, 0xee, 0xec, 0xeb, 0xe9, 0xe9, 0xe7,
    0xe5, 0xe3, 0xe3, 0xe2, 0xe1, 0xdd, 0xdd, 0xdb, 0xd9, 0xd9, 0xd9, 0xd8, 0xd5, 0xd5, 0xd4, 0xd3, 0xd3, 0xd2, 0xd0, 0xcf, 0xcf, 0xcc, 0xcc, 0xcb,
    0xc9, 0xc9, 0xc7, 0xc6, 0xc6, 0xc3, 0xc3, 0xc2, 0xc2, 0xc2, 0xc2, 0xbc, 0xbc, 0xba, 0xba, 0xba, 0xb9, 0xb9, 0xb9, 0xb9, 0xb8, 0xb8, 0xb8, 0xb8,
    0x6a, 0x6a, 0x73, 0x6f, 0x7e, 0x7e, 0x7b, 0x86, 0x86, 0x5e, 0x56, 0x5e, 0xc6, 0xbc, 0xc2, 0xc2, 0xc2, 0xc2, 0xbc, 0xbc, 0xbc, 0xbc, 0xb7, 0xb7,
    0xb7, 0xb7, 0xb7, 0x80, 0xb7, 0x80, 0xb7, 0xb7, 0xb7, 0x7c, 0x7c, 0x7c, 0x7c, 0x7c, 0x5f, 0x5f, 0x5f, 0x55, 0x55, 0x55, 0x55, 0x55, 0x55, 0x4e,
    0x4e, 0x4e, 0x4d, 0x4d, 0x4c, 0x4c, 0x4c, 0x4c, 0x4a, 0x4a, 0x4a, 0x49, 0x49, 0x49, 0x49, 0x49, 0x49, 0x49, 0x46, 0x10, 0xfd, 0xe4, 0x43, 0x49,
    0x49, 0x4a, 0x48, 0x48, 0x4f, 0x51, 0x51, 0x51, 0x58, 0x58, 0x58, 0x58, 0x58, 0x58, 0x79, 0x79, 0x79, 0x79, 0x45, 0x3c, 0x30, 0x28, 0x30, 0x30,
    0x2c, 0x3b, 0x30, 0x30, 0x22, 0x3b, 0x47, 0x3c, 0x44, 0x44, 0x44, 0x44, 0x40, 0x40, 0x40, 0x40, 0x3c, 0x3b, 0x3b, 0x3c, 0x3b, 0x3b, 0x37, 0x37,
    0x37, 0x35, 0x35, 0x35, 0x2c, 0x28, 0x35, 0x2c, 0x2c, 0x2c, 0x2c, 0x2c, 0x2c, 0x2c, 0x2c, 0x2c, 0x28, 0x2c, 0x2c, 0x2c, 0x2c, 0x2c, 0x2c, 0x33,
    0x27, 0x31, 0x38, 0x38, 0x38, 0x3f, 0x42, 0x46, 0x4b, 0x50, 0x4c, 0x50, 0x5f, 0x63, 0xb7, 0xb7, 0x72, 0xe3, 0xfd, 0x5f, 0x5f, 0x50, 0x56, 0x51,
    0x47, 0x47, 0x2c, 0x45, 0xff, 0xe8, 0x5f, 0x5f, 0x5f, 0x55, 0x7c, 0xb7, 0x7c, 0xd0, 0xa6, 0x80, 0xfe, 0x1f, 0x1f, 0x2a, 0x26, 0x36, 0x3a, 0x42,
    0x48, 0x4f, 0x51, 0x58, 0x6d, 0x8d, 0x84, 0x84, 0x84, 0x8d, 0x84, 0x87, 0x87, 0x87, 0x87, 0x87, 0x87, 0x87, 0x83, 0x83, 0x83, 0x83, 0x83, 0x83,
    0x83, 0x82, 0x83, 0x81, 0x81, 0x81, 0x81, 0x7a, 0x7a, 0x7a, 0x7a, 0x7a, 0x81, 0x81, 0x7a, 0x7a, 0x7a, 0x82, 0x82, 0x85, 0x85, 0x85, 0x85, 0x85,
    0x85, 0x8b, 0x8b, 0x8b, 0x8b, 0x8b, 0x93, 0x93, 0x93, 0x93, 0x93, 0x93, 0x93, 0x93, 0x94, 0x94, 0x94, 0x94, 0x98, 0x98, 0x98, 0x98, 0x98, 0x99,
    0x99, 0xa3, 0xa2, 0xa3, 0xa3, 0xa5, 0xa5, 0xa3, 0xa5, 0xa5, 0xa3, 0xa2, 0xa4, 0xa4, 0xa2, 0xa2, 0xa1, 0xa1, 0xa2, 0xa2, 0x9f, 0x9f, 0xa4, 0xa4,
    0x9f, 0xa4, 0x9f, 0x9f, 0x9f, 0xa4, 0xa0, 0x9f, 0x9f, 0x9f, 0x9f, 0xa0, 0xa0, 0xa0, 0xa0, 0xa0, 0xa0, 0xa0, 0xac, 0xac, 0xad, 0xad, 0xac, 0xac,
    0xad, 0xae, 0xae, 0xae, 0xae, 0xae, 0xae, 0xae, 0xae, 0xb2, 0xb2, 0xb2, 0xb2, 0xb2, 0xb2, 0xb2, 0xb6, 0xb6, 0xb6, 0xb6, 0xb6, 0xb6, 0xbb, 0xbb,
    0xbb, 0xbb, 0xbd, 0xbd, 0xbe, 0xbe, 0xbe, 0xbe, 0xc0, 0xc0, 0xc4, 0xc4, 0xc4, 0xc5, 0xc5, 0xc8, 0xc8, 0xc8, 0xc8, 0xcd, 0xcd, 0xcd, 0xcd, 0xce,
    0xce, 0xce, 0xd2, 0xd2, 0xd2, 0xd4, 0xd6, 0xd6, 0xd7, 0xd7, 0xd7, 0xda, 0xda, 0xdd, 0xde, 0xdf, 0xdf, 0xe4, 0xe4, 0xe4, 0xe6, 0xe6, 0xea, 0xea,
    0xef, 0xef, 0xef, 0xef, 0xf0, 0xf0, 0xf0, 0xf0, 0xf2, 0xf2, 0xf2, 0xf2, 0xf6, 0xf6, 0xf6, 0xf6, 0xf6, 0xf6, 0xf6, 0xf6, 0xf6, 0xf6, 0xf6, 0xf6,
    0xf6, 0xf6, 0xf6, 0xf6, 0xf6, 0xf6, 0xf6, 0xf6, 0xf6, 0xf5, 0xf5, 0xf5, 0xf3, 0xf3, 0xf1, 0xf1, 0xf1, 0xf1, 0xee, 0xec, 0xeb, 0xe9, 0xe9, 0xe5,
    0xe5, 0xe3, 0xe3, 0xe1, 0xe1, 0xdd, 0xdd, 0xdb, 0xd9, 0xd9, 0xd9, 0xd8, 0xd5, 0xd5, 0xd4, 0xd3, 0xd3, 0xd2, 0xd0, 0xcf, 0xcf, 0xcc, 0xcc, 0xcb,
    0xc9, 0xc9, 0xc7, 0xc6, 0xc6, 0xc3, 0xc3, 0xc2, 0xc2, 0xc2, 0xc2, 0xbc, 0xbc, 0xba, 0xba, 0xb9, 0xb9, 0xb9, 0xb9, 0xb9, 0xb8, 0xb8, 0xb8, 0xb8,
    0x6a, 0x6a, 0x73, 0x6f, 0x7e, 0x7e, 0x86, 0x86, 0x86, 0x5e, 0x54, 0x5e, 0xc3, 0xba, 0xba, 0xbc, 0xbc, 0xb7, 0xb8, 0xb7, 0xb7, 0xb7, 0xb7, 0xb7,
    0xaf, 0xaf, 0xb7, 0xb7, 0x80, 0x80, 0x80, 0x80, 0x7c, 0x7c, 0x7c, 0x7c, 0x7c, 0x5f, 0x5f, 0x5f, 0x5f, 0x55, 0x55, 0x55, 0x55, 0x4e, 0x4e, 0x4e,
    0x4e, 0x4d, 0x4c, 0x4c, 0x4c, 0x4a, 0x4a, 0x4a, 0x49, 0x49, 0x49, 0x49, 0x49, 0x49, 0x49, 0x43, 0x43, 0x43, 0x36, 0x19, 0xff, 0x60, 0x3d, 0x49,
    0x49, 0x4a, 0x4b, 0x4f, 0x4f, 0x51, 0x51, 0x51, 0x58, 0x58, 0x58, 0x58, 0x58, 0x58, 0x58, 0x58, 0x58, 0x79, 0x47, 0x41, 0x30, 0x28, 0x30, 0x30,
    0x22, 0x3c, 0x30, 0x3c, 0x17, 0x37, 0x47, 0x3c, 0x44, 0x44, 0x40, 0x40, 0x44, 0x40, 0x40, 0x40, 0x40, 0x3b, 0x3b, 0x3b, 0x3c, 0x3b, 0x37, 0x37,
    0x37, 0x35, 0x35, 0x37, 0x35, 0x27, 0x2c, 0x2c, 0x2c, 0x35, 0x2c, 0x2c, 0x2c, 0x2c, 0x2c, 0x2c, 0x22, 0x28, 0x35, 0x2c, 0x2c, 0x2c, 0x2c, 0x35,
    0x32, 0x24, 0x27, 0x38, 0x3f, 0x3f, 0x38, 0x38, 0x4b, 0x50, 0x4c, 0x50, 0x5f, 0x68, 0xb7, 0xb7, 0x72, 0xca, 0xfd, 0xb7, 0x49, 0x53, 0x56, 0x4f,
    0x4f, 0x47, 0x30, 0x37, 0xfd, 0xfe, 0x4e, 0x55, 0x5f, 0x5f, 0x5f, 0x7c, 0xc6, 0xb7, 0xe0, 0x5f, 0xfe, 0x3a, 0x1c, 0x23, 0x23, 0x2f, 0x3a, 0x42,
    0x48, 0x4f, 0x51, 0x58, 0x6d, 0x8d, 0x84, 0x84, 0x84, 0x84, 0x84, 0x8d, 0x87, 0x87, 0x87, 0x87, 0x87, 0x87, 0x83, 0x83, 0x83, 0x83, 0x83, 0x83,
    0x83, 0x83, 0x83, 0x79, 0x81, 0x81, 0x81, 0x7a, 0x7a, 0x7a, 0x7a, 0x7a, 0x81, 0x81, 0x82, 0x7a, 0x7a, 0x82, 0x82, 0x85, 0x85, 0x85, 0x85, 0x85,
    0x85, 0x8b, 0x8b, 0x8b, 0x8b, 0x8b, 0x93, 0x93, 0x93, 0x93, 0x93, 0x93, 0x93, 0x93, 0x94, 0x94, 0x94, 0x94, 0x98, 0x98, 0x96, 0x98, 0x98, 0x99,
    0x99, 0xa3, 0xa2, 0xa3, 0xa3, 0xa5, 0xa5, 0xa3, 0xa5, 0xa5, 0xa2, 0xa2, 0xa4, 0xa4, 0xa2, 0xa2, 0xa1, 0xa1, 0xa2, 0xa2, 0x9f, 0x9f, 0xa4, 0xa4,
    0x9f, 0xa4, 0x9f, 0x9f, 0x9f, 0xa4, 0xa0, 0x9f, 0x9f, 0x9f, 0x9f, 0xa0, 0xa0, 0xa0, 0xa0, 0xa0, 0xa0, 0xa0, 0xac, 0xac, 0xad, 0xad, 0xac, 0xac,
    0xad, 0xae, 0xae, 0xae, 0xae, 0xae, 0xae, 0xae, 0xae, 0xb2, 0xb2, 0xb2, 0xb2, 0xb2, 0xb2, 0xb2, 0xb6, 0xb6, 0xb6, 0xb6, 0xb6, 0xb6, 0xbb, 0xbb,
    0xbb, 0xbb, 0xbd, 0xbd, 0xbe, 0xbe, 0xbe, 0xc0, 0xc0, 0xc0, 0xc4, 0xc4, 0xc4, 0xc5, 0xc5, 0xc8, 0xc8, 0xc8, 0xc8, 0xcd, 0xcd, 0xcd, 0xce, 0xce,
    0xce, 0xce, 0xd2, 0xd2, 0xd2, 0xd4, 0xd6, 0xd6, 0xd7, 0xd7, 0xda, 0xda, 0xda, 0xdd, 0xde, 0xdf, 0xdf, 0xe4, 0xe4, 0xe4, 0xe6, 0xe6, 0xea, 0xea,
    0xef, 0xef, 0xef, 0xef, 0xf0, 0xf0, 0xf0, 0xf0, 0xf2, 0xf2, 0xf2, 0xf2, 0xf2, 0xf6, 0xf6, 0xf6, 0xf6, 0xf6, 0xf6, 0xf6, 0xf6, 0xf6, 0xf6, 0xf6,
    0xf6, 0xf6, 0xf6, 0xf6, 0xf6, 0xf6, 0xf6, 0xf6, 0xf6, 0xf5, 0xf5, 0xf5, 0xf3, 0xf3, 0xf1, 0xf1, 0xf1, 0xee, 0xee, 0xec, 0xeb, 0xe9, 0xe9, 0xe5,
    0xe5, 0xe3, 0xe3, 0xe1, 0xe1, 0xdd, 0xdd, 0xdb, 0xd9, 0xd9, 0xd9, 0xd8, 0xd5, 0xd5, 0xd4, 0xd3, 0xd3, 0xd2, 0xd0, 0xcf, 0xcf, 0xcc, 0xcc, 0xcb,
    0xc9, 0xc9, 0xc7, 0xc6, 0xc6, 0xc3, 0xc3, 0xc2, 0xc2, 0xc2, 0xc1, 0xbc, 0xbc, 0xba, 0xba, 0xb9, 0xb9, 0xb9, 0xb9, 0xb9, 0xb8, 0xb8, 0xb8, 0xb8,
    0x6a, 0x6a, 0x73, 0x6f, 0x7e, 0x7e, 0x86, 0x86, 0x86, 0x5e, 0x54, 0x5e, 0xc2, 0xb8, 0xb8, 0xb7, 0xb7, 0xb7, 0xb7, 0xb7, 0xb7, 0xa6, 0x80, 0x80,
    0x80, 0x80, 0x80, 0x80, 0x7c, 0x7c, 0x7c, 0x7c, 0x7c, 0x7c, 0x5f, 0x5f, 0x5f, 0x5f, 0x5f, 0x5f, 0x55, 0x55, 0x55, 0x55, 0x55, 0x4e, 0x4e, 0x4e,
    0x4c, 0x4c, 0x4c, 0x4a, 0x4a, 0x4a, 0x49, 0x49, 0x49, 0x49, 0x49, 0x49, 0x43, 0x43, 0x43, 0x43, 0x43, 0x43, 0x19, 0x4f, 0xff, 0x50, 0x43, 0x49,
    0x49, 0x4a, 0x4b, 0x4f, 0x4f, 0x51, 0x51, 0x51, 0x58, 0x58, 0x58, 0x58, 0x58, 0x58, 0x58, 0x58, 0x58, 0x58, 0x47, 0x45, 0x3b, 0x2c, 0x37, 0x37,
    0x22, 0x41, 0x37, 0x3c, 0x22, 0x37, 0x47, 0x41, 0x44, 0x44, 0x3b, 0x40, 0x44, 0x40, 0x40, 0x40, 0x40, 0x3b, 0x37, 0x3b, 0x3b, 0x3b, 0x35, 0x35,
    0x3b, 0x35, 0x35, 0x35, 0x35, 0x28, 0x28, 0x2c, 0x2c, 0x2c, 0x2c, 0x2c, 0x2c, 0x2c, 0x2c, 0x2c, 0x27, 0x28, 0x2c, 0x35, 0x2c, 0x2c, 0x2c, 0x35,
    0x35, 0x22, 0x24, 0x2e, 0x3f, 0x46, 0x3f, 0x27, 0x3f, 0x50, 0x4b, 0x50, 0x5f, 0x5f, 0xbf, 0xbf, 0x72, 0xbf, 0xf3, 0xfd, 0x5f, 0x50, 0x52, 0x50,
    0x4f, 0x47, 0x3b, 0x2c, 0xf2, 0xff, 0x7c, 0x4e, 0x5f, 0x5f, 0x5f, 0x7c, 0x80, 0xbc, 0xbf, 0xc6, 0x97, 0x46, 0x1c, 0x23, 0x23, 0x2f, 0x3a, 0x42,
    0x46, 0x4f, 0x51, 0x58, 0x6d, 0x8d, 0x84, 0x84, 0x8d, 0x84, 0x8d, 0x8d, 0x87, 0x87, 0x87, 0x87, 0x87, 0x87, 0x87, 0x83, 0x83, 0x83, 0x83, 0x83,
    0x83, 0x83, 0x83, 0x79, 0x81, 0x81, 0x81, 0x81, 0x81, 0x7a, 0x7a, 0x7a, 0x81, 0x82, 0x85, 0x85, 0x7a, 0x82, 0x82, 0x85, 0x85, 0x85, 0x85, 0x85,
    0x85, 0x8b, 0x8b, 0x8b, 0x8b, 0x8b, 0x93, 0x93, 0x93, 0x93, 0x93, 0x93, 0x93, 0x93, 0x94, 0x94, 0x94, 0x94, 0x94, 0x96, 0x96, 0x98, 0x98, 0x99,
    0x99, 0xa2, 0xa2, 0xa3, 0xa3, 0xa5, 0xa1, 0xa3, 0xa5, 0xa3, 0xa2, 0xa2, 0xa4, 0xa4, 0xa2, 0xa2, 0xa1, 0xa1, 0xa2, 0xa2, 0x9f, 0x9f, 0xa4, 0xa4,
    0x9f, 0xa4, 0x9f, 0x9f, 0x9f, 0xa4, 0xa0, 0x9f, 0x9f, 0xa0, 0x9f, 0xa0, 0xa0, 0xa0, 0xa0, 0xa0, 0xa0, 0xa0, 0xac, 0xac, 0xad, 0xad, 0xac, 0xac,
    0xad, 0xae, 0xae, 0xae, 0xae, 0xae, 0xae, 0xae, 0xae, 0xb2, 0xb2, 0xb2, 0xb2, 0xb2, 0xb2, 0xb2, 0xb6, 0xb6, 0xb6, 0xb6, 0xb6, 0xbb, 0xbb, 0xbb,
    0xbb, 0xbd, 0xbd, 0xbe, 0xbe, 0xbe, 0xbe, 0xc0, 0xc0, 0xc0, 0xc4, 0xc4, 0xc4, 0xc5, 0xc5, 0xc8, 0xc8, 0xc8, 0xc8, 0xcd, 0xcd, 0xcd, 0xce, 0xce,
    0xce, 0xce, 0xd2, 0xd2, 0xd2, 0xd4, 0xd6, 0xd6, 0xd7, 0xd7, 0xda, 0xda, 0xda, 0xdd, 0xde, 0xdf, 0xdf, 0xe4, 0xe4, 0xe4, 0xe6, 0xe6, 0xea, 0xea,
    0xef, 0xef, 0xef, 0xef, 0xef, 0xf0, 0xf0, 0xf0, 0xf0, 0xf2, 0xf2, 0xf2, 0xf2, 0xf6, 0xf6, 0xf6, 0xf6, 0xf6, 0xf6, 0xf6, 0xf6, 0xf6, 0xf6, 0xf6,
    0xf6, 0xf6, 0xf6, 0xf6, 0xf6, 0xf6, 0xf6, 0xf6, 0xf6, 0xf5, 0xf3, 0xf3, 0xf3, 0xf1, 0xf1, 0xf1, 0xf1, 0xee, 0xee, 0xec, 0xeb, 0xe9, 0xe9, 0xe5,
    0xe5, 0xe3, 0xe3, 0xe1, 0xe1, 0xdd, 0xdd, 0xdb, 0xd9, 0xd9, 0xd9, 0xd8, 0xd5, 0xd5, 0xd4, 0xd3, 0xd3, 0xd2, 0xd0, 0xcf, 0xcf, 0xcc, 0xcc, 0xcb,
    0xc9, 0xc9, 0xc7, 0xc6, 0xc6, 0xc3, 0xc3, 0xc2, 0xc2, 0xc2, 0xc1, 0xbc, 0xbc, 0xba, 0xba, 0xb9, 0xb9, 0xb9, 0xb9, 0xb8, 0xb8, 0xb8, 0xb8, 0xb8,
    0x6a, 0x6a, 0x73, 0x6f, 0x7e, 0x7e, 0x86, 0x86, 0x86, 0x5e, 0x54, 0x5e, 0xbc, 0xb3, 0xb3, 0xb7, 0xb7, 0xb7, 0xa6, 0xa6, 0x80, 0x80, 0x80, 0x80,
    0x80, 0x80, 0x72, 0x7c, 0x7c, 0x7c, 0x7c, 0x5f, 0x5f, 0x5f, 0x5f, 0x5f, 0x5f, 0x5f, 0x55, 0x55, 0x55, 0x55, 0x55, 0x4e, 0x4e, 0x4e, 0x4c, 0x4c,
    0x4c, 0x4c, 0x4a, 0x49, 0x49, 0x49, 0x49, 0x49, 0x49, 0x49, 0x43, 0x43, 0x43, 0x3e, 0x43, 0x43, 0x3a, 0x3a, 0x05, 0xfc, 0xfd, 0x43, 0x4a, 0x49,
    0x49, 0x4a, 0x4b, 0x4f, 0x4f, 0x51, 0x51, 0x51, 0x58, 0x58, 0x58, 0x58, 0x58, 0x58, 0x58, 0x58, 0x51, 0x51, 0x47, 0x45, 0x44, 0x30, 0x37, 0x30,
    0x2c, 0x3c, 0x3c, 0x41, 0x37, 0x45, 0x37, 0x44, 0x44, 0x47, 0x30, 0x3b, 0x44, 0x44, 0x40, 0x40, 0x40, 0x40, 0x3b, 0x37, 0x3b, 0x3b, 0x37, 0x35,
    0x3b, 0x37, 0x35, 0x35, 0x35, 0x2c, 0x2c, 0x2c, 0x2c, 0x2c, 0x2c, 0x2c, 0x2c, 0x2c, 0x2c, 0x2c, 0x2c, 0x2c, 0x2c, 0x2c, 0x2c, 0x2c, 0x2c, 0x35,
    0x35, 0x2e, 0x27, 0x28, 0x3f, 0x42, 0x42, 0x28, 0x38, 0x50, 0x4c, 0x50, 0x5f, 0x5f, 0xb7, 0xbf, 0x68, 0xd1, 0xd1, 0xf3, 0xfe, 0x5f, 0x4b, 0x51,
    0x4f, 0x47, 0x40, 0x27, 0xd6, 0xff, 0x7c, 0x55, 0x55, 0x7c, 0x7c, 0x63, 0xb7, 0xc6, 0x7c, 0xd0, 0xd0, 0x24, 0x1c, 0x23, 0x23, 0x2f, 0x3a, 0x42,
    0x45, 0x4f, 0x51, 0x58, 0x6d, 0x8d, 0x84, 0x84, 0x84, 0x84, 0x8d, 0x8d, 0x87, 0x87, 0x87, 0x87, 0x87, 0x87, 0x87, 0x83, 0x83, 0x83, 0x83, 0x83,
    0x83, 0x83, 0x82, 0x79, 0x81, 0x81, 0x81, 0x81, 0x81, 0x81, 0x7a, 0x7a, 0x82, 0x82, 0x85, 0x85, 0x7a, 0x82, 0x85, 0x85, 0x85, 0x85, 0x85, 0x85,
    0x85, 0x8b, 0x8b, 0x8b, 0x8b, 0x8b, 0x93, 0x93, 0x93, 0x93, 0x93, 0x93, 0x93, 0x93, 0x94, 0x94, 0x94, 0x94, 0x94, 0x96, 0x96, 0x98, 0x98, 0x99,
    0x99, 0xa2, 0xa1, 0xa3, 0xa3, 0xa5, 0xa1, 0xa3, 0xa5, 0xa3, 0xa2, 0xa2, 0xa4, 0xa4, 0xa2, 0xa2, 0xa1, 0xa1, 0xa2, 0xa2, 0x9f, 0x9f, 0xa4, 0xa4,
    0x9f, 0xa4, 0x9f, 0x9f, 0x9f, 0xa4, 0xa0, 0x9f, 0x9f, 0xa0, 0x9f, 0xa0, 0xa0, 0xa0, 0xa0, 0xa0, 0xa0, 0xa0, 0xac, 0xac, 0xad, 0xad, 0xad, 0xac,
    0xad, 0xae, 0xae, 0xae, 0xae, 0xae, 0xae, 0xb2, 0xae, 0xb2, 0xb2, 0xb2, 0xb2, 0xb2, 0xb2, 0xb2, 0xb6, 0xb6, 0xb6, 0xb6, 0xb6, 0xbb, 0xbb, 0xbb,
    0xbb, 0xbd, 0xbd, 0xbe, 0xbe, 0xbe, 0xbe, 0xc0, 0xc0, 0xc0, 0xc4, 0xc4, 0xc5, 0xc5, 0xc5, 0xc8, 0xc8, 0xc8, 0xc8, 0xcd, 0xcd, 0xcd, 0xce, 0xce,
    0xce, 0xce, 0xd2, 0xd2, 0xd2, 0xd4, 0xd6, 0xd6, 0xd7, 0xd7, 0xda, 0xda, 0xda, 0xdd, 0xde, 0xdf, 0xdf, 0xe4, 0xe4, 0xe4, 0xe6, 0xe6, 0xea, 0xea,
    0xef, 0xef, 0xef, 0xef, 0xf0, 0xf0, 0xf0, 0xf0, 0xf0, 0xf2, 0xf2, 0xf2, 0xf2, 0xf6, 0xf6, 0xf6, 0xf6, 0xf6, 0xf6, 0xf6, 0xf6, 0xf6, 0xf6, 0xf6,
    0xf6, 0xf6, 0xf6, 0xf6, 0xf6, 0xf6, 0xf6, 0xf6, 0xf6, 0xf3, 0xf3, 0xf3, 0xf3, 0xf1, 0xf1, 0xf1, 0xf1, 0xee, 0xec, 0xec, 0xeb, 0xe9, 0xe7, 0xe5,
    0xe5, 0xe3, 0xe3, 0xe1, 0xe1, 0xdd, 0xdd, 0xdb, 0xd9, 0xd9, 0xd9, 0xd8, 0xd5, 0xd5, 0xd4, 0xd3, 0xd3, 0xd2, 0xd0, 0xcf, 0xcf, 0xcc, 0xcc, 0xcb,
    0xc9, 0xc9, 0xc7, 0xc6, 0xc6, 0xc3, 0xc3, 0xc2, 0xc2, 0xc2, 0xc1, 0xbc, 0xbc, 0xba, 0xba, 0xb9, 0xb9, 0xb9, 0xb9, 0xb8, 0xb8, 0xb8, 0xb8, 0xb8,
    0x6a, 0x6a, 0x73, 0x6f, 0x7e, 0x7e, 0x86, 0x86, 0x86, 0x5e, 0x54, 0x5e, 0xba, 0xa6, 0xa6, 0xaf, 0x80, 0x7c, 0x7c, 0x7c, 0x72, 0x72, 0x72, 0x72,
    0x72, 0x7c, 0x7c, 0x63, 0x63, 0x5f, 0x5f, 0x5f, 0x5f, 0x5f, 0x5f, 0x55, 0x55, 0x55, 0x55, 0x55, 0x55, 0x4e, 0x4e, 0x4e, 0x4e, 0x4c, 0x4c, 0x4c,
    0x49, 0x49, 0x49, 0x49, 0x49, 0x49, 0x43, 0x43, 0x43, 0x43, 0x43, 0x43, 0x3e, 0x3e, 0x3e, 0x39, 0x3d, 0x2f, 0x19, 0xff, 0xc9, 0x39, 0x4a, 0x49,
    0x4a, 0x4a, 0x4b, 0x4f, 0x51, 0x51, 0x51, 0x58, 0x58, 0x58, 0x51, 0x51, 0x51, 0x58, 0x51, 0x51, 0x47, 0x47, 0x47, 0x44, 0x44, 0x37, 0x37, 0x30,
    0x30, 0x41, 0x30, 0x2c, 0x45, 0x47, 0x22, 0x45, 0x44, 0x44, 0x3c, 0x40, 0x40, 0x44, 0x40, 0x40, 0x40, 0x40, 0x3b, 0x37, 0x3b, 0x3b, 0x3b, 0x35,
    0x35, 0x37, 0x35, 0x35, 0x35, 0x35, 0x2c, 0x2c, 0x2c, 0x2c, 0x2c, 0x2c, 0x2c, 0x2c, 0x2c, 0x2c, 0x2c, 0x2c, 0x2c, 0x2c, 0x35, 0x28, 0x2c, 0x2c,
    0x35, 0x35, 0x28, 0x31, 0x38, 0x3f, 0x46, 0x38, 0x33, 0x50, 0x4e, 0x50, 0x5f, 0x5f, 0xb7, 0xca, 0x63, 0xbf, 0xdf, 0xd5, 0xfd, 0x72, 0x4b, 0x50,
    0x4f, 0x47, 0x45, 0x19, 0xc1, 0xff, 0x5f, 0x55, 0x5f, 0x5f, 0x7c, 0x7c, 0xb7, 0xa6, 0xcc, 0x80, 0xd0, 0x21, 0x1c, 0x21, 0x21, 0x2a, 0x36, 0x3f,
    0x45, 0x4f, 0x51, 0x58, 0x6d, 0x84, 0x84, 0x84, 0x84, 0x84, 0x84, 0x84, 0x87, 0x87, 0x87, 0x87, 0x87, 0x87, 0x87, 0x83, 0x83, 0x83, 0x83, 0x83,
    0x83, 0x83, 0x82, 0x83, 0x81, 0x81, 0x81, 0x81, 0x81, 0x81, 0x7a, 0x7a, 0x82, 0x82, 0x85, 0x85, 0x85, 0x82, 0x85, 0x85, 0x85, 0x85, 0x85, 0x85,
    0x85, 0x8b, 0x8b, 0x8b, 0x8b, 0x8b, 0x93, 0x93, 0x93, 0x93, 0x93, 0x93, 0x93, 0x93, 0x94, 0x94, 0x94, 0x94, 0x94, 0x96, 0x96, 0x98, 0x98, 0x99,
    0x99, 0xa2, 0xa1, 0xa3, 0xa3, 0xa5, 0xa1, 0xa2, 0xa5, 0xa3, 0xa2, 0xa2, 0xa4, 0xa4, 0xa2, 0xa2, 0xa1, 0xa1, 0xa2, 0xa2, 0x9f, 0x9f, 0xa4, 0xa4,
    0x9f, 0xa4, 0x9f, 0x9f, 0x9f, 0xa4, 0xa0, 0x9f, 0x9f, 0xa0, 0x9f, 0xa0, 0xa0, 0xa0, 0xa0, 0xa0, 0xa0, 0xa0, 0xac, 0xac, 0xae, 0xad, 0xad, 0xac,
    0xad, 0xae, 0xae, 0xae, 0xae, 0xae, 0xae, 0xb2, 0xae, 0xb2, 0xb2, 0xb2, 0xb4, 0xb2, 0xb2, 0xb2, 0xb6, 0xb6, 0xb6, 0xb6, 0xb6, 0xbb, 0xbb, 0xbb,
    0xbb, 0xbd, 0xbe, 0xbe, 0xbe, 0xbe, 0xbe, 0xc0, 0xc0, 0xc0, 0xc4, 0xc4, 0xc5, 0xc5, 0xc8, 0xc8, 0xc8, 0xc8, 0xc8, 0xcd, 0xcd, 0xcd, 0xce, 0xce,
    0xce, 0xd2, 0xd2, 0xd2, 0xd2, 0xd4, 0xd6, 0xd6, 0xd7, 0xd7, 0xda, 0xda, 0xda, 0xdd, 0xde, 0xdf, 0xdf, 0xe4, 0xe4, 0xe4, 0xe6, 0xe6, 0xea, 0xea,
    0xef, 0xef, 0xef, 0xef, 0xf0, 0xf0, 0xf0, 0xf0, 0xf0, 0xf2, 0xf2, 0xf2, 0xf2, 0xf6, 0xf6, 0xf6, 0xf6, 0xf6, 0xf6, 0xf6, 0xf6, 0xf6, 0xf6, 0xf6,
    0xf6, 0xf6, 0xf6, 0xf6, 0xf6, 0xf6, 0xf6, 0xf6, 0xf3, 0xf3, 0xf3, 0xf3, 0xf1, 0xf1, 0xf1, 0xf1, 0xf1, 0xee, 0xec, 0xec, 0xe9, 0xe9, 0xe7, 0xe5,
    0xe5, 0xe3, 0xe3, 0xe1, 0xe1, 0xdd, 0xdd, 0xdb, 0xd9, 0xd9, 0xd7, 0xd6, 0xd5, 0xd5, 0xd4, 0xd3, 0xd3, 0xd2, 0xd0, 0xcf, 0xcf, 0xcc, 0xcc, 0xcb,
    0xc9, 0xc9, 0xc7, 0xc6, 0xc6, 0xc3, 0xc3, 0xc2, 0xc2, 0xc2, 0xbc, 0xbc, 0xbc, 0xba, 0xba, 0xb9, 0xb9, 0xb9, 0xb9, 0xb8, 0xb8, 0xb8, 0xb8, 0xb3,
    0x6a, 0x6a, 0x73, 0x6f, 0x7e, 0x7e, 0x86, 0x86, 0x86, 0x5e, 0x54, 0x5c, 0xb3, 0x80, 0x80, 0x80, 0x72, 0x7c, 0x7c, 0x7c, 0x7c, 0x63, 0x63, 0x63,
    0x5f, 0x5f, 0x5f, 0x5f, 0x5f, 0x5f, 0x5f, 0x5f, 0x5f, 0x55, 0x55, 0x55, 0x55, 0x55, 0x4e, 0x4e, 0x4e, 0x4e, 0x4e, 0x4c, 0x4c, 0x4a, 0x4a, 0x4a,
    0x49, 0x49, 0x49, 0x43, 0x43, 0x43, 0x43, 0x43, 0x43, 0x43, 0x3e, 0x3d, 0x39, 0x3d, 0x36, 0x39, 0x39, 0x18, 0x3a, 0xfe, 0x68, 0x43, 0x49, 0x49,
    0x4a, 0x4b, 0x4f, 0x4f, 0x51, 0x51, 0x51, 0x58, 0x58, 0x51, 0x51, 0x51, 0x58, 0x51, 0x51, 0x47, 0x47, 0x47, 0x47, 0x47, 0x44, 0x3b, 0x37, 0x3b,
    0x37, 0x41, 0x30, 0x28, 0x41, 0x45, 0x2c, 0x45, 0x44, 0x44, 0x45, 0x44, 0x44, 0x41, 0x40, 0x40, 0x40, 0x40, 0x40, 0x3b, 0x3b, 0x3b, 0x3b, 0x3b,
    0x35, 0x35, 0x37, 0x35, 0x35, 0x35, 0x35, 0x35, 0x2c, 0x2c, 0x2c, 0x2c, 0x2c, 0x28, 0x2c, 0x2c, 0x2c, 0x2c, 0x2c, 0x2c, 0x35, 0x28, 0x28, 0x2c,
    0x35, 0x35, 0x35, 0x32, 0x38, 0x3f, 0x46, 0x46, 0x3f, 0x50, 0x50, 0x50, 0x50, 0x5f, 0x72, 0xd1, 0x72, 0xb7, 0xd8, 0xf3, 0xbf, 0x4b, 0x4f, 0x4f,
    0x51, 0x47, 0x47, 0x17, 0x62, 0xff, 0xb7, 0x55, 0x55, 0x5f, 0x5f, 0x7c, 0x7c, 0xb7, 0xb7, 0xc6, 0xb3, 0x21, 0x18, 0x21, 0x1f, 0x2a, 0x36, 0x3f,
    0x45, 0x4f, 0x51, 0x58, 0x6d, 0x84, 0x84, 0x84, 0x84, 0x84, 0x84, 0x84, 0x87, 0x87, 0x87, 0x87, 0x87, 0x87, 0x87, 0x83, 0x83, 0x83, 0x83, 0x83,
    0x83, 0x83, 0x82, 0x83, 0x83, 0x81, 0x81, 0x81, 0x81, 0x81, 0x82, 0x7a, 0x82, 0x82, 0x85, 0x85, 0x85, 0x85, 0x85, 0x85, 0x85, 0x85, 0x85, 0x85,
    0x8b, 0x8b, 0x8b, 0x8b, 0x8b, 0x8b, 0x93, 0x93, 0x93, 0x93, 0x93, 0x93, 0x93, 0x93, 0x94, 0x94, 0x94, 0x94, 0x94, 0x96, 0x96, 0x98, 0x98, 0x99,
    0x99, 0xa2, 0xa1, 0xa3, 0xa3, 0xa1, 0xa1, 0xa2, 0xa5, 0xa3, 0xa2, 0xa2, 0xa4, 0xa4, 0xa2, 0xa2, 0xa1, 0xa1, 0xa2, 0xa2, 0x9f, 0x9f, 0xa4, 0xa4,
    0x9f, 0xa4, 0x9f, 0x9f, 0x9f, 0xa4, 0xa4, 0x9f, 0x9f, 0xa0, 0x9f, 0xa0, 0xa0, 0xa0, 0xa0, 0xa0, 0xa0, 0xa0, 0xad, 0xac, 0xae, 0xad, 0xad, 0xac,
    0xad, 0xae, 0xae, 0xae, 0xae, 0xae, 0xae, 0xb2, 0xb2, 0xb2, 0xb2, 0xb4, 0xb4, 0xb2, 0xb2, 0xb2, 0xb6, 0xb6, 0xb6, 0xb6, 0xb6, 0xbb, 0xbb, 0xbb,
    0xbd, 0xbe, 0xbe, 0xbe, 0xbe, 0xbe, 0xbe, 0xc0, 0xc0, 0xc0, 0xc4, 0xc4, 0xc5, 0xc5, 0xc8, 0xc8, 0xc8, 0xc8, 0xc8, 0xcd, 0xcd, 0xcd, 0xce, 0xce,
    0xce, 0xd2, 0xd2, 0xd2, 0xd2, 0xd4, 0xd6, 0xd6, 0xd7, 0xd7, 0xda, 0xda, 0xda, 0xdd, 0xdf, 0xdf, 0xdf, 0xe4, 0xe4, 0xe4, 0xe6, 0xe6, 0xea, 0xea,
    0xef, 0xef, 0xef, 0xef, 0xf0, 0xf0, 0xf0, 0xf0, 0xf0, 0xf2, 0xf2, 0xf2, 0xf2, 0xf2, 0xf2, 0xf6, 0xf6, 0xf6, 0xf6, 0xf6, 0xf6, 0xf6, 0xf6, 0xf6,
    0xf6, 0xf6, 0xf6, 0xf6, 0xf6, 0xf6, 0xf3, 0xf3, 0xf3, 0xf3, 0xf3, 0xf3, 0xf1, 0xf1, 0xf1, 0xf1, 0xf1, 0xee, 0xec, 0xeb, 0xe9, 0xe9, 0xe7, 0xe5,
    0xe5, 0xe3, 0xe3, 0xe1, 0xe1, 0xdd, 0xdd, 0xdb, 0xd9, 0xd9, 0xd7, 0xd6, 0xd5, 0xd5, 0xd4, 0xd3, 0xd3, 0xd2, 0xd0, 0xcf, 0xcf, 0xcc, 0xcc, 0xcb,
    0xc9, 0xc9, 0xc7, 0xc6, 0xc6, 0xc3, 0xc2, 0xc2, 0xc2, 0xc2, 0xbc, 0xbc, 0xba, 0xba, 0xba, 0xb9, 0xb9, 0xb9, 0xb9, 0xb8, 0xb8, 0xb8, 0xb8, 0xb3,
    0x6a, 0x6a, 0x73, 0x6f, 0x7e, 0x7e, 0x7e, 0x86, 0x86, 0x5e, 0x54, 0x5c, 0xaf, 0x7d, 0x80, 0x72, 0x7c, 0x7c, 0x5f, 0x5f, 0x5f, 0x5f, 0x5f, 0x5f,
    0x5f, 0x5f, 0x5f, 0x5f, 0x5f, 0x55, 0x55, 0x55, 0x55, 0x55, 0x55, 0x55, 0x4e, 0x4e, 0x4e, 0x4c, 0x4c, 0x4c, 0x4a, 0x4a, 0x4a, 0x49, 0x49, 0x49,
    0x49, 0x43, 0x43, 0x43, 0x43, 0x43, 0x43, 0x43, 0x3a, 0x3a, 0x3d, 0x39, 0x39, 0x39, 0x36, 0x2f, 0x36, 0x04, 0xc1, 0xff, 0x46, 0x46, 0x4a, 0x49,
    0x4a, 0x4b, 0x4f, 0x4f, 0x51, 0x51, 0x58, 0x58, 0x58, 0x51, 0x51, 0x51, 0x51, 0x51, 0x47, 0x47, 0x47, 0x3c, 0x47, 0x47, 0x47, 0x3c, 0x30, 0x3c,
    0x30, 0x37, 0x3b, 0x3b, 0x41, 0x41, 0x41, 0x3c, 0x44, 0x3c, 0x40, 0x44, 0x44, 0x44, 0x41, 0x40, 0x40, 0x40, 0x40, 0x3b, 0x3b, 0x3b, 0x3b, 0x3b,
    0x3b, 0x35, 0x35, 0x35, 0x35, 0x35, 0x35, 0x35, 0x2c, 0x2c, 0x35, 0x35, 0x2c, 0x28, 0x28, 0x2c, 0x2c, 0x2c, 0x2c, 0x2c, 0x35, 0x2c, 0x28, 0x2c,
    0x35, 0x2e, 0x35, 0x38, 0x38, 0x38, 0x42, 0x46, 0x4a, 0x50, 0x50, 0x50, 0x4a, 0x50, 0x5f, 0xd1, 0xbf, 0x80, 0xd1, 0xd1, 0xbf, 0x46, 0x48, 0x4f,
    0x4f, 0x4f, 0x48, 0x22, 0x51, 0xff, 0xd8, 0x55, 0x55, 0x55, 0x7c, 0xb7, 0x5f, 0xca, 0xaf, 0xb3, 0xfe, 0x2a, 0x18, 0x1f, 0x1f, 0x2a, 0x36, 0x3a,
    0x45, 0x48, 0x51, 0x58, 0x6d, 0x84, 0x84, 0x84, 0x84, 0x84, 0x84, 0x84, 0x87, 0x87, 0x87, 0x87, 0x87, 0x87, 0x87, 0x83, 0x83, 0x83, 0x83, 0x83,
    0x83, 0x83, 0x82, 0x83, 0x83, 0x81, 0x81, 0x81, 0x81, 0x81, 0x82, 0x7a, 0x82, 0x82, 0x85, 0x85, 0x85, 0x85, 0x85, 0x85, 0x85, 0x85, 0x85, 0x85,
    0x8b, 0x8b, 0x8b, 0x8b, 0x8b, 0x8b, 0x93, 0x93, 0x93, 0x93, 0x93, 0x93, 0x93, 0x93, 0x94, 0x94, 0x94, 0x94, 0x94, 0x96, 0x96, 0x98, 0x98, 0x99,
    0x99, 0xa2, 0xa1, 0xa3, 0xa3, 0xa1, 0xa1, 0xa2, 0xa5, 0xa1, 0xa2, 0xa2, 0xa4, 0xa4, 0xa2, 0xa2, 0xa1, 0xa1, 0xa2, 0xa2, 0x9f, 0x9f, 0xa4, 0xa4,
    0x9f, 0xa4, 0x9f, 0x9f, 0x9f, 0xa4, 0xa4, 0x9f, 0x9f, 0xa0, 0x9f, 0xa0, 0xa0, 0xa0, 0xa0, 0xa0, 0xa0, 0xa0, 0xad, 0xac, 0xae, 0xad, 0xad, 0xac,
    0xad, 0xae, 0xae, 0xae, 0xae, 0xae, 0xae, 0xb2, 0xb2, 0xb2, 0xb2, 0xb4, 0xb4, 0xb2, 0xb2, 0xb6, 0xb6, 0xb6, 0xb6, 0xb6, 0xbb, 0xbb, 0xbb, 0xbb,
    0xbe, 0xbe, 0xbe, 0xbe, 0xbe, 0xbe, 0xc0, 0xc0, 0xc0, 0xc4, 0xc4, 0xc4, 0xc5, 0xc5, 0xc8, 0xc8, 0xc8, 0xc8, 0xc8, 0xcd, 0xcd, 0xcd, 0xce, 0xce,
    0xce, 0xd2, 0xd2, 0xd2, 0xd2, 0xd4, 0xd6, 0xd6, 0xd7, 0xd7, 0xd7, 0xda, 0xda, 0xdd, 0xdf, 0xdf, 0xdf, 0xe4, 0xe4, 0xe4, 0xe6, 0xe6, 0xea, 0xea,
    0xef, 0xef, 0xef, 0xef, 0xf0, 0xf0, 0xf0, 0xf0, 0xf0, 0xf2, 0xf2, 0xf2, 0xf2, 0xf2, 0xf2, 0xf2, 0xf6, 0xf6, 0xf6, 0xf6, 0xf6, 0xf6, 0xf6, 0xf6,
    0xf6, 0xf6, 0xf6, 0xf6, 0xf6, 0xf6, 0xf3, 0xf3, 0xf3, 0xf3, 0xf1, 0xf1, 0xf1, 0xf1, 0xf1, 0xf1, 0xf1, 0xec, 0xec, 0xeb, 0xe9, 0xe9, 0xe7, 0xe5,
    0xe5, 0xe3, 0xe2, 0xe1, 0xe1, 0xdd, 0xdd, 0xdb, 0xd9, 0xd9, 0xd7, 0xd6, 0xd5, 0xd5, 0xd4, 0xd3, 0xd3, 0xd2, 0xd0, 0xcf, 0xcf, 0xcc, 0xcc, 0xcb,
    0xc9, 0xc7, 0xc7, 0xc6, 0xc6, 0xc3, 0xc2, 0xc2, 0xc2, 0xc2, 0xbc, 0xbc, 0xba, 0xba, 0xb9, 0xb9, 0xb9, 0xb9, 0xb8, 0xb8, 0xb8, 0xb8, 0xb3, 0xb3,
    0x6a, 0x6a, 0x73, 0x73, 0x7e, 0x7e, 0x7e, 0x86, 0x86, 0x5e, 0x54, 0x5c, 0x8e, 0x72, 0x7c, 0x63, 0x63, 0x5f, 0x5f, 0x5f, 0x5f, 0x5f, 0x5f, 0x5f,
    0x5f, 0x55, 0x55, 0x55, 0x55, 0x55, 0x55, 0x55, 0x4e, 0x4e, 0x4e, 0x4e, 0x4e, 0x4d, 0x4c, 0x4c, 0x4c, 0x49, 0x49, 0x49, 0x49, 0x49, 0x49, 0x43,
    0x43, 0x43, 0x43, 0x3e, 0x3e, 0x3d, 0x3a, 0x3a, 0x3a, 0x39, 0x36, 0x36, 0x36, 0x2f, 0x2f, 0x2f, 0x2a, 0x07, 0xf7, 0xfe, 0x3a, 0x49, 0x49, 0x49,
    0x4a, 0x4b, 0x4f, 0x4f, 0x51, 0x51, 0x51, 0x51, 0x51, 0x51, 0x51, 0x51, 0x51, 0x47, 0x47, 0x47, 0x3c, 0x22, 0x47, 0x47, 0x47, 0x3c, 0x2c, 0x3c,
    0x3b, 0x3c, 0x3b, 0x3c, 0x44, 0x27, 0x44, 0x37, 0x44, 0x3c, 0x40, 0x44, 0x40, 0x44, 0x44, 0x40, 0x3b, 0x40, 0x40, 0x40, 0x3b, 0x3b, 0x3b, 0x3b,
    0x3b, 0x35, 0x35, 0x35, 0x35, 0x35, 0x35, 0x35, 0x35, 0x2c, 0x28, 0x35, 0x2c, 0x2c, 0x28, 0x28, 0x2c, 0x2c, 0x2c, 0x2c, 0x2c, 0x2c, 0x28, 0x28,
    0x2e, 0x2e, 0x2e, 0x38, 0x38, 0x38, 0x3f, 0x46, 0x4a, 0x50, 0x50, 0x55, 0x43, 0x49, 0x63, 0xd1, 0xbf, 0xb7, 0xd1, 0xeb, 0x72, 0x4a, 0x46, 0x4b,
    0x4f, 0x4f, 0x47, 0x28, 0x47, 0xff, 0xe3, 0x4e, 0x5f, 0x55, 0x5f, 0x7c, 0xb7, 0x7c, 0xeb, 0x5f, 0xfd, 0x4d, 0x15, 0x1b, 0x1f, 0x24, 0x33, 0x3a,
    0x42, 0x48, 0x51, 0x58, 0x6d, 0x84, 0x84, 0x84, 0x84, 0x84, 0x84, 0x84, 0x87, 0x87, 0x87, 0x87, 0x87, 0x87, 0x87, 0x83, 0x83, 0x83, 0x83, 0x83,
    0x83, 0x83, 0x83, 0x83, 0x83, 0x81, 0x81, 0x81, 0x81, 0x81, 0x82, 0x82, 0x82, 0x82, 0x85, 0x85, 0x85, 0x85, 0x85, 0x85, 0x85, 0x85, 0x85, 0x85,
    0x8b, 0x8b, 0x8b, 0x8b, 0x8b, 0x8b, 0x93, 0x93, 0x93, 0x93, 0x93, 0x93, 0x93, 0x93, 0x94, 0x94, 0x94, 0x94, 0x94, 0x96, 0x96, 0x98, 0x98, 0x99,
    0x99, 0xa2, 0xa1, 0xa3, 0xa3, 0xa1, 0xa1, 0xa2, 0xa5, 0xa1, 0xa2, 0xa2, 0xa4, 0xa4, 0xa2, 0xa2, 0xa1, 0xa1, 0xa2, 0xa2, 0x9f, 0x9f, 0xa4, 0xa4,
    0x9f, 0xa4, 0x9f, 0x9f, 0x9f, 0xa4, 0xa4, 0x9f, 0x9f, 0xa0, 0x9f, 0xa0, 0xa0, 0xa0, 0xa0, 0xa0, 0xa0, 0xa0, 0xad, 0xac, 0xae, 0xad, 0xad, 0xad,
    0xad, 0xae, 0xae, 0xae, 0xae, 0xae, 0xae, 0xb2, 0xb2, 0xb2, 0xb2, 0xb2, 0xb4, 0xb2, 0xb2, 0xb6, 0xb6, 0xb6, 0xb6, 0xb6, 0xbb, 0xbb, 0xbb, 0xbb,
    0xbe, 0xbe, 0xbe, 0xbe, 0xbe, 0xbe, 0xc0, 0xc0, 0xc0, 0xc4, 0xc4, 0xc4, 0xc5, 0xc5, 0xc8, 0xc8, 0xc8, 0xc8, 0xc8, 0xcd, 0xcd, 0xcd, 0xce, 0xce,
    0xce, 0xd2, 0xd2, 0xd2, 0xd2, 0xd4, 0xd6, 0xd6, 0xd7, 0xd7, 0xd7, 0xda, 0xdd, 0xdd, 0xdf, 0xdf, 0xdf, 0xe4, 0xe4, 0xe6, 0xe6, 0xe6, 0xea, 0xea,
    0xef, 0xef, 0xef, 0xef, 0xf0, 0xf0, 0xf0, 0xf0, 0xf0, 0xf0, 0xf2, 0xf2, 0xf2, 0xf2, 0xf2, 0xf2, 0xf2, 0xf2, 0xf2, 0xf6, 0xf6, 0xf6, 0xf6, 0xf6,
    0xf6, 0xf6, 0xf6, 0xf6, 0xf6, 0xf6, 0xf3, 0xf3, 0xf3, 0xf1, 0xf1, 0xf1, 0xf1, 0xf1, 0xf1, 0xf1, 0xf1, 0xec, 0xec, 0xeb, 0xe9, 0xe9, 0xe7, 0xe5,
    0xe5, 0xe3, 0xe2, 0xe1, 0xe1, 0xdd, 0xdc, 0xdb, 0xd9, 0xd9, 0xd7, 0xd6, 0xd5, 0xd5, 0xd4, 0xd3, 0xd3, 0xd2, 0xd0, 0xcf, 0xcf, 0xcc, 0xcb, 0xcb,
    0xc9, 0xc7, 0xc7, 0xc6, 0xc6, 0xc3, 0xc2, 0xc2, 0xc2, 0xc2, 0xbc, 0xbc, 0xba, 0xba, 0xb9, 0xb9, 0xb9, 0xb9, 0xb8, 0xb8, 0xb8, 0xb8, 0xb3, 0xb3,
    0x6a, 0x6a, 0x73, 0x73, 0x6f, 0x7e, 0x7e, 0x89, 0x86, 0x5e, 0x54, 0x5c, 0x80, 0x63, 0x63, 0x5f, 0x5f, 0x5f, 0x5f, 0x5f, 0x5f, 0x55, 0x55, 0x55,
    0x55, 0x55, 0x55, 0x55, 0x4e, 0x4e, 0x4e, 0x4e, 0x4d, 0x4d, 0x4c, 0x4c, 0x4c, 0x4a, 0x49, 0x49, 0x49, 0x49, 0x49, 0x49, 0x43, 0x43, 0x43, 0x43,
    0x43, 0x3e, 0x3d, 0x3d, 0x3d, 0x39, 0x39, 0x36, 0x39, 0x36, 0x36, 0x2f, 0x2f, 0x2b, 0x2a, 0x2f, 0x18, 0x29, 0xfe, 0xd0, 0x3a, 0x49, 0x49, 0x49,
    0x4a, 0x4b, 0x4f, 0x4f, 0x51, 0x51, 0x51, 0x51, 0x51, 0x51, 0x51, 0x47, 0x47, 0x47, 0x47, 0x30, 0x30, 0x02, 0x47, 0x51, 0x47, 0x3c, 0x3b, 0x3b,
    0x3c, 0x41, 0x2c, 0x45, 0x44, 0x16, 0x45, 0x30, 0x44, 0x41, 0x44, 0x44, 0x3b, 0x3c, 0x44, 0x44, 0x3b, 0x3b, 0x40, 0x40, 0x3b, 0x3b, 0x3b, 0x37,
    0x3b, 0x35, 0x2c, 0x35, 0x35, 0x2c, 0x35, 0x35, 0x35, 0x28, 0x27, 0x2c, 0x2c, 0x2c, 0x28, 0x28, 0x35, 0x2c, 0x2c, 0x2c, 0x2c, 0x2c, 0x2c, 0x28,
    0x2c, 0x35, 0x27, 0x27, 0x38, 0x38, 0x3f, 0x3f, 0x42, 0x3f, 0x50, 0x55, 0x4a, 0x49, 0x55, 0xb7, 0xd1, 0x5f, 0xb7, 0xfa, 0xca, 0x50, 0x46, 0x48,
    0x4f, 0x4f, 0x48, 0x30, 0x3c, 0xff, 0xfd, 0x55, 0x55, 0x55, 0x55, 0x7c, 0x7c, 0xb7, 0xb7, 0xd8, 0x63, 0x4d, 0x15, 0x1c, 0x1c, 0x24, 0x2e, 0x3a,
    0x42, 0x48, 0x51, 0x58, 0x6d, 0x84, 0x84, 0x84, 0x84, 0x84, 0x84, 0x84, 0x87, 0x87, 0x87, 0x87, 0x87, 0x87, 0x87, 0x87, 0x83, 0x83, 0x83, 0x83,
    0x83, 0x83, 0x83, 0x82, 0x83, 0x81, 0x81, 0x81, 0x81, 0x81, 0x82, 0x82, 0x82, 0x82, 0x85, 0x85, 0x85, 0x85, 0x85, 0x86, 0x86, 0x85, 0x85, 0x85,
    0x8b, 0x8b, 0x8b, 0x8b, 0x8b, 0x8b, 0x93, 0x93, 0x93, 0x93, 0x93, 0x93, 0x93, 0x93, 0x94, 0x94, 0x94, 0x94, 0x94, 0x96, 0x96, 0x98, 0x98, 0x99,
    0x98, 0xa2, 0xa1, 0xa3, 0xa3, 0xa1, 0xa1, 0xa2, 0xa5, 0xa1, 0xa2, 0xa2, 0xa4, 0xa4, 0xa2, 0xa2, 0xa1, 0xa1, 0xa2, 0xa2, 0x9f, 0x9f, 0xa4, 0xa4,
    0x9f, 0xa4, 0x9f, 0x9f, 0x9f, 0xa4, 0xa4, 0x9f, 0x9f, 0xa0, 0x9f, 0xa0, 0xa0, 0xa0, 0xa0, 0xa0, 0xa0, 0xa0, 0xad, 0xac, 0xae, 0xad, 0xad, 0xad,
    0xad, 0xae, 0xae, 0xae, 0xae, 0xae, 0xae, 0xb2, 0xb2, 0xb2, 0xb2, 0xb2, 0xb2, 0xb2, 0xb6, 0xb6, 0xb6, 0xb6, 0xb6, 0xb6, 0xbb, 0xbb, 0xbb, 0xbd,
    0xbe, 0xbe, 0xbe, 0xbe, 0xbe, 0xbe, 0xc0, 0xc0, 0xc0, 0xc4, 0xc4, 0xc5, 0xc5, 0xc5, 0xc8, 0xc8, 0xc8, 0xc8, 0xc8, 0xcd, 0xcd, 0xcd, 0xce, 0xce,
    0xce, 0xd2, 0xd2, 0xd2, 0xd2, 0xd4, 0xd6, 0xd6, 0xd7, 0xd7, 0xd7, 0xda, 0xdd, 0xdd, 0xdf, 0xdf, 0xdf, 0xe4, 0xe4, 0xe6, 0xe6, 0xe6, 0xea, 0xea,
    0xef, 0xef, 0xef, 0xef, 0xf0, 0xf0, 0xf0, 0xf0, 0xf0, 0xf0, 0xf2, 0xf2, 0xf2, 0xf2, 0xf2, 0xf2, 0xf2, 0xf2, 0xf2, 0xf2, 0xf2, 0xf6, 0xf6, 0xf6,
    0xf6, 0xf6, 0xf6, 0xf6, 0xf6, 0xf3, 0xf3, 0xf3, 0xf1, 0xf1, 0xf1, 0xf1, 0xf1, 0xf1, 0xf1, 0xf1, 0xf1, 0xec, 0xec, 0xeb, 0xe9, 0xe9, 0xe5, 0xe5,
    0xe5, 0xe3, 0xe2, 0xe1, 0xe1, 0xdd, 0xdb, 0xdb, 0xd9, 0xd9, 0xd7, 0xd6, 0xd5, 0xd5, 0xd4, 0xd3, 0xd3, 0xd2, 0xd0, 0xcf, 0xcc, 0xcc, 0xcb, 0xcb,
    0xc9, 0xc7, 0xc7, 0xc6, 0xc6, 0xc3, 0xc2, 0xc2, 0xc2, 0xc2, 0xbc, 0xbc, 0xba, 0xba, 0xb9, 0xb9, 0xb9, 0xb9, 0xb8, 0xb8, 0xb8, 0xb3, 0xb3, 0xb3,
    0x6a, 0x6a, 0x6a, 0x73, 0x6f, 0x7e, 0x7e, 0x86, 0x86, 0x5e, 0x54, 0x59, 0x72, 0x63, 0x63, 0x5f, 0x5f, 0x55, 0x55, 0x55, 0x55, 0x55, 0x55, 0x4e,
    0x4e, 0x4e, 0x4e, 0x4e, 0x4e, 0x4e, 0x4d, 0x4c, 0x4c, 0x4c, 0x4a, 0x4a, 0x49, 0x49, 0x49, 0x46, 0x43, 0x43, 0x43, 0x43, 0x43, 0x43, 0x3e, 0x3d,
    0x3a, 0x3d, 0x3a, 0x39, 0x39, 0x36, 0x36, 0x36, 0x2f, 0x2f, 0x2f, 0x2f, 0x2a, 0x2a, 0x2a, 0x2a, 0x06, 0x48, 0xff, 0x5c, 0x43, 0x49, 0x46, 0x49,
    0x4a, 0x4b, 0x4b, 0x4f, 0x4f, 0x51, 0x51, 0x51, 0x51, 0x47, 0x47, 0x47, 0x47, 0x47, 0x30, 0x30, 0x22, 0x02, 0x47, 0x51, 0x47, 0x44, 0x48, 0x37,
    0x41, 0x41, 0x27, 0x41, 0x44, 0x22, 0x44, 0x3b, 0x44, 0x44, 0x44, 0x44, 0x3b, 0x37, 0x44, 0x44, 0x3c, 0x3b, 0x40, 0x40, 0x3b, 0x3b, 0x3b, 0x37,
    0x3b, 0x3b, 0x2c, 0x35, 0x35, 0x2c, 0x2c, 0x35, 0x35, 0x2c, 0x27, 0x2c, 0x35, 0x2c, 0x2c, 0x28, 0x2c, 0x2c, 0x2e, 0x2c, 0x2c, 0x2c, 0x2c, 0x2e,
    0x2c, 0x35, 0x31, 0x20, 0x28, 0x38, 0x38, 0x3f, 0x31, 0x20, 0x42, 0x5f, 0x55, 0x55, 0x50, 0x80, 0xd5, 0x68, 0x5f, 0xeb, 0xdf, 0x4d, 0x42, 0x48,
    0x48, 0x4f, 0x48, 0x37, 0x2e, 0xfe, 0xe3, 0x4e, 0x55, 0x55, 0x55, 0x7c, 0x7c, 0xb7, 0x7c, 0xca, 0xca, 0x2a, 0x14, 0x1c, 0x19, 0x24, 0x2e, 0x3a,
    0x42, 0x48, 0x51, 0x58, 0x6d, 0x84, 0x84, 0x84, 0x84, 0x84, 0x84, 0x84, 0x87, 0x87, 0x87, 0x87, 0x87, 0x87, 0x87, 0x87, 0x83, 0x83, 0x83, 0x83,
    0x83, 0x83, 0x83, 0x82, 0x83, 0x81, 0x81, 0x81, 0x81, 0x81, 0x82, 0x82, 0x82, 0x82, 0x85, 0x85, 0x85, 0x85, 0x85, 0x86, 0x86, 0x86, 0x85, 0x85,
    0x8b, 0x8b, 0x8b, 0x8b, 0x8b, 0x8b, 0x93, 0x93, 0x93, 0x93, 0x93, 0x93, 0x93, 0x93, 0x94, 0x94, 0x94, 0x94, 0x94, 0x96, 0x96, 0x98, 0x98, 0x99,
    0x98, 0xa2, 0xa1, 0xa3, 0xa3, 0xa1, 0xa1, 0xa2, 0xa5, 0xa1, 0xa2, 0xa2, 0xa4, 0xa4, 0xa2, 0xa2, 0xa1, 0xa1, 0xa2, 0xa2, 0x9f, 0x9f, 0xa4, 0xa4,
    0x9f, 0xa4, 0x9f, 0x9f, 0x9f, 0xa4, 0xa4, 0x9f, 0x9f, 0xa0, 0x9f, 0xa0, 0xa0, 0xa0, 0xa0, 0xa0, 0xa0, 0xa0, 0xad, 0xad, 0xae, 0xae, 0xad, 0xad,
    0xad, 0xae, 0xae, 0xae, 0xae, 0xae, 0xae, 0xb2, 0xb2, 0xb2, 0xb2, 0xb2, 0xb2, 0xb2, 0xb6, 0xb6, 0xb6, 0xb6, 0xb6, 0xb6, 0xbb, 0xbb, 0xbb, 0xbd,
    0xbe, 0xbe, 0xbe, 0xbe, 0xbe, 0xbe, 0xc0, 0xc0, 0xc0, 0xc4, 0xc4, 0xc5, 0xc5, 0xc5, 0xc8, 0xc8, 0xc8, 0xc8, 0xc8, 0xcd, 0xcd, 0xcd, 0xce, 0xce,
    0xce, 0xd2, 0xd2, 0xd2, 0xd2, 0xd4, 0xd6, 0xd6, 0xd7, 0xd7, 0xd7, 0xda, 0xdd, 0xdd, 0xdf, 0xdf, 0xdf, 0xe4, 0xe4, 0xe6, 0xe6, 0xe6, 0xea, 0xea,
    0xef, 0xef, 0xef, 0xef, 0xf0, 0xf0, 0xf0, 0xf0, 0xf0, 0xf0, 0xf2, 0xf2, 0xf2, 0xf2, 0xf2, 0xf2, 0xf2, 0xf2, 0xf2, 0xf2, 0xf2, 0xf2, 0xf6, 0xf6,
    0xf6, 0xf6, 0xf6, 0xf6, 0xf2, 0xf3, 0xf1, 0xf1, 0xf1, 0xf1, 0xf1, 0xf1, 0xf1, 0xf1, 0xf1, 0xf1, 0xec, 0xec, 0xec, 0xe9, 0xe9, 0xe7, 0xe5, 0xe5,
    0xe5, 0xe3, 0xe2, 0xe1, 0xe1, 0xdd, 0xdb, 0xdb, 0xd9, 0xd9, 0xd7, 0xd6, 0xd5, 0xd5, 0xd4, 0xd3, 0xd0, 0xd2, 0xd0, 0xcf, 0xcc, 0xcc, 0xcb, 0xcb,
    0xc9, 0xc7, 0xc6, 0xc6, 0xc6, 0xc3, 0xc2, 0xc2, 0xc2, 0xc1, 0xbc, 0xbc, 0xba, 0xba, 0xb9, 0xb9, 0xb9, 0xb8, 0xb8, 0xb8, 0xb8, 0xb3, 0xb3, 0xb3,
    0x6a, 0x6a, 0x6a, 0x73, 0x6f, 0x7e, 0x7e, 0x86, 0x86, 0x5e, 0x54, 0x59, 0x69, 0x63, 0x5f, 0x5f, 0x55, 0x55, 0x55, 0x4e, 0x4e, 0x4e, 0x4e, 0x4c,
    0x4e, 0x4d, 0x4d, 0x4d, 0x4c, 0x4c, 0x4a, 0x4a, 0x49, 0x49, 0x49, 0x49, 0x46, 0x43, 0x43, 0x43, 0x43, 0x43, 0x43, 0x43, 0x3a, 0x3a, 0x3d, 0x39,
    0x39, 0x39, 0x39, 0x36, 0x36, 0x36, 0x2f, 0x2f, 0x2f, 0x2a, 0x2a, 0x2a, 0x26, 0x26, 0x24, 0x26, 0x03, 0x5a, 0xff, 0x4b, 0x42, 0x46, 0x46, 0x4a,
    0x48, 0x4b, 0x4b, 0x4f, 0x4f, 0x4f, 0x51, 0x47, 0x47, 0x47, 0x47, 0x47, 0x47, 0x3c, 0x30, 0x22, 0x0a, 0x00, 0x45, 0x51, 0x4f, 0x47, 0x48, 0x37,
    0x41, 0x44, 0x30, 0x40, 0x44, 0x3b, 0x45, 0x41, 0x44, 0x44, 0x44, 0x44, 0x40, 0x40, 0x44, 0x44, 0x40, 0x3c, 0x40, 0x40, 0x3b, 0x3b, 0x3b, 0x37,
    0x37, 0x3b, 0x35, 0x37, 0x35, 0x2c, 0x2c, 0x2c, 0x35, 0x35, 0x2c, 0x2c, 0x2c, 0x2c, 0x2c, 0x2c, 0x2c, 0x2c, 0x28, 0x2c, 0x2c, 0x2c, 0x2c, 0x2e,
    0x2e, 0x35, 0x33, 0x20, 0x1d, 0x38, 0x3f, 0x38, 0x1d, 0x20, 0x2b, 0x50, 0x5f, 0x68, 0x5f, 0x68, 0xd1, 0xbf, 0x5f, 0xd1, 0xdf, 0x50, 0x3f, 0x46,
    0x4b, 0x4f, 0x4f, 0x41, 0x17, 0xfc, 0xff, 0x4e, 0x55, 0x55, 0x5f, 0x55, 0xb7, 0x7c, 0xd5, 0x5f, 0xfd, 0x4a, 0x0e, 0x1b, 0x1c, 0x24, 0x2e, 0x3a,
    0x42, 0x48, 0x51, 0x58, 0x6d, 0x84, 0x84, 0x84, 0x84, 0x84, 0x84, 0x84, 0x84, 0x87, 0x87, 0x87, 0x87, 0x87, 0x87, 0x87, 0x83, 0x83, 0x83, 0x83,
    0x83, 0x83, 0x83, 0x82, 0x83, 0x83, 0x81, 0x81, 0x81, 0x81, 0x82, 0x82, 0x82, 0x82, 0x85, 0x85, 0x85, 0x85, 0x85, 0x86, 0x86, 0x86, 0x86, 0x8b,
    0x8b, 0x8c, 0x8b, 0x8b, 0x8b, 0x8b, 0x93, 0x93, 0x93, 0x93, 0x93, 0x93, 0x93, 0x93, 0x94, 0x94, 0x94, 0x94, 0x94, 0x96, 0x96, 0x98, 0x98, 0x99,
    0x98, 0xa2, 0xa1, 0xa3, 0xa3, 0xa1, 0xa1, 0xa2, 0xa5, 0xa1, 0xa2, 0xa2, 0xa4, 0xa4, 0xa2, 0xa2, 0xa1, 0xa1, 0xa2, 0xa2, 0x9f, 0x9f, 0xa4, 0xa4,
    0x9f, 0xa4, 0x9f, 0x9f, 0x9f, 0xa4, 0xa4, 0x9f, 0x9f, 0xa0, 0x9f, 0xa0, 0xa0, 0xa0, 0xa0, 0xa0, 0xa0, 0xa0, 0xad, 0xad, 0xae, 0xae, 0xad, 0xad,
    0xad, 0xae, 0xae, 0xae, 0xae, 0xae, 0xae, 0xb2, 0xb2, 0xb2, 0xb2, 0xb2, 0xb2, 0xb6, 0xb6, 0xb6, 0xb6, 0xb6, 0xb6, 0xb6, 0xbb, 0xbb, 0xbb, 0xbd,
    0xbe, 0xbe, 0xbe, 0xbe, 0xbe, 0xbe, 0xc0, 0xc0, 0xc0, 0xc4, 0xc4, 0xc5, 0xc5, 0xc5, 0xc8, 0xc8, 0xc8, 0xc8, 0xc8, 0xcd, 0xcd, 0xcd, 0xce, 0xce,
    0xce, 0xd2, 0xd2, 0xd2, 0xd2, 0xd4, 0xd6, 0xd6, 0xd7, 0xd7, 0xd7, 0xda, 0xdd, 0xdd, 0xdf, 0xdf, 0xdf, 0xe4, 0xe4, 0xe6, 0xe6, 0xe6, 0xea, 0xea,
    0xef, 0xef, 0xef, 0xef, 0xf0, 0xf0, 0xf0, 0xf0, 0xf0, 0xf0, 0xf2, 0xf2, 0xf2, 0xf2, 0xf2, 0xf2, 0xf2, 0xf2, 0xf2, 0xf2, 0xf2, 0xf2, 0xf2, 0xf2,
    0xf2, 0xf2, 0xf2, 0xf2, 0xf3, 0xf3, 0xf1, 0xf1, 0xf1, 0xf1, 0xf1, 0xf1, 0xf1, 0xf1, 0xf1, 0xf1, 0xec, 0xec, 0xec, 0xe9, 0xe9, 0xe7, 0xe5, 0xe5,
    0xe5, 0xe3, 0xe2, 0xe1, 0xe1, 0xdd, 0xdb, 0xdb, 0xd9, 0xd9, 0xd7, 0xd6, 0xd5, 0xd5, 0xd3, 0xd3, 0xd0, 0xd2, 0xd0, 0xcf, 0xcc, 0xcc, 0xcb, 0xc9,
    0xc9, 0xc7, 0xc6, 0xc6, 0xc6, 0xc3, 0xc2, 0xc2, 0xc2, 0xbc, 0xbc, 0xbc, 0xba, 0xb9, 0xb9, 0xb9, 0xb9, 0xb8, 0xb8, 0xb8, 0xb3, 0xb3, 0xb3, 0xb0,
    0x6a, 0x6a, 0x6a, 0x73, 0x73, 0x7e, 0x7e, 0x89, 0x86, 0x5e, 0x54, 0x57, 0x63, 0x5f, 0x5f, 0x55, 0x55, 0x4e, 0x4d, 0x4d, 0x4d, 0x4a, 0x4a, 0x4d,
    0x4a, 0x4a, 0x4a, 0x49, 0x49, 0x49, 0x49, 0x49, 0x49, 0x46, 0x43, 0x43, 0x43, 0x43, 0x43, 0x43, 0x43, 0x43, 0x3d, 0x3a, 0x3a, 0x3a, 0x39, 0x36,
    0x36, 0x36, 0x36, 0x2f, 0x2f, 0x2f, 0x2f, 0x2a, 0x2a, 0x2a, 0x24, 0x26, 0x21, 0x21, 0x23, 0x1f, 0x03, 0x9a, 0xff, 0x43, 0x46, 0x49, 0x49, 0x4a,
    0x48, 0x4b, 0x4b, 0x4f, 0x4f, 0x47, 0x47, 0x47, 0x47, 0x47, 0x47, 0x47, 0x3c, 0x30, 0x30, 0x16, 0x02, 0x00, 0x45, 0x56, 0x4f, 0x47, 0x47, 0x3c,
    0x3c, 0x44, 0x41, 0x41, 0x44, 0x44, 0x41, 0x3c, 0x44, 0x40, 0x45, 0x44, 0x44, 0x40, 0x40, 0x41, 0x40, 0x40, 0x40, 0x3f, 0x3b, 0x3b, 0x3b, 0x37,
    0x35, 0x37, 0x3b, 0x3b, 0x35, 0x2c, 0x2c, 0x2c, 0x2c, 0x35, 0x35, 0x2c, 0x2c, 0x2c, 0x2c, 0x2c, 0x2c, 0x2c, 0x27, 0x27, 0x2c, 0x35, 0x2c, 0x2c,
    0x2c, 0x35, 0x38, 0x31, 0x1d, 0x31, 0x42, 0x3f, 0x1d, 0x20, 0x1d, 0x4b, 0x5f, 0x68, 0x68, 0x57, 0xb7, 0xd1, 0x5f, 0x80, 0xfd, 0x5f, 0x3e, 0x48,
    0x4b, 0x4b, 0x4f, 0x44, 0x0a, 0xfc, 0xfe, 0x55, 0x55, 0x55, 0x5f, 0x55, 0xb7, 0xca, 0x68, 0xd8, 0x55, 0x57, 0x13, 0x1b, 0x1b, 0x24, 0x2e, 0x3a,
    0x42, 0x48, 0x51, 0x58, 0x6d, 0x84, 0x84, 0x84, 0x84, 0x84, 0x84, 0x84, 0x84, 0x87, 0x87, 0x87, 0x87, 0x87, 0x87, 0x87, 0x83, 0x83, 0x83, 0x83,
    0x83, 0x83, 0x83, 0x82, 0x83, 0x83, 0x81, 0x81, 0x81, 0x81, 0x82, 0x82, 0x82, 0x82, 0x85, 0x85, 0x85, 0x85, 0x85, 0x85, 0x86, 0x86, 0x86, 0x8b,
    0x8b, 0x8c, 0x8c, 0x8b, 0x8b, 0x8b, 0x93, 0x93, 0x93, 0x93, 0x93, 0x93, 0x93, 0x93, 0x94, 0x94, 0x94, 0x94, 0x94, 0x96, 0x96, 0x98, 0x98, 0x99,
    0x98, 0xa1, 0xa1, 0xa3, 0xa3, 0xa1, 0xa1, 0xa2, 0xa5, 0xa1, 0xa2, 0xa2, 0xa4, 0xa4, 0xa2, 0xa2, 0xa1, 0xa1, 0xa2, 0xa2, 0x9f, 0x9f, 0xa4, 0xa4,
    0x9f, 0xa4, 0x9f, 0x9f, 0x9f, 0xa4, 0xa4, 0x9f, 0x9f, 0xa0, 0x9f, 0xa0, 0xa0, 0xa0, 0xa0, 0xa0, 0xa0, 0xa0, 0xad, 0xad, 0xae, 0xae, 0xad, 0xad,
    0xae, 0xae, 0xae, 0xae, 0xae, 0xae, 0xae, 0xb2, 0xb2, 0xb2, 0xb2, 0xb2, 0xb2, 0xb6, 0xb6, 0xb6, 0xb6, 0xb6, 0xb6, 0xb6, 0xbb, 0xbb, 0xbb, 0xbd,
    0xbe, 0xbe, 0xbe, 0xbe, 0xbe, 0xbe, 0xc0, 0xc0, 0xc0, 0xc4, 0xc4, 0xc5, 0xc5, 0xc5, 0xc8, 0xc8, 0xc8, 0xc8, 0xc8, 0xcd, 0xcd, 0xcd, 0xce, 0xce,
    0xce, 0xd2, 0xd2, 0xd2, 0xd2, 0xd4, 0xd6, 0xd6, 0xd7, 0xd7, 0xd7, 0xda, 0xdd, 0xdd, 0xdf, 0xdf, 0xdf, 0xdf, 0xe4, 0xe6, 0xe6, 0xe6, 0xea, 0xea,
    0xef, 0xef, 0xef, 0xef, 0xf0, 0xf0, 0xf0, 0xf0, 0xf0, 0xf0, 0xf0, 0xf2, 0xf2, 0xf2, 0xf2, 0xf2, 0xf2, 0xf2, 0xf2, 0xf2, 0xf2, 0xf2, 0xf2, 0xf2,
    0xf2, 0xf2, 0xf2, 0xf2, 0xf3, 0xf1, 0xf1, 0xf1, 0xf1, 0xf1, 0xf1, 0xf1, 0xf1, 0xf1, 0xf1, 0xec, 0xec, 0xec, 0xec, 0xe9, 0xe9, 0xe7, 0xe5, 0xe5,
    0xe3, 0xe3, 0xe2, 0xe1, 0xdd, 0xdd, 0xdb, 0xdb, 0xd9, 0xd9, 0xd7, 0xd6, 0xd5, 0xd5, 0xd3, 0xd3, 0xd0, 0xd0, 0xcf, 0xcf, 0xcc, 0xcc, 0xcb, 0xc9,
    0xc9, 0xc7, 0xc6, 0xc6, 0xc3, 0xc3, 0xc2, 0xc2, 0xc2, 0xbc, 0xbc, 0xba, 0xba, 0xb9, 0xb9, 0xb9, 0xb9, 0xb8, 0xb8, 0xb8, 0xb3, 0xb3, 0xb3, 0xb0,
    0x6a, 0x6a, 0x6a, 0x73, 0x73, 0x7e, 0x7e, 0x89, 0x89, 0x5e, 0x54, 0x57, 0x63, 0x5f, 0x55, 0x55, 0x50, 0x4a, 0x34, 0x2f, 0x46, 0x4a, 0x49, 0x49,
    0x49, 0x49, 0x49, 0x49, 0x49, 0x49, 0x43, 0x43, 0x43, 0x43, 0x43, 0x43, 0x43, 0x43, 0x3a, 0x3a, 0x3a, 0x3a, 0x3a, 0x39, 0x39, 0x36, 0x36, 0x36,
    0x36, 0x36, 0x2f, 0x2f, 0x2b, 0x2a, 0x2a, 0x24, 0x24, 0x23, 0x23, 0x21, 0x23, 0x21, 0x21, 0x15, 0x14, 0xf2, 0xfd, 0x3f, 0x49, 0x49, 0x49, 0x4a,
    0x4a, 0x4b, 0x48, 0x4f, 0x47, 0x47, 0x47, 0x47, 0x47, 0x47, 0x47, 0x3c, 0x30, 0x30, 0x16, 0x02, 0x05, 0x00, 0x45, 0x58, 0x4f, 0x48, 0x47, 0x41,
    0x3c, 0x44, 0x40, 0x3b, 0x45, 0x44, 0x41, 0x3c, 0x44, 0x40, 0x3b, 0x44, 0x44, 0x40, 0x40, 0x41, 0x40, 0x3b, 0x40, 0x40, 0x3b, 0x3b, 0x3b, 0x3b,
    0x35, 0x35, 0x37, 0x37, 0x35, 0x35, 0x2c, 0x2c, 0x2c, 0x2c, 0x2c, 0x2c, 0x2c, 0x28, 0x2c, 0x2c, 0x2c, 0x2c, 0x27, 0x24, 0x28, 0x2c, 0x2c, 0x2c,
    0x35, 0x35, 0x33, 0x38, 0x31, 0x33, 0x46, 0x46, 0x32, 0x20, 0x2a, 0x4f, 0x5f, 0x72, 0x80, 0x55, 0x63, 0xd1, 0x80, 0x63, 0xfd, 0xb7, 0x3a, 0x46,
    0x48, 0x4f, 0x4f, 0x4f, 0x0a, 0xf2, 0xff, 0x55, 0x55, 0x55, 0x5f, 0x5f, 0x5f, 0xbf, 0x72, 0xbc, 0xd5, 0x2a, 0x10, 0x19, 0x1c, 0x21, 0x2d, 0x37,
    0x42, 0x48, 0x51, 0x58, 0x6d, 0x84, 0x84, 0x84, 0x84, 0x84, 0x84, 0x84, 0x84, 0x87, 0x87, 0x87, 0x87, 0x87, 0x87, 0x87, 0x83, 0x83, 0x83, 0x83,
    0x83, 0x83, 0x83, 0x82, 0x83, 0x83, 0x81, 0x81, 0x83, 0x81, 0x82, 0x82, 0x82, 0x82, 0x85, 0x85, 0x85, 0x85, 0x85, 0x85, 0x86, 0x86, 0x85, 0x8b,
    0x8b, 0x8c, 0x8c, 0x8c, 0x8c, 0x8c, 0x93, 0x93, 0x93, 0x93, 0x93, 0x93, 0x93, 0x93, 0x94, 0x94, 0x94, 0x94, 0x94, 0x96, 0x96, 0x98, 0x98, 0x99,
    0x98, 0xa2, 0xa1, 0xa3, 0xa3, 0xa1, 0xa1, 0xa2, 0xa5, 0xa1, 0xa2, 0xa2, 0xa4, 0xa4, 0xa2, 0xa2, 0xa1, 0xa1, 0xa2, 0xa2, 0x9f, 0x9f, 0xa4, 0xa4,
    0x9f, 0xa4, 0x9f, 0x9f, 0x9f, 0xa4, 0xa4, 0x9f, 0x9f, 0xa0, 0x9f, 0xa0, 0xa0, 0xa0, 0xa0, 0xa0, 0xa0, 0xa0, 0xad, 0xad, 0xae, 0xae, 0xae, 0xad,
    0xae, 0xae, 0xae, 0xae, 0xae, 0xae, 0xae, 0xb2, 0xb2, 0xb2, 0xb2, 0xb2, 0xb2, 0xb6, 0xb6, 0xb6, 0xb6, 0xb6, 0xb6, 0xb6, 0xbb, 0xbb, 0xbb, 0xbd,
    0xbe, 0xbe, 0xbe, 0xbe, 0xbe, 0xbe, 0xc0, 0xc0, 0xc0, 0xc4, 0xc4, 0xc5, 0xc5, 0xc5, 0xc8, 0xc8, 0xc8, 0xc8, 0xc8, 0xcd, 0xcd, 0xcd, 0xce, 0xce,
    0xce, 0xd2, 0xd2, 0xd2, 0xd2, 0xd4, 0xd6, 0xd6, 0xd7, 0xd7, 0xd7, 0xda, 0xdd, 0xdd, 0xdf, 0xdf, 0xdf, 0xdf, 0xe4, 0xe4, 0xe6, 0xe6, 0xea, 0xea,
    0xec, 0xef, 0xef, 0xef, 0xf0, 0xf0, 0xf0, 0xf0, 0xf0, 0xf0, 0xf0, 0xf2, 0xf2, 0xf2, 0xf2, 0xf2, 0xf2, 0xf2, 0xf2, 0xf2, 0xf2, 0xf2, 0xf2, 0xf2,
    0xf2, 0xf2, 0xf2, 0xf3, 0xf3, 0xf1, 0xf1, 0xf1, 0xf1, 0xf1, 0xf1, 0xf1, 0xf1, 0xf1, 0xf1, 0xec, 0xec, 0xec, 0xec, 0xe9, 0xe9, 0xe7, 0xe5, 0xe5,
    0xe3, 0xe3, 0xe1, 0xe1, 0xdd, 0xdd, 0xdb, 0xdb, 0xd9, 0xd9, 0xd7, 0xd6, 0xd5, 0xd5, 0xd3, 0xd3, 0xd0, 0xd0, 0xcf, 0xcf, 0xcc, 0xcc, 0xcb, 0xc9,
    0xc9, 0xc7, 0xc6, 0xc6, 0xc3, 0xc3, 0xc2, 0xc2, 0xc2, 0xbc, 0xbc, 0xba, 0xba, 0xb9, 0xb9, 0xb9, 0xb9, 0xb8, 0xb8, 0xb3, 0xb3, 0xb3, 0xb0, 0xb0,
    0x6a, 0x6a, 0x6a, 0x73, 0x73, 0x6f, 0x7e, 0x7e, 0x89, 0x5e, 0x54, 0x57, 0x5c, 0x57, 0x55, 0x50, 0x50, 0x3a, 0x1f, 0x21, 0x36, 0x49, 0x46, 0x43,
    0x43, 0x43, 0x43, 0x43, 0x43, 0x43, 0x43, 0x43, 0x3e, 0x3e, 0x3e, 0x3d, 0x3a, 0x3a, 0x3a, 0x3a, 0x39, 0x36, 0x36, 0x36, 0x36, 0x36, 0x2f, 0x2f,
    0x2f, 0x2f, 0x2a, 0x2a, 0x2a, 0x24, 0x24, 0x23, 0x21, 0x21, 0x21, 0x21, 0x1e, 0x1c, 0x1f, 0x0b, 0x2d, 0xff, 0xa6, 0x43, 0x49, 0x49, 0x49, 0x4a,
    0x4a, 0x4b, 0x48, 0x4f, 0x47, 0x47, 0x47, 0x47, 0x47, 0x47, 0x3c, 0x30, 0x30, 0x16, 0x02, 0x02, 0x05, 0x00, 0x45, 0x56, 0x4f, 0x4f, 0x47, 0x44,
    0x3c, 0x48, 0x40, 0x37, 0x45, 0x44, 0x3c, 0x41, 0x44, 0x44, 0x2c, 0x40, 0x44, 0x40, 0x40, 0x44, 0x40, 0x3b, 0x3f, 0x40, 0x3b, 0x3b, 0x3b, 0x3b,
    0x37, 0x37, 0x35, 0x37, 0x35, 0x35, 0x35, 0x2c, 0x2c, 0x2c, 0x2c, 0x2c, 0x2c, 0x28, 0x28, 0x2c, 0x2c, 0x2c, 0x27, 0x24, 0x27, 0x2c, 0x2c, 0x35,
    0x27, 0x2e, 0x38, 0x38, 0x38, 0x3f, 0x42, 0x46, 0x48, 0x42, 0x46, 0x50, 0x56, 0x68, 0xb7, 0x63, 0x72, 0xb7, 0xd1, 0x5f, 0xeb, 0xb7, 0x3f, 0x46,
    0x4a, 0x4b, 0x4f, 0x50, 0x0a, 0xc1, 0xff, 0x7c, 0x55, 0x5f, 0x55, 0x5f, 0x5f, 0xb7, 0xbf, 0x55, 0xfd, 0x3a, 0x08, 0x19, 0x1a, 0x21, 0x2d, 0x37,
    0x41, 0x48, 0x51, 0x58, 0x6d, 0x84, 0x84, 0x84, 0x84, 0x84, 0x84, 0x84, 0x84, 0x87, 0x87, 0x87, 0x87, 0x87, 0x87, 0x87, 0x83, 0x83, 0x83, 0x83,
    0x83, 0x83, 0x83, 0x82, 0x83, 0x83, 0x81, 0x81, 0x83, 0x81, 0x82, 0x82, 0x82, 0x82, 0x85, 0x85, 0x85, 0x85, 0x85, 0x85, 0x85, 0x85, 0x85, 0x8b,
    0x8b, 0x8c, 0x8c, 0x8c, 0x8c, 0x8c, 0x93, 0x93, 0x93, 0x93, 0x93, 0x93, 0x93, 0x93, 0x94, 0x94, 0x94, 0x94, 0x94, 0x96, 0x96, 0x98, 0x98, 0x99,
    0x98, 0xa2, 0xa1, 0xa3, 0xa3, 0xa1, 0xa1, 0xa2, 0xa5, 0xa1, 0xa2, 0xa2, 0xa4, 0xa4, 0xa2, 0xa2, 0xa1, 0xa1, 0xa2, 0xa2, 0x9f, 0x9f, 0xa4, 0xa4,
    0x9f, 0xa4, 0x9f, 0x9f, 0x9f, 0xa4, 0xa4, 0x9f, 0x9f, 0xa0, 0x9f, 0xa0, 0xa0, 0xa0, 0xa0, 0xa0, 0xa0, 0xa0, 0xad, 0xad, 0xae, 0xae, 0xae, 0xad,
    0xae, 0xae, 0xae, 0xae, 0xae, 0xae, 0xae, 0xb2, 0xb2, 0xb2, 0xb2, 0xb2, 0xb2, 0xb6, 0xb6, 0xb6, 0xb6, 0xb6, 0xb6, 0xb6, 0xbb, 0xbb, 0xbb, 0xbd,
    0xbe, 0xbe, 0xbe, 0xbe, 0xbe, 0xbe, 0xc0, 0xc0, 0xc0, 0xc4, 0xc4, 0xc5, 0xc5, 0xc5, 0xc8, 0xc8, 0xc8, 0xc8, 0xc8, 0xcd, 0xcd, 0xcd, 0xce, 0xce,
    0xce, 0xd2, 0xd2, 0xd2, 0xd2, 0xd4, 0xd6, 0xd6, 0xd7, 0xd7, 0xd7, 0xda, 0xdd, 0xdd, 0xdf, 0xdf, 0xdf, 0xdf, 0xe4, 0xe4, 0xe6, 0xe6, 0xea, 0xea,
    0xea, 0xef, 0xef, 0xef, 0xef, 0xf0, 0xf0, 0xf0, 0xf0, 0xf0, 0xf0, 0xf0, 0xf2, 0xf2, 0xf2, 0xf2, 0xf2, 0xf2, 0xf2, 0xf2, 0xf2, 0xf2, 0xf2, 0xf2,
    0xf2, 0xf2, 0xf3, 0xf3, 0xf3, 0xf1, 0xf1, 0xf1, 0xf1, 0xf1, 0xf1, 0xf1, 0xf1, 0xf1, 0xef, 0xec, 0xec, 0xec, 0xe9, 0xe9, 0xe9, 0xe5, 0xe5, 0xe5,
    0xe3, 0xe2, 0xe1, 0xe1, 0xdd, 0xdd, 0xdb, 0xdb, 0xd9, 0xd9, 0xd7, 0xd5, 0xd5, 0xd5, 0xd3, 0xd3, 0xd2, 0xd0, 0xcf, 0xcf, 0xcc, 0xcc, 0xcb, 0xc9,
    0xc9, 0xc7, 0xc6, 0xc6, 0xc3, 0xc2, 0xc2, 0xc2, 0xc2, 0xbc, 0xbc, 0xba, 0xba, 0xb9, 0xb9, 0xb9, 0xb8, 0xb8, 0xb8, 0xb3, 0xb3, 0xb3, 0xb0, 0xb3,
    0x6a, 0x6a, 0x6a, 0x6a, 0x73, 0x73, 0x7e, 0x7e, 0x89, 0x5e, 0x54, 0x57, 0x5c, 0x57, 0x50, 0x4e, 0x4d, 0x3a, 0x21, 0x1f, 0x21, 0x39, 0x43, 0x43,
    0x43, 0x43, 0x43, 0x43, 0x43, 0x3e, 0x3d, 0x3d, 0x3d, 0x3a, 0x39, 0x39, 0x39, 0x39, 0x36, 0x39, 0x36, 0x36, 0x36, 0x2f, 0x2f, 0x2f, 0x2f, 0x2a,
    0x2a, 0x2a, 0x2a, 0x2a, 0x24, 0x23, 0x23, 0x21, 0x21, 0x1f, 0x1e, 0x1c, 0x1c, 0x18, 0x1c, 0x00, 0x45, 0xff, 0x50, 0x43, 0x49, 0x46, 0x49, 0x4a,
    0x4a, 0x48, 0x4b, 0x48, 0x47, 0x47, 0x47, 0x47, 0x47, 0x47, 0x30, 0x30, 0x22, 0x0a, 0x01, 0x02, 0x03, 0x00, 0x45, 0x56, 0x4f, 0x4f, 0x48, 0x45,
    0x3c, 0x44, 0x44, 0x3f, 0x44, 0x47, 0x3b, 0x41, 0x44, 0x44, 0x27, 0x3c, 0x47, 0x40, 0x40, 0x40, 0x40, 0x3c, 0x3b, 0x40, 0x3b, 0x3b, 0x3b, 0x3b,
    0x3b, 0x37, 0x35, 0x35, 0x35, 0x35, 0x35, 0x2c, 0x2c, 0x2c, 0x2c, 0x2c, 0x2c, 0x2c, 0x27, 0x28, 0x2c, 0x2e, 0x28, 0x27, 0x27, 0x2c, 0x2c, 0x35,
    0x1d, 0x1d, 0x3f, 0x38, 0x38, 0x42, 0x46, 0x46, 0x4a, 0x4b, 0x4b, 0x50, 0x56, 0x4e, 0x5f, 0xb7, 0xb7, 0x72, 0xbf, 0xb7, 0xd1, 0x55, 0x38, 0x4a,
    0x46, 0x4f, 0x4f, 0x50, 0x22, 0x51, 0xff, 0x7c, 0x55, 0x5f, 0x5f, 0x55, 0x7c, 0xbf, 0xb7, 0xaf, 0x80, 0x5f, 0x0c, 0x18, 0x18, 0x21, 0x2d, 0x37,
    0x41, 0x48, 0x51, 0x58, 0x6d, 0x84, 0x84, 0x84, 0x84, 0x84, 0x84, 0x84, 0x84, 0x87, 0x87, 0x87, 0x87, 0x87, 0x87, 0x87, 0x83, 0x83, 0x83, 0x83,
    0x83, 0x83, 0x83, 0x82, 0x83, 0x83, 0x81, 0x81, 0x83, 0x81, 0x82, 0x82, 0x82, 0x82, 0x82, 0x85, 0x85, 0x85, 0x85, 0x85, 0x85, 0x85, 0x85, 0x8b,
    0x8b, 0x8c, 0x8c, 0x8c, 0x8c, 0x8c, 0x93, 0x93, 0x93, 0x93, 0x93, 0x93, 0x93, 0x93, 0x94, 0x94, 0x94, 0x94, 0x94, 0x96, 0x96, 0x98, 0x98, 0x99,
    0x98, 0xa2, 0xa1, 0xa3, 0xa3, 0xa1, 0xa1, 0xa2, 0xa5, 0xa1, 0xa2, 0xa2, 0xa4, 0xa4, 0xa2, 0xa2, 0xa1, 0xa1, 0xa2, 0xa2, 0x9f, 0x9f, 0xa4, 0xa4,
    0x9f, 0xa4, 0x9f, 0x9f, 0x9f, 0xa4, 0xa4, 0x9f, 0x9f, 0xa0, 0x9f, 0xa0, 0xa0, 0xa0, 0xa0, 0xa0, 0xae, 0xa0, 0xad, 0xad, 0xae, 0xae, 0xae, 0xad,
    0xae, 0xae, 0xae, 0xae, 0xae, 0xae, 0xae, 0xb2, 0xb2, 0xb2, 0xb2, 0xb2, 0xb2, 0xb6, 0xb6, 0xb6, 0xb6, 0xb6, 0xb6, 0xb6, 0xbb, 0xbb, 0xbd, 0xbd,
    0xbe, 0xbe, 0xbe, 0xbe, 0xbe, 0xbe, 0xc0, 0xc0, 0xc0, 0xc4, 0xc4, 0xc5, 0xc5, 0xc5, 0xc8, 0xc8, 0xc8, 0xc8, 0xc8, 0xcd, 0xcd, 0xcd, 0xce, 0xce,
    0xce, 0xd2, 0xd2, 0xd2, 0xd2, 0xd3, 0xd6, 0xd6, 0xd7, 0xd7, 0xd7, 0xda, 0xda, 0xdd, 0xdf, 0xdf, 0xdf, 0xdf, 0xe4, 0xe4, 0xe6, 0xe6, 0xea, 0xea,
    0xea, 0xef, 0xef, 0xef, 0xef, 0xf0, 0xf0, 0xf0, 0xf0, 0xf0, 0xf0, 0xf0, 0xf1, 0xf2, 0xf2, 0xf2, 0xf2, 0xf2, 0xf2, 0xf2, 0xf2, 0xf2, 0xf2, 0xf2,
    0xf2, 0xf2, 0xf1, 0xf1, 0xf1, 0xf1, 0xf1, 0xf1, 0xf1, 0xf1, 0xf1, 0xf1, 0xf1, 0xef, 0xec, 0xec, 0xec, 0xec, 0xe9, 0xe9, 0xe9, 0xe5, 0xe5, 0xe5,
    0xe3, 0xe2, 0xe1, 0xe1, 0xdd, 0xdd, 0xdb, 0xd9, 0xd9, 0xd9, 0xd8, 0xd5, 0xd5, 0xd4, 0xd3, 0xd3, 0xd2, 0xd0, 0xcf, 0xcf, 0xcc, 0xcc, 0xcb, 0xc9,
    0xc9, 0xc7, 0xc6, 0xc6, 0xc3, 0xc2, 0xc2, 0xc2, 0xc1, 0xbc, 0xbc, 0xba, 0xba, 0xb9, 0xb9, 0xb9, 0xb8, 0xb8, 0xb8, 0xb3, 0xb3, 0xb0, 0xb3, 0xb3,
    0x6a, 0x6a, 0x6a, 0x6a, 0x73, 0x73, 0x7e, 0x7e, 0x89, 0x5e, 0x54, 0x57, 0x57, 0x55, 0x50, 0x4d, 0x4a, 0x43, 0x23, 0x1f, 0x21, 0x1f, 0x36, 0x3a,
    0x3a, 0x3d, 0x3d, 0x3d, 0x3d, 0x3d, 0x3a, 0x39, 0x39, 0x39, 0x39, 0x36, 0x36, 0x36, 0x36, 0x34, 0x36, 0x2f, 0x2f, 0x2f, 0x2b, 0x2a, 0x2a, 0x2a,
    0x2a, 0x26, 0x26, 0x23, 0x23, 0x23, 0x21, 0x1f, 0x1f, 0x1c, 0x1c, 0x1c, 0x18, 0x17, 0x19, 0x00, 0x4f, 0xff, 0x46, 0x46, 0x49, 0x49, 0x49, 0x4a,
    0x4d, 0x4b, 0x48, 0x4f, 0x47, 0x47, 0x47, 0x47, 0x47, 0x3c, 0x30, 0x22, 0x0a, 0x00, 0x01, 0x02, 0x02, 0x00, 0x41, 0x56, 0x51, 0x4f, 0x47, 0x44,
    0x3c, 0x44, 0x44, 0x3c, 0x44, 0x47, 0x37, 0x3c, 0x44, 0x48, 0x28, 0x3c, 0x44, 0x40, 0x40, 0x44, 0x40, 0x40, 0x3b, 0x40, 0x3c, 0x37, 0x3b, 0x3b,
    0x3b, 0x37, 0x35, 0x35, 0x35, 0x37, 0x35, 0x2c, 0x2c, 0x2c, 0x2c, 0x2c, 0x2c, 0x2c, 0x28, 0x28, 0x2c, 0x2c, 0x2c, 0x28, 0x28, 0x2c, 0x2c, 0x35,
    0x28, 0x10, 0x32, 0x3f, 0x3f, 0x3f, 0x42, 0x46, 0x4a, 0x48, 0x4b, 0x50, 0x5f, 0x46, 0x4a, 0xbf, 0xb7, 0xb1, 0xaa, 0xca, 0xd5, 0x55, 0x38, 0x46,
    0x48, 0x4b, 0x50, 0x50, 0x28, 0x45, 0xff, 0x68, 0x5f, 0x55, 0x5f, 0x5f, 0x5f, 0xb7, 0xb7, 0xbc, 0x80, 0x46, 0x0e, 0x14, 0x1b, 0x21, 0x2d, 0x3a,
    0x42, 0x48, 0x4f, 0x58, 0x6d, 0x84, 0x84, 0x84, 0x84, 0x84, 0x84, 0x84, 0x84, 0x87, 0x87, 0x87, 0x87, 0x87, 0x87, 0x87, 0x83, 0x83, 0x83, 0x83,
    0x83, 0x83, 0x83, 0x82, 0x83, 0x83, 0x82, 0x81, 0x82, 0x81, 0x82, 0x82, 0x82, 0x82, 0x82, 0x85, 0x85, 0x85, 0x85, 0x85, 0x85, 0x85, 0x85, 0x8b,
    0x8b, 0x8c, 0x8c, 0x8c, 0x8c, 0x8c, 0x93, 0x93, 0x93, 0x93, 0x94, 0x94, 0x93, 0x93, 0x94, 0x94, 0x94, 0x94, 0x94, 0x96, 0x96, 0x98, 0x98, 0x99,
    0x99, 0xa2, 0xa1, 0xa3, 0xa3, 0xa1, 0xa1, 0xa2, 0xa5, 0xa1, 0xa2, 0xa2, 0xa4, 0xa4, 0xa2, 0xa2, 0xa1, 0xa1, 0xa2, 0xa2, 0x9f, 0x9f, 0xa4, 0xa4,
    0x9f, 0xa4, 0x9f, 0x9f, 0x9f, 0xa4, 0xa4, 0x9f, 0x9f, 0xa0, 0x9f, 0xa0, 0xa0, 0xa0, 0xa0, 0xa0, 0xae, 0xa0, 0xad, 0xad, 0xae, 0xae, 0xae, 0xad,
    0xae, 0xae, 0xae, 0xae, 0xae, 0xae, 0xae, 0xb2, 0xb2, 0xb2, 0xb2, 0xb2, 0xb2, 0xb6, 0xb6, 0xb6, 0xb6, 0xb6, 0xb6, 0xb6, 0xbb, 0xbb, 0xbd, 0xbd,
    0xbe, 0xbe, 0xbe, 0xbe, 0xbe, 0xbe, 0xc0, 0xc0, 0xc0, 0xc4, 0xc4, 0xc5, 0xc5, 0xc5, 0xc8, 0xc8, 0xc8, 0xc8, 0xc8, 0xcd, 0xcd, 0xcd, 0xce, 0xce,
    0xce, 0xd2, 0xd2, 0xd2, 0xd2, 0xd3, 0xd6, 0xd6, 0xd7, 0xd7, 0xd7, 0xda, 0xda, 0xdd, 0xdf, 0xdf, 0xdf, 0xdf, 0xe4, 0xe4, 0xe6, 0xe6, 0xe6, 0xea,
    0xea, 0xec, 0xef, 0xef, 0xef, 0xf0, 0xf0, 0xf0, 0xf0, 0xf0, 0xf0, 0xf0, 0xf0, 0xf1, 0xf1, 0xf2, 0xf2, 0xf2, 0xf2, 0xf2, 0xf2, 0xf2, 0xf2, 0xf2,
    0xf2, 0xf1, 0xf1, 0xf1, 0xf1, 0xf1, 0xf1, 0xf1, 0xf1, 0xf1, 0xf1, 0xf1, 0xf1, 0xef, 0xec, 0xec, 0xec, 0xec, 0xe9, 0xe9, 0xe7, 0xe5, 0xe5, 0xe5,
    0xe3, 0xe2, 0xe1, 0xe1, 0xdd, 0xdd, 0xdb, 0xd9, 0xd9, 0xd7, 0xd6, 0xd5, 0xd5, 0xd4, 0xd3, 0xd3, 0xd2, 0xd0, 0xcf, 0xcf, 0xcc, 0xcc, 0xcb, 0xc9,
    0xc7, 0xc7, 0xc6, 0xc6, 0xc3, 0xc2, 0xc2, 0xc2, 0xbc, 0xbc, 0xbc, 0xba, 0xb9, 0xb9, 0xb9, 0xb9, 0xb8, 0xb8, 0xb3, 0xb3, 0xb3, 0xb0, 0xb3, 0xb0,
    0x6a, 0x6a, 0x6a, 0x6a, 0x73, 0x73, 0x6f, 0x7e, 0x7e, 0x5e, 0x57, 0x54, 0x57, 0x50, 0x4d, 0x4b, 0x46, 0x42, 0x3a, 0x21, 0x1f, 0x1c, 0x1f, 0x29,
    0x3a, 0x3a, 0x39, 0x39, 0x39, 0x39, 0x39, 0x39, 0x36, 0x36, 0x36, 0x36, 0x2f, 0x2f, 0x2f, 0x2f, 0x2f, 0x2a, 0x2a, 0x2a, 0x2a, 0x2a, 0x26, 0x26,
    0x26, 0x23, 0x21, 0x21, 0x21, 0x1f, 0x1c, 0x1c, 0x1f, 0x1c, 0x1c, 0x1a, 0x18, 0x14, 0x16, 0x00, 0x54, 0xff, 0x46, 0x43, 0x49, 0x49, 0x49, 0x4d,
    0xca, 0xea, 0x50, 0x48, 0x47, 0x47, 0x47, 0x47, 0x47, 0x30, 0x30, 0x16, 0x02, 0x01, 0x01, 0x02, 0x02, 0x00, 0x41, 0x56, 0x51, 0x4f, 0x4f, 0x45,
    0x3b, 0x44, 0x44, 0x40, 0x41, 0x4f, 0x3c, 0x3b, 0x44, 0x44, 0x40, 0x44, 0x44, 0x44, 0x40, 0x41, 0x40, 0x40, 0x3b, 0x3b, 0x3c, 0x37, 0x35, 0x3b,
    0x3b, 0x37, 0x37, 0x35, 0x35, 0x35, 0x35, 0x2c, 0x2c, 0x2c, 0x2c, 0x2c, 0x2c, 0x2c, 0x2c, 0x27, 0x2c, 0x2c, 0x2c, 0x2c, 0x28, 0x28, 0x2e, 0x35,
    0x35, 0x1a, 0x24, 0x3f, 0x3f, 0x3f, 0x3f, 0x42, 0x48, 0x4a, 0x4a, 0x4b, 0x5f, 0x5f, 0x38, 0x5f, 0xbf, 0xbf, 0xaa, 0xbf, 0xfa, 0x5f, 0x38, 0x46,
    0x48, 0x4b, 0x4f, 0x50, 0x37, 0x2e, 0xff, 0xaf, 0x55, 0x55, 0x5f, 0x7c, 0x5f, 0x7c, 0xd0, 0x5f, 0xf7, 0x3a, 0x07, 0x15, 0x18, 0x21, 0x2d, 0x3a,
    0x42, 0x48, 0x4f, 0x58, 0x6d, 0x84, 0x84, 0x84, 0x84, 0x84, 0x84, 0x84, 0x84, 0x87, 0x87, 0x87, 0x87, 0x87, 0x87, 0x87, 0x83, 0x83, 0x83, 0x83,
    0x83, 0x83, 0x83, 0x83, 0x83, 0x83, 0x82, 0x82, 0x82, 0x81, 0x82, 0x82, 0x85, 0x85, 0x82, 0x85, 0x85, 0x85, 0x85, 0x85, 0x85, 0x85, 0x8b, 0x8b,
    0x8b, 0x8c, 0x8c, 0x8c, 0x8c, 0x8c, 0x93, 0x93, 0x93, 0x93, 0x94, 0x94, 0x94, 0x93, 0x94, 0x94, 0x94, 0x96, 0x96, 0x96, 0x96, 0x98, 0x98, 0x99,
    0x99, 0xa2, 0xa1, 0xa3, 0xa3, 0xa1, 0xa1, 0xa2, 0xa5, 0xa1, 0xa2, 0xa2, 0xa4, 0xa4, 0xa2, 0xa2, 0xa1, 0xa1, 0xa2, 0xa2, 0x9f, 0x9f, 0xa4, 0xa4,
    0x9f, 0xa4, 0x9f, 0x9f, 0x9f, 0xa4, 0xa4, 0x9f, 0x9f, 0xa0, 0x9f, 0xa0, 0xa0, 0xa0, 0xa0, 0xa0, 0xae, 0xa0, 0xad, 0xad, 0xae, 0xae, 0xae, 0xad,
    0xae, 0xae, 0xae, 0xb2, 0xb2, 0xae, 0xae, 0xb2, 0xb2, 0xb2, 0xb2, 0xb2, 0xb2, 0xb6, 0xb6, 0xb6, 0xb6, 0xb6, 0xb6, 0xb6, 0xbb, 0xbb, 0xbd, 0xbd,
    0xbe, 0xbe, 0xbe, 0xbe, 0xbe, 0xbe, 0xc0, 0xc0, 0xc0, 0xc4, 0xc4, 0xc5, 0xc5, 0xc5, 0xc8, 0xc8, 0xc8, 0xc8, 0xc8, 0xcd, 0xcd, 0xcd, 0xce, 0xce,
    0xce, 0xd2, 0xd2, 0xd2, 0xd2, 0xd3, 0xd6, 0xd6, 0xd7, 0xd7, 0xd7, 0xda, 0xda, 0xdd, 0xdf, 0xdf, 0xdf, 0xdf, 0xe4, 0xe4, 0xe6, 0xe6, 0xe6, 0xea,
    0xea, 0xec, 0xef, 0xef, 0xef, 0xef, 0xf0, 0xf0, 0xf0, 0xf0, 0xf0, 0xf0, 0xf0, 0xf1, 0xf1, 0xf2, 0xf2, 0xf2, 0xf2, 0xf2, 0xf1, 0xf2, 0xf2, 0xf2,
    0xf1, 0xf1, 0xf1, 0xf1, 0xf1, 0xf1, 0xf1, 0xf1, 0xf1, 0xf1, 0xf1, 0xf1, 0xef, 0xef, 0xec, 0xec, 0xec, 0xec, 0xe9, 0xe9, 0xe7, 0xe5, 0xe5, 0xe4,
    0xe3, 0xe2, 0xe1, 0xe1, 0xdd, 0xdb, 0xdb, 0xd9, 0xd9, 0xd7, 0xd6, 0xd5, 0xd5, 0xd4, 0xd3, 0xd3, 0xd2, 0xd0, 0xcf, 0xcf, 0xcc, 0xcb, 0xcb, 0xc9,
    0xc7, 0xc7, 0xc6, 0xc6, 0xc3, 0xc2, 0xc2, 0xc2, 0xbc, 0xbc, 0xba, 0xba, 0xb9, 0xb9, 0xb9, 0xb8, 0xb8, 0xb8, 0xb3, 0xb3, 0xb3, 0xb3, 0xb3, 0xb0,
    0x6a, 0x6a, 0x6a, 0x6a, 0x73, 0x73, 0x73, 0x7e, 0x7e, 0x5e, 0x57, 0x54, 0x57, 0x50, 0x4d, 0x4a, 0x46, 0x3a, 0x3a, 0x39, 0x21, 0x1c, 0x19, 0x1c,
    0x2f, 0x39, 0x36, 0x36, 0x36, 0x36, 0x36, 0x36, 0x36, 0x2f, 0x2f, 0x2f, 0x2f, 0x2f, 0x2b, 0x2a, 0x2a, 0x2a, 0x2a, 0x26, 0x26, 0x23, 0x23, 0x21,
    0x21, 0x21, 0x21, 0x1f, 0x1f, 0x1c, 0x1b, 0x1b, 0x1b, 0x1a, 0x18, 0x18, 0x14, 0x18, 0x0a, 0x0a, 0xc5, 0xfe, 0x46, 0x46, 0x49, 0x49, 0x49, 0x72,
    0xfe, 0xff, 0xfc, 0x45, 0x47, 0x47, 0x47, 0x47, 0x3c, 0x30, 0x22, 0x02, 0x02, 0x00, 0x01, 0x00, 0x03, 0x00, 0x41, 0x53, 0x51, 0x4f, 0x4f, 0x48,
    0x37, 0x44, 0x47, 0x41, 0x44, 0x47, 0x44, 0x40, 0x44, 0x44, 0x44, 0x44, 0x44, 0x44, 0x40, 0x40, 0x40, 0x40, 0x3f, 0x3b, 0x3c, 0x3b, 0x35, 0x3b,
    0x3b, 0x3b, 0x37, 0x35, 0x2c, 0x35, 0x35, 0x2c, 0x35, 0x2c, 0x2c, 0x2c, 0x2c, 0x2c, 0x2c, 0x28, 0x28, 0x2c, 0x2c, 0x2c, 0x2e, 0x28, 0x2e, 0x2e,
    0x38, 0x2e, 0x24, 0x3f, 0x3f, 0x3f, 0x3f, 0x38, 0x46, 0x4a, 0x4a, 0x42, 0x50, 0x72, 0x4e, 0x50, 0xbf, 0xbf, 0xb1, 0x80, 0xfa, 0xb7, 0x3f, 0x46,
    0x4b, 0x4b, 0x4f, 0x50, 0x42, 0x19, 0xff, 0xfb, 0x4e, 0x5f, 0x5f, 0x5f, 0x7c, 0x7c, 0xb8, 0xc3, 0x63, 0x59, 0x0c, 0x14, 0x18, 0x1f, 0x2d, 0x3a,
    0x42, 0x48, 0x4f, 0x58, 0x6d, 0x84, 0x84, 0x84, 0x84, 0x84, 0x84, 0x84, 0x84, 0x84, 0x87, 0x87, 0x87, 0x87, 0x87, 0x87, 0x83, 0x83, 0x83, 0x83,
    0x83, 0x83, 0x83, 0x83, 0x83, 0x83, 0x82, 0x82, 0x82, 0x82, 0x85, 0x85, 0x85, 0x85, 0x82, 0x85, 0x85, 0x85, 0x85, 0x85, 0x85, 0x8b, 0x8b, 0x8b,
    0x8b, 0x8c, 0x8c, 0x8c, 0x8c, 0x8c, 0x93, 0x93, 0x93, 0x93, 0x94, 0x94, 0x94, 0x93, 0x94, 0x94, 0x94, 0x96, 0x98, 0x96, 0x96, 0x98, 0x98, 0x99,
    0x99, 0xa2, 0xa1, 0xa3, 0xa3, 0xa1, 0xa1, 0xa2, 0xa5, 0xa1, 0xa2, 0xa2, 0xa4, 0xa4, 0xa2, 0xa2, 0xa1, 0xa1, 0xa2, 0xa2, 0x9f, 0x9f, 0xa4, 0xa4,
    0x9f, 0xa4, 0x9f, 0x9f, 0x9f, 0xa4, 0xa4, 0x9f, 0x9f, 0xa0, 0x9f, 0xa0, 0xa0, 0xa0, 0xa0, 0xa0, 0xae, 0xad, 0xad, 0xad, 0xae, 0xae, 0xae, 0xae,
    0xae, 0xae, 0xae, 0xb2, 0xb2, 0xb2, 0xae, 0xb2, 0xb2, 0xb2, 0xb2, 0xb2, 0xb2, 0xb6, 0xb6, 0xb6, 0xb6, 0xb6, 0xb6, 0xbb, 0xbb, 0xbb, 0xbd, 0xbd,
    0xbe, 0xbe, 0xbe, 0xbe, 0xbe, 0xbe, 0xc0, 0xc0, 0xc0, 0xc4, 0xc4, 0xc5, 0xc5, 0xc5, 0xc8, 0xc8, 0xc8, 0xc8, 0xc8, 0xcd, 0xcd, 0xcd, 0xce, 0xce,
    0xce, 0xd2, 0xd2, 0xd2, 0xd2, 0xd3, 0xd6, 0xd6, 0xd7, 0xd7, 0xd7, 0xda, 0xda, 0xdd, 0xdd, 0xdf, 0xdf, 0xdf, 0xe4, 0xe4, 0xe4, 0xe6, 0xe6, 0xea,
    0xea, 0xea, 0xef, 0xef, 0xef, 0xef, 0xf0, 0xf0, 0xf0, 0xf0, 0xf0, 0xf0, 0xf0, 0xf0, 0xf1, 0xf1, 0xf1, 0xf1, 0xf1, 0xf1, 0xf1, 0xf1, 0xf2, 0xf1,
    0xf1, 0xf1, 0xf1, 0xf1, 0xf1, 0xf1, 0xf1, 0xf1, 0xf1, 0xf1, 0xef, 0xef, 0xef, 0xec, 0xec, 0xec, 0xec, 0xe9, 0xe9, 0xe9, 0xe5, 0xe5, 0xe5, 0xe4,
    0xe3, 0xe1, 0xe1, 0xdd, 0xdd, 0xdb, 0xdb, 0xd9, 0xd9, 0xd7, 0xd6, 0xd5, 0xd5, 0xd4, 0xd3, 0xd3, 0xd2, 0xd0, 0xcf, 0xcc, 0xcc, 0xcb, 0xcb, 0xc9,
    0xc7, 0xc6, 0xc6, 0xc6, 0xc3, 0xc2, 0xc2, 0xc2, 0xbc, 0xbc, 0xba, 0xba, 0xb9, 0xb9, 0xb9, 0xb8, 0xb8, 0xb8, 0xb3, 0xb3, 0xb0, 0xb3, 0xb0, 0xb0,
    0x6a, 0x6a, 0x6a, 0x6a, 0x6a, 0x73, 0x73, 0x7e, 0x7e, 0x5e, 0x57, 0x54, 0x53, 0x4f, 0x4d, 0x4a, 0x42, 0x3a, 0x39, 0x3a, 0x36, 0x2a, 0x1b, 0x18,
    0x24, 0x36, 0x36, 0x36, 0x36, 0x2f, 0x2f, 0x2f, 0x2f, 0x2a, 0x2a, 0x2a, 0x2a, 0x2a, 0x2a, 0x24, 0x24, 0x24, 0x23, 0x23, 0x21, 0x21, 0x21, 0x21,
    0x1f, 0x1f, 0x1f, 0x1c, 0x1b, 0x1c, 0x18, 0x18, 0x18, 0x18, 0x15, 0x14, 0x13, 0x12, 0x03, 0x19, 0xfd, 0xc1, 0x42, 0x46, 0x46, 0x49, 0x4a, 0xca,
    0xfd, 0xfd, 0xfe, 0x51, 0x45, 0x47, 0x47, 0x47, 0x3c, 0x30, 0x0a, 0x02, 0x00, 0x00, 0x00, 0x01, 0x01, 0x00, 0x3c, 0x51, 0x4f, 0x4f, 0x4f, 0x48,
    0x3b, 0x48, 0x44, 0x44, 0x44, 0x44, 0x48, 0x44, 0x44, 0x44, 0x44, 0x44, 0x44, 0x44, 0x40, 0x40, 0x44, 0x40, 0x40, 0x3b, 0x3b, 0x3b, 0x37, 0x3b,
    0x3b, 0x3b, 0x37, 0x37, 0x35, 0x2c, 0x35, 0x2c, 0x35, 0x2c, 0x2c, 0x2c, 0x2c, 0x2c, 0x2c, 0x2c, 0x28, 0x2c, 0x2c, 0x2c, 0x2e, 0x31, 0x28, 0x2e,
    0x38, 0x35, 0x35, 0x38, 0x35, 0x3f, 0x42, 0x38, 0x42, 0x4b, 0x4b, 0x46, 0x50, 0x5f, 0x68, 0x63, 0x80, 0xbf, 0xbf, 0x80, 0xdd, 0xb5, 0x46, 0x42,
    0x4a, 0x4f, 0x4f, 0x4f, 0x4f, 0x12, 0xfe, 0xdd, 0x55, 0x55, 0x7c, 0x5f, 0x5f, 0xb7, 0x7c, 0xe3, 0x63, 0x29, 0x0e, 0x14, 0x14, 0x22, 0x29, 0x37,
    0x41, 0x48, 0x4f, 0x58, 0x6d, 0x84, 0x84, 0x84, 0x84, 0x84, 0x84, 0x84, 0x84, 0x84, 0x87, 0x87, 0x87, 0x87, 0x87, 0x83, 0x83, 0x83, 0x83, 0x83,
    0x83, 0x83, 0x83, 0x83, 0x83, 0x83, 0x82, 0x82, 0x82, 0x82, 0x82, 0x85, 0x85, 0x85, 0x82, 0x85, 0x85, 0x85, 0x85, 0x85, 0x85, 0x8b, 0x8b, 0x8b,
    0x8b, 0x8b, 0x8c, 0x8c, 0x8c, 0x8c, 0x93, 0x93, 0x93, 0x93, 0x94, 0x94, 0x94, 0x94, 0x94, 0x94, 0x96, 0x96, 0x98, 0x98, 0x96, 0x98, 0x98, 0x99,
    0x99, 0xa2, 0xa1, 0xa3, 0xa3, 0xa5, 0xa1, 0xa2, 0xa5, 0xa1, 0xa2, 0xa2, 0xa4, 0xa4, 0xa2, 0xa2, 0xa1, 0xa1, 0xa2, 0xa2, 0x9f, 0x9f, 0xa4, 0xa4,
    0x9f, 0xa4, 0x9f, 0x9f, 0x9f, 0xa4, 0xa4, 0xa4, 0x9f, 0xa0, 0xa0, 0xa0, 0xa0, 0xa0, 0xa0, 0xa0, 0xae, 0xad, 0xad, 0xad, 0xae, 0xae, 0xae, 0xae,
    0xae, 0xae, 0xae, 0xb2, 0xb2, 0xb2, 0xb2, 0xb2, 0xb2, 0xb2, 0xb2, 0xb2, 0xb2, 0xb6, 0xb6, 0xb6, 0xb6, 0xb6, 0xb6, 0xbb, 0xbb, 0xbb, 0xbd, 0xbd,
    0xbe, 0xbe, 0xbe, 0xbe, 0xbe, 0xbe, 0xc0, 0xc0, 0xc0, 0xc4, 0xc4, 0xc5, 0xc5, 0xc5, 0xc8, 0xc8, 0xc8, 0xc8, 0xc8, 0xcd, 0xcd, 0xcd, 0xce, 0xce,
    0xce, 0xce, 0xd2, 0xd2, 0xd2, 0xd3, 0xd6, 0xd6, 0xd7, 0xd7, 0xd7, 0xda, 0xda, 0xdd, 0xdd, 0xdf, 0xdf, 0xdf, 0xe4, 0xe4, 0xe4, 0xe6, 0xe6, 0xea,
    0xea, 0xea, 0xef, 0xef, 0xef, 0xef, 0xef, 0xf0, 0xf0, 0xf0, 0xf0, 0xf0, 0xf0, 0xf0, 0xf0, 0xf1, 0xf1, 0xf1, 0xf1, 0xf1, 0xf1, 0xf1, 0xf1, 0xf1,
    0xf1, 0xf1, 0xf1, 0xf1, 0xf1, 0xf1, 0xf1, 0xf1, 0xf1, 0xf1, 0xef, 0xef, 0xef, 0xec, 0xec, 0xec, 0xec, 0xe9, 0xe9, 0xe9, 0xe5, 0xe5, 0xe5, 0xe3,
    0xe3, 0xe1, 0xe1, 0xdd, 0xdd, 0xdb, 0xdb, 0xd9, 0xd9, 0xd7, 0xd6, 0xd5, 0xd5, 0xd4, 0xd3, 0xd2, 0xd2, 0xd0, 0xcf, 0xcc, 0xcc, 0xcb, 0xc9, 0xc9,
    0xc7, 0xc6, 0xc6, 0xc3, 0xc3, 0xc2, 0xc2, 0xc2, 0xbc, 0xbc, 0xba, 0xba, 0xb9, 0xb9, 0xb9, 0xb8, 0xb8, 0xb3, 0xb3, 0xb3, 0xb3, 0xb3, 0xb0, 0xaf,
    0x6a, 0x6a, 0x6a, 0x6a, 0x6a, 0x73, 0x73, 0x73, 0x7e, 0x5b, 0x57, 0x53, 0x52, 0x4f, 0x4b, 0x46, 0x43, 0x3a, 0x39, 0x36, 0x36, 0x39, 0x24, 0x1c,
    0x2f, 0x36, 0x2f, 0x2f, 0x2f, 0x2f, 0x2a, 0x2a, 0x2a, 0x2a, 0x2a, 0x2a, 0x24, 0x24, 0x24, 0x23, 0x24, 0x23, 0x21, 0x21, 0x21, 0x21, 0x1e, 0x1f,
    0x1f, 0x1c, 0x19, 0x19, 0x19, 0x19, 0x18, 0x14, 0x14, 0x14, 0x14, 0x13, 0x13, 0x12, 0x00, 0x2d, 0xff, 0xc2, 0x42, 0x46, 0x49, 0x4a, 0x4a, 0xd1,
    0xfd, 0xfe, 0xf9, 0x4f, 0x47, 0x47, 0x47, 0x3c, 0x3c, 0x16, 0x02, 0x03, 0x00, 0x00, 0x00, 0x01, 0x01, 0x00, 0x3c, 0x51, 0x4f, 0x4f, 0x4f, 0x48,
    0x44, 0x48, 0x48, 0x45, 0x44, 0x48, 0x44, 0x44, 0x44, 0x44, 0x44, 0x44, 0x44, 0x44, 0x3f, 0x3c, 0x44, 0x40, 0x40, 0x3b, 0x3b, 0x3b, 0x3b, 0x3b,
    0x3b, 0x3b, 0x37, 0x37, 0x35, 0x2c, 0x2c, 0x2c, 0x35, 0x2c, 0x2c, 0x28, 0x2c, 0x2c, 0x2c, 0x2c, 0x2c, 0x2c, 0x2c, 0x2c, 0x2c, 0x2e, 0x28, 0x28,
    0x35, 0x35, 0x37, 0x33, 0x38, 0x42, 0x3f, 0x3f, 0x3f, 0x42, 0x4b, 0x4b, 0x4e, 0x5f, 0x72, 0x80, 0x63, 0xb7, 0xbf, 0xb1, 0xd3, 0x68, 0x3f, 0x46,
    0x4a, 0x4b, 0x4f, 0x4f, 0x50, 0x12, 0xfe, 0xd5, 0x7c, 0x55, 0x5f, 0x7c, 0x5f, 0x80, 0xc6, 0x5f, 0xfd, 0x24, 0x07, 0x15, 0x18, 0x1f, 0x29, 0x39,
    0x41, 0x48, 0x4f, 0x58, 0x6d, 0x84, 0x84, 0x84, 0x84, 0x84, 0x84, 0x84, 0x84, 0x84, 0x87, 0x87, 0x87, 0x87, 0x87, 0x83, 0x83, 0x83, 0x83, 0x83,
    0x83, 0x83, 0x83, 0x82, 0x83, 0x83, 0x82, 0x82, 0x82, 0x82, 0x82, 0x85, 0x85, 0x85, 0x82, 0x85, 0x85, 0x85, 0x85, 0x8b, 0x85, 0x8b, 0x8b, 0x8b,
    0x8b, 0x8b, 0x8b, 0x8c, 0x8c, 0x8c, 0x93, 0x93, 0x93, 0x93, 0x94, 0x94, 0x94, 0x94, 0x94, 0x94, 0x96, 0x96, 0x98, 0x98, 0x96, 0x98, 0x98, 0x99,
    0x99, 0xa2, 0xa1, 0xa3, 0xa3, 0xa5, 0xa1, 0xa2, 0xa5, 0xa1, 0xa2, 0xa2, 0xa4, 0xa4, 0xa2, 0xa2, 0xa1, 0xa1, 0xa2, 0xa2, 0x9f, 0x9f, 0xa4, 0xa4,
    0x9f, 0xa4, 0xa4, 0x9f, 0x9f, 0xa4, 0xa4, 0xa4, 0x9f, 0xa0, 0xa0, 0xa0, 0xa0, 0xa0, 0xa4, 0xa0, 0xae, 0xad, 0xad, 0xad, 0xae, 0xae, 0xae, 0xae,
    0xae, 0xae, 0xae, 0xb2, 0xb2, 0xb2, 0xb2, 0xb2, 0xb2, 0xb2, 0xb2, 0xb2, 0xb2, 0xb6, 0xb6, 0xb6, 0xb6, 0xb6, 0xb6, 0xbb, 0xbb, 0xbb, 0xbd, 0xbd,
    0xbe, 0xbe, 0xbe, 0xbe, 0xbe, 0xbe, 0xc0, 0xc0, 0xc0, 0xc4, 0xc4, 0xc5, 0xc5, 0xc5, 0xc8, 0xc8, 0xc8, 0xc8, 0xc8, 0xcd, 0xcd, 0xcd, 0xcd, 0xce,
    0xce, 0xce, 0xd2, 0xd2, 0xd2, 0xd3, 0xd6, 0xd6, 0xd7, 0xd7, 0xd7, 0xda, 0xda, 0xdd, 0xdd, 0xdf, 0xdf, 0xdf, 0xdf, 0xe4, 0xe4, 0xe6, 0xe6, 0xe6,
    0xea, 0xea, 0xec, 0xef, 0xef, 0xef, 0xef, 0xf0, 0xf0, 0xf0, 0xf0, 0xf0, 0xf0, 0xf0, 0xf0, 0xf1, 0xf1, 0xf1, 0xf1, 0xf1, 0xf1, 0xf1, 0xf1, 0xf1,
    0xf1, 0xf1, 0xf1, 0xf1, 0xf1, 0xf1, 0xf1, 0xf1, 0xf1, 0xef, 0xef, 0xef, 0xef, 0xec, 0xec, 0xec, 0xec, 0xe9, 0xe9, 0xe9, 0xe5, 0xe5, 0xe5, 0xe3,
    0xe2, 0xe1, 0xe1, 0xdd, 0xdd, 0xdb, 0xdb, 0xd9, 0xd9, 0xd7, 0xd6, 0xd5, 0xd5, 0xd4, 0xd3, 0xd0, 0xd2, 0xcf, 0xcf, 0xcc, 0xcc, 0xcb, 0xc9, 0xc9,
    0xc7, 0xc6, 0xc6, 0xc3, 0xc3, 0xc2, 0xc2, 0xc2, 0xbc, 0xbc, 0xba, 0xb9, 0xb9, 0xb9, 0xb8, 0xb8, 0xb8, 0xb3, 0xb3, 0xb0, 0xb3, 0xb0, 0xaf, 0xaf,
    0x64, 0x6a, 0x6a, 0x6a, 0x6a, 0x73, 0x73, 0x73, 0x7e, 0x5b, 0x54, 0x52, 0x52, 0x4d, 0x4a, 0x46, 0x43, 0x39, 0x39, 0x2f, 0x36, 0x2f, 0x36, 0x2f,
    0x2f, 0x2f, 0x2f, 0x2f, 0x2f, 0x2a, 0x2a, 0x2a, 0x2a, 0x2a, 0x26, 0x24, 0x24, 0x23, 0x23, 0x23, 0x21, 0x21, 0x21, 0x21, 0x1f, 0x1c, 0x1c, 0x1c,
    0x1c, 0x19, 0x18, 0x18, 0x18, 0x18, 0x14, 0x13, 0x13, 0x14, 0x14, 0x13, 0x0f, 0x12, 0x00, 0x37, 0xff, 0x63, 0x42, 0x46, 0x49, 0x49, 0x4a, 0x57,
    0xcd, 0xd2, 0x51, 0x47, 0x47, 0x47, 0x3c, 0x3c, 0x30, 0x02, 0x01, 0x01, 0x00, 0x02, 0x00, 0x01, 0x01, 0x00, 0x37, 0x51, 0x4f, 0x4f, 0x4f, 0x48,
    0x48, 0x48, 0x48, 0x44, 0x48, 0x44, 0x44, 0x44, 0x44, 0x44, 0x3b, 0x40, 0x44, 0x44, 0x40, 0x3b, 0x44, 0x40, 0x40, 0x3c, 0x3b, 0x3b, 0x3b, 0x3b,
    0x3b, 0x37, 0x37, 0x37, 0x35, 0x2c, 0x2c, 0x2c, 0x35, 0x35, 0x2c, 0x28, 0x2c, 0x2c, 0x2c, 0x2c, 0x2c, 0x2c, 0x2e, 0x2c, 0x2c, 0x2c, 0x2e, 0x24,
    0x35, 0x3f, 0x38, 0x35, 0x38, 0x3f, 0x3f, 0x44, 0x3f, 0x31, 0x4a, 0x50, 0x4b, 0x5f, 0x63, 0x72, 0x5c, 0xb7, 0xca, 0xaa, 0xdf, 0x5f, 0x38, 0x46,
    0x4a, 0x4b, 0x50, 0x50, 0x52, 0x12, 0xfc, 0xfa, 0x5f, 0x5f, 0x55, 0x5f, 0x7c, 0x7c, 0xbf, 0x72, 0xc9, 0x36, 0x0c, 0x13, 0x12, 0x1f, 0x29, 0x39,
    0x41, 0x48, 0x4f, 0x58, 0x6d, 0x84, 0x84, 0x84, 0x84, 0x84, 0x84, 0x84, 0x84, 0x87, 0x87, 0x87, 0x87, 0x87, 0x87, 0x83, 0x83, 0x83, 0x83, 0x83,
    0x83, 0x83, 0x83, 0x82, 0x83, 0x83, 0x82, 0x82, 0x82, 0x82, 0x82, 0x85, 0x85, 0x85, 0x82, 0x85, 0x85, 0x85, 0x85, 0x8b, 0x85, 0x8b, 0x8b, 0x8b,
    0x8b, 0x8b, 0x8b, 0x93, 0x93, 0x8c, 0x93, 0x93, 0x93, 0x93, 0x94, 0x94, 0x94, 0x94, 0x98, 0x94, 0x96, 0x96, 0x98, 0x98, 0x96, 0x98, 0x98, 0x99,
    0x99, 0xa3, 0xa1, 0xa3, 0xa3, 0xa5, 0xa1, 0xa2, 0xa5, 0xa3, 0xa2, 0xa2, 0xa4, 0xa4, 0xa2, 0xa2, 0xa1, 0xa1, 0xa2, 0xa2, 0x9f, 0x9f, 0xa4, 0xa4,
    0x9f, 0xa4, 0xa4, 0x9f, 0x9f, 0xa4, 0xa4, 0xa4, 0x9f, 0xa0, 0xa0, 0xa0, 0xa0, 0xa0, 0xa4, 0xa0, 0xae, 0xad, 0xad, 0xad, 0xae, 0xae, 0xae, 0xae,
    0xae, 0xae, 0xae, 0xb2, 0xb2, 0xb2, 0xb2, 0xb2, 0xb2, 0xb2, 0xb2, 0xb2, 0xb2, 0xb6, 0xb6, 0xb6, 0xb6, 0xb6, 0xb6, 0xbb, 0xbb, 0xbb, 0xbd, 0xbd,
    0xbe, 0xbe, 0xbe, 0xbe, 0xbe, 0xbe, 0xc0, 0xc0, 0xc0, 0xc4, 0xc4, 0xc5, 0xc5, 0xc5, 0xc8, 0xc8, 0xc8, 0xc8, 0xc8, 0xcd, 0xcd, 0xcd, 0xcd, 0xce,
    0xce, 0xce, 0xd2, 0xd2, 0xd2, 0xd3, 0xd6, 0xd6, 0xd7, 0xd7, 0xd7, 0xda, 0xda, 0xdd, 0xdd, 0xdf, 0xdf, 0xdf, 0xdf, 0xe4, 0xe4, 0xe6, 0xe6, 0xe6,
    0xea, 0xea, 0xec, 0xef, 0xef, 0xef, 0xef, 0xef, 0xf0, 0xf0, 0xf0, 0xf0, 0xf0, 0xf0, 0xf0, 0xf0, 0xf1, 0xf1, 0xf1, 0xf1, 0xf1, 0xf1, 0xf1, 0xf1,
    0xf1, 0xf1, 0xf1, 0xf1, 0xf1, 0xf1, 0xf1, 0xf1, 0xef, 0xef, 0xef, 0xef, 0xec, 0xec, 0xec, 0xec, 0xe9, 0xe9, 0xe9, 0xe5, 0xe5, 0xe5, 0xe4, 0xe3,
    0xe2, 0xe1, 0xe1, 0xdd, 0xdd, 0xdb, 0xdb, 0xd9, 0xd9, 0xd7, 0xd6, 0xd5, 0xd5, 0xd4, 0xd3, 0xd2, 0xd0, 0xcf, 0xcf, 0xcc, 0xcc, 0xcb, 0xc9, 0xc9,
    0xc7, 0xc6, 0xc6, 0xc3, 0xc2, 0xc2, 0xc2, 0xc1, 0xbc, 0xbc, 0xba, 0xb9, 0xb9, 0xb9, 0xb8, 0xb8, 0xb8, 0xb3, 0xb3, 0xb3, 0xb3, 0xb0, 0xaf, 0xaf,
    0x64, 0x6a, 0x6a, 0x6a, 0x6a, 0x6a, 0x73, 0x73, 0x73, 0x5b, 0x54, 0x52, 0x50, 0x4b, 0x46, 0x42, 0x3a, 0x36, 0x2f, 0x2f, 0x2f, 0x2f, 0x2f, 0x2f,
    0x2f, 0x2a, 0x2a, 0x2a, 0x2a, 0x2a, 0x26, 0x26, 0x24, 0x23, 0x23, 0x21, 0x21, 0x21, 0x21, 0x21, 0x21, 0x1f, 0x1f, 0x1c, 0x1c, 0x1c, 0x1c, 0x1b,
    0x18, 0x18, 0x18, 0x18, 0x14, 0x14, 0x14, 0x13, 0x13, 0x13, 0x13, 0x12, 0x0f, 0x12, 0x00, 0x3c, 0xff, 0x4f, 0x43, 0x46, 0x46, 0x46, 0x46, 0x4b,
    0x50, 0x4f, 0x47, 0x47, 0x47, 0x47, 0x3c, 0x3c, 0x22, 0x00, 0x01, 0x01, 0x00, 0x00, 0x00, 0x01, 0x01, 0x00, 0x37, 0x4f, 0x4f, 0x4f, 0x4f, 0x48,
    0x48, 0x48, 0x44, 0x44, 0x48, 0x48, 0x40, 0x44, 0x44, 0x47, 0x2c, 0x3b, 0x44, 0x44, 0x44, 0x3c, 0x44, 0x44, 0x41, 0x3b, 0x3b, 0x3c, 0x3b, 0x3b,
    0x3b, 0x37, 0x37, 0x35, 0x35, 0x35, 0x2c, 0x35, 0x35, 0x35, 0x2c, 0x2c, 0x2c, 0x2c, 0x2c, 0x2c, 0x2c, 0x2c, 0x28, 0x2c, 0x2c, 0x2c, 0x2c, 0x28,
    0x35, 0x35, 0x3f, 0x35, 0x38, 0x3f, 0x3f, 0x46, 0x3f, 0x20, 0x42, 0x55, 0x50, 0x55, 0x5f, 0x80, 0x68, 0x72, 0xc4, 0xb7, 0xd1, 0x63, 0x42, 0x46,
    0x4a, 0x50, 0x50, 0x50, 0x57, 0x17, 0x9a, 0xfe, 0x5f, 0x5f, 0x5f, 0x5f, 0x5f, 0x7c, 0x5f, 0xd1, 0x69, 0x0f, 0x0c, 0x12, 0x12, 0x1f, 0x29, 0x2e,
    0x41, 0x45, 0x4f, 0x56, 0x6d, 0x84, 0x84, 0x84, 0x84, 0x84, 0x84, 0x84, 0x84, 0x87, 0x87, 0x87, 0x87, 0x87, 0x87, 0x83, 0x83, 0x83, 0x83, 0x83,
    0x83, 0x83, 0x83, 0x82, 0x83, 0x83, 0x82, 0x82, 0x82, 0x82, 0x82, 0x85, 0x85, 0x85, 0x82, 0x85, 0x85, 0x85, 0x85, 0x8b, 0x8b, 0x8b, 0x8b, 0x8b,
    0x8b, 0x8b, 0x8b, 0x93, 0x93, 0x93, 0x93, 0x93, 0x93, 0x93, 0x94, 0x94, 0x94, 0x94, 0x98, 0x98, 0x96, 0x96, 0x98, 0x98, 0x98, 0x98, 0x98, 0x99,
    0x99, 0xa3, 0xa1, 0xa3, 0xa3, 0xa5, 0xa1, 0xa2, 0xa5, 0xa5, 0xa2, 0xa2, 0xa4, 0xa4, 0xa2, 0xa2, 0xa1, 0xa1, 0xa2, 0xa2, 0x9f, 0x9f, 0xa4, 0xa4,
    0xa4, 0xa4, 0xa4, 0x9f, 0x9f, 0xa4, 0xa4, 0xa4, 0x9f, 0xa0, 0xa0, 0xa0, 0xa0, 0xa0, 0xa4, 0xa0, 0xae, 0xad, 0xad, 0xad, 0xae, 0xae, 0xae, 0xae,
    0xae, 0xae, 0xae, 0xb2, 0xb2, 0xb2, 0xb2, 0xb2, 0xb2, 0xb2, 0xb2, 0xb2, 0xb2, 0xb6, 0xb6, 0xb6, 0xb6, 0xb6, 0xb6, 0xbb, 0xbb, 0xbb, 0xbd, 0xbd,
    0xbe, 0xbe, 0xbe, 0xbe, 0xbe, 0xbe, 0xc0, 0xc0, 0xc0, 0xc4, 0xc4, 0xc5, 0xc5, 0xc5, 0xc8, 0xc8, 0xc8, 0xc8, 0xc8, 0xcd, 0xcd, 0xcd, 0xcd, 0xce,
    0xce, 0xce, 0xd2, 0xd2, 0xd2, 0xd3, 0xd6, 0xd6, 0xd7, 0xd7, 0xd7, 0xda, 0xda, 0xdd, 0xdd, 0xdf, 0xdf, 0xdf, 0xdf, 0xe4, 0xe4, 0xe6, 0xe6, 0xe6,
    0xea, 0xea, 0xea, 0xec, 0xef, 0xef, 0xef, 0xef, 0xef, 0xf0, 0xf0, 0xf0, 0xf0, 0xf0, 0xf0, 0xf0, 0xf0, 0xf1, 0xf1, 0xf1, 0xf1, 0xf1, 0xf1, 0xf1,
    0xf1, 0xf1, 0xf1, 0xf1, 0xf1, 0xf1, 0xf1, 0xf1, 0xef, 0xef, 0xef, 0xef, 0xec, 0xec, 0xec, 0xec, 0xe9, 0xe9, 0xe9, 0xe5, 0xe5, 0xe4, 0xe4, 0xe3,
    0xe2, 0xe1, 0xe1, 0xdd, 0xdd, 0xdb, 0xd9, 0xd9, 0xd9, 0xd7, 0xd6, 0xd5, 0xd5, 0xd3, 0xd3, 0xd2, 0xd0, 0xcf, 0xcf, 0xcc, 0xcc, 0xcb, 0xc9, 0xc9,
    0xc7, 0xc6, 0xc6, 0xc3, 0xc2, 0xc2, 0xc2, 0xbc, 0xbc, 0xba, 0xba, 0xb9, 0xb9, 0xb9, 0xb8, 0xb8, 0xb3, 0xb3, 0xb3, 0xb3, 0xb0, 0xaf, 0xaf, 0xaf,
    0x64, 0x6a, 0x6a, 0x6a, 0x6a, 0x6a, 0x73, 0x73, 0x73, 0x5b, 0x54, 0x52, 0x50, 0x4b, 0x46, 0x43, 0x3a, 0x36, 0x2f, 0x2f, 0x2f, 0x2a, 0x2f, 0x2a,
    0x2a, 0x2a, 0x2a, 0x2a, 0x26, 0x24, 0x24, 0x24, 0x23, 0x23, 0x21, 0x21, 0x21, 0x21, 0x21, 0x1f, 0x1f, 0x1c, 0x1c, 0x1c, 0x1c, 0x19, 0x18, 0x18,
    0x18, 0x18, 0x14, 0x14, 0x14, 0x14, 0x14, 0x12, 0x11, 0x12, 0x0f, 0x0e, 0x0f, 0x09, 0x00, 0x48, 0xff, 0x5c, 0x42, 0x46, 0x46, 0x4a, 0x46, 0x44,
    0x48, 0x47, 0x47, 0x47, 0x47, 0x47, 0x3c, 0x3c, 0x16, 0x00, 0x00, 0x01, 0x00, 0x00, 0x00, 0x01, 0x01, 0x00, 0x2e, 0x4f, 0x4b, 0x4f, 0x4f, 0x48,
    0x45, 0x4f, 0x44, 0x3b, 0x47, 0x4f, 0x28, 0x48, 0x44, 0x47, 0x35, 0x40, 0x44, 0x44, 0x44, 0x40, 0x40, 0x40, 0x40, 0x40, 0x3b, 0x3b, 0x3c, 0x3b,
    0x3b, 0x35, 0x37, 0x37, 0x37, 0x35, 0x2c, 0x35, 0x2c, 0x2c, 0x2c, 0x2c, 0x2c, 0x2c, 0x2c, 0x2e, 0x2c, 0x28, 0x28, 0x27, 0x2c, 0x2c, 0x2c, 0x33,
    0x35, 0x38, 0x3f, 0x3f, 0x3f, 0x3f, 0x3f, 0x42, 0x4a, 0x2a, 0x38, 0x50, 0x50, 0x57, 0x5f, 0x68, 0xb7, 0x72, 0xb5, 0xca, 0xca, 0x50, 0x3f, 0x4a,
    0x48, 0x50, 0x50, 0x50, 0x56, 0x1f, 0x57, 0xff, 0xca, 0x4e, 0x55, 0x5f, 0x5f, 0xb7, 0x7c, 0x7c, 0xfd, 0x17, 0x07, 0x12, 0x12, 0x1f, 0x29, 0x2e,
    0x41, 0x45, 0x4f, 0x56, 0x66, 0x84, 0x84, 0x84, 0x84, 0x84, 0x84, 0x84, 0x84, 0x87, 0x87, 0x87, 0x87, 0x87, 0x87, 0x83, 0x83, 0x83, 0x83, 0x83,
    0x83, 0x83, 0x83, 0x82, 0x83, 0x83, 0x82, 0x82, 0x82, 0x82, 0x82, 0x85, 0x85, 0x85, 0x8b, 0x85, 0x85, 0x85, 0x85, 0x8b, 0x8b, 0x8b, 0x8b, 0x8b,
    0x8b, 0x8b, 0x8b, 0x93, 0x93, 0x93, 0x93, 0x93, 0x93, 0x93, 0x94, 0x94, 0x94, 0x94, 0x98, 0x98, 0x96, 0x96, 0x98, 0x98, 0x98, 0xa2, 0x98, 0x99,
    0x99, 0xa3, 0xa2, 0xa3, 0xa3, 0xa5, 0xa5, 0xa3, 0xa5, 0xa5, 0xa2, 0xa2, 0xa4, 0xa4, 0xa2, 0xa2, 0xa1, 0xa1, 0xa2, 0xa2, 0x9f, 0x9f, 0xa4, 0xa4,
    0xa4, 0xa4, 0xa4, 0x9f, 0x9f, 0xa4, 0xa4, 0xa4, 0x9f, 0xa0, 0xa0, 0xa0, 0xa0, 0xa0, 0xa4, 0xa0, 0xae, 0xad, 0xad, 0xad, 0xae, 0xae, 0xae, 0xae,
    0xae, 0xae, 0xae, 0xb2, 0xb2, 0xb2, 0xb2, 0xb2, 0xb2, 0xb2, 0xb2, 0xb2, 0xb2, 0xb6, 0xb6, 0xb6, 0xb6, 0xb6, 0xb6, 0xbb, 0xbb, 0xbb, 0xbd, 0xbd,
    0xbe, 0xbe, 0xbe, 0xbe, 0xbe, 0xbe, 0xc0, 0xc0, 0xc0, 0xc4, 0xc4, 0xc5, 0xc5, 0xc5, 0xc8, 0xc8, 0xc8, 0xc8, 0xc8, 0xcd, 0xcd, 0xcd, 0xcd, 0xce,
    0xce, 0xce, 0xd2, 0xd2, 0xd2, 0xd2, 0xd4, 0xd6, 0xd6, 0xd7, 0xd7, 0xda, 0xda, 0xdd, 0xdd, 0xdf, 0xdf, 0xdf, 0xdf, 0xe4, 0xe4, 0xe6, 0xe6, 0xe6,
    0xe6, 0xea, 0xea, 0xec, 0xef, 0xef, 0xef, 0xef, 0xef, 0xef, 0xf0, 0xf0, 0xf0, 0xf0, 0xf0, 0xf0, 0xf0, 0xf0, 0xf1, 0xf1, 0xf1, 0xf1, 0xf1, 0xf1,
    0xf1, 0xf1, 0xf1, 0xf1, 0xf1, 0xf1, 0xf1, 0xef, 0xef, 0xef, 0xef, 0xef, 0xec, 0xec, 0xec, 0xe9, 0xe9, 0xe9, 0xe9, 0xe5, 0xe5, 0xe5, 0xe4, 0xe3,
    0xe1, 0xe1, 0xe1, 0xdd, 0xdd, 0xdb, 0xd9, 0xd9, 0xd7, 0xd7, 0xd6, 0xd5, 0xd4, 0xd3, 0xd3, 0xd2, 0xd0, 0xcf, 0xcf, 0xcc, 0xcc, 0xcb, 0xc9, 0xc7,
    0xc7, 0xc6, 0xc6, 0xc3, 0xc2, 0xc2, 0xc2, 0xbc, 0xbc, 0xba, 0xba, 0xb9, 0xb9, 0xb9, 0xb8, 0xb8, 0xb3, 0xb3, 0xb0, 0xb3, 0xb0, 0xaf, 0xaf, 0xaf,
    0x64, 0x64, 0x6a, 0x6a, 0x6a, 0x6a, 0x6a, 0x73, 0x73, 0x5b, 0x54, 0x52, 0x4f, 0x4b, 0x46, 0x42, 0x3a, 0x2f, 0x2f, 0x2d, 0x2a, 0x2a, 0x2a, 0x2a,
    0x2a, 0x24, 0x24, 0x24, 0x24, 0x23, 0x23, 0x23, 0x21, 0x21, 0x21, 0x21, 0x1f, 0x1f, 0x1f, 0x1c, 0x1f, 0x1c, 0x19, 0x19, 0x19, 0x18, 0x18, 0x18,
    0x14, 0x14, 0x13, 0x14, 0x14, 0x15, 0x12, 0x12, 0x11, 0x0f, 0x0f, 0x0f, 0x09, 0x0a, 0x03, 0x56, 0xff, 0xeb, 0x46, 0x46, 0x46, 0x46, 0x46, 0x45,
    0x45, 0x45, 0x47, 0x44, 0x47, 0x3c, 0x3c, 0x30, 0x02, 0x00, 0x00, 0x00, 0x00, 0x00, 0x00, 0x00, 0x01, 0x00, 0x2d, 0x4f, 0x48, 0x48, 0x4f, 0x4f,
    0x37, 0x4f, 0x40, 0x37, 0x4f, 0x4f, 0x22, 0x48, 0x44, 0x44, 0x44, 0x44, 0x44, 0x44, 0x44, 0x44, 0x40, 0x40, 0x40, 0x40, 0x35, 0x3b, 0x3c, 0x3b,
    0x3b, 0x37, 0x35, 0x3b, 0x37, 0x35, 0x35, 0x35, 0x35, 0x35, 0x35, 0x2c, 0x2c, 0x28, 0x2c, 0x2c, 0x2c, 0x2e, 0x2c, 0x27, 0x27, 0x2c, 0x2c, 0x35,
    0x35, 0x2e, 0x3f, 0x3f, 0x3f, 0x3f, 0x3f, 0x42, 0x46, 0x3f, 0x46, 0x50, 0x50, 0x57, 0x5f, 0x55, 0xb7, 0xb7, 0xaa, 0xbf, 0xd3, 0x46, 0x38, 0x4d,
    0x4f, 0x4b, 0x50, 0x50, 0x56, 0x29, 0x45, 0xff, 0xfd, 0x55, 0x4e, 0x5f, 0x5f, 0x55, 0xbf, 0x5f, 0xe5, 0x1f, 0x06, 0x12, 0x12, 0x19, 0x29, 0x2e,
    0x41, 0x45, 0x4f, 0x56, 0x66, 0x84, 0x84, 0x84, 0x84, 0x84, 0x84, 0x84, 0x87, 0x87, 0x87, 0x87, 0x87, 0x87, 0x83, 0x83, 0x83, 0x83, 0x83, 0x83,
    0x83, 0x83, 0x83, 0x82, 0x83, 0x83, 0x82, 0x82, 0x82, 0x82, 0x82, 0x85, 0x85, 0x85, 0x8b, 0x85, 0x85, 0x85, 0x85, 0x8b, 0x8b, 0x8c, 0x8b, 0x8b,
    0x8b, 0x8b, 0x8b, 0x93, 0x93, 0x93, 0x93, 0x93, 0x93, 0x93, 0x94, 0x94, 0x94, 0x94, 0x98, 0x98, 0x98, 0x96, 0x98, 0x98, 0x98, 0xa2, 0x98, 0x99,
    0x99, 0xa3, 0xa2, 0xa3, 0xa3, 0xa5, 0xa5, 0xa3, 0xa5, 0xa5, 0xa2, 0xa2, 0xa4, 0xa4, 0xa2, 0xa2, 0xa1, 0xa1, 0xa2, 0xa2, 0x9f, 0x9f, 0xa4, 0xa4,
    0xa4, 0xa4, 0xa4, 0x9f, 0x9f, 0xa4, 0xa4, 0xa4, 0x9f, 0xa0, 0xa0, 0xa0, 0xa0, 0xa0, 0xa4, 0xa0, 0xae, 0xad, 0xad, 0xad, 0xae, 0xae, 0xae, 0xae,
    0xae, 0xae, 0xae, 0xb2, 0xb2, 0xb2, 0xb2, 0xb2, 0xb2, 0xb2, 0xb2, 0xb2, 0xb2, 0xb6, 0xb6, 0xb6, 0xb6, 0xb6, 0xb6, 0xbb, 0xbb, 0xbb, 0xbd, 0xbd,
    0xbe, 0xbe, 0xbe, 0xbe, 0xbe, 0xbe, 0xc0, 0xc0, 0xc0, 0xc4, 0xc4, 0xc5, 0xc5, 0xc5, 0xc8, 0xc8, 0xc8, 0xc8, 0xc8, 0xcd, 0xcd, 0xcd, 0xcd, 0xce,
    0xce, 0xce, 0xd2, 0xd2, 0xd2, 0xd2, 0xd4, 0xd6, 0xd6, 0xd7, 0xd7, 0xd7, 0xda, 0xdd, 0xdd, 0xdf, 0xdf, 0xdf, 0xdf, 0xe4, 0xe4, 0xe6, 0xe6, 0xe6,
    0xe6, 0xea, 0xea, 0xec, 0xef, 0xef, 0xef, 0xef, 0xef, 0xef, 0xf0, 0xf0, 0xf0, 0xf0, 0xf0, 0xf0, 0xf0, 0xf0, 0xf0, 0xf0, 0xf1, 0xf1, 0xf1, 0xf1,
    0xf1, 0xf1, 0xf1, 0xf1, 0xf1, 0xf1, 0xf1, 0xef, 0xef, 0xef, 0xef, 0xec, 0xec, 0xec, 0xea, 0xe9, 0xe9, 0xe9, 0xe6, 0xe5, 0xe5, 0xe5, 0xe4, 0xe3,
    0xe1, 0xe1, 0xdd, 0xdd, 0xdb, 0xdb, 0xd9, 0xd9, 0xd7, 0xd6, 0xd5, 0xd5, 0xd4, 0xd3, 0xd3, 0xd2, 0xd0, 0xcf, 0xcf, 0xcc, 0xcb, 0xcb, 0xc9, 0xc7,
    0xc7, 0xc6, 0xc6, 0xc3, 0xc2, 0xc2, 0xc2, 0xbc, 0xbc, 0xba, 0xb9, 0xb9, 0xb9, 0xb8, 0xb8, 0xb8, 0xb3, 0xb3, 0xb3, 0xb0, 0xaf, 0xaf, 0xaf, 0xaf,
    0x64, 0x64, 0x6a, 0x6a, 0x6a, 0x6a, 0x6a, 0x73, 0x73, 0x5b, 0x54, 0x52, 0x4f, 0x48, 0x46, 0x42, 0x39, 0x2a, 0x2a, 0x2a, 0x2a, 0x2a, 0x29, 0x24,
    0x24, 0x24, 0x24, 0x24, 0x21, 0x21, 0x21, 0x21, 0x21, 0x1f, 0x1f, 0x1f, 0x1c, 0x1c, 0x1c, 0x19, 0x19, 0x19, 0x19, 0x19, 0x18, 0x14, 0x14, 0x14,
    0x14, 0x14, 0x14, 0x14, 0x12, 0x12, 0x11, 0x11, 0x0f, 0x0f, 0x0f, 0x0c, 0x0f, 0x06, 0x05, 0x6a, 0xff, 0xe3, 0x4a, 0x46, 0x46, 0x42, 0x44, 0x45,
    0x45, 0x45, 0x44, 0x41, 0x3c, 0x3c, 0x3c, 0x28, 0x02, 0x00, 0x00, 0x00, 0x00, 0x00, 0x00, 0x00, 0x00, 0x00, 0x29, 0x48, 0x48, 0x48, 0x4f, 0x48,
    0x45, 0x48, 0x44, 0x44, 0x44, 0x4f, 0x2c, 0x44, 0x48, 0x44, 0x44, 0x44, 0x44, 0x44, 0x44, 0x44, 0x40, 0x44, 0x40, 0x40, 0x37, 0x35, 0x3c, 0x3b,
    0x3b, 0x37, 0x35, 0x37, 0x35, 0x35, 0x35, 0x27, 0x35, 0x2c, 0x2c, 0x2c, 0x2c, 0x28, 0x28, 0x28, 0x2e, 0x2c, 0x2c, 0x28, 0x27, 0x2c, 0x2c, 0x35,
    0x35, 0x2e, 0x31, 0x3f, 0x3f, 0x3f, 0x3f, 0x42, 0x46, 0x46, 0x48, 0x50, 0x50, 0x50, 0x5f, 0x50, 0x63, 0xb7, 0x80, 0xb1, 0xd3, 0x4d, 0x38, 0x4d,
    0x50, 0x50, 0x50, 0x53, 0x56, 0x37, 0x2e, 0xff, 0xe3, 0x55, 0x4e, 0x55, 0x5f, 0x5f, 0x63, 0xd0, 0x4f, 0x05, 0x0f, 0x12, 0x0f, 0x19, 0x29, 0x2e,
    0x41, 0x45, 0x4f, 0x56, 0x66, 0x84, 0x84, 0x84, 0x84, 0x84, 0x84, 0x84, 0x87, 0x87, 0x87, 0x87, 0x87, 0x87, 0x83, 0x83, 0x83, 0x83, 0x83, 0x83,
    0x83, 0x83, 0x83, 0x82, 0x83, 0x83, 0x82, 0x82, 0x82, 0x82, 0x82, 0x85, 0x85, 0x85, 0x8b, 0x8b, 0x85, 0x8b, 0x8b, 0x8b, 0x8b, 0x8c, 0x8b, 0x8b,
    0x8b, 0x8b, 0x8b, 0x93, 0x93, 0x93, 0x93, 0x93, 0x93, 0x93, 0x94, 0x94, 0x94, 0x94, 0x98, 0x98, 0x98, 0x96, 0x98, 0x98, 0x98, 0xa2, 0x98, 0x99,
    0x99, 0xa3, 0xa2, 0xa3, 0xa3, 0xa5, 0xa5, 0xa5, 0xa5, 0xa5, 0xa2, 0xa2, 0xa4, 0xa4, 0xa2, 0xa2, 0xa1, 0xa1, 0xa2, 0xa2, 0x9f, 0x9f, 0xa4, 0xa4,
    0xa4, 0xa4, 0xa4, 0x9f, 0x9f, 0xa4, 0xa4, 0xa4, 0x9f, 0xa0, 0xa0, 0xa0, 0xa0, 0xa0, 0xa4, 0xa0, 0xae, 0xad, 0xad, 0xad, 0xae, 0xae, 0xae, 0xae,
    0xae, 0xae, 0xae, 0xb2, 0xb2, 0xb2, 0xb2, 0xb2, 0xb2, 0xb2, 0xb2, 0xb2, 0xb2, 0xb6, 0xb6, 0xb6, 0xb6, 0xb6, 0xb6, 0xbb, 0xbb, 0xbb, 0xbd, 0xbd,
    0xbe, 0xbe, 0xbe, 0xbe, 0xbe, 0xbe, 0xc0, 0xc0, 0xc0, 0xc4, 0xc4, 0xc5, 0xc5, 0xc5, 0xc8, 0xc8, 0xc8, 0xc8, 0xc8, 0xcd, 0xcd, 0xcd, 0xcd, 0xce,
    0xce, 0xce, 0xd2, 0xd2, 0xd2, 0xd2, 0xd4, 0xd6, 0xd6, 0xd7, 0xd7, 0xd7, 0xda, 0xda, 0xdd, 0xdf, 0xdf, 0xdf, 0xdf, 0xe4, 0xe4, 0xe4, 0xe6, 0xe6,
    0xe6, 0xea, 0xea, 0xea, 0xec, 0xef, 0xef, 0xef, 0xef, 0xef, 0xf0, 0xf0, 0xf0, 0xf0, 0xf0, 0xf0, 0xf0, 0xf0, 0xf0, 0xf0, 0xf0, 0xf1, 0xf1, 0xf1,
    0xf1, 0xf1, 0xf1, 0xf1, 0xf1, 0xf0, 0xef, 0xef, 0xef, 0xef, 0xef, 0xec, 0xec, 0xec, 0xea, 0xe9, 0xe9, 0xe9, 0xe6, 0xe5, 0xe5, 0xe4, 0xe4, 0xe2,
    0xe1, 0xe1, 0xdd, 0xdd, 0xdb, 0xdb, 0xd9, 0xd9, 0xd7, 0xd6, 0xd5, 0xd4, 0xd4, 0xd3, 0xd3, 0xd2, 0xd0, 0xcf, 0xcf, 0xcc, 0xcb, 0xcb, 0xc9, 0xc7,
    0xc6, 0xc6, 0xc3, 0xc3, 0xc2, 0xc2, 0xc2, 0xbc, 0xbc, 0xba, 0xb9, 0xb9, 0xb9, 0xb8, 0xb8, 0xb3, 0xb3, 0xb3, 0xb3, 0xb0, 0xaf, 0xaf, 0xaf, 0xaf,
    0x64, 0x64, 0x64, 0x6a, 0x6a, 0x6a, 0x6a, 0x6a, 0x73, 0x5b, 0x54, 0x52, 0x4f, 0x48, 0x42, 0x3a, 0x39, 0x2a, 0x2a, 0x2a, 0x29, 0x29, 0x24, 0x24,
    0x24, 0x24, 0x21, 0x21, 0x21, 0x21, 0x21, 0x1f, 0x1f, 0x1f, 0x1c, 0x1c, 0x19, 0x19, 0x19, 0x19, 0x19, 0x18, 0x18, 0x18, 0x14, 0x14, 0x14, 0x14,
    0x14, 0x14, 0x11, 0x12, 0x0f, 0x0f, 0x0f, 0x0f, 0x0f, 0x0f, 0x0f, 0x0f, 0x0c, 0x06, 0x0a, 0x9a, 0xff, 0x63, 0x42, 0x46, 0x46, 0x45, 0x45, 0x41,
    0x41, 0x41, 0x41, 0x3c, 0x3c, 0x3c, 0x3c, 0x16, 0x02, 0x02, 0x00, 0x00, 0x00, 0x00, 0x00, 0x00, 0x00, 0x00, 0x22, 0x48, 0x48, 0x48, 0x48, 0x4b,
    0x4b, 0x48, 0x48, 0x44, 0x44, 0x47, 0x44, 0x44, 0x44, 0x44, 0x44, 0x44, 0x44, 0x44, 0x44, 0x44, 0x44, 0x40, 0x40, 0x40, 0x3b, 0x37, 0x3b, 0x3b,
    0x3b, 0x37, 0x35, 0x37, 0x35, 0x35, 0x2c, 0x22, 0x2c, 0x2c, 0x2c, 0x2c, 0x2c, 0x28, 0x28, 0x28, 0x28, 0x2c, 0x2c, 0x28, 0x27, 0x2c, 0x2c, 0x2c,
    0x35, 0x38, 0x28, 0x3f, 0x3f, 0x3f, 0x3f, 0x3f, 0x46, 0x46, 0x46, 0x50, 0x4b, 0x50, 0x5f, 0x5f, 0x60, 0x55, 0x80, 0xbf, 0xd7, 0x4b, 0x39, 0x50,
    0x50, 0x5f, 0x55, 0x53, 0x57, 0x3c, 0x22, 0xff, 0xd5, 0x4e, 0x4e, 0x4e, 0x55, 0x5f, 0x7c, 0x5f, 0x5c, 0x14, 0x05, 0x0e, 0x10, 0x19, 0x24, 0x2e,
    0x3c, 0x45, 0x4f, 0x56, 0x66, 0x84, 0x84, 0x84, 0x84, 0x87, 0x84, 0x84, 0x87, 0x87, 0x87, 0x87, 0x87, 0x83, 0x83, 0x83, 0x83, 0x83, 0x83, 0x83,
    0x83, 0x83, 0x83, 0x82, 0x83, 0x83, 0x82, 0x82, 0x82, 0x82, 0x82, 0x82, 0x85, 0x85, 0x8b, 0x8b, 0x85, 0x8b, 0x8b, 0x8b, 0x8b, 0x8b, 0x8b, 0x8b,
    0x8b, 0x8b, 0x93, 0x93, 0x93, 0x93, 0x93, 0x93, 0x93, 0x93, 0x94, 0x94, 0x94, 0x94, 0x98, 0x98, 0x98, 0x98, 0x98, 0x98, 0x98, 0xa2, 0xa2, 0x99,
    0x99, 0xa3, 0xa2, 0xa3, 0xa3, 0xa5, 0xa5, 0xa5, 0xa5, 0xa5, 0xa2, 0xa2, 0xa4, 0xa4, 0xa2, 0xa2, 0xa1, 0xa1, 0xa2, 0xa2, 0x9f, 0x9f, 0xa4, 0xa4,
    0xa4, 0xa4, 0xa4, 0x9f, 0x9f, 0xa4, 0xa4, 0xa4, 0x9f, 0xa0, 0xa0, 0xa0, 0xa0, 0xa0, 0xa4, 0xa0, 0xae, 0xad, 0xad, 0xad, 0xae, 0xae, 0xae, 0xae,
    0xae, 0xae, 0xae, 0xb2, 0xb2, 0xb2, 0xb2, 0xb2, 0xb2, 0xb2, 0xb2, 0xb2, 0xb2, 0xb6, 0xb6, 0xb6, 0xb6, 0xb6, 0xb6, 0xbb, 0xbb, 0xbb, 0xbd, 0xbd,
    0xbe, 0xbe, 0xbe, 0xbe, 0xbe, 0xbe, 0xc0, 0xc0, 0xc0, 0xc4, 0xc4, 0xc5, 0xc5, 0xc5, 0xc8, 0xc8, 0xc8, 0xc8, 0xc8, 0xc8, 0xcd, 0xcd, 0xcd, 0xce,
    0xce, 0xce, 0xd2, 0xd2, 0xd2, 0xd2, 0xd3, 0xd6, 0xd6, 0xd7, 0xd7, 0xd7, 0xda, 0xda, 0xdd, 0xdd, 0xdf, 0xdf, 0xdf, 0xdf, 0xe4, 0xe4, 0xe6, 0xe6,
    0xe6, 0xea, 0xea, 0xea, 0xec, 0xef, 0xef, 0xef, 0xef, 0xef, 0xef, 0xf0, 0xf0, 0xf0, 0xf0, 0xf0, 0xf0, 0xf0, 0xf0, 0xf0, 0xf0, 0xf0, 0xf0, 0xf0,
    0xf0, 0xf0, 0xf0, 0xf0, 0xf0, 0xef, 0xef, 0xef, 0xef, 0xef, 0xec, 0xec, 0xec, 0xec, 0xe9, 0xe9, 0xe9, 0xe6, 0xe6, 0xe5, 0xe4, 0xe4, 0xe3, 0xe2,
    0xe1, 0xe1, 0xdd, 0xdd, 0xdb, 0xdb, 0xd9, 0xd9, 0xd7, 0xd6, 0xd5, 0xd4, 0xd4, 0xd3, 0xd2, 0xd2, 0xd0, 0xcf, 0xcc, 0xcc, 0xcb, 0xc9, 0xc9, 0xc7,
    0xc6, 0xc6, 0xc3, 0xc3, 0xc2, 0xc2, 0xc1, 0xbc, 0xbc, 0xba, 0xb9, 0xb9, 0xb9, 0xb8, 0xb8, 0xb3, 0xb3, 0xb0, 0xb3, 0xb0, 0xaf, 0xaf, 0xaf, 0xaf,
    0x5e, 0x64, 0x64, 0x6a, 0x6a, 0x6a, 0x6a, 0x6a, 0x73, 0x5b, 0x54, 0x50, 0x4f, 0x48, 0x42, 0x3a, 0x36, 0x29, 0x29, 0x29, 0x24, 0x24, 0x24, 0x24,
    0x24, 0x24, 0x21, 0x21, 0x21, 0x21, 0x1f, 0x1f, 0x1f, 0x1c, 0x1c, 0x19, 0x19, 0x19, 0x19, 0x19, 0x17, 0x14, 0x14, 0x14, 0x14, 0x14, 0x14, 0x14,
    0x11, 0x11, 0x11, 0x0f, 0x0f, 0x0f, 0x0f, 0x0f, 0x0f, 0x0f, 0x0f, 0x0c, 0x0e, 0x03, 0x16, 0xe4, 0xff, 0x57, 0x42, 0x46, 0x42, 0x44, 0x45, 0x41,
    0x41, 0x3c, 0x3c, 0x3c, 0x3c, 0x3c, 0x3c, 0x0a, 0x00, 0x00, 0x00, 0x00, 0x00, 0x00, 0x00, 0x00, 0x00, 0x00, 0x22, 0x48, 0x45, 0x48, 0x4b, 0x4f,
    0x48, 0x48, 0x48, 0x44, 0x48, 0x45, 0x48, 0x48, 0x44, 0x44, 0x44, 0x44, 0x44, 0x44, 0x44, 0x40, 0x44, 0x40, 0x41, 0x40, 0x40, 0x3b, 0x3b, 0x3b,
    0x3b, 0x3b, 0x37, 0x37, 0x37, 0x35, 0x35, 0x2c, 0x2c, 0x2c, 0x2c, 0x2c, 0x2c, 0x28, 0x27, 0x24, 0x27, 0x28, 0x2e, 0x2c, 0x2c, 0x2e, 0x2e, 0x2e,
    0x35, 0x38, 0x28, 0x31, 0x3f, 0x3f, 0x3f, 0x40, 0x42, 0x48, 0x4a, 0x50, 0x4b, 0x50, 0x5f, 0x5f, 0x72, 0x50, 0x72, 0x9c, 0xd2, 0x4b, 0x33, 0x4d,
    0x5c, 0x50, 0x63, 0x5f, 0x5c, 0x48, 0x16, 0xff, 0xd8, 0x4e, 0x4e, 0x4e, 0x55, 0x55, 0x5f, 0xd1, 0x4d, 0x06, 0x09, 0x12, 0x12, 0x19, 0x24, 0x2e,
    0x3c, 0x45, 0x4f, 0x56, 0x62, 0x84, 0x84, 0x84, 0x84, 0x87, 0x84, 0x87, 0x87, 0x87, 0x83, 0x87, 0x87, 0x83, 0x83, 0x83, 0x83, 0x83, 0x83, 0x83,
    0x83, 0x83, 0x83, 0x82, 0x83, 0x83, 0x82, 0x82, 0x82, 0x82, 0x82, 0x82, 0x85, 0x85, 0x8b, 0x8b, 0x85, 0x8b, 0x8b, 0x8b, 0x8b, 0x8b, 0x8b, 0x8b,
    0x8b, 0x93, 0x93, 0x93, 0x93, 0x93, 0x93, 0x93, 0x93, 0x93, 0x94, 0x94, 0x94, 0x94, 0x98, 0x98, 0x98, 0x98, 0x98, 0x98, 0x98, 0xa2, 0xa2, 0x99,
    0x99, 0xa3, 0xa2, 0xa3, 0xa3, 0xa5, 0xa5, 0xa5, 0xa5, 0xa5, 0xa2, 0xa2, 0xa4, 0xa4, 0xa5, 0xa2, 0xa4, 0xa1, 0xa2, 0xa2, 0x9f, 0x9f, 0xa4, 0xa4,
    0xa4, 0xa4, 0xa4, 0x9f, 0x9f, 0xa4, 0xa4, 0xa4, 0xa0, 0xa0, 0xa0, 0xa0, 0xa0, 0xa0, 0xa4, 0xa0, 0xae, 0xad, 0xad, 0xad, 0xae, 0xae, 0xae, 0xae,
    0xae, 0xae, 0xae, 0xb2, 0xb2, 0xb2, 0xb2, 0xb2, 0xb2, 0xb2, 0xb2, 0xb2, 0xb2, 0xb6, 0xb6, 0xb6, 0xb6, 0xb6, 0xb6, 0xbb, 0xbb, 0xbb, 0xbd, 0xbd,
    0xbe, 0xbe, 0xbe, 0xbe, 0xbe, 0xbe, 0xc0, 0xc0, 0xc0, 0xc4, 0xc4, 0xc5, 0xc5, 0xc5, 0xc8, 0xc8, 0xc8, 0xc8, 0xc8, 0xc8, 0xcd, 0xcd, 0xcd, 0xce,
    0xce, 0xce, 0xd2, 0xd2, 0xd2, 0xd2, 0xd3, 0xd6, 0xd6, 0xd7, 0xd7, 0xd7, 0xda, 0xda, 0xdd, 0xdd, 0xdf, 0xdf, 0xdf, 0xdf, 0xe4, 0xe4, 0xe6, 0xe6,
    0xe6, 0xe6, 0xea, 0xea, 0xec, 0xef, 0xef, 0xef, 0xef, 0xef, 0xef, 0xef, 0xef, 0xf0, 0xf0, 0xf0, 0xf0, 0xf0, 0xf0, 0xf0, 0xf0, 0xf0, 0xf0, 0xf0,
    0xf0, 0xf0, 0xf0, 0xf0, 0xef, 0xef, 0xef, 0xef, 0xef, 0xef, 0xec, 0xec, 0xec, 0xea, 0xe9, 0xe9, 0xe9, 0xe6, 0xe5, 0xe5, 0xe4, 0xe4, 0xe3, 0xe2,
    0xe1, 0xe1, 0xdd, 0xdd, 0xdb, 0xdb, 0xd9, 0xd9, 0xd7, 0xd6, 0xd5, 0xd4, 0xd4, 0xd3, 0xd2, 0xd2, 0xcf, 0xcf, 0xcc, 0xcc, 0xcb, 0xc9, 0xc9, 0xc7,
    0xc6, 0xc6, 0xc3, 0xc2, 0xc2, 0xc2, 0xbc, 0xbc, 0xba, 0xba, 0xb9, 0xb9, 0xb9, 0xb8, 0xb8, 0xb3, 0xb3, 0xb3, 0xb0, 0xaf, 0xaf, 0xaf, 0xaf, 0xaf,
    0x5e, 0x5e, 0x64, 0x64, 0x6a, 0x6a, 0x6a, 0x6a, 0x6a, 0x5a, 0x54, 0x4f, 0x4f, 0x48, 0x42, 0x3a, 0x33, 0x29, 0x24, 0x24, 0x24, 0x24, 0x24, 0x21,
    0x21, 0x21, 0x21, 0x21, 0x1f, 0x1f, 0x1f, 0x1f, 0x1c, 0x19, 0x19, 0x19, 0x19, 0x18, 0x18, 0x14, 0x14, 0x14, 0x14, 0x14, 0x14, 0x14, 0x14, 0x12,
    0x0f, 0x0f, 0x0f, 0x0f, 0x0f, 0x0f, 0x0f, 0x0e, 0x0a, 0x0f, 0x0f, 0x0f, 0x0f, 0x01, 0x17, 0xfc, 0xff, 0x70, 0x42, 0x46, 0x46, 0x42, 0x41, 0x41,
    0x3c, 0x3c, 0x3c, 0x3c, 0x3c, 0x3c, 0x30, 0x02, 0x00, 0x00, 0x00, 0x00, 0x00, 0x00, 0x00, 0x00, 0x00, 0x00, 0x22, 0x48, 0x45, 0x45, 0x48, 0x4b,
    0x48, 0x48, 0x48, 0x48, 0x44, 0x48, 0x48, 0x44, 0x48, 0x44, 0x44, 0x44, 0x44, 0x44, 0x44, 0x3b, 0x44, 0x44, 0x40, 0x40, 0x40, 0x3c, 0x3b, 0x3b,
    0x3b, 0x37, 0x3b, 0x35, 0x35, 0x35, 0x35, 0x2c, 0x2c, 0x2c, 0x2c, 0x2c, 0x2c, 0x28, 0x27, 0x22, 0x22, 0x27, 0x31, 0x2c, 0x35, 0x2e, 0x2c, 0x2e,
    0x35, 0x38, 0x2e, 0x31, 0x3f, 0x3f, 0x3f, 0x3f, 0x42, 0x4a, 0x4a, 0x4f, 0x50, 0x50, 0x56, 0x60, 0x68, 0x5f, 0x5f, 0xaa, 0xd3, 0x50, 0x33, 0x4b,
    0x5f, 0x5f, 0x5f, 0x5c, 0x5c, 0x50, 0x16, 0xff, 0xe0, 0x4e, 0x4e, 0x4e, 0x4e, 0x55, 0x7c, 0x5f, 0xcc, 0x16, 0x05, 0x0e, 0x0e, 0x19, 0x22, 0x2e,
    0x3c, 0x45, 0x4f, 0x51, 0x62, 0x84, 0x84, 0x84, 0x87, 0x84, 0x84, 0x87, 0x87, 0x87, 0x83, 0x87, 0x83, 0x83, 0x83, 0x83, 0x83, 0x83, 0x83, 0x83,
    0x83, 0x83, 0x83, 0x82, 0x83, 0x83, 0x82, 0x82, 0x82, 0x82, 0x82, 0x82, 0x85, 0x85, 0x8b, 0x8b, 0x8b, 0x8b, 0x8b, 0x8b, 0x8b, 0x8b, 0x8b, 0x8b,
    0x93, 0x93, 0x93, 0x93, 0x93, 0x93, 0x93, 0x93, 0x93, 0x93, 0x94, 0x94, 0x94, 0x94, 0x98, 0x98, 0x98, 0x98, 0x98, 0x98, 0x98, 0xa2, 0xa2, 0x99,
    0x99, 0xa3, 0xa3, 0xa3, 0xa3, 0xa5, 0xa5, 0xa5, 0xa5, 0xa5, 0xa2, 0xa2, 0xa4, 0xa4, 0xa5, 0xa2, 0xa4, 0xa1, 0xa2, 0xa2, 0xa4, 0x9f, 0xa4, 0xa4,
    0xa4, 0xa4, 0xa4, 0xa4, 0x9f, 0xa4, 0xa4, 0xa4, 0xa0, 0xa0, 0xa0, 0xa0, 0xa0, 0xa0, 0xa4, 0xa0, 0xae, 0xad, 0xad, 0xad, 0xae, 0xae, 0xae, 0xae,
    0xae, 0xae, 0xae, 0xb2, 0xb2, 0xb2, 0xb2, 0xb2, 0xb2, 0xb2, 0xb2, 0xb2, 0xb2, 0xb6, 0xb6, 0xb6, 0xb6, 0xb6, 0xb6, 0xbb, 0xbb, 0xbb, 0xbd, 0xbd,
    0xbe, 0xbe, 0xbe, 0xbe, 0xbe, 0xbe, 0xc0, 0xc0, 0xc0, 0xc4, 0xc4, 0xc5, 0xc5, 0xc5, 0xc8, 0xc8, 0xc8, 0xc8, 0xc8, 0xc8, 0xcd, 0xcd, 0xcd, 0xce,
    0xce, 0xce, 0xd2, 0xd2, 0xd2, 0xd2, 0xd3, 0xd6, 0xd6, 0xd7, 0xd7, 0xd7, 0xda, 0xda, 0xdd, 0xdd, 0xdf, 0xdf, 0xdf, 0xdf, 0xe4, 0xe4, 0xe6, 0xe6,
    0xe6, 0xe6, 0xea, 0xea, 0xea, 0xec, 0xef, 0xef, 0xef, 0xef, 0xef, 0xef, 0xef, 0xf0, 0xf0, 0xf0, 0xf0, 0xf0, 0xf0, 0xf0, 0xf0, 0xf0, 0xf0, 0xf0,
    0xf0, 0xf0, 0xf0, 0xf0, 0xef, 0xef, 0xef, 0xef, 0xef, 0xec, 0xec, 0xec, 0xec, 0xea, 0xe9, 0xe9, 0xe6, 0xe6, 0xe5, 0xe5, 0xe4, 0xe4, 0xe3, 0xe1,
    0xe1, 0xe1, 0xdd, 0xdd, 0xdb, 0xdb, 0xd9, 0xd9, 0xd7, 0xd6, 0xd5, 0xd5, 0xd4, 0xd3, 0xd2, 0xd0, 0xcf, 0xcf, 0xcc, 0xcc, 0xcb, 0xc9, 0xc9, 0xc7,
    0xc6, 0xc6, 0xc3, 0xc2, 0xc2, 0xc2, 0xbc, 0xbc, 0xba, 0xba, 0xb9, 0xb9, 0xb8, 0xb8, 0xb3, 0xb3, 0xb3, 0xb3, 0xb0, 0xaf, 0xaf, 0xaf, 0xaf, 0xaf,
    0x5e, 0x5e, 0x5e, 0x64, 0x6a, 0x6a, 0x6a, 0x6a, 0x6a, 0x59, 0x54, 0x4f, 0x4b, 0x46, 0x42, 0x3a, 0x2e, 0x24, 0x24, 0x24, 0x22, 0x22, 0x21, 0x21,
    0x21, 0x1f, 0x1f, 0x1f, 0x1f, 0x1f, 0x1c, 0x1c, 0x19, 0x19, 0x19, 0x18, 0x14, 0x14, 0x14, 0x14, 0x14, 0x14, 0x14, 0x14, 0x14, 0x14, 0x11, 0x11,
    0x0f, 0x0f, 0x11, 0x0f, 0x0f, 0x0f, 0x0f, 0x0e, 0x0a, 0x0a, 0x0a, 0x09, 0x09, 0x03, 0x19, 0xfe, 0xff, 0x5f, 0x42, 0x46, 0x42, 0x44, 0x41, 0x41,
    0x3c, 0x3c, 0x3c, 0x3c, 0x30, 0x3c, 0x22, 0x02, 0x00, 0x00, 0x01, 0x00, 0x00, 0x01, 0x00, 0x00, 0x00, 0x00, 0x1f, 0x45, 0x45, 0x45, 0x48, 0x48,
    0x48, 0x48, 0x48, 0x44, 0x44, 0x48, 0x48, 0x44, 0x48, 0x44, 0x40, 0x44, 0x44, 0x44, 0x44, 0x40, 0x44, 0x44, 0x40, 0x40, 0x3c, 0x3b, 0x3b, 0x3b,
    0x3b, 0x37, 0x37, 0x37, 0x35, 0x35, 0x2c, 0x30, 0x2c, 0x2c, 0x2c, 0x2c, 0x2c, 0x28, 0x27, 0x22, 0x1d, 0x22, 0x28, 0x2c, 0x2e, 0x2c, 0x2c, 0x2e,
    0x38, 0x38, 0x35, 0x3f, 0x3f, 0x3f, 0x3f, 0x3f, 0x42, 0x46, 0x4b, 0x4b, 0x50, 0x50, 0x50, 0x63, 0x60, 0x80, 0x5f, 0x80, 0xd2, 0x50, 0x3a, 0x46,
    0x5f, 0x63, 0x63, 0x5c, 0x5c, 0x5a, 0x17, 0xff, 0xfe, 0x5f, 0x4c, 0x4c, 0x4e, 0x55, 0x55, 0xbf, 0x42, 0x05, 0x08, 0x09, 0x0e, 0x17, 0x22, 0x2e,
    0x3c, 0x45, 0x4f, 0x51, 0x62, 0x84, 0x84, 0x84, 0x84, 0x87, 0x87, 0x87, 0x87, 0x83, 0x83, 0x87, 0x83, 0x83, 0x83, 0x83, 0x83, 0x83, 0x83, 0x83,
    0x83, 0x83, 0x82, 0x82, 0x83, 0x83, 0x82, 0x82, 0x82, 0x82, 0x82, 0x82, 0x85, 0x85, 0x8b, 0x8b, 0x8b, 0x8b, 0x8b, 0x8b, 0x8b, 0x8b, 0x8b, 0x93,
    0x93, 0x93, 0x93, 0x93, 0x93, 0x93, 0x93, 0x93, 0x93, 0x93, 0x94, 0x94, 0x94, 0x94, 0x98, 0x98, 0x98, 0x98, 0x98, 0x98, 0x98, 0xa2, 0xa2, 0xa3,
    0x99, 0xa3, 0xa3, 0xa3, 0xa3, 0xa5, 0xa5, 0xa5, 0xa5, 0xa5, 0xa5, 0xa2, 0xa4, 0xa4, 0xa5, 0xa2, 0xa4, 0xa1, 0xa2, 0xa2, 0xa4, 0x9f, 0xa4, 0xa4,
    0xa4, 0xa4, 0xa4, 0xa4, 0x9f, 0xa4, 0xa4, 0xa4, 0xa0, 0xa0, 0xa0, 0xa0, 0xa0, 0xa0, 0xa4, 0xa0, 0xae, 0xad, 0xad, 0xad, 0xae, 0xae, 0xae, 0xae,
    0xae, 0xae, 0xae, 0xb2, 0xb2, 0xb2, 0xb2, 0xb2, 0xb2, 0xb2, 0xb2, 0xb2, 0xb2, 0xb6, 0xb6, 0xb6, 0xb6, 0xb6, 0xb6, 0xbb, 0xbb, 0xbb, 0xbd, 0xbd,
    0xbe, 0xbe, 0xbe, 0xbe, 0xbe, 0xbe, 0xc0, 0xc0, 0xc0, 0xc4, 0xc4, 0xc5, 0xc5, 0xc5, 0xc8, 0xc8, 0xc8, 0xc8, 0xc8, 0xc8, 0xcd, 0xcd, 0xcd, 0xce,
    0xce, 0xce, 0xd2, 0xd2, 0xd2, 0xd2, 0xd3, 0xd6, 0xd6, 0xd7, 0xd7, 0xd7, 0xda, 0xda, 0xdd, 0xdd, 0xdf, 0xdf, 0xdf, 0xdf, 0xe4, 0xe4, 0xe4, 0xe6,
    0xe6, 0xe6, 0xea, 0xea, 0xea, 0xec, 0xec, 0xef, 0xef, 0xef, 0xef, 0xef, 0xef, 0xef, 0xf0, 0xf0, 0xf0, 0xf0, 0xf0, 0xf0, 0xf0, 0xf0, 0xf0, 0xf0,
    0xf0, 0xf0, 0xf0, 0xef, 0xef, 0xef, 0xef, 0xef, 0xef, 0xec, 0xec, 0xec, 0xea, 0xe9, 0xe9, 0xe9, 0xe6, 0xe6, 0xe5, 0xe5, 0xe4, 0xe4, 0xe3, 0xe1,
    0xe1, 0xe1, 0xdd, 0xdb, 0xdb, 0xd9, 0xd9, 0xd9, 0xd7, 0xd6, 0xd5, 0xd5, 0xd4, 0xd3, 0xd2, 0xd0, 0xcf, 0xcf, 0xcc, 0xcc, 0xcb, 0xc9, 0xc9, 0xc7,
    0xc6, 0xc6, 0xc3, 0xc2, 0xc2, 0xc2, 0xbc, 0xbc, 0xba, 0xb9, 0xb9, 0xb9, 0xb8, 0xb8, 0xb3, 0xb3, 0xb0, 0xb3, 0xb0, 0xaf, 0xaf, 0xaf, 0xaf, 0xaf,
    0x5e, 0x5e, 0x5e, 0x64, 0x64, 0x6a, 0x6a, 0x6a, 0x6a, 0x59, 0x53, 0x4f, 0x4b, 0x46, 0x42, 0x3a, 0x2f, 0x24, 0x24, 0x22, 0x21, 0x21, 0x21, 0x1f,
    0x21, 0x1f, 0x1f, 0x1f, 0x1c, 0x19, 0x19, 0x19, 0x19, 0x19, 0x19, 0x16, 0x14, 0x14, 0x14, 0x14, 0x14, 0x14, 0x14, 0x14, 0x11, 0x12, 0x0f, 0x0f,
    0x0f, 0x0f, 0x0f, 0x0f, 0x0f, 0x0f, 0x0f, 0x0f, 0x0a, 0x0a, 0x09, 0x09, 0x0f, 0x00, 0x22, 0xff, 0xfe, 0x63, 0x42, 0x45, 0x44, 0x41, 0x41, 0x3c,
    0x3c, 0x3c, 0x3c, 0x3b, 0x30, 0x3c, 0x16, 0x00, 0x00, 0x00, 0x00, 0x00, 0x00, 0x01, 0x00, 0x00, 0x00, 0x00, 0x17, 0x45, 0x41, 0x42, 0x48, 0x4b,
    0x48, 0x48, 0x48, 0x48, 0x45, 0x45, 0x44, 0x48, 0x48, 0x44, 0x44, 0x44, 0x44, 0x44, 0x44, 0x44, 0x44, 0x44, 0x40, 0x40, 0x3c, 0x3b, 0x3b, 0x3b,
    0x3b, 0x35, 0x3b, 0x37, 0x35, 0x35, 0x35, 0x2c, 0x2c, 0x2c, 0x2c, 0x2c, 0x2c, 0x28, 0x27, 0x27, 0x22, 0x22, 0x28, 0x2c, 0x2c, 0x2c, 0x2c, 0x2c,
    0x35, 0x38, 0x35, 0x38, 0x3f, 0x3f, 0x3f, 0x42, 0x42, 0x46, 0x4b, 0x4b, 0x50, 0x50, 0x50, 0x5f, 0x68, 0x80, 0x72, 0x67, 0xc0, 0x46, 0x43, 0x50,
    0x55, 0x63, 0x72, 0x5f, 0x5f, 0x60, 0x11, 0xfc, 0xff, 0x7c, 0x4c, 0x4c, 0x4c, 0x55, 0x55, 0xb7, 0x50, 0x05, 0x08, 0x09, 0x0c, 0x17, 0x22, 0x2e,
    0x3c, 0x45, 0x4f, 0x51, 0x62, 0x84, 0x84, 0x84, 0x87, 0x87, 0x84, 0x87, 0x83, 0x83, 0x83, 0x83, 0x83, 0x83, 0x83, 0x83, 0x83, 0x83, 0x83, 0x83,
    0x83, 0x83, 0x82, 0x82, 0x83, 0x83, 0x82, 0x82, 0x82, 0x85, 0x82, 0x82, 0x85, 0x85, 0x8b, 0x8b, 0x8b, 0x8b, 0x8b, 0x8b, 0x8b, 0x8b, 0x8b, 0x93,
    0x93, 0x93, 0x93, 0x93, 0x93, 0x93, 0x93, 0x93, 0x93, 0x93, 0x94, 0x94, 0x94, 0x94, 0x98, 0x98, 0x98, 0x98, 0x99, 0x98, 0x98, 0xa2, 0xa2, 0xa3,
    0xa3, 0xa3, 0xa3, 0xa3, 0xa3, 0xa5, 0xa5, 0xa5, 0xa5, 0xa5, 0xa5, 0xa2, 0xa4, 0xa4, 0xa5, 0xa2, 0xa4, 0xa1, 0xa2, 0xa2, 0xa4, 0x9f, 0xa4, 0xa4,
    0xa4, 0xa4, 0xa4, 0xa4, 0x9f, 0xa4, 0xa4, 0xa4, 0xa0, 0xa0, 0xa0, 0xa0, 0xa0, 0xa0, 0xa4, 0xa0, 0xae, 0xad, 0xad, 0xad, 0xae, 0xae, 0xae, 0xae,
    0xae, 0xae, 0xae, 0xb2, 0xb2, 0xb2, 0xb2, 0xb2, 0xb2, 0xb2, 0xb2, 0xb2, 0xb2, 0xb6, 0xb6, 0xb6, 0xb6, 0xb6, 0xb6, 0xbb, 0xbb, 0xbb, 0xbd, 0xbd,
    0xbe, 0xbe, 0xbe, 0xbe, 0xbe, 0xbe, 0xc0, 0xc0, 0xc0, 0xc4, 0xc4, 0xc5, 0xc5, 0xc5, 0xc8, 0xc8, 0xc8, 0xc8, 0xc8, 0xc8, 0xcd, 0xcd, 0xcd, 0xce,
    0xce, 0xce, 0xce, 0xd2, 0xd2, 0xd2, 0xd3, 0xd6, 0xd6, 0xd7, 0xd7, 0xd7, 0xda, 0xda, 0xdd, 0xdd, 0xdf, 0xdf, 0xdf, 0xdf, 0xe4, 0xe4, 0xe4, 0xe6,
    0xe6, 0xe6, 0xea, 0xea, 0xea, 0xec, 0xec, 0xef, 0xef, 0xef, 0xef, 0xef, 0xef, 0xef, 0xef, 0xf0, 0xf0, 0xf0, 0xf0, 0xf0, 0xf0, 0xf0, 0xf0, 0xf0,
    0xf0, 0xf0, 0xef, 0xef, 0xef, 0xef, 0xef, 0xef, 0xef, 0xec, 0xec, 0xec, 0xea, 0xe9, 0xe9, 0xe9, 0xe6, 0xe5, 0xe5, 0xe5, 0xe4, 0xe4, 0xe2, 0xe1,
    0xe1, 0xdd, 0xdd, 0xdb, 0xdb, 0xd9, 0xd9, 0xd7, 0xd7, 0xd6, 0xd5, 0xd4, 0xd4, 0xd3, 0xd2, 0xd0, 0xcf, 0xcf, 0xcc, 0xcc, 0xcb, 0xc9, 0xc7, 0xc7,
    0xc6, 0xc6, 0xc3, 0xc2, 0xc2, 0xc2, 0xbc, 0xbc, 0xba, 0xb9, 0xb9, 0xb9, 0xb8, 0xb8, 0xb3, 0xb3, 0xb3, 0xb0, 0xaf, 0xaf, 0xaf, 0xaf, 0xaf, 0xaf,
    0x5e, 0x5e, 0x5e, 0x5e, 0x64, 0x64, 0x6a, 0x6a, 0x6a, 0x59, 0x53, 0x4f, 0x4b, 0x46, 0x42, 0x3a, 0x2f, 0x22, 0x22, 0x21, 0x21, 0x21, 0x21, 0x1f,
    0x1f, 0x1f, 0x1c, 0x1c, 0x1c, 0x19, 0x19, 0x19, 0x19, 0x19, 0x16, 0x14, 0x14, 0x14, 0x14, 0x14, 0x14, 0x14, 0x14, 0x11, 0x11, 0x11, 0x11, 0x0f,
    0x0f, 0x0f, 0x0f, 0x0f, 0x0f, 0x0f, 0x0f, 0x0a, 0x0a, 0x09, 0x09, 0x09, 0x0f, 0x00, 0x22, 0xff, 0xfe, 0x50, 0x42, 0x44, 0x44, 0x41, 0x41, 0x3c,
    0x3c, 0x3c, 0x3c, 0x3b, 0x30, 0x3c, 0x0a, 0x00, 0x00, 0x00, 0x00, 0x00, 0x00, 0x00, 0x00, 0x00, 0x00, 0x00, 0x17, 0x45, 0x42, 0x41, 0x45, 0x4b,
    0x48, 0x48, 0x48, 0x48, 0x44, 0x48, 0x48, 0x44, 0x48, 0x44, 0x44, 0x44, 0x44, 0x44, 0x44, 0x44, 0x40, 0x40, 0x40, 0x40, 0x40, 0x3b, 0x3b, 0x3b,
    0x37, 0x3b, 0x3b, 0x37, 0x35, 0x35, 0x35, 0x2c, 0x2c, 0x2c, 0x2c, 0x2c, 0x2c, 0x2c, 0x28, 0x28, 0x27, 0x27, 0x2c, 0x2c, 0x2c, 0x2c, 0x2c, 0x2c,
    0x35, 0x35, 0x35, 0x35, 0x3f, 0x3f, 0x3f, 0x42, 0x46, 0x46, 0x48, 0x4b, 0x50, 0x50, 0x50, 0x57, 0x63, 0x72, 0x80, 0x68, 0xbf, 0x46, 0x33, 0x4f,
    0x5f, 0x72, 0x57, 0x97, 0x63, 0x72, 0x17, 0xc1, 0xff, 0x7c, 0x4c, 0x4c, 0x49, 0x4e, 0x7c, 0x55, 0x50, 0x0a, 0x04, 0x0c, 0x0f, 0x17, 0x22, 0x2e,
    0x3c, 0x45, 0x4f, 0x51, 0x62, 0x84, 0x84, 0x84, 0x87, 0x87, 0x87, 0x83, 0x83, 0x83, 0x83, 0x83, 0x83, 0x83, 0x83, 0x83, 0x83, 0x83, 0x83, 0x83,
    0x83, 0x83, 0x82, 0x83, 0x83, 0x83, 0x82, 0x82, 0x82, 0x85, 0x82, 0x82, 0x85, 0x85, 0x8b, 0x8b, 0x8b, 0x8b, 0x8b, 0x8b, 0x8b, 0x8b, 0x8b, 0x93,
    0x93, 0x93, 0x93, 0x93, 0x93, 0x93, 0x93, 0x94, 0x98, 0x98, 0x94, 0x94, 0x94, 0x94, 0x98, 0x98, 0x98, 0x98, 0x99, 0x99, 0x98, 0xa2, 0xa2, 0xa3,
    0xa3, 0xa3, 0xa3, 0xa3, 0xa3, 0xa5, 0xa5, 0xa5, 0xa5, 0xa5, 0xa5, 0xa2, 0xa4, 0xa4, 0xa5, 0xa2, 0xa4, 0xa1, 0xa2, 0xa2, 0xa4, 0x9f, 0xa4, 0xa4,
    0xa4, 0xa4, 0xa4, 0xa4, 0x9f, 0xa4, 0xa4, 0xa4, 0xa0, 0xa0, 0xa0, 0xa0, 0xad, 0xa0, 0xa4, 0xa0, 0xae, 0xad, 0xad, 0xad, 0xae, 0xae, 0xae, 0xae,
    0xae, 0xae, 0xae, 0xb2, 0xb2, 0xb2, 0xb2, 0xb2, 0xb2, 0xb2, 0xb2, 0xb2, 0xb2, 0xb6, 0xb6, 0xb6, 0xb6, 0xb6, 0xb6, 0xbb, 0xbb, 0xbb, 0xbd, 0xbd,
    0xbe, 0xbe, 0xbe, 0xbe, 0xbe, 0xbe, 0xc0, 0xc0, 0xc0, 0xc4, 0xc4, 0xc5, 0xc5, 0xc5, 0xc8, 0xc8, 0xc8, 0xc8, 0xc8, 0xc8, 0xcd, 0xcd, 0xcd, 0xce,
    0xce, 0xce, 0xce, 0xd2, 0xd2, 0xd2, 0xd3, 0xd6, 0xd6, 0xd7, 0xd7, 0xd7, 0xd7, 0xda, 0xda, 0xdd, 0xdf, 0xdf, 0xdf, 0xdf, 0xdf, 0xe4, 0xe4, 0xe6,
    0xe6, 0xe6, 0xe6, 0xea, 0xea, 0xec, 0xec, 0xef, 0xef, 0xef, 0xef, 0xef, 0xef, 0xef, 0xef, 0xef, 0xf0, 0xf0, 0xf0, 0xf0, 0xf0, 0xf0, 0xf0, 0xf0,
    0xf0, 0xef, 0xef, 0xef, 0xef, 0xef, 0xef, 0xef, 0xec, 0xec, 0xec, 0xea, 0xea, 0xe9, 0xe9, 0xe6, 0xe6, 0xe5, 0xe5, 0xe4, 0xe4, 0xe4, 0xe2, 0xe1,
    0xe1, 0xdd, 0xdd, 0xdb, 0xdb, 0xd9, 0xd9, 0xd7, 0xd7, 0xd6, 0xd5, 0xd4, 0xd3, 0xd3, 0xd2, 0xd0, 0xcf, 0xcf, 0xcc, 0xcc, 0xcb, 0xc9, 0xc7, 0xc7,
    0xc6, 0xc6, 0xc3, 0xc2, 0xc2, 0xc2, 0xbc, 0xbc, 0xba, 0xb9, 0xb9, 0xb9, 0xb8, 0xb8, 0xb3, 0xb3, 0xb3, 0xb0, 0xaf, 0xaf, 0xaf, 0xaf, 0xaf, 0xaf,
    0x5e, 0x5e, 0x5e, 0x5e, 0x64, 0x64, 0x6a, 0x6a, 0x6a, 0x59, 0x53, 0x4f, 0x4b, 0x42, 0x3a, 0x3a, 0x2d, 0x22, 0x22, 0x22, 0x1f, 0x1f, 0x1f, 0x1f,
    0x1f, 0x1f, 0x1c, 0x19, 0x19, 0x19, 0x19, 0x14, 0x17, 0x14, 0x14, 0x14, 0x11, 0x11, 0x11, 0x14, 0x14, 0x14, 0x11, 0x11, 0x0f, 0x11, 0x11, 0x0f,
    0x0f, 0x0f, 0x0f, 0x0f, 0x0f, 0x0f, 0x0f, 0x0a, 0x0a, 0x09, 0x09, 0x0c, 0x0f, 0x00, 0x22, 0xff, 0xfb, 0x50, 0x46, 0x44, 0x44, 0x41, 0x41, 0x3c,
    0x3c, 0x3c, 0x3b, 0x3b, 0x3b, 0x30, 0x05, 0x00, 0x00, 0x00, 0x00, 0x00, 0x00, 0x00, 0x00, 0x00, 0x01, 0x00, 0x16, 0x41, 0x41, 0x42, 0x45, 0x4b,
    0x48, 0x48, 0x48, 0x48, 0x45, 0x48, 0x48, 0x41, 0x48, 0x48, 0x44, 0x44, 0x40, 0x44, 0x44, 0x44, 0x41, 0x44, 0x44, 0x3f, 0x40, 0x3b, 0x37, 0x37,
    0x3b, 0x37, 0x37, 0x37, 0x37, 0x37, 0x35, 0x2c, 0x2c, 0x2c, 0x2c, 0x2c, 0x2c, 0x2c, 0x2c, 0x2c, 0x2c, 0x2c, 0x2c, 0x2c, 0x2c, 0x28, 0x2c, 0x2c,
    0x2c, 0x35, 0x38, 0x38, 0x3f, 0x3f, 0x3f, 0x42, 0x46, 0x46, 0x46, 0x4a, 0x42, 0x56, 0x56, 0x50, 0x5f, 0x60, 0x80, 0x90, 0x70, 0x4b, 0x38, 0x4a,
    0x4d, 0xca, 0x5c, 0x72, 0x72, 0x72, 0x22, 0x54, 0xff, 0x7c, 0x4c, 0x4c, 0x4c, 0x43, 0x5f, 0xb7, 0x42, 0x05, 0x06, 0x0c, 0x0f, 0x17, 0x22, 0x2e,
    0x3c, 0x45, 0x4f, 0x51, 0x62, 0x84, 0x84, 0x83, 0x87, 0x87, 0x83, 0x83, 0x83, 0x83, 0x83, 0x83, 0x83, 0x83, 0x83, 0x83, 0x83, 0x83, 0x83, 0x83,
    0x83, 0x83, 0x83, 0x83, 0x83, 0x83, 0x82, 0x82, 0x82, 0x85, 0x82, 0x82, 0x85, 0x85, 0x8b, 0x8b, 0x8b, 0x8b, 0x8b, 0x8b, 0x8b, 0x8b, 0x8b, 0x93,
    0x93, 0x93, 0x93, 0x93, 0x93, 0x93, 0x94, 0x94, 0x98, 0x98, 0x94, 0x94, 0x95, 0x95, 0x98, 0x98, 0x98, 0x98, 0x99, 0x99, 0x98, 0xa2, 0xa2, 0xa3,
    0xa3, 0xa5, 0xa3, 0xa3, 0xa3, 0xa5, 0xa5, 0xa5, 0xa5, 0xa5, 0xa5, 0xa2, 0xa4, 0xa4, 0xa5, 0xa2, 0xa4, 0xa1, 0xa2, 0xa2, 0xa4, 0x9f, 0xa4, 0xa4,
    0xa4, 0xa4, 0xa4, 0xa4, 0x9f, 0xa4, 0xa4, 0xa4, 0xa0, 0xad, 0xa0, 0xa0, 0xad, 0xa0, 0xa4, 0xa0, 0xae, 0xad, 0xad, 0xad, 0xae, 0xae, 0xae, 0xae,
    0xae, 0xae, 0xae, 0xb2, 0xb2, 0xb2, 0xb2, 0xb2, 0xb2, 0xb2, 0xb2, 0xb2, 0xb2, 0xb6, 0xb6, 0xb6, 0xb6, 0xb6, 0xb6, 0xbb, 0xbb, 0xbb, 0xbd, 0xbd,
    0xbe, 0xbe, 0xbe, 0xbe, 0xbe, 0xbe, 0xc0, 0xc0, 0xc0, 0xc4, 0xc4, 0xc5, 0xc5, 0xc5, 0xc8, 0xc8, 0xc8, 0xc8, 0xc8, 0xc8, 0xcd, 0xcd, 0xcd, 0xce,
    0xce, 0xce, 0xce, 0xd2, 0xd2, 0xd2, 0xd3, 0xd6, 0xd6, 0xd6, 0xd7, 0xd7, 0xd7, 0xda, 0xda, 0xdd, 0xdd, 0xdf, 0xdf, 0xdf, 0xdf, 0xe4, 0xe4, 0xe4,
    0xe6, 0xe6, 0xe6, 0xea, 0xea, 0xea, 0xec, 0xec, 0xef, 0xef, 0xef, 0xef, 0xef, 0xef, 0xef, 0xef, 0xef, 0xf0, 0xf0, 0xf0, 0xf0, 0xf0, 0xf0, 0xf0,
    0xef, 0xef, 0xef, 0xef, 0xef, 0xef, 0xef, 0xec, 0xec, 0xec, 0xec, 0xea, 0xe9, 0xe9, 0xe9, 0xe6, 0xe5, 0xe5, 0xe5, 0xe4, 0xe4, 0xe3, 0xe2, 0xe1,
    0xe1, 0xdd, 0xdd, 0xdb, 0xdb, 0xd9, 0xd9, 0xd7, 0xd7, 0xd6, 0xd5, 0xd4, 0xd3, 0xd3, 0xd2, 0xd0, 0xcf, 0xcf, 0xcc, 0xcb, 0xcb, 0xc9, 0xc7, 0xc6,
    0xc6, 0xc3, 0xc3, 0xc2, 0xc2, 0xc1, 0xbc, 0xba, 0xba, 0xb9, 0xb9, 0xb8, 0xb8, 0xb3, 0xb3, 0xb0, 0xb3, 0xb0, 0xaf, 0xaf, 0xaf, 0xaf, 0xaf, 0xa6,
    0x5e, 0x5e, 0x5e, 0x5e, 0x5e, 0x64, 0x64, 0x6a, 0x6a, 0x59, 0x53, 0x4f, 0x48, 0x42, 0x3a, 0x3a, 0x2d, 0x21, 0x21, 0x21, 0x1f, 0x1f, 0x1f, 0x1f,
    0x19, 0x1c, 0x19, 0x19, 0x19, 0x19, 0x19, 0x14, 0x14, 0x14, 0x14, 0x14, 0x11, 0x11, 0x11, 0x14, 0x14, 0x11, 0x11, 0x11, 0x11, 0x0f, 0x0f, 0x0f,
    0x0f, 0x0f, 0x0f, 0x0f, 0x0f, 0x0f, 0x0a, 0x0a, 0x0a, 0x09, 0x09, 0x09, 0x0f, 0x00, 0x22, 0xff, 0xe2, 0x50, 0x42, 0x45, 0x41, 0x41, 0x41, 0x3c,
    0x3c, 0x3c, 0x3b, 0x30, 0x3c, 0x22, 0x00, 0x00, 0x00, 0x00, 0x00, 0x00, 0x00, 0x00, 0x00, 0x00, 0x01, 0x00, 0x16, 0x42, 0x41, 0x42, 0x42, 0x48,
    0x48, 0x48, 0x48, 0x48, 0x45, 0x48, 0x48, 0x37, 0x47, 0x48, 0x44, 0x44, 0x40, 0x44, 0x44, 0x44, 0x40, 0x44, 0x40, 0x40, 0x3f, 0x35, 0x22, 0x17,
    0x2c, 0x3b, 0x35, 0x37, 0x37, 0x37, 0x35, 0x2c, 0x2c, 0x2c, 0x28, 0x28, 0x2c, 0x2c, 0x2c, 0x2c, 0x2c, 0x2c, 0x2c, 0x2c, 0x28, 0x28, 0x28, 0x2e,
    0x2e, 0x35, 0x38, 0x38, 0x3f, 0x3f, 0x3f, 0x3f, 0x46, 0x46, 0x46, 0x4b, 0x46, 0x50, 0x56, 0x50, 0x50, 0x68, 0x6c, 0x7f, 0x72, 0x4a, 0x38, 0x55,
    0x68, 0x50, 0xb7, 0x63, 0x63, 0xb6, 0x2d, 0x48, 0xff, 0xb7, 0x4e, 0x4c, 0x49, 0x4c, 0x49, 0xca, 0x50, 0x03, 0x08, 0x09, 0x0c, 0x17, 0x22, 0x2e,
    0x3c, 0x45, 0x4f, 0x51, 0x62, 0x84, 0x83, 0x83, 0x87, 0x83, 0x83, 0x83, 0x83, 0x83, 0x83, 0x83, 0x83, 0x83, 0x83, 0x83, 0x83, 0x83, 0x83, 0x83,
    0x83, 0x83, 0x83, 0x83, 0x83, 0x83, 0x82, 0x82, 0x82, 0x85, 0x82, 0x82, 0x85, 0x85, 0x8b, 0x8b, 0x8b, 0x8b, 0x8b, 0x8b, 0x8b, 0x8b, 0x8b, 0x93,
    0x93, 0x93, 0x93, 0x93, 0x93, 0x93, 0x94, 0x94, 0x98, 0x98, 0x98, 0x94, 0x95, 0x95, 0x99, 0x99, 0x98, 0x98, 0x99, 0x99, 0x99, 0xa2, 0xa2, 0xa3,
    0xa3, 0xa5, 0xa3, 0xa3, 0xa3, 0xa5, 0xa5, 0xa5, 0xa5, 0xa5, 0xa5, 0xa2, 0xa4, 0xa4, 0xa5, 0xa2, 0xa4, 0xa1, 0xa2, 0xa2, 0xa4, 0x9f, 0xa4, 0xa4,
    0xa4, 0xa4, 0xa4, 0xa4, 0x9f, 0xa4, 0xa4, 0xa4, 0xa0, 0xad, 0xa0, 0xa0, 0xad, 0xa0, 0xa4, 0xa0, 0xae, 0xae, 0xad, 0xad, 0xae, 0xae, 0xae, 0xae,
    0xae, 0xae, 0xae, 0xb2, 0xb2, 0xb2, 0xb2, 0xb2, 0xb2, 0xb2, 0xb2, 0xb2, 0xb2, 0xb6, 0xb6, 0xb6, 0xb6, 0xb6, 0xb6, 0xbb, 0xbb, 0xbb, 0xbd, 0xbd,
    0xbe, 0xbe, 0xbe, 0xbe, 0xbe, 0xbe, 0xc0, 0xc0, 0xc0, 0xc4, 0xc4, 0xc5, 0xc5, 0xc5, 0xc5, 0xc8, 0xc8, 0xc8, 0xc8, 0xc8, 0xcd, 0xcd, 0xcd, 0xce,
    0xce, 0xce, 0xce, 0xd2, 0xd2, 0xd2, 0xd2, 0xd4, 0xd6, 0xd6, 0xd7, 0xd7, 0xd7, 0xda, 0xda, 0xdd, 0xdd, 0xdf, 0xdf, 0xdf, 0xdf, 0xe4, 0xe4, 0xe4,
    0xe6, 0xe6, 0xe6, 0xe6, 0xea, 0xea, 0xea, 0xec, 0xef, 0xef, 0xef, 0xef, 0xef, 0xef, 0xef, 0xef, 0xef, 0xf0, 0xf0, 0xf0, 0xf0, 0xf0, 0xf0, 0xef,
    0xef, 0xef, 0xef, 0xef, 0xef, 0xef, 0xef, 0xec, 0xec, 0xec, 0xea, 0xea, 0xe9, 0xe9, 0xe9, 0xe6, 0xe5, 0xe5, 0xe5, 0xe4, 0xe4, 0xe3, 0xe1, 0xe1,
    0xe1, 0xdd, 0xdd, 0xdb, 0xdb, 0xd9, 0xd9, 0xd7, 0xd7, 0xd6, 0xd5, 0xd4, 0xd3, 0xd3, 0xd2, 0xd0, 0xcf, 0xcc, 0xcc, 0xcb, 0xcb, 0xc9, 0xc7, 0xc6,
    0xc6, 0xc3, 0xc3, 0xc2, 0xc2, 0xc1, 0xbc, 0xba, 0xba, 0xb9, 0xb9, 0xb8, 0xb8, 0xb3, 0xb3, 0xb3, 0xb0, 0xaf, 0xaf, 0xaf, 0xaf, 0xaf, 0xaf, 0xa6,
    0x5e, 0x5e, 0x5e, 0x5e, 0x5e, 0x5e, 0x64, 0x64, 0x6a, 0x59, 0x53, 0x4f, 0x48, 0x42, 0x3a, 0x39, 0x2d, 0x21, 0x1f, 0x1f, 0x1f, 0x1f, 0x19, 0x19,
    0x19, 0x19, 0x19, 0x19, 0x19, 0x17, 0x16, 0x14, 0x14, 0x14, 0x14, 0x11, 0x11, 0x11, 0x11, 0x14, 0x11, 0x11, 0x11, 0x11, 0x11, 0x0f, 0x0f, 0x0f,
    0x0f, 0x0f, 0x0f, 0x0f, 0x0f, 0x0f, 0x0a, 0x0a, 0x0a, 0x09, 0x09, 0x0e, 0x0c, 0x00, 0x22, 0xff, 0xfe, 0x5f, 0x42, 0x45, 0x42, 0x41, 0x3c, 0x3c,
    0x3c, 0x3c, 0x3b, 0x30, 0x3c, 0x16, 0x00, 0x00, 0x00, 0x00, 0x00, 0x00, 0x00, 0x00, 0x00, 0x00, 0x01, 0x00, 0x16, 0x41, 0x41, 0x42, 0x3f, 0x48,
    0x48, 0x45, 0x48, 0x48, 0x45, 0x48, 0x48, 0x37, 0x44, 0x47, 0x44, 0x44, 0x44, 0x44, 0x44, 0x44, 0x3c, 0x3c, 0x40, 0x40, 0x40, 0x27, 0x10, 0x10,
    0x15, 0x3b, 0x37, 0x37, 0x37, 0x37, 0x35, 0x2c, 0x2c, 0x2c, 0x28, 0x27, 0x2c, 0x2c, 0x2c, 0x2c, 0x2c, 0x2c, 0x28, 0x28, 0x28, 0x27, 0x27, 0x28,
    0x32, 0x33, 0x38, 0x35, 0x35, 0x3f, 0x3f, 0x3f, 0x42, 0x44, 0x44, 0x4f, 0x50, 0x50, 0x50, 0x5f, 0x4b, 0x57, 0x71, 0xaa, 0x68, 0x42, 0x32, 0x80,
    0xd8, 0x50, 0xbf, 0x57, 0x80, 0xc4, 0x3a, 0x2e, 0xff, 0xd1, 0x4e, 0x4c, 0x4c, 0x4a, 0x4e, 0x4e, 0x68, 0x16, 0x04, 0x08, 0x0b, 0x17, 0x22, 0x2d,
    0x37, 0x45, 0x4f, 0x51, 0x5d, 0x83, 0x83, 0x83, 0x83, 0x83, 0x83, 0x83, 0x83, 0x83, 0x83, 0x83, 0x83, 0x83, 0x83, 0x83, 0x83, 0x83, 0x83, 0x83,
    0x83, 0x83, 0x83, 0x83, 0x83, 0x83, 0x82, 0x82, 0x82, 0x85, 0x82, 0x82, 0x85, 0x85, 0x8b, 0x8b, 0x8b, 0x8b, 0x8b, 0x8b, 0x8b, 0x8b, 0x8b, 0x93,
    0x93, 0x93, 0x93, 0x93, 0x93, 0x93, 0x94, 0x94, 0x98, 0x98, 0x98, 0x98, 0x95, 0x95, 0x99, 0x99, 0x98, 0x98, 0x99, 0x99, 0x99, 0xa2, 0xa2, 0xa3,
    0xa3, 0xa5, 0xa3, 0xa3, 0xa3, 0xa5, 0xa5, 0xa5, 0xa5, 0xa5, 0xa5, 0xa2, 0xa4, 0xa4, 0xa5, 0xa2, 0xa4, 0xa1, 0xa2, 0xa2, 0xa4, 0x9f, 0xa4, 0xa4,
    0xa4, 0xa4, 0xa4, 0xa4, 0x9f, 0xa4, 0xa4, 0xa4, 0xa0, 0xad, 0xa0, 0xa0, 0xad, 0xa0, 0xa4, 0xa0, 0xae, 0xae, 0xad, 0xad, 0xae, 0xae, 0xae, 0xae,
    0xae, 0xae, 0xae, 0xb2, 0xb2, 0xb2, 0xb2, 0xb2, 0xb2, 0xb2, 0xb2, 0xb2, 0xb2, 0xb6, 0xb6, 0xb6, 0xb6, 0xb6, 0xb6, 0xbb, 0xbb, 0xbb, 0xbd, 0xbd,
    0xbe, 0xbe, 0xbe, 0xbe, 0xbe, 0xbe, 0xc0, 0xc0, 0xc0, 0xc4, 0xc4, 0xc5, 0xc5, 0xc5, 0xc5, 0xc8, 0xc8, 0xc8, 0xc8, 0xc8, 0xcd, 0xcd, 0xcd, 0xce,
    0xce, 0xce, 0xce, 0xd2, 0xd2, 0xd2, 0xd2, 0xd4, 0xd6, 0xd6, 0xd7, 0xd7, 0xd7, 0xda, 0xda, 0xdd, 0xdd, 0xdf, 0xdf, 0xdf, 0xdf, 0xe4, 0xe4, 0xe4,
    0xe6, 0xe6, 0xe6, 0xe6, 0xea, 0xea, 0xea, 0xec, 0xec, 0xef, 0xef, 0xef, 0xef, 0xef, 0xef, 0xef, 0xef, 0xef, 0xf0, 0xf0, 0xf0, 0xf0, 0xef, 0xef,
    0xef, 0xef, 0xef, 0xef, 0xef, 0xef, 0xef, 0xec, 0xec, 0xec, 0xea, 0xea, 0xe9, 0xe9, 0xe6, 0xe6, 0xe5, 0xe5, 0xe5, 0xe4, 0xe4, 0xe3, 0xe1, 0xe1,
    0xe1, 0xdd, 0xdd, 0xdb, 0xdb, 0xd9, 0xd9, 0xd7, 0xd6, 0xd5, 0xd4, 0xd4, 0xd3, 0xd2, 0xd2, 0xd0, 0xcf, 0xcc, 0xcc, 0xcb, 0xc9, 0xc9, 0xc7, 0xc6,
    0xc6, 0xc3, 0xc2, 0xc2, 0xc2, 0xbc, 0xbc, 0xba, 0xba, 0xb9, 0xb9, 0xb8, 0xb8, 0xb3, 0xb3, 0xb3, 0xb0, 0xaf, 0xaf, 0xaf, 0xaf, 0xaf, 0xa6, 0xa6,
    0x5b, 0x5e, 0x5e, 0x5e, 0x5e, 0x5e, 0x5e, 0x64, 0x6a, 0x59, 0x53, 0x4f, 0x48, 0x42, 0x3a, 0x2e, 0x29, 0x1f, 0x1f, 0x1f, 0x1f, 0x19, 0x19, 0x19,
    0x19, 0x19, 0x19, 0x19, 0x17, 0x16, 0x14, 0x14, 0x14, 0x14, 0x11, 0x11, 0x11, 0x11, 0x11, 0x11, 0x11, 0x11, 0x11, 0x11, 0x0f, 0x11, 0x11, 0x0f,
    0x0f, 0x0f, 0x0f, 0x0a, 0x0f, 0x0f, 0x0a, 0x0a, 0x0a, 0x09, 0x09, 0x08, 0x0f, 0x00, 0x29, 0xff, 0xd2, 0x4a, 0x42, 0x45, 0x42, 0x40, 0x3c, 0x3c,
    0x3c, 0x3c, 0x3b, 0x30, 0x30, 0x0a, 0x00, 0x00, 0x00, 0x00, 0x00, 0x00, 0x00, 0x00, 0x00, 0x01, 0x01, 0x00, 0x11, 0x3c, 0x3c, 0x41, 0x41, 0x48,
    0x4b, 0x46, 0x48, 0x48, 0x46, 0x48, 0x48, 0x40, 0x48, 0x48, 0x44, 0x44, 0x44, 0x44, 0x44, 0x44, 0x3c, 0x3b, 0x40, 0x3f, 0x40, 0x27, 0x0f, 0x12,
    0x0b, 0x35, 0x35, 0x37, 0x3b, 0x37, 0x35, 0x2c, 0x2c, 0x2c, 0x28, 0x27, 0x2c, 0x2c, 0x2c, 0x2c, 0x2c, 0x2c, 0x28, 0x27, 0x27, 0x27, 0x24, 0x24,
    0x2e, 0x33, 0x35, 0x35, 0x38, 0x3f, 0x3f, 0x3f, 0x3f, 0x46, 0x4a, 0x4b, 0x50, 0x50, 0x50, 0x5f, 0x50, 0x50, 0x6c, 0x7f, 0x5c, 0x49, 0x3e, 0x63,
    0xfb, 0x72, 0x4e, 0xb5, 0x5f, 0xbf, 0x41, 0x22, 0xff, 0xe3, 0x55, 0x4c, 0x4c, 0x49, 0x4e, 0xb7, 0x50, 0x0a, 0x04, 0x09, 0x0f, 0x17, 0x22, 0x2d,
    0x37, 0x45, 0x4f, 0x51, 0x5d, 0x83, 0x83, 0x83, 0x83, 0x83, 0x83, 0x83, 0x83, 0x83, 0x83, 0x83, 0x83, 0x83, 0x83, 0x83, 0x83, 0x83, 0x83, 0x83,
    0x79, 0x83, 0x83, 0x83, 0x81, 0x83, 0x82, 0x82, 0x82, 0x85, 0x82, 0x82, 0x85, 0x85, 0x8b, 0x8b, 0x8b, 0x8b, 0x8b, 0x8b, 0x8b, 0x8b, 0x8b, 0x93,
    0x93, 0x93, 0x93, 0x93, 0x93, 0x93, 0x94, 0x94, 0x98, 0x98, 0x98, 0x98, 0x99, 0x95, 0x99, 0x99, 0x98, 0x98, 0x99, 0x99, 0x99, 0xa3, 0xa2, 0xa7,
    0xa3, 0xa5, 0xa3, 0xa3, 0xa3, 0xa5, 0xa5, 0xa5, 0xa5, 0xa5, 0xa5, 0xa3, 0xa4, 0xa4, 0xa5, 0xa5, 0xa4, 0xa1, 0xa2, 0xa2, 0xa4, 0x9f, 0xa4, 0xa4,
    0xa4, 0xa4, 0xa4, 0xa4, 0xa0, 0xa4, 0xa4, 0xa4, 0xa0, 0xad, 0xa0, 0xa0, 0xad, 0xa0, 0xa4, 0xa0, 0xae, 0xae, 0xad, 0xad, 0xae, 0xae, 0xae, 0xae,
    0xae, 0xae, 0xae, 0xb2, 0xb2, 0xb2, 0xb2, 0xb2, 0xb2, 0xb2, 0xb2, 0xb2, 0xb2, 0xb6, 0xb6, 0xb6, 0xb6, 0xb6, 0xb6, 0xbb, 0xbb, 0xbb, 0xbd, 0xbd,
    0xbe, 0xbe, 0xbe, 0xbe, 0xbe, 0xbe, 0xc0, 0xc0, 0xc0, 0xc0, 0xc4, 0xc5, 0xc5, 0xc5, 0xc5, 0xc8, 0xc8, 0xc8, 0xc8, 0xc8, 0xcd, 0xcd, 0xcd, 0xcd,
    0xce, 0xce, 0xce, 0xd2, 0xd2, 0xd2, 0xd2, 0xd4, 0xd6, 0xd6, 0xd7, 0xd7, 0xd7, 0xda, 0xda, 0xdd, 0xdd, 0xdf, 0xdf, 0xdf, 0xdf, 0xe4, 0xe4, 0xe4,
    0xe4, 0xe6, 0xe6, 0xe6, 0xea, 0xea, 0xea, 0xec, 0xec, 0xec, 0xef, 0xef, 0xef, 0xef, 0xef, 0xef, 0xef, 0xef, 0xef, 0xef, 0xef, 0xef, 0xef, 0xef,
    0xef, 0xef, 0xef, 0xef, 0xef, 0xef, 0xec, 0xec, 0xec, 0xea, 0xea, 0xe9, 0xe9, 0xe9, 0xe6, 0xe5, 0xe5, 0xe5, 0xe5, 0xe4, 0xe4, 0xe3, 0xe1, 0xe1,
    0xe1, 0xdd, 0xdd, 0xdb, 0xdb, 0xd9, 0xd9, 0xd7, 0xd6, 0xd5, 0xd4, 0xd4, 0xd3, 0xd2, 0xd2, 0xcf, 0xcf, 0xcc, 0xcc, 0xcb, 0xc9, 0xc9, 0xc7, 0xc6,
    0xc6, 0xc3, 0xc2, 0xc2, 0xc2, 0xbc, 0xbc, 0xba, 0xb9, 0xb9, 0xb9, 0xb8, 0xb8, 0xb3, 0xb3, 0xb3, 0xb0, 0xaf, 0xaf, 0xaf, 0xaf, 0xaf, 0xa6, 0xa6,
    0x5b, 0x5b, 0x5e, 0x5e, 0x5e, 0x5e, 0x5e, 0x5e, 0x64, 0x59, 0x53, 0x4f, 0x48, 0x42, 0x3a, 0x2e, 0x29, 0x1f, 0x1f, 0x1f, 0x1f, 0x19, 0x19, 0x19,
    0x19, 0x19, 0x19, 0x17, 0x16, 0x16, 0x14, 0x14, 0x11, 0x11, 0x11, 0x11, 0x11, 0x11, 0x11, 0x11, 0x11, 0x11, 0x11, 0x11, 0x11, 0x11, 0x12, 0x0f,
    0x0a, 0x0a, 0x0a, 0x0a, 0x0f, 0x0f, 0x0a, 0x0a, 0x0a, 0x09, 0x09, 0x09, 0x09, 0x00, 0x22, 0xff, 0xfd, 0x53, 0x42, 0x45, 0x41, 0x41, 0x3c, 0x3c,
    0x3c, 0x3b, 0x30, 0x3b, 0x28, 0x03, 0x00, 0x01, 0x00, 0x00, 0x00, 0x00, 0x00, 0x00, 0x00, 0x01, 0x01, 0x00, 0x0a, 0x3c, 0x3c, 0x3f, 0x42, 0x48,
    0x48, 0x48, 0x48, 0x48, 0x48, 0x48, 0x48, 0x44, 0x48, 0x48, 0x40, 0x44, 0x44, 0x44, 0x44, 0x44, 0x44, 0x40, 0x40, 0x40, 0x42, 0x2c, 0x0f, 0x10,
    0x0f, 0x3b, 0x37, 0x35, 0x35, 0x37, 0x35, 0x35, 0x2c, 0x28, 0x2c, 0x27, 0x28, 0x2c, 0x2c, 0x2c, 0x2c, 0x28, 0x28, 0x27, 0x27, 0x24, 0x24, 0x24,
    0x28, 0x2c, 0x35, 0x38, 0x38, 0x3f, 0x42, 0x3f, 0x3f, 0x46, 0x48, 0x4b, 0x50, 0x50, 0x50, 0x56, 0x59, 0x56, 0x68, 0x80, 0x5f, 0x4a, 0x4e, 0x63,
    0xc9, 0x72, 0x55, 0xbf, 0x5f, 0xb7, 0x4b, 0x22, 0xff, 0xfd, 0x5f, 0x4c, 0x4c, 0x4c, 0x49, 0x5f, 0x4f, 0x05, 0x06, 0x08, 0x0a, 0x17, 0x22, 0x2d,
    0x37, 0x45, 0x4f, 0x51, 0x5d, 0x83, 0x83, 0x83, 0x83, 0x83, 0x83, 0x83, 0x83, 0x83, 0x83, 0x83, 0x83, 0x83, 0x83, 0x83, 0x79, 0x79, 0x79, 0x83,
    0x79, 0x83, 0x83, 0x83, 0x81, 0x81, 0x82, 0x82, 0x82, 0x85, 0x82, 0x82, 0x85, 0x85, 0x8b, 0x8b, 0x8b, 0x8c, 0x8b, 0x8b, 0x8b, 0x8b, 0x8b, 0x93,
    0x93, 0x93, 0x93, 0x93, 0x93, 0x93, 0x94, 0x94, 0x98, 0x98, 0x98, 0x98, 0x99, 0x95, 0x99, 0x99, 0x99, 0x98, 0x99, 0x99, 0x99, 0xa3, 0xa2, 0xa7,
    0xa3, 0xa5, 0xa3, 0xa3, 0xa3, 0xa5, 0xa5, 0xa5, 0xa5, 0xa5, 0xa5, 0xa5, 0xa4, 0xa4, 0xa5, 0xa5, 0xa4, 0xa4, 0xa2, 0xa2, 0xa4, 0x9f, 0xa4, 0xa4,
    0xa4, 0xa4, 0xa4, 0xa4, 0xa4, 0xa4, 0xa4, 0xa4, 0xa0, 0xad, 0xa0, 0xa0, 0xad, 0xa0, 0xa4, 0xa0, 0xae, 0xae, 0xad, 0xad, 0xae, 0xae, 0xae, 0xae,
    0xae, 0xae, 0xae, 0xb2, 0xb2, 0xb2, 0xb2, 0xb2, 0xb2, 0xb2, 0xb2, 0xb2, 0xb2, 0xb6, 0xb6, 0xb6, 0xb6, 0xb6, 0xb6, 0xbb, 0xbb, 0xbb, 0xbd, 0xbd,
    0xbe, 0xbe, 0xbe, 0xbe, 0xbe, 0xbe, 0xc0, 0xc0, 0xc0, 0xc0, 0xc4, 0xc5, 0xc5, 0xc5, 0xc5, 0xc8, 0xc8, 0xc8, 0xc8, 0xc8, 0xcd, 0xcd, 0xcd, 0xcd,
    0xce, 0xce, 0xce, 0xd2, 0xd2, 0xd2, 0xd2, 0xd3, 0xd6, 0xd6, 0xd7, 0xd7, 0xd7, 0xda, 0xda, 0xdd, 0xdd, 0xdf, 0xdf, 0xdf, 0xdf, 0xdf, 0xe4, 0xe4,
    0xe4, 0xe6, 0xe6, 0xe6, 0xe6, 0xea, 0xea, 0xec, 0xec, 0xec, 0xef, 0xef, 0xef, 0xef, 0xef, 0xef, 0xef, 0xef, 0xef, 0xef, 0xef, 0xef, 0xef, 0xef,
    0xef, 0xef, 0xef, 0xef, 0xef, 0xec, 0xec, 0xec, 0xec, 0xea, 0xea, 0xe9, 0xe9, 0xe9, 0xe6, 0xe5, 0xe5, 0xe5, 0xe4, 0xe4, 0xe4, 0xe2, 0xe1, 0xe1,
    0xe1, 0xdd, 0xdd, 0xdb, 0xd9, 0xd9, 0xd9, 0xd7, 0xd6, 0xd5, 0xd4, 0xd4, 0xd3, 0xd2, 0xd2, 0xcf, 0xcf, 0xcc, 0xcc, 0xcb, 0xc9, 0xc9, 0xc7, 0xc6,
    0xc6, 0xc3, 0xc2, 0xc2, 0xc2, 0xbc, 0xbc, 0xba, 0xb9, 0xb9, 0xb9, 0xb8, 0xb8, 0xb3, 0xb0, 0xb3, 0xaf, 0xaf, 0xaf, 0xaf, 0xaf, 0xaf, 0xa6, 0xa6,
    0x5b, 0x5b, 0x5b, 0x5e, 0x5e, 0x5e, 0x5e, 0x5e, 0x64, 0x59, 0x53, 0x4f, 0x48, 0x42, 0x3a, 0x2e, 0x29, 0x1f, 0x1f, 0x19, 0x19, 0x19, 0x19, 0x19,
    0x19, 0x19, 0x17, 0x16, 0x16, 0x16, 0x14, 0x11, 0x14, 0x11, 0x11, 0x11, 0x11, 0x11, 0x11, 0x11, 0x11, 0x11, 0x11, 0x0f, 0x11, 0x11, 0x12, 0x0f,
    0x0f, 0x0f, 0x0a, 0x0a, 0x09, 0x09, 0x0a, 0x0a, 0x0a, 0x09, 0x09, 0x09, 0x09, 0x00, 0x37, 0xff, 0xfb, 0xaa, 0x48, 0x45, 0x41, 0x3c, 0x3c, 0x3c,
    0x3c, 0x3b, 0x30, 0x3c, 0x22, 0x00, 0x03, 0x00, 0x00, 0x00, 0x00, 0x00, 0x00, 0x00, 0x01, 0x01, 0x01, 0x00, 0x05, 0x37, 0x37, 0x41, 0x42, 0x46,
    0x4b, 0x48, 0x45, 0x48, 0x48, 0x45, 0x48, 0x44, 0x44, 0x48, 0x44, 0x44, 0x48, 0x44, 0x44, 0x44, 0x44, 0x40, 0x40, 0x40, 0x40, 0x3c, 0x28, 0x10,
    0x2c, 0x3b, 0x37, 0x35, 0x35, 0x35, 0x35, 0x35, 0x2c, 0x2c, 0x28, 0x28, 0x2c, 0x2c, 0x2c, 0x2c, 0x2c, 0x28, 0x28, 0x27, 0x24, 0x24, 0x24, 0x24,
    0x31, 0x32, 0x35, 0x35, 0x35, 0x3f, 0x3f, 0x42, 0x3f, 0x46, 0x48, 0x4b, 0x50, 0x50, 0x50, 0x56, 0x59, 0x57, 0x5f, 0x7f, 0x63, 0x3d, 0x50, 0x5f,
    0xd8, 0xb7, 0x63, 0x63, 0x72, 0x68, 0x50, 0x16, 0xfd, 0xff, 0x5f, 0x4c, 0x4c, 0x4c, 0x55, 0x55, 0x4b, 0x0a, 0x04, 0x09, 0x06, 0x17, 0x22, 0x2d,
    0x37, 0x45, 0x4f, 0x51, 0x5d, 0x83, 0x83, 0x83, 0x83, 0x83, 0x83, 0x83, 0x83, 0x83, 0x83, 0x83, 0x83, 0x83, 0x83, 0x83, 0x79, 0x79, 0x79, 0x79,
    0x79, 0x83, 0x83, 0x83, 0x81, 0x81, 0x82, 0x82, 0x82, 0x85, 0x82, 0x82, 0x85, 0x85, 0x8b, 0x8b, 0x8b, 0x8b, 0x8c, 0x8b, 0x8b, 0x93, 0x8b, 0x93,
    0x93, 0x93, 0x93, 0x93, 0x93, 0x93, 0x94, 0x94, 0x98, 0x98, 0x98, 0x98, 0x99, 0x99, 0x99, 0x99, 0x99, 0x99, 0x99, 0x99, 0x99, 0xa3, 0xa3, 0xa7,
    0xa3, 0xa5, 0xa3, 0xa3, 0xa3, 0xa5, 0xa5, 0xa5, 0xa5, 0xa5, 0xa5, 0xa5, 0xa4, 0xa4, 0xa5, 0xa5, 0xa4, 0xa4, 0xa2, 0xa2, 0xa4, 0x9f, 0xa4, 0xa4,
    0xa4, 0xa4, 0xa4, 0xa4, 0xa4, 0xa4, 0xa4, 0xa4, 0xa0, 0xad, 0xa0, 0xa0, 0xad, 0xa0, 0xa4, 0xa0, 0xae, 0xae, 0xad, 0xad, 0xae, 0xae, 0xae, 0xae,
    0xae, 0xae, 0xae, 0xb2, 0xb2, 0xb2, 0xb2, 0xb2, 0xb2, 0xb2, 0xb2, 0xb2, 0xb2, 0xb6, 0xb6, 0xb6, 0xb6, 0xb6, 0xb6, 0xbb, 0xbb, 0xbb, 0xbd, 0xbd,
    0xbe, 0xbe, 0xbe, 0xbe, 0xbe, 0xbe, 0xc0, 0xc0, 0xc0, 0xc0, 0xc4, 0xc5, 0xc5, 0xc5, 0xc5, 0xc8, 0xc8, 0xc8, 0xc8, 0xc8, 0xcd, 0xcd, 0xcd, 0xcd,
    0xce, 0xce, 0xce, 0xd2, 0xd2, 0xd2, 0xd2, 0xd3, 0xd6, 0xd6, 0xd7, 0xd7, 0xd7, 0xda, 0xda, 0xdd, 0xdd, 0xdf, 0xdf, 0xdf, 0xdf, 0xdf, 0xe4, 0xe4,
    0xe4, 0xe6, 0xe6, 0xe6, 0xe6, 0xea, 0xea, 0xea, 0xec, 0xec, 0xec, 0xec, 0xef, 0xef, 0xef, 0xef, 0xef, 0xef, 0xef, 0xef, 0xef, 0xef, 0xef, 0xef,
    0xef, 0xef, 0xef, 0xef, 0xef, 0xec, 0xec, 0xec, 0xec, 0xea, 0xea, 0xe9, 0xe9, 0xe9, 0xe6, 0xe5, 0xe5, 0xe5, 0xe4, 0xe4, 0xe4, 0xe2, 0xe1, 0xe1,
    0xdd, 0xdd, 0xdb, 0xdb, 0xd9, 0xd9, 0xd9, 0xd7, 0xd6, 0xd5, 0xd4, 0xd4, 0xd3, 0xd2, 0xd0, 0xcf, 0xcf, 0xcc, 0xcc, 0xcb, 0xc9, 0xc9, 0xc7, 0xc6,
    0xc6, 0xc3, 0xc2, 0xc2, 0xc2, 0xbc, 0xbc, 0xba, 0xb9, 0xb9, 0xb9, 0xb8, 0xb3, 0xb3, 0xb0, 0xb0, 0xaf, 0xaf, 0xaf, 0xaf, 0xaf, 0xa6, 0xa6, 0xa6,
    0x5b, 0x5b, 0x5b, 0x5e, 0x5e, 0x5e, 0x5e, 0x5e, 0x5e, 0x59, 0x53, 0x4f, 0x48, 0x42, 0x3a, 0x2e, 0x29, 0x1f, 0x1f, 0x19, 0x19, 0x19, 0x19, 0x19,
    0x19, 0x17, 0x16, 0x16, 0x16, 0x14, 0x14, 0x11, 0x14, 0x11, 0x11, 0x11, 0x11, 0x11, 0x11, 0x11, 0x0f, 0x11, 0x11, 0x11, 0x11, 0x11, 0x12, 0x0f,
    0x0f, 0x0f, 0x0a, 0x0a, 0x09, 0x09, 0x0a, 0x0a, 0x0a, 0x09, 0x09, 0x09, 0x0f, 0x00, 0x22, 0xff, 0xfd, 0x50, 0x46, 0x44, 0x41, 0x3c, 0x3c, 0x3c,
    0x3c, 0x30, 0x30, 0x30, 0x16, 0x00, 0x01, 0x00, 0x00, 0x00, 0x00, 0x00, 0x00, 0x00, 0x01, 0x01, 0x01, 0x00, 0x05, 0x37, 0x37, 0x42, 0x42, 0x46,
    0x48, 0x48, 0x48, 0x48, 0x48, 0x44, 0x48, 0x48, 0x44, 0x48, 0x45, 0x44, 0x44, 0x44, 0x44, 0x44, 0x44, 0x40, 0x40, 0x40, 0x40, 0x3b, 0x40, 0x3b,
    0x3b, 0x3b, 0x37, 0x35, 0x35, 0x35, 0x35, 0x35, 0x2c, 0x35, 0x2c, 0x2c, 0x2c, 0x2c, 0x2c, 0x2c, 0x2c, 0x28, 0x28, 0x27, 0x24, 0x24, 0x24, 0x27,
    0x2e, 0x2e, 0x35, 0x35, 0x35, 0x38, 0x3f, 0x42, 0x42, 0x46, 0x48, 0x4b, 0x4f, 0x50, 0x50, 0x55, 0x59, 0x57, 0x5f, 0x90, 0x5f, 0x3f, 0x4e, 0x55,
    0x7c, 0xeb, 0x63, 0x55, 0xb7, 0x5f, 0x59, 0x05, 0x8c, 0xff, 0x72, 0x4c, 0x4c, 0x4e, 0x4c, 0x7c, 0x50, 0x05, 0x06, 0x08, 0x09, 0x19, 0x22, 0x2d,
    0x37, 0x45, 0x4f, 0x51, 0x5d, 0x83, 0x83, 0x83, 0x83, 0x83, 0x83, 0x83, 0x83, 0x83, 0x79, 0x83, 0x79, 0x83, 0x79, 0x79, 0x79, 0x79, 0x79, 0x79,
    0x79, 0x81, 0x79, 0x81, 0x81, 0x81, 0x82, 0x82, 0x82, 0x85, 0x82, 0x82, 0x85, 0x85, 0x8b, 0x8b, 0x8b, 0x8b, 0x8c, 0x8b, 0x8b, 0x93, 0x93, 0x93,
    0x93, 0x93, 0x93, 0x93, 0x93, 0x93, 0x94, 0x94, 0x98, 0x98, 0x98, 0x98, 0x99, 0x99, 0x99, 0x99, 0x99, 0x99, 0x99, 0x99, 0x99, 0xa7, 0xa3, 0xa7,
    0xa3, 0xa5, 0xa3, 0xa3, 0xa3, 0xa5, 0xa5, 0xa5, 0xa5, 0xa5, 0xa5, 0xa5, 0xa4, 0xa4, 0xa5, 0xa5, 0xa4, 0xa4, 0xa2, 0xa2, 0xa4, 0xa4, 0xa4, 0xa4,
    0xa4, 0xa4, 0xa4, 0xa4, 0xa4, 0xa4, 0xa4, 0xa4, 0xa0, 0xad, 0xa0, 0xa0, 0xad, 0xa0, 0xa4, 0xa0, 0xae, 0xae, 0xad, 0xad, 0xae, 0xae, 0xae, 0xae,
    0xae, 0xae, 0xae, 0xb2, 0xb2, 0xb2, 0xb2, 0xb2, 0xb2, 0xb2, 0xb2, 0xb2, 0xb2, 0xb6, 0xb6, 0xb6, 0xb6, 0xb6, 0xb6, 0xbb, 0xbb, 0xbb, 0xbd, 0xbd,
    0xbe, 0xbe, 0xbe, 0xbe, 0xbe, 0xbe, 0xc0, 0xc0, 0xc0, 0xc0, 0xc4, 0xc5, 0xc5, 0xc5, 0xc5, 0xc8, 0xc8, 0xc8, 0xc8, 0xc8, 0xcd, 0xcd, 0xcd, 0xcd,
    0xce, 0xce, 0xce, 0xd2, 0xd2, 0xd2, 0xd2, 0xd3, 0xd6, 0xd6, 0xd7, 0xd7, 0xd7, 0xd7, 0xda, 0xda, 0xdd, 0xdd, 0xdf, 0xdf, 0xdf, 0xdf, 0xe4, 0xe4,
    0xe4, 0xe6, 0xe6, 0xe6, 0xe6, 0xea, 0xea, 0xea, 0xec, 0xec, 0xec, 0xec, 0xec, 0xef, 0xef, 0xef, 0xef, 0xef, 0xef, 0xef, 0xef, 0xef, 0xef, 0xef,
    0xef, 0xef, 0xec, 0xec, 0xec, 0xec, 0xec, 0xec, 0xea, 0xea, 0xe9, 0xe9, 0xe9, 0xe9, 0xe6, 0xe5, 0xe5, 0xe4, 0xe4, 0xe4, 0xe4, 0xe1, 0xe1, 0xe1,
    0xdd, 0xdd, 0xdb, 0xdb, 0xd9, 0xd9, 0xd7, 0xd7, 0xd6, 0xd5, 0xd5, 0xd4, 0xd3, 0xd2, 0xd0, 0xcf, 0xcf, 0xcc, 0xcc, 0xcb, 0xc9, 0xc9, 0xc7, 0xc6,
    0xc6, 0xc3, 0xc2, 0xc2, 0xc2, 0xbc, 0xbc, 0xba, 0xb9, 0xb9, 0xb9, 0xb8, 0xb3, 0xb3, 0xb3, 0xb0, 0xaf, 0xaf, 0xaf, 0xaf, 0xaf, 0xa6, 0xa6, 0xa6,
    0x5b, 0x5b, 0x5b, 0x5b, 0x5e, 0x5e, 0x5e, 0x5e, 0x5e, 0x57, 0x52, 0x4f, 0x48, 0x42, 0x3a, 0x2f, 0x29, 0x19, 0x19, 0x19, 0x19, 0x19, 0x19, 0x19,
    0x17, 0x16, 0x16, 0x16, 0x16, 0x14, 0x14, 0x14, 0x14, 0x11, 0x11, 0x11, 0x11, 0x11, 0x11, 0x11, 0x11, 0x11, 0x11, 0x11, 0x11, 0x11, 0x12, 0x0f,
    0x0f, 0x0f, 0x0a, 0x0a, 0x0a, 0x0a, 0x0a, 0x0a, 0x0a, 0x09, 0x09, 0x09, 0x0f, 0x00, 0x22, 0xff, 0xfd, 0x57, 0x44, 0x44, 0x41, 0x3c, 0x3c, 0x3c,
    0x3c, 0x30, 0x3b, 0x28, 0x02, 0x00, 0x00, 0x00, 0x00, 0x00, 0x00, 0x00, 0x00, 0x00, 0x00, 0x01, 0x01, 0x00, 0x01, 0x37, 0x37, 0x41, 0x42, 0x42,
    0x42, 0x48, 0x48, 0x48, 0x48, 0x48, 0x48, 0x48, 0x45, 0x48, 0x44, 0x44, 0x44, 0x44, 0x44, 0x44, 0x44, 0x3c, 0x3c, 0x40, 0x3c, 0x3b, 0x3b, 0x3b,
    0x3b, 0x3b, 0x3b, 0x37, 0x37, 0x35, 0x35, 0x35, 0x2c, 0x2c, 0x35, 0x2c, 0x2c, 0x2c, 0x2c, 0x2c, 0x2c, 0x28, 0x28, 0x27, 0x24, 0x24, 0x27, 0x27,
    0x2e, 0x2e, 0x35, 0x35, 0x35, 0x35, 0x3f, 0x40, 0x40, 0x46, 0x4a, 0x4a, 0x4b, 0x50, 0x50, 0x50, 0x59, 0x57, 0x5f, 0x7f, 0x56, 0x46, 0x4a, 0x72,
    0x57, 0xd8, 0x63, 0x5f, 0xbf, 0x72, 0x5b, 0x00, 0x4f, 0xff, 0xb7, 0x4e, 0x4c, 0x4e, 0x4e, 0x49, 0xe5, 0x17, 0x03, 0x09, 0x08, 0x16, 0x22, 0x2d,
    0x37, 0x45, 0x47, 0x51, 0x5d, 0x83, 0x83, 0x83, 0x83, 0x83, 0x83, 0x83, 0x79, 0x79, 0x79, 0x79, 0x79, 0x83, 0x79, 0x79, 0x79, 0x79, 0x79, 0x79,
    0x79, 0x79, 0x79, 0x81, 0x81, 0x81, 0x82, 0x82, 0x82, 0x85, 0x82, 0x82, 0x85, 0x85, 0x8b, 0x8b, 0x8b, 0x8b, 0x8c, 0x8b, 0x8b, 0x93, 0x93, 0x93,
    0x93, 0x93, 0x93, 0x93, 0x93, 0x93, 0x94, 0x94, 0x98, 0x98, 0x98, 0x98, 0x99, 0x99, 0x99, 0x99, 0x99, 0x99, 0xa3, 0x99, 0x99, 0xa7, 0xa3, 0xa7,
    0xa7, 0xa5, 0xa3, 0xa3, 0xa3, 0xa7, 0xa5, 0xa5, 0xa5, 0xa5, 0xa5, 0xa5, 0xa4, 0xa4, 0xa5, 0xa5, 0xa4, 0xa4, 0xa2, 0xa2, 0xa4, 0xa4, 0xa4, 0xa4,
    0xa4, 0xa4, 0xa4, 0xa4, 0xa4, 0xa4, 0xa4, 0xa4, 0xa0, 0xad, 0xa0, 0xa0, 0xad, 0xa0, 0xa0, 0xa0, 0xae, 0xae, 0xad, 0xad, 0xae, 0xae, 0xae, 0xae,
    0xae, 0xae, 0xae, 0xb2, 0xb2, 0xb2, 0xb2, 0xb2, 0xb2, 0xb2, 0xb2, 0xb2, 0xb2, 0xb6, 0xb6, 0xb6, 0xb6, 0xb6, 0xb6, 0xbb, 0xbb, 0xbb, 0xbd, 0xbd,
    0xbe, 0xbe, 0xbe, 0xbe, 0xbe, 0xbe, 0xc0, 0xc0, 0xc0, 0xc0, 0xc4, 0xc5, 0xc5, 0xc5, 0xc5, 0xc8, 0xc8, 0xc8, 0xc8, 0xc8, 0xcd, 0xcd, 0xcd, 0xcd,
    0xce, 0xce, 0xce, 0xd2, 0xd2, 0xd2, 0xd2, 0xd3, 0xd6, 0xd6, 0xd7, 0xd7, 0xd7, 0xd7, 0xda, 0xda, 0xdd, 0xdd, 0xdf, 0xdf, 0xdf, 0xdf, 0xe4, 0xe4,
    0xe4, 0xe4, 0xe6, 0xe6, 0xe6, 0xe6, 0xea, 0xea, 0xea, 0xec, 0xec, 0xec, 0xec, 0xec, 0xef, 0xef, 0xef, 0xef, 0xef, 0xef, 0xef, 0xef, 0xef, 0xef,
    0xef, 0xef, 0xec, 0xec, 0xec, 0xec, 0xec, 0xec, 0xea, 0xea, 0xe9, 0xe9, 0xe9, 0xe6, 0xe5, 0xe5, 0xe5, 0xe4, 0xe4, 0xe4, 0xe4, 0xe1, 0xe1, 0xe1,
    0xdd, 0xdd, 0xdb, 0xdb, 0xd9, 0xd9, 0xd7, 0xd7, 0xd6, 0xd5, 0xd4, 0xd4, 0xd3, 0xd2, 0xd0, 0xcf, 0xcf, 0xcc, 0xcc, 0xcb, 0xc9, 0xc7, 0xc7, 0xc6,
    0xc6, 0xc3, 0xc2, 0xc2, 0xc2, 0xbc, 0xba, 0xba, 0xb9, 0xb9, 0xb8, 0xb8, 0xb3, 0xb3, 0xb3, 0xb0, 0xaf, 0xaf, 0xaf, 0xaf, 0xaf, 0xa6, 0xa6, 0xa6,
    0x5b, 0x5b, 0x5b, 0x5b, 0x5b, 0x5e, 0x5e, 0x5e, 0x5e, 0x57, 0x52, 0x4f, 0x48, 0x42, 0x3a, 0x2f, 0x22, 0x19, 0x19, 0x19, 0x19, 0x19, 0x19, 0x17,
    0x16, 0x16, 0x16, 0x16, 0x16, 0x14, 0x14, 0x11, 0x14, 0x11, 0x11, 0x11, 0x11, 0x11, 0x11, 0x11, 0x11, 0x11, 0x11, 0x11, 0x11, 0x11, 0x12, 0x0f,
    0x0f, 0x0f, 0x0a, 0x0a, 0x0a, 0x0a, 0x0a, 0x0a, 0x0a, 0x09, 0x09, 0x09, 0x0f, 0x00, 0x30, 0xff, 0xfd, 0xc2, 0x48, 0x44, 0x41, 0x3c, 0x3c, 0x3c,
    0x3c, 0x30, 0x3c, 0x22, 0x00, 0x01, 0x00, 0x00, 0x00, 0x00, 0x00, 0x00, 0x00, 0x00, 0x00, 0x01, 0x01, 0x00, 0x00, 0x2e, 0x3a, 0x3c, 0x42, 0x42,
    0x2e, 0x3c, 0x48, 0x48, 0x48, 0x48, 0x48, 0x48, 0x44, 0x44, 0x44, 0x40, 0x44, 0x48, 0x44, 0x44, 0x44, 0x40, 0x40, 0x44, 0x3b, 0x3c, 0x40, 0x3b,
    0x3b, 0x3b, 0x37, 0x37, 0x37, 0x35, 0x35, 0x35, 0x35, 0x35, 0x35, 0x2c, 0x2c, 0x2c, 0x2c, 0x2c, 0x28, 0x28, 0x28, 0x27, 0x27, 0x27, 0x27, 0x27,
    0x2e, 0x33, 0x2e, 0x35, 0x38, 0x35, 0x3f, 0x40, 0x40, 0x46, 0x4a, 0x4a, 0x4b, 0x50, 0x50, 0x50, 0x57, 0x5c, 0x5f, 0x7f, 0x56, 0x4a, 0x38, 0x68,
    0xd1, 0xbf, 0x72, 0x72, 0x80, 0xb1, 0x73, 0x00, 0x3c, 0xff, 0xd5, 0x4e, 0x4c, 0x4e, 0x7c, 0x4e, 0x3a, 0x0a, 0x03, 0x09, 0x08, 0x17, 0x22, 0x2d,
    0x37, 0x41, 0x47, 0x51, 0x5d, 0x83, 0x83, 0x79, 0x83, 0x83, 0x79, 0x79, 0x79, 0x79, 0x79, 0x79, 0x79, 0x79, 0x79, 0x79, 0x79, 0x79, 0x79, 0x79,
    0x79, 0x79, 0x81, 0x81, 0x81, 0x81, 0x82, 0x82, 0x85, 0x85, 0x82, 0x82, 0x85, 0x85, 0x8b, 0x8b, 0x8b, 0x8b, 0x8c, 0x8b, 0x8b, 0x93, 0x93, 0x93,
    0x93, 0x93, 0x93, 0x93, 0x93, 0x94, 0x94, 0x94, 0x98, 0x98, 0x98, 0x98, 0x99, 0x99, 0x99, 0x99, 0x99, 0x99, 0xa3, 0xa7, 0x99, 0xa7, 0xa3, 0xa7,
    0xa7, 0xa5, 0xa5, 0xa3, 0xa3, 0xa7, 0xa5, 0xa5, 0xa5, 0xa5, 0xa5, 0xa5, 0xa4, 0xa4, 0xa5, 0xa5, 0xa4, 0xa4, 0xa2, 0xa2, 0xa4, 0xa4, 0xa4, 0xa4,
    0xa4, 0xa4, 0xa4, 0xa4, 0xa4, 0xa4, 0xa4, 0xa4, 0xa0, 0xad, 0xa0, 0xa0, 0xad, 0xa0, 0xa0, 0xa0, 0xae, 0xae, 0xae, 0xad, 0xae, 0xae, 0xae, 0xae,
    0xae, 0xae, 0xae, 0xb2, 0xb2, 0xb2, 0xb2, 0xb2, 0xb2, 0xb2, 0xb2, 0xb2, 0xb2, 0xb6, 0xb6, 0xb6, 0xb6, 0xb6, 0xb6, 0xbb, 0xbb, 0xbb, 0xbd, 0xbd,
    0xbe, 0xbe, 0xbe, 0xbe, 0xbe, 0xbe, 0xc0, 0xc0, 0xc0, 0xc0, 0xc4, 0xc4, 0xc5, 0xc5, 0xc5, 0xc8, 0xc8, 0xc8, 0xc8, 0xc8, 0xcd, 0xcd, 0xcd, 0xcd,
    0xce, 0xce, 0xce, 0xd2, 0xd2, 0xd2, 0xd2, 0xd3, 0xd6, 0xd6, 0xd7, 0xd7, 0xd7, 0xd7, 0xda, 0xda, 0xdd, 0xdd, 0xdf, 0xdf, 0xdf, 0xdf, 0xe4, 0xe4,
    0xe4, 0xe4, 0xe6, 0xe6, 0xe6, 0xe6, 0xea, 0xea, 0xea, 0xec, 0xec, 0xec, 0xec, 0xec, 0xec, 0xef, 0xef, 0xef, 0xef, 0xef, 0xef, 0xef, 0xef, 0xef,
    0xec, 0xec, 0xec, 0xec, 0xec, 0xec, 0xec, 0xea, 0xea, 0xe9, 0xe9, 0xe9, 0xe9, 0xe6, 0xe5, 0xe5, 0xe5, 0xe4, 0xe4, 0xe4, 0xe4, 0xe1, 0xe1, 0xe1,
    0xdd, 0xdd, 0xdb, 0xdb, 0xd9, 0xd9, 0xd7, 0xd7, 0xd6, 0xd5, 0xd4, 0xd3, 0xd3, 0xd2, 0xd0, 0xcf, 0xcf, 0xcc, 0xcc, 0xcb, 0xc9, 0xc7, 0xc7, 0xc6,
    0xc3, 0xc3, 0xc2, 0xc2, 0xc2, 0xbc, 0xba, 0xba, 0xb9, 0xb9, 0xb8, 0xb8, 0xb3, 0xb3, 0xb3, 0xb0, 0xaf, 0xaf, 0xaf, 0xaf, 0xaf, 0xa6, 0xa6, 0xa6,
    0x5b, 0x5b, 0x5b, 0x5b, 0x5b, 0x5e, 0x5e, 0x5e, 0x5e, 0x57, 0x52, 0x4f, 0x48, 0x42, 0x3a, 0x2d, 0x24, 0x19, 0x19, 0x19, 0x19, 0x19, 0x19, 0x17,
    0x16, 0x16, 0x16, 0x16, 0x16, 0x16, 0x14, 0x11, 0x14, 0x11, 0x11, 0x11, 0x11, 0x11, 0x11, 0x11, 0x11, 0x11, 0x11, 0x11, 0x11, 0x11, 0x12, 0x0f,
    0x0f, 0x0f, 0x0a, 0x0a, 0x0a, 0x0a, 0x0a, 0x0a, 0x0a, 0x09, 0x09, 0x09, 0x09, 0x00, 0x29, 0xff, 0xfe, 0x67, 0x44, 0x44, 0x41, 0x3c, 0x3c, 0x3c,
    0x3b, 0x30, 0x3b, 0x22, 0x00, 0x03, 0x00, 0x00, 0x00, 0x00, 0x00, 0x00, 0x00, 0x00, 0x00, 0x01, 0x00, 0x01, 0x01, 0x2e, 0x3a, 0x42, 0x41, 0x45,
    0x2e, 0x29, 0x37, 0x48, 0x46, 0x46, 0x48, 0x48, 0x45, 0x45, 0x44, 0x44, 0x44, 0x44, 0x40, 0x40, 0x44, 0x40, 0x40, 0x40, 0x3f, 0x3b, 0x3b, 0x3b,
    0x3b, 0x3b, 0x37, 0x3b, 0x3b, 0x35, 0x30, 0x35, 0x35, 0x35, 0x35, 0x2c, 0x35, 0x2c, 0x2c, 0x2c, 0x28, 0x28, 0x28, 0x28, 0x27, 0x28, 0x28, 0x28,
    0x2c, 0x2e, 0x2e, 0x35, 0x35, 0x38, 0x3f, 0x42, 0x40, 0x44, 0x48, 0x4b, 0x4a, 0x50, 0x50, 0x50, 0x53, 0x5c, 0x5f, 0x68, 0x56, 0x46, 0x3e, 0x5f,
    0xc6, 0xca, 0x5f, 0xca, 0x63, 0x63, 0x77, 0x00, 0x30, 0xff, 0xfd, 0x55, 0x4c, 0x4e, 0x4d, 0xb7, 0x39, 0x00, 0x09, 0x08, 0x06, 0x16, 0x22, 0x2d,
    0x37, 0x41, 0x47, 0x51, 0x5d, 0x83, 0x79, 0x79, 0x83, 0x79, 0x79, 0x79, 0x79, 0x79, 0x79, 0x79, 0x79, 0x79, 0x79, 0x79, 0x79, 0x79, 0x79, 0x81,
    0x79, 0x79, 0x81, 0x81, 0x81, 0x81, 0x82, 0x82, 0x85, 0x85, 0x82, 0x82, 0x85, 0x85, 0x8b, 0x8b, 0x8b, 0x8b, 0x8c, 0x8b, 0x8b, 0x93, 0x93, 0x93,
    0x93, 0x93, 0x93, 0x93, 0x98, 0x94, 0x94, 0x94, 0x98, 0x98, 0x98, 0x98, 0x99, 0x99, 0x99, 0x99, 0x99, 0x99, 0xa3, 0xa8, 0x99, 0xa7, 0xa3, 0xa7,
    0xa7, 0xa5, 0xa5, 0xa3, 0xa3, 0xa7, 0xa5, 0xa5, 0xa5, 0xa5, 0xa5, 0xa5, 0xa4, 0xa4, 0xa5, 0xa5, 0xa4, 0xa4, 0xa2, 0xa2, 0xa4, 0xa4, 0xa4, 0xa4,
    0xa4, 0xa4, 0xa4, 0xa4, 0xa4, 0xa4, 0xa4, 0xa4, 0xa0, 0xad, 0xa0, 0xa0, 0xad, 0xa0, 0xa0, 0xa0, 0xae, 0xae, 0xae, 0xad, 0xae, 0xae, 0xae, 0xae,
    0xae, 0xae, 0xae, 0xb2, 0xb2, 0xb2, 0xb2, 0xb2, 0xb2, 0xb2, 0xb2, 0xb2, 0xb2, 0xb6, 0xb6, 0xb6, 0xb6, 0xb6, 0xb6, 0xbb, 0xbb, 0xbb, 0xbd, 0xbd,
    0xbe, 0xbe, 0xbe, 0xbe, 0xbe, 0xbe, 0xc0, 0xc0, 0xc0, 0xc0, 0xc4, 0xc4, 0xc5, 0xc5, 0xc5, 0xc8, 0xc8, 0xc8, 0xc8, 0xc8, 0xcd, 0xcd, 0xcd, 0xcd,
    0xce, 0xce, 0xce, 0xd2, 0xd2, 0xd2, 0xd2, 0xd3, 0xd6, 0xd6, 0xd6, 0xd7, 0xd7, 0xd7, 0xda, 0xda, 0xdd, 0xdd, 0xdf, 0xdf, 0xdf, 0xdf, 0xdf, 0xe4,
    0xe4, 0xe4, 0xe6, 0xe6, 0xe6, 0xe6, 0xe6, 0xea, 0xea, 0xec, 0xec, 0xec, 0xec, 0xec, 0xec, 0xef, 0xef, 0xef, 0xef, 0xef, 0xef, 0xef, 0xec, 0xec,
    0xec, 0xec, 0xec, 0xec, 0xec, 0xec, 0xec, 0xea, 0xea, 0xe9, 0xe9, 0xe9, 0xe6, 0xe6, 0xe5, 0xe5, 0xe5, 0xe4, 0xe4, 0xe4, 0xe3, 0xe1, 0xe1, 0xe1,
    0xdd, 0xdd, 0xdb, 0xdb, 0xd9, 0xd9, 0xd7, 0xd7, 0xd6, 0xd5, 0xd4, 0xd3, 0xd3, 0xd2, 0xd0, 0xcf, 0xcf, 0xcc, 0xcc, 0xcb, 0xc9, 0xc7, 0xc6, 0xc6,
    0xc3, 0xc3, 0xc2, 0xc2, 0xc1, 0xbc, 0xba, 0xba, 0xb9, 0xb9, 0xb8, 0xb8, 0xb3, 0xb3, 0xb3, 0xaf, 0xaf, 0xaf, 0xaf, 0xaf, 0xa6, 0xa6, 0xa6, 0xa6,
    0x5b, 0x5b, 0x5b, 0x5b, 0x5b, 0x5b, 0x5e, 0x5e, 0x5e, 0x57, 0x52, 0x4f, 0x45, 0x42, 0x3a, 0x2d, 0x24, 0x19, 0x19, 0x19, 0x19, 0x19, 0x19, 0x19,
    0x17, 0x16, 0x16, 0x14, 0x14, 0x14, 0x14, 0x14, 0x14, 0x14, 0x11, 0x11, 0x11, 0x11, 0x11, 0x11, 0x11, 0x11, 0x11, 0x11, 0x11, 0x11, 0x12, 0x0f,
    0x0f, 0x0f, 0x0a, 0x0a, 0x0a, 0x0a, 0x0a, 0x0a, 0x0a, 0x09, 0x09, 0x0e, 0x09, 0x00, 0x22, 0xff, 0xfe, 0x60, 0x44, 0x44, 0x41, 0x3c, 0x3c, 0x3c,
    0x30, 0x3b, 0x30, 0x11, 0x00, 0x00, 0x00, 0x00, 0x00, 0x00, 0x00, 0x00, 0x00, 0x00, 0x00, 0x00, 0x01, 0x01, 0x00, 0x2d, 0x37, 0x3a, 0x3f, 0x42,
    0x3f, 0x24, 0x3a, 0x46, 0x48, 0x48, 0x48, 0x48, 0x44, 0x45, 0x44, 0x44, 0x44, 0x44, 0x40, 0x40, 0x44, 0x40, 0x40, 0x40, 0x40, 0x3b, 0x3c, 0x3b,
    0x3b, 0x3b, 0x37, 0x37, 0x37, 0x37, 0x35, 0x35, 0x35, 0x35, 0x35, 0x2c, 0x2c, 0x2c, 0x2c, 0x2c, 0x28, 0x28, 0x28, 0x28, 0x28, 0x28, 0x28, 0x2c,
    0x2c, 0x33, 0x35, 0x35, 0x35, 0x3f, 0x3f, 0x40, 0x42, 0x46, 0x48, 0x4b, 0x4a, 0x4b, 0x50, 0x50, 0x50, 0x59, 0x5c, 0x68, 0x56, 0x46, 0x43, 0x4d,
    0xbc, 0xca, 0xb7, 0x72, 0xeb, 0x50, 0x89, 0x00, 0x19, 0xfc, 0xff, 0x55, 0x4c, 0x4e, 0x55, 0x43, 0xc2, 0x19, 0x03, 0x09, 0x09, 0x16, 0x22, 0x2d,
    0x37, 0x41, 0x47, 0x51, 0x5b, 0x79, 0x79, 0x79, 0x79, 0x79, 0x79, 0x79, 0x79, 0x79, 0x79, 0x79, 0x79, 0x79, 0x79, 0x79, 0x79, 0x79, 0x79, 0x79,
    0x81, 0x79, 0x81, 0x81, 0x81, 0x81, 0x82, 0x82, 0x85, 0x85, 0x82, 0x82, 0x85, 0x86, 0x8b, 0x8b, 0x8b, 0x8b, 0x8c, 0x8b, 0x8b, 0x93, 0x93, 0x93,
    0x93, 0x93, 0x93, 0x93, 0x98, 0x94, 0x94, 0x94, 0x98, 0x98, 0x98, 0x98, 0x99, 0x99, 0x99, 0x99, 0x99, 0x99, 0xa3, 0xa8, 0x99, 0xa7, 0xa3, 0xa7,
    0xa7, 0xa5, 0xa5, 0xa3, 0xa3, 0xa7, 0xa5, 0xa5, 0xa5, 0xa5, 0xa5, 0xa5, 0xa4, 0xa4, 0xa5, 0xa5, 0xa4, 0xa4, 0xa2, 0xa2, 0xa4, 0xa4, 0xa4, 0xa4,
    0xa4, 0xa4, 0xa4, 0xa4, 0xa4, 0xa4, 0xa4, 0xa4, 0xa0, 0xad, 0xa0, 0xa0, 0xad, 0xa0, 0xa0, 0xa0, 0xae, 0xae, 0xae, 0xad, 0xae, 0xae, 0xae, 0xae,
    0xae, 0xae, 0xae, 0xb2, 0xb2, 0xb2, 0xb2, 0xb2, 0xb2, 0xb2, 0xb2, 0xb2, 0xb2, 0xb6, 0xb6, 0xb6, 0xb6, 0xb6, 0xb6, 0xbb, 0xbb, 0xbb, 0xbd, 0xbd,
    0xbe, 0xbe, 0xbe, 0xbe, 0xbe, 0xbe, 0xc0, 0xc0, 0xc0, 0xc0, 0xc4, 0xc4, 0xc5, 0xc5, 0xc5, 0xc8, 0xc8, 0xc8, 0xc8, 0xc8, 0xcd, 0xcd, 0xcd, 0xcd,
    0xce, 0xce, 0xce, 0xd2, 0xd2, 0xd2, 0xd2, 0xd3, 0xd6, 0xd6, 0xd6, 0xd7, 0xd7, 0xd7, 0xda, 0xda, 0xdd, 0xdd, 0xdf, 0xdf, 0xdf, 0xdf, 0xdf, 0xe4,
    0xe4, 0xe4, 0xe6, 0xe6, 0xe6, 0xe6, 0xe6, 0xe6, 0xea, 0xec, 0xec, 0xec, 0xec, 0xec, 0xec, 0xec, 0xec, 0xec, 0xef, 0xec, 0xec, 0xec, 0xec, 0xec,
    0xec, 0xec, 0xec, 0xec, 0xec, 0xec, 0xec, 0xea, 0xea, 0xe9, 0xe9, 0xe9, 0xe6, 0xe6, 0xe5, 0xe5, 0xe4, 0xe4, 0xe4, 0xe4, 0xe2, 0xe1, 0xe1, 0xe1,
    0xdd, 0xdd, 0xdb, 0xdb, 0xd9, 0xd9, 0xd7, 0xd7, 0xd6, 0xd5, 0xd4, 0xd3, 0xd3, 0xd2, 0xd0, 0xcf, 0xcf, 0xcc, 0xcb, 0xcb, 0xc9, 0xc7, 0xc6, 0xc6,
    0xc3, 0xc3, 0xc2, 0xc2, 0xc1, 0xbc, 0xba, 0xb9, 0xb9, 0xb9, 0xb8, 0xb8, 0xb3, 0xb0, 0xb0, 0xaf, 0xaf, 0xaf, 0xaf, 0xaf, 0xa6, 0xa6, 0xa6, 0xa6,
    0x5a, 0x5b, 0x5b, 0x5b, 0x5b, 0x5b, 0x5b, 0x5e, 0x5e, 0x57, 0x52, 0x4f, 0x45, 0x42, 0x3a, 0x2d, 0x24, 0x19, 0x19, 0x19, 0x19, 0x19, 0x19, 0x19,
    0x17, 0x16, 0x16, 0x14, 0x14, 0x14, 0x14, 0x14, 0x14, 0x14, 0x14, 0x11, 0x11, 0x11, 0x11, 0x11, 0x11, 0x11, 0x11, 0x11, 0x11, 0x11, 0x12, 0x0f,
    0x0f, 0x0f, 0x0a, 0x0a, 0x0a, 0x0a, 0x0a, 0x0a, 0x0a, 0x09, 0x09, 0x09, 0x0f, 0x00, 0x22, 0xff, 0xfe, 0x9b, 0x44, 0x44, 0x41, 0x3c, 0x3c, 0x3c,
    0x30, 0x3b, 0x30, 0x05, 0x00, 0x00, 0x00, 0x00, 0x00, 0x00, 0x00, 0x00, 0x00, 0x00, 0x01, 0x01, 0x01, 0x01, 0x00, 0x29, 0x30, 0x37, 0x3f, 0x42,
    0x42, 0x35, 0x46, 0x46, 0x48, 0x48, 0x45, 0x48, 0x48, 0x45, 0x45, 0x44, 0x44, 0x44, 0x42, 0x40, 0x44, 0x40, 0x40, 0x40, 0x3f, 0x3c, 0x40, 0x3b,
    0x3b, 0x3b, 0x35, 0x37, 0x37, 0x35, 0x2c, 0x35, 0x30, 0x35, 0x35, 0x2c, 0x2c, 0x30, 0x2c, 0x2c, 0x2c, 0x28, 0x28, 0x28, 0x28, 0x28, 0x28, 0x2c,
    0x2c, 0x2e, 0x35, 0x35, 0x38, 0x3f, 0x3f, 0x40, 0x46, 0x46, 0x46, 0x4b, 0x4b, 0x4f, 0x50, 0x50, 0x53, 0x59, 0x5c, 0x67, 0x55, 0x4a, 0x3d, 0x4a,
    0xe3, 0x68, 0xd0, 0x57, 0xfa, 0x68, 0x6a, 0x00, 0x03, 0x6b, 0xff, 0x5f, 0x4d, 0x4e, 0x55, 0x4e, 0x42, 0x0a, 0x04, 0x09, 0x09, 0x17, 0x22, 0x2d,
    0x37, 0x41, 0x47, 0x51, 0x58, 0x79, 0x79, 0x79, 0x79, 0x79, 0x79, 0x79, 0x79, 0x79, 0x79, 0x79, 0x79, 0x79, 0x79, 0x79, 0x79, 0x79, 0x79, 0x79,
    0x7a, 0x79, 0x81, 0x81, 0x81, 0x81, 0x82, 0x82, 0x85, 0x85, 0x82, 0x82, 0x85, 0x86, 0x8b, 0x8b, 0x8b, 0x8b, 0x8c, 0x8b, 0x8b, 0x93, 0x93, 0x93,
    0x93, 0x93, 0x93, 0x94, 0x98, 0x99, 0x95, 0x94, 0x98, 0x98, 0x98, 0x98, 0xa3, 0x99, 0x99, 0x99, 0x99, 0x99, 0xa3, 0xa8, 0x99, 0xa7, 0xa3, 0xa7,
    0xa7, 0xa5, 0xa5, 0xa5, 0xa3, 0xa7, 0xa5, 0xa5, 0xa5, 0xa5, 0xa5, 0xa5, 0xa4, 0xa4, 0xa5, 0xa5, 0xa4, 0xa4, 0xa2, 0xa2, 0xa4, 0xa4, 0xa4, 0xa4,
    0xa4, 0xa4, 0xa4, 0xa4, 0xa4, 0xa4, 0xa4, 0xa4, 0xa0, 0xad, 0xa0, 0xa0, 0xad, 0xa0, 0xa0, 0xa0, 0xae, 0xae, 0xad, 0xad, 0xae, 0xae, 0xae, 0xae,
    0xae, 0xae, 0xae, 0xb2, 0xb2, 0xb2, 0xb2, 0xb2, 0xb2, 0xb2, 0xb2, 0xb2, 0xb2, 0xb6, 0xb6, 0xb6, 0xb6, 0xb6, 0xb6, 0xbb, 0xbb, 0xbb, 0xbd, 0xbd,
    0xbe, 0xbe, 0xbe, 0xbe, 0xbe, 0xbe, 0xbe, 0xc0, 0xc0, 0xc0, 0xc4, 0xc4, 0xc5, 0xc5, 0xc5, 0xc8, 0xc8, 0xc8, 0xc8, 0xc8, 0xcd, 0xcd, 0xcd, 0xcd,
    0xce, 0xce, 0xce, 0xd2, 0xd2, 0xd2, 0xd2, 0xd3, 0xd4, 0xd6, 0xd6, 0xd7, 0xd7, 0xd7, 0xda, 0xda, 0xdd, 0xdd, 0xdf, 0xdf, 0xdf, 0xdf, 0xdf, 0xe4,
    0xe4, 0xe4, 0xe6, 0xe6, 0xe6, 0xe6, 0xe6, 0xe6, 0xea, 0xea, 0xec, 0xec, 0xec, 0xec, 0xec, 0xec, 0xec, 0xec, 0xec, 0xec, 0xec, 0xec, 0xec, 0xec,
    0xec, 0xec, 0xec, 0xec, 0xec, 0xec, 0xea, 0xea, 0xea, 0xe9, 0xe9, 0xe9, 0xe6, 0xe6, 0xe5, 0xe5, 0xe4, 0xe4, 0xe4, 0xe4, 0xe1, 0xe1, 0xe1, 0xe1,
    0xdd, 0xdd, 0xdb, 0xdb, 0xd9, 0xd9, 0xd7, 0xd7, 0xd6, 0xd5, 0xd4, 0xd3, 0xd3, 0xd2, 0xd0, 0xcf, 0xcf, 0xcc, 0xcb, 0xcb, 0xc9, 0xc7, 0xc6, 0xc6,
    0xc3, 0xc3, 0xc2, 0xc2, 0xc1, 0xbc, 0xba, 0xb9, 0xb9, 0xb9, 0xb8, 0xb8, 0xb3, 0xb0, 0xb0, 0xaf, 0xaf, 0xaf, 0xaf, 0xaf, 0xa6, 0xa6, 0xa6, 0xa6,
    0x59, 0x5a, 0x5b, 0x5b, 0x5b, 0x5b, 0x5b, 0x5e, 0x5e, 0x57, 0x52, 0x4f, 0x45, 0x42, 0x3a, 0x2d, 0x24, 0x19, 0x19, 0x19, 0x19, 0x19, 0x19, 0x19,
    0x19, 0x17, 0x16, 0x16, 0x14, 0x14, 0x14, 0x14, 0x14, 0x14, 0x14, 0x14, 0x14, 0x11, 0x11, 0x11, 0x11, 0x11, 0x11, 0x11, 0x0f, 0x11, 0x11, 0x12,
    0x0f, 0x0a, 0x0a, 0x0a, 0x0a, 0x0a, 0x0a, 0x0a, 0x0a, 0x0a, 0x0a, 0x0a, 0x09, 0x00, 0x22, 0xff, 0xfe, 0xb2, 0x48, 0x45, 0x41, 0x41, 0x3c, 0x3c,
    0x3b, 0x3b, 0x30, 0x00, 0x00, 0x00, 0x00, 0x00, 0x00, 0x00, 0x00, 0x00, 0x00, 0x00, 0x00, 0x01, 0x01, 0x00, 0x00, 0x29, 0x2e, 0x37, 0x3c, 0x42,
    0x42, 0x42, 0x45, 0x42, 0x48, 0x48, 0x48, 0x48, 0x48, 0x44, 0x44, 0x44, 0x44, 0x44, 0x44, 0x40, 0x40, 0x44, 0x3f, 0x40, 0x40, 0x3b, 0x3b, 0x3b,
    0x3b, 0x3b, 0x3b, 0x35, 0x37, 0x37, 0x2c, 0x30, 0x35, 0x35, 0x30, 0x2c, 0x2c, 0x2c, 0x2c, 0x2c, 0x2c, 0x2c, 0x28, 0x28, 0x28, 0x28, 0x2c, 0x2c,
    0x2c, 0x35, 0x35, 0x35, 0x3f, 0x3f, 0x3f, 0x3f, 0x46, 0x46, 0x46, 0x4b, 0x4f, 0x4f, 0x50, 0x50, 0x50, 0x56, 0x5f, 0x67, 0x50, 0x49, 0x3e, 0x49,
    0xe3, 0x80, 0xb7, 0x63, 0xd0, 0xbf, 0x6f, 0x00, 0x00, 0x51, 0xff, 0xa6, 0x4a, 0x4e, 0x55, 0x5f, 0x55, 0x11, 0x03, 0x09, 0x06, 0x16, 0x22, 0x2d,
    0x37, 0x41, 0x47, 0x51, 0x58, 0x79, 0x79, 0x79, 0x79, 0x79, 0x79, 0x79, 0x79, 0x79, 0x79, 0x79, 0x79, 0x79, 0x79, 0x79, 0x79, 0x79, 0x79, 0x79,
    0x7a, 0x79, 0x81, 0x81, 0x7a, 0x81, 0x81, 0x82, 0x85, 0x85, 0x82, 0x82, 0x85, 0x86, 0x8b, 0x8b, 0x8b, 0x8b, 0x8c, 0x8b, 0x8b, 0x93, 0x93, 0x93,
    0x93, 0x93, 0x93, 0x94, 0x98, 0x99, 0x95, 0x94, 0x98, 0x98, 0x98, 0x98, 0xa3, 0x99, 0x99, 0x99, 0x99, 0x99, 0xa3, 0xa8, 0x99, 0xa7, 0xa3, 0xa7,
    0xa7, 0xa5, 0xa5, 0xa5, 0xa5, 0xa7, 0xa5, 0xa5, 0xa5, 0xa5, 0xa5, 0xa5, 0xa7, 0xa4, 0xa5, 0xa5, 0xa4, 0xa4, 0xa2, 0xa2, 0xa4, 0xa4, 0xa4, 0xa4,
    0xa4, 0xa4, 0xa4, 0xa4, 0xa4, 0xa4, 0xa4, 0xa4, 0xa0, 0xad, 0xa0, 0xa0, 0xad, 0xa0, 0xa0, 0xa0, 0xae, 0xae, 0xad, 0xad, 0xae, 0xae, 0xae, 0xae,
    0xae, 0xae, 0xae, 0xb2, 0xb2, 0xb2, 0xb2, 0xb2, 0xb2, 0xb2, 0xb2, 0xb2, 0xb2, 0xb6, 0xb6, 0xb6, 0xb6, 0xb6, 0xb6, 0xbb, 0xbb, 0xbb, 0xbd, 0xbd,
    0xbe, 0xbe, 0xbe, 0xbe, 0xbe, 0xbe, 0xbe, 0xc0, 0xc0, 0xc0, 0xc4, 0xc4, 0xc5, 0xc5, 0xc5, 0xc8, 0xc8, 0xc8, 0xc8, 0xc8, 0xc8, 0xcd, 0xcd, 0xcd,
    0xce, 0xce, 0xce, 0xd2, 0xd2, 0xd2, 0xd2, 0xd3, 0xd4, 0xd6, 0xd6, 0xd7, 0xd7, 0xd7, 0xda, 0xda, 0xdd, 0xdd, 0xdf, 0xdf, 0xdf, 0xdf, 0xdf, 0xe4,
    0xe4, 0xe4, 0xe4, 0xe6, 0xe6, 0xe6, 0xe6, 0xe6, 0xea, 0xea, 0xea, 0xec, 0xec, 0xec, 0xec, 0xec, 0xec, 0xec, 0xec, 0xec, 0xec, 0xec, 0xec, 0xec,
    0xec, 0xec, 0xec, 0xec, 0xec, 0xec, 0xea, 0xea, 0xea, 0xe9, 0xe9, 0xe6, 0xe6, 0xe5, 0xe5, 0xe5, 0xe4, 0xe4, 0xe4, 0xe4, 0xe1, 0xe1, 0xe1, 0xdd,
    0xdd, 0xdd, 0xdb, 0xd9, 0xd9, 0xd9, 0xd7, 0xd6, 0xd6, 0xd4, 0xd4, 0xd3, 0xd3, 0xd2, 0xd0, 0xcf, 0xcc, 0xcc, 0xcb, 0xc9, 0xc9, 0xc7, 0xc6, 0xc6,
    0xc3, 0xc3, 0xc2, 0xc2, 0xbc, 0xbc, 0xba, 0xb9, 0xb9, 0xb9, 0xb8, 0xb8, 0xb3, 0xb0, 0xb0, 0xaf, 0xaf, 0xaf, 0xaf, 0xaf, 0xa6, 0xa6, 0xa6, 0xa6,
    0x59, 0x5a, 0x5a, 0x5b, 0x5b, 0x5b, 0x5b, 0x5b, 0x5e, 0x57, 0x52, 0x4f, 0x45, 0x42, 0x3a, 0x2d, 0x24, 0x19, 0x19, 0x19, 0x19, 0x19, 0x19, 0x19,
    0x19, 0x16, 0x16, 0x16, 0x16, 0x14, 0x16, 0x16, 0x14, 0x14, 0x14, 0x14, 0x14, 0x11, 0x11, 0x11, 0x11, 0x11, 0x11, 0x11, 0x0f, 0x11, 0x11, 0x12,
    0x0f, 0x0a, 0x0a, 0x0a, 0x0a, 0x0a, 0x0a, 0x0a, 0x0a, 0x0a, 0x0a, 0x0a, 0x0a, 0x00, 0x19, 0xfe, 0xff, 0x8d, 0x48, 0x45, 0x41, 0x3c, 0x3c, 0x3c,
    0x3b, 0x3c, 0x28, 0x00, 0x03, 0x00, 0x00, 0x00, 0x00, 0x00, 0x00, 0x00, 0x00, 0x00, 0x00, 0x00, 0x00, 0x00, 0x00, 0x22, 0x2e, 0x37, 0x37, 0x42,
    0x46, 0x46, 0x42, 0x45, 0x44, 0x48, 0x48, 0x48, 0x48, 0x44, 0x44, 0x44, 0x44, 0x44, 0x44, 0x40, 0x40, 0x44, 0x40, 0x40, 0x40, 0x3b, 0x3b, 0x3b,
    0x3b, 0x3b, 0x3b, 0x35, 0x37, 0x37, 0x2c, 0x35, 0x2c, 0x35, 0x2c, 0x2c, 0x2c, 0x2c, 0x2c, 0x2c, 0x2c, 0x2c, 0x2c, 0x2c, 0x2c, 0x28, 0x2c, 0x2c,
    0x2c, 0x35, 0x35, 0x35, 0x38, 0x3f, 0x3f, 0x3f, 0x42, 0x46, 0x46, 0x4b, 0x4b, 0x4b, 0x50, 0x50, 0x50, 0x50, 0x60, 0x5f, 0x56, 0x43, 0x33, 0x4e,
    0xd0, 0xeb, 0x7c, 0x63, 0xd8, 0x72, 0x6a, 0x00, 0x00, 0x45, 0xff, 0xe3, 0x4d, 0x4e, 0x5f, 0x49, 0x5f, 0x2d, 0x01, 0x05, 0x06, 0x16, 0x22, 0x2d,
    0x37, 0x41, 0x47, 0x51, 0x58, 0x79, 0x79, 0x79, 0x79, 0x79, 0x79, 0x79, 0x79, 0x79, 0x79, 0x79, 0x79, 0x79, 0x79, 0x79, 0x79, 0x79, 0x79, 0x79,
    0x7a, 0x79, 0x81, 0x79, 0x7a, 0x7a, 0x7a, 0x82, 0x85, 0x85, 0x82, 0x82, 0x85, 0x86, 0x8b, 0x8b, 0x8b, 0x8b, 0x8c, 0x8b, 0x8b, 0x93, 0x93, 0x93,
    0x93, 0x93, 0x93, 0x94, 0x98, 0x99, 0x95, 0x94, 0x98, 0x98, 0x98, 0x98, 0xa3, 0x99, 0x99, 0x99, 0x99, 0x99, 0xa3, 0xa8, 0x99, 0xa7, 0xa7, 0xa7,
    0xa7, 0xa5, 0xa5, 0xa5, 0xa5, 0xa7, 0xa5, 0xa5, 0xa5, 0xa5, 0xa5, 0xa5, 0xa7, 0xa4, 0xa5, 0xa5, 0xa7, 0xa4, 0xa5, 0xa2, 0xa4, 0xa4, 0xa4, 0xa4,
    0xa4, 0xa4, 0xa4, 0xa4, 0xa4, 0xa4, 0xa4, 0xa4, 0xa0, 0xad, 0xa0, 0xa0, 0xad, 0xa0, 0xa0, 0xa0, 0xae, 0xae, 0xad, 0xad, 0xae, 0xae, 0xae, 0xae,
    0xae, 0xae, 0xae, 0xb2, 0xb2, 0xb2, 0xb2, 0xb2, 0xb2, 0xb2, 0xb2, 0xb2, 0xb2, 0xb6, 0xb6, 0xb6, 0xb6, 0xb6, 0xb6, 0xbb, 0xbb, 0xbb, 0xbd, 0xbd,
    0xbe, 0xbe, 0xbe, 0xbe, 0xbe, 0xbe, 0xbe, 0xc0, 0xc0, 0xc0, 0xc4, 0xc4, 0xc5, 0xc5, 0xc5, 0xc8, 0xc8, 0xc8, 0xc8, 0xc8, 0xc8, 0xcd, 0xcd, 0xcd,
    0xce, 0xce, 0xce, 0xd2, 0xd2, 0xd2, 0xd2, 0xd3, 0xd4, 0xd6, 0xd6, 0xd7, 0xd7, 0xd7, 0xda, 0xda, 0xdd, 0xdd, 0xdf, 0xdf, 0xdf, 0xdf, 0xdf, 0xdf,
    0xe4, 0xe4, 0xe4, 0xe6, 0xe6, 0xe6, 0xe6, 0xe6, 0xea, 0xea, 0xea, 0xec, 0xec, 0xec, 0xec, 0xec, 0xec, 0xec, 0xec, 0xec, 0xec, 0xec, 0xec, 0xec,
    0xec, 0xec, 0xec, 0xec, 0xec, 0xec, 0xea, 0xea, 0xe9, 0xe9, 0xe9, 0xe6, 0xe6, 0xe5, 0xe5, 0xe4, 0xe4, 0xe4, 0xe4, 0xe4, 0xe1, 0xe1, 0xe1, 0xdd,
    0xdd, 0xdb, 0xdb, 0xd9, 0xd9, 0xd9, 0xd7, 0xd6, 0xd5, 0xd4, 0xd4, 0xd3, 0xd3, 0xd2, 0xd0, 0xcf, 0xcc, 0xcc, 0xcb, 0xc9, 0xc9, 0xc7, 0xc6, 0xc6,
    0xc3, 0xc2, 0xc2, 0xc2, 0xbc, 0xbc, 0xba, 0xb9, 0xb9, 0xb8, 0xb8, 0xb3, 0xb3, 0xb3, 0xb0, 0xaf, 0xaf, 0xaf, 0xaf, 0xa6, 0xa6, 0xa6, 0xa6, 0x9b,
    0x59, 0x59, 0x5a, 0x5b, 0x5b, 0x5b, 0x5b, 0x5b, 0x5b, 0x57, 0x52, 0x4b, 0x45, 0x42, 0x3a, 0x2d, 0x24, 0x19, 0x19, 0x19, 0x19, 0x19, 0x19, 0x19,
    0x19, 0x17, 0x16, 0x16, 0x16, 0x16, 0x16, 0x16, 0x14, 0x14, 0x14, 0x14, 0x14, 0x11, 0x11, 0x11, 0x11, 0x11, 0x11, 0x11, 0x11, 0x11, 0x11, 0x12,
    0x0f, 0x0a, 0x0a, 0x0a, 0x0a, 0x0a, 0x0a, 0x0a, 0x0a, 0x0a, 0x0a, 0x0a, 0x0a, 0x03, 0x19, 0xfe, 0xff, 0xcd, 0x48, 0x44, 0x41, 0x3c, 0x3c, 0x3c,
    0x3b, 0x3c, 0x22, 0x00, 0x03, 0x00, 0x00, 0x00, 0x00, 0x00, 0x00, 0x00, 0x00, 0x00, 0x00, 0x00, 0x00, 0x01, 0x00, 0x19, 0x2e, 0x2e, 0x37, 0x41,
    0x46, 0x46, 0x42, 0x42, 0x48, 0x46, 0x48, 0x48, 0x48, 0x48, 0x44, 0x45, 0x44, 0x44, 0x44, 0x40, 0x40, 0x40, 0x40, 0x40, 0x40, 0x40, 0x3b, 0x3b,
    0x3b, 0x3b, 0x3b, 0x35, 0x37, 0x37, 0x35, 0x35, 0x30, 0x2c, 0x2c, 0x2c, 0x2c, 0x2c, 0x2c, 0x2c, 0x2c, 0x2c, 0x2c, 0x2c, 0x2c, 0x2c, 0x2c, 0x2c,
    0x2c, 0x35, 0x35, 0x35, 0x35, 0x3f, 0x3f, 0x3f, 0x42, 0x46, 0x46, 0x4b, 0x4b, 0x4b, 0x50, 0x50, 0x50, 0x50, 0x57, 0x63, 0x55, 0x4a, 0x34, 0xb7,
    0xd0, 0xfe, 0xb7, 0x55, 0xd1, 0x80, 0x64, 0x00, 0x01, 0x22, 0xfe, 0xfe, 0x4d, 0x4e, 0x55, 0x55, 0x4a, 0x29, 0x01, 0x09, 0x08, 0x17, 0x22, 0x2d,
    0x37, 0x41, 0x47, 0x51, 0x58, 0x79, 0x79, 0x79, 0x79, 0x79, 0x79, 0x79, 0x79, 0x79, 0x79, 0x79, 0x79, 0x79, 0x79, 0x79, 0x79, 0x79, 0x79, 0x79,
    0x7a, 0x79, 0x79, 0x81, 0x7a, 0x7a, 0x7a, 0x82, 0x82, 0x85, 0x82, 0x82, 0x85, 0x86, 0x8b, 0x8b, 0x8b, 0x8b, 0x8c, 0x8b, 0x8b, 0x93, 0x93, 0x93,
    0x93, 0x93, 0x93, 0x94, 0x98, 0x99, 0x95, 0x94, 0x98, 0x98, 0x98, 0x98, 0xa3, 0x99, 0x99, 0x99, 0x99, 0x99, 0xa3, 0xa8, 0xa7, 0xa7, 0xa7, 0xa7,
    0xa7, 0xa7, 0xa5, 0xa5, 0xa5, 0xa7, 0xa5, 0xa5, 0xa5, 0xa5, 0xa5, 0xa5, 0xa7, 0xa4, 0xa5, 0xa5, 0xa7, 0xa4, 0xa5, 0xa2, 0xa4, 0xa4, 0xa4, 0xa4,
    0xa4, 0xa4, 0xa4, 0xa4, 0xa4, 0xa4, 0xa4, 0xa4, 0xa0, 0xad, 0xa0, 0xa0, 0xad, 0xa0, 0xa0, 0xa0, 0xae, 0xae, 0xad, 0xad, 0xae, 0xae, 0xae, 0xae,
    0xae, 0xae, 0xae, 0xb2, 0xb2, 0xb2, 0xb2, 0xb2, 0xb2, 0xb2, 0xb2, 0xb2, 0xb2, 0xb6, 0xb6, 0xb6, 0xb6, 0xb6, 0xb6, 0xbb, 0xbb, 0xbb, 0xbd, 0xbd,
    0xbe, 0xbe, 0xbe, 0xbe, 0xbe, 0xbe, 0xbe, 0xc0, 0xc0, 0xc0, 0xc4, 0xc4, 0xc5, 0xc5, 0xc5, 0xc8, 0xc8, 0xc8, 0xc8, 0xc8, 0xc8, 0xcd, 0xcd, 0xcd,
    0xce, 0xce, 0xce, 0xd2, 0xd2, 0xd2, 0xd2, 0xd3, 0xd4, 0xd6, 0xd6, 0xd7, 0xd7, 0xd7, 0xda, 0xda, 0xdd, 0xdd, 0xdd, 0xdf, 0xdf, 0xdf, 0xdf, 0xdf,
    0xe4, 0xe4, 0xe4, 0xe6, 0xe6, 0xe6, 0xe6, 0xe6, 0xe6, 0xea, 0xea, 0xec, 0xec, 0xec, 0xec, 0xec, 0xec, 0xec, 0xec, 0xec, 0xec, 0xec, 0xec, 0xec,
    0xec, 0xec, 0xec, 0xec, 0xec, 0xec, 0xea, 0xe9, 0xe9, 0xe9, 0xe9, 0xe6, 0xe6, 0xe5, 0xe5, 0xe4, 0xe4, 0xe4, 0xe4, 0xe4, 0xe1, 0xe1, 0xe1, 0xdd,
    0xdd, 0xdb, 0xdb, 0xd9, 0xd9, 0xd9, 0xd7, 0xd6, 0xd5, 0xd4, 0xd4, 0xd3, 0xd2, 0xd2, 0xd0, 0xcf, 0xcc, 0xcc, 0xcb, 0xc9, 0xc9, 0xc7, 0xc6, 0xc6,
    0xc3, 0xc2, 0xc2, 0xc2, 0xbc, 0xbc, 0xba, 0xb9, 0xb9, 0xb8, 0xb8, 0xb3, 0xb3, 0xb3, 0xb0, 0xaf, 0xaf, 0xaf, 0xaf, 0xa6, 0xa6, 0xa6, 0xa6, 0x9b,
    0x59, 0x59, 0x59, 0x5a, 0x5b, 0x5b, 0x5b, 0x5b, 0x5b, 0x57, 0x4f, 0x4b, 0x45, 0x42, 0x3a, 0x2d, 0x22, 0x19, 0x19, 0x19, 0x19, 0x19, 0x19, 0x19,
    0x19, 0x19, 0x17, 0x16, 0x16, 0x16, 0x16, 0x14, 0x14, 0x14, 0x14, 0x14, 0x14, 0x14, 0x11, 0x11, 0x11, 0x11, 0x11, 0x11, 0x11, 0x11, 0x11, 0x12,
    0x0f, 0x0a, 0x0a, 0x0a, 0x0a, 0x0a, 0x0a, 0x0a, 0x0a, 0x0a, 0x09, 0x09, 0x0a, 0x00, 0x16, 0xfc, 0xff, 0xfc, 0x4f, 0x45, 0x41, 0x3c, 0x3c, 0x3c,
    0x3b, 0x3c, 0x22, 0x00, 0x00, 0x00, 0x00, 0x00, 0x00, 0x00, 0x00, 0x00, 0x00, 0x00, 0x00, 0x00, 0x01, 0x01, 0x00, 0x16, 0x2e, 0x2e, 0x37, 0x3c,
    0x42, 0x46, 0x42, 0x42, 0x48, 0x48, 0x48, 0x45, 0x48, 0x48, 0x44, 0x45, 0x44, 0x45, 0x44, 0x40, 0x40, 0x41, 0x40, 0x3f, 0x40, 0x41, 0x3b, 0x3b,
    0x3b, 0x3b, 0x3b, 0x37, 0x35, 0x35, 0x35, 0x35, 0x35, 0x2c, 0x2c, 0x35, 0x2c, 0x2c, 0x2c, 0x2c, 0x2c, 0x2c, 0x2c, 0x2c, 0x2c, 0x2c, 0x2c, 0x35,
    0x2e, 0x35, 0x35, 0x35, 0x35, 0x3f, 0x3f, 0x3f, 0x3f, 0x46, 0x46, 0x48, 0x4b, 0x4b, 0x50, 0x56, 0x56, 0x50, 0x56, 0x63, 0x50, 0x46, 0x3d, 0xb7,
    0xd8, 0xb7, 0xfe, 0x5f, 0xb7, 0xd8, 0x6a, 0x00, 0x05, 0x05, 0xcd, 0xff, 0x50, 0x4e, 0x55, 0x55, 0x55, 0x17, 0x00, 0x06, 0x05, 0x16, 0x22, 0x2d,
    0x37, 0x41, 0x47, 0x51, 0x58, 0x79, 0x79, 0x79, 0x79, 0x79, 0x79, 0x79, 0x79, 0x79, 0x79, 0x79, 0x79, 0x79, 0x79, 0x79, 0x79, 0x79, 0x79, 0x79,
    0x79, 0x79, 0x79, 0x81, 0x7a, 0x7a, 0x7a, 0x82, 0x82, 0x85, 0x82, 0x82, 0x85, 0x86, 0x8b, 0x8b, 0x8b, 0x8c, 0x8c, 0x8b, 0x8b, 0x93, 0x93, 0x93,
    0x93, 0x93, 0x93, 0x94, 0x99, 0x99, 0x95, 0x95, 0x99, 0x98, 0x98, 0x98, 0xa3, 0xa3, 0xa3, 0x99, 0x99, 0x99, 0xa3, 0xa8, 0xa8, 0xa7, 0xa7, 0xa7,
    0xa7, 0xa7, 0xa5, 0xa5, 0xa5, 0xa7, 0xa7, 0xa5, 0xa7, 0xa5, 0xa5, 0xa5, 0xa7, 0xa4, 0xa5, 0xa5, 0xa7, 0xa4, 0xa5, 0xa2, 0xa4, 0xa4, 0xa4, 0xa4,
    0xa4, 0xa4, 0xa4, 0xa4, 0xa4, 0xa4, 0xa4, 0xa4, 0xa0, 0xad, 0xa0, 0xa0, 0xad, 0xa0, 0xa0, 0xa0, 0xae, 0xae, 0xad, 0xad, 0xae, 0xae, 0xae, 0xae,
    0xae, 0xae, 0xae, 0xb2, 0xb2, 0xb2, 0xb2, 0xb2, 0xb2, 0xb2, 0xb2, 0xb2, 0xb2, 0xb6, 0xb6, 0xb6, 0xb6, 0xb6, 0xb6, 0xbb, 0xbb, 0xbb, 0xbd, 0xbd,
    0xbe, 0xbe, 0xbe, 0xbe, 0xbe, 0xbe, 0xbe, 0xc0, 0xc0, 0xc0, 0xc4, 0xc4, 0xc5, 0xc5, 0xc5, 0xc8, 0xc8, 0xc8, 0xc8, 0xc8, 0xc8, 0xcd, 0xcd, 0xcd,
    0xce, 0xce, 0xce, 0xce, 0xd2, 0xd2, 0xd2, 0xd3, 0xd4, 0xd6, 0xd6, 0xd7, 0xd7, 0xd7, 0xda, 0xda, 0xdd, 0xdd, 0xdd, 0xdf, 0xdf, 0xdf, 0xdf, 0xdf,
    0xe4, 0xe4, 0xe4, 0xe6, 0xe6, 0xe6, 0xe6, 0xe6, 0xe6, 0xe6, 0xea, 0xec, 0xec, 0xec, 0xec, 0xec, 0xec, 0xec, 0xec, 0xec, 0xec, 0xec, 0xec, 0xec,
    0xec, 0xec, 0xec, 0xec, 0xec, 0xec, 0xea, 0xe9, 0xe9, 0xe9, 0xe9, 0xe6, 0xe6, 0xe5, 0xe5, 0xe4, 0xe4, 0xe4, 0xe4, 0xe4, 0xe1, 0xe1, 0xe1, 0xdd,
    0xdd, 0xdb, 0xdb, 0xd9, 0xd9, 0xd9, 0xd7, 0xd6, 0xd5, 0xd4, 0xd4, 0xd3, 0xd2, 0xd2, 0xd0, 0xcf, 0xcc, 0xcc, 0xcb, 0xc9, 0xc9, 0xc7, 0xc6, 0xc6,
    0xc3, 0xc2, 0xc2, 0xc2, 0xbc, 0xbc, 0xba, 0xb9, 0xb9, 0xb8, 0xb8, 0xb3, 0xb3, 0xb3, 0xaf, 0xaf, 0xaf, 0xaf, 0xaf, 0xa6, 0xa6, 0xa6, 0x9b, 0x9b,
    0x59, 0x59, 0x59, 0x5a, 0x5c, 0x5b, 0x5b, 0x5b, 0x5b, 0x56, 0x4f, 0x4b, 0x45, 0x41, 0x3a, 0x2f, 0x22, 0x19, 0x19, 0x19, 0x19, 0x19, 0x19, 0x19,
    0x19, 0x19, 0x19, 0x17, 0x16, 0x16, 0x16, 0x16, 0x16, 0x14, 0x14, 0x14, 0x14, 0x14, 0x11, 0x14, 0x14, 0x11, 0x11, 0x11, 0x11, 0x11, 0x11, 0x12,
    0x0f, 0x0a, 0x0a, 0x0a, 0x0a, 0x0a, 0x0a, 0x0a, 0x0a, 0x0a, 0x09, 0x09, 0x0a, 0x06, 0x05, 0x66, 0xff, 0xf2, 0x4f, 0x41, 0x41, 0x41, 0x3c, 0x3c,
    0x3b, 0x3b, 0x16, 0x00, 0x00, 0x00, 0x00, 0x00, 0x00, 0x00, 0x00, 0x00, 0x00, 0x00, 0x00, 0x01, 0x01, 0x00, 0x00, 0x16, 0x37, 0x2e, 0x37, 0x3f,
    0x42, 0x46, 0x42, 0x42, 0x48, 0x48, 0x48, 0x45, 0x44, 0x48, 0x45, 0x44, 0x44, 0x44, 0x44, 0x44, 0x40, 0x40, 0x40, 0x40, 0x40, 0x40, 0x3b, 0x3b,
    0x3b, 0x37, 0x3b, 0x3b, 0x37, 0x35, 0x35, 0x35, 0x35, 0x2c, 0x2c, 0x35, 0x2c, 0x2c, 0x2c, 0x2c, 0x2c, 0x2c, 0x2c, 0x2c, 0x2c, 0x2c, 0x2c, 0x35,
    0x35, 0x2e, 0x35, 0x35, 0x35, 0x3f, 0x3f, 0x3f, 0x3f, 0x46, 0x46, 0x46, 0x4b, 0x4b, 0x4f, 0x50, 0x50, 0x50, 0x50, 0x60, 0x50, 0x3f, 0x3d, 0x80,
    0xfd, 0xb7, 0xfd, 0xb7, 0x5f, 0xdd, 0x6a, 0x00, 0x06, 0x00, 0x8c, 0xff, 0x63, 0x4e, 0x55, 0x5f, 0x55, 0x3a, 0x00, 0x05, 0x06, 0x16, 0x22, 0x2d,
    0x37, 0x41, 0x47, 0x51, 0x58, 0x79, 0x79, 0x79, 0x79, 0x79, 0x79, 0x79, 0x79, 0x79, 0x79, 0x79, 0x79, 0x79, 0x79, 0x79, 0x79, 0x79, 0x79, 0x79,
    0x79, 0x79, 0x79, 0x81, 0x7a, 0x7a, 0x7a, 0x82, 0x82, 0x85, 0x82, 0x82, 0x85, 0x86, 0x8b, 0x8b, 0x8b, 0x93, 0x8b, 0x8b, 0x8b, 0x93, 0x93, 0x93,
    0x93, 0x93, 0x93, 0x94, 0x99, 0x99, 0x99, 0x95, 0x99, 0x98, 0x98, 0x98, 0xa3, 0xa3, 0xa3, 0x99, 0x99, 0x99, 0xa3, 0xa8, 0xa8, 0xa8, 0xa7, 0xa7,
    0xa7, 0xa8, 0xa5, 0xa5, 0xa5, 0xa7, 0xa7, 0xa5, 0xa7, 0xa5, 0xa5, 0xa5, 0xa7, 0xa4, 0xa5, 0xa5, 0xa7, 0xa4, 0xa5, 0xa2, 0xa4, 0xa4, 0xa4, 0xa4,
    0xa4, 0xa4, 0xa4, 0xa4, 0xa4, 0xa4, 0xa4, 0xa4, 0xa0, 0xad, 0xa0, 0xa0, 0xad, 0xa0, 0xa0, 0xa0, 0xae, 0xae, 0xad, 0xad, 0xae, 0xae, 0xae, 0xae,
    0xae, 0xae, 0xae, 0xb2, 0xb2, 0xb2, 0xb2, 0xb2, 0xb2, 0xb2, 0xb2, 0xb2, 0xb2, 0xb6, 0xb6, 0xb6, 0xb6, 0xb6, 0xb6, 0xbb, 0xbb, 0xbb, 0xbb, 0xbd,
    0xbe, 0xbe, 0xbe, 0xbe, 0xbe, 0xbe, 0xbe, 0xc0, 0xc0, 0xc0, 0xc4, 0xc4, 0xc5, 0xc5, 0xc5, 0xc8, 0xc8, 0xc8, 0xc8, 0xc8, 0xc8, 0xcd, 0xcd, 0xcd,
    0xce, 0xce, 0xce, 0xce, 0xd2, 0xd2, 0xd2, 0xd2, 0xd4, 0xd6, 0xd6, 0xd7, 0xd7, 0xd7, 0xda, 0xda, 0xdd, 0xdd, 0xdd, 0xdf, 0xdf, 0xdf, 0xdf, 0xdf,
    0xe4, 0xe4, 0xe4, 0xe6, 0xe6, 0xe6, 0xe6, 0xe6, 0xe6, 0xe6, 0xea, 0xec, 0xec, 0xec, 0xec, 0xec, 0xec, 0xec, 0xec, 0xec, 0xec, 0xec, 0xec, 0xec,
    0xec, 0xec, 0xec, 0xec, 0xec, 0xea, 0xea, 0xe9, 0xe9, 0xe9, 0xe9, 0xe6, 0xe6, 0xe5, 0xe5, 0xe4, 0xe4, 0xe4, 0xe4, 0xe4, 0xe1, 0xe1, 0xe1, 0xdd,
    0xdd, 0xdb, 0xdb, 0xd9, 0xd9, 0xd9, 0xd7, 0xd6, 0xd5, 0xd4, 0xd4, 0xd3, 0xd2, 0xd0, 0xd0, 0xcf, 0xcc, 0xcc, 0xcb, 0xc9, 0xc9, 0xc7, 0xc6, 0xc6,
    0xc3, 0xc2, 0xc2, 0xc2, 0xbc, 0xbc, 0xba, 0xb9, 0xb9, 0xb8, 0xb8, 0xb3, 0xb3, 0xb3, 0xaf, 0xaf, 0xaf, 0xaf, 0xaf, 0xa6, 0xa6, 0xa6, 0x9b, 0x9b,
    0x59, 0x59, 0x59, 0x5c, 0x5c, 0x5b, 0x5b, 0x5b, 0x5b, 0x56, 0x4f, 0x4b, 0x45, 0x41, 0x3a, 0x2d, 0x22, 0x19, 0x19, 0x19, 0x19, 0x19, 0x19, 0x19,
    0x19, 0x19, 0x19, 0x19, 0x17, 0x16, 0x16, 0x16, 0x16, 0x16, 0x14, 0x14, 0x14, 0x14, 0x14, 0x14, 0x11, 0x11, 0x11, 0x11, 0x0f, 0x11, 0x11, 0x12,
    0x0f, 0x0a, 0x0a, 0x0a, 0x0a, 0x0a, 0x0a, 0x0a, 0x0a, 0x0a, 0x09, 0x06, 0x06, 0x05, 0x00, 0x57, 0xff, 0xfd, 0x51, 0x41, 0x41, 0x41, 0x3c, 0x3c,
    0x3c, 0x3b, 0x0a, 0x00, 0x00, 0x00, 0x00, 0x00, 0x00, 0x00, 0x00, 0x00, 0x00, 0x00, 0x00, 0x01, 0x01, 0x00, 0x00, 0x0a, 0x37, 0x2e, 0x37, 0x42,
    0x41, 0x3f, 0x46, 0x45, 0x44, 0x48, 0x48, 0x44, 0x44, 0x48, 0x45, 0x44, 0x44, 0x44, 0x44, 0x44, 0x40, 0x40, 0x40, 0x40, 0x40, 0x40, 0x3c, 0x3b,
    0x3b, 0x37, 0x3b, 0x3b, 0x37, 0x37, 0x37, 0x35, 0x37, 0x35, 0x2c, 0x30, 0x2c, 0x2c, 0x2c, 0x2c, 0x2c, 0x2c, 0x2c, 0x2c, 0x2c, 0x2c, 0x2c, 0x2c,
    0x35, 0x2c, 0x35, 0x35, 0x35, 0x3f, 0x3f, 0x3f, 0x3f, 0x46, 0x48, 0x46, 0x4b, 0x4f, 0x4b, 0x50, 0x50, 0x56, 0x50, 0x56, 0x50, 0x3e, 0x46, 0xb7,
    0xfb, 0xfd, 0xd0, 0xd8, 0xb7, 0xd5, 0x73, 0x00, 0x06, 0x00, 0x4f, 0xff, 0xcb, 0x4c, 0x55, 0x5f, 0x55, 0x24, 0x03, 0x04, 0x08, 0x16, 0x22, 0x2d,
    0x37, 0x41, 0x47, 0x51, 0x58, 0x79, 0x79, 0x79, 0x79, 0x79, 0x79, 0x79, 0x79, 0x79, 0x79, 0x79, 0x79, 0x79, 0x79, 0x79, 0x79, 0x79, 0x79, 0x79,
    0x79, 0x79, 0x81, 0x7a, 0x7a, 0x7a, 0x7a, 0x82, 0x82, 0x85, 0x82, 0x82, 0x85, 0x86, 0x8b, 0x8b, 0x8b, 0x93, 0x93, 0x8b, 0x93, 0x93, 0x93, 0x93,
    0x93, 0x93, 0x93, 0x94, 0x99, 0x99, 0x99, 0x99, 0x99, 0x98, 0x98, 0x98, 0xa3, 0xa3, 0xa3, 0xa3, 0xa7, 0x99, 0xa3, 0xa8, 0xa8, 0xa8, 0xa7, 0xa7,
    0xa7, 0xa8, 0xa5, 0xa5, 0xa5, 0xa7, 0xa7, 0xa5, 0xa7, 0xa5, 0xa5, 0xa5, 0xa7, 0xa4, 0xa5, 0xa5, 0xa7, 0xa4, 0xa5, 0xa2, 0xa4, 0xa4, 0xa4, 0xa4,
    0xa4, 0xa4, 0xa4, 0xa4, 0xa4, 0xa4, 0xa4, 0xa4, 0xa0, 0xad, 0xa0, 0xa0, 0xad, 0xa0, 0xa0, 0xa0, 0xae, 0xae, 0xad, 0xad, 0xae, 0xae, 0xae, 0xae,
    0xae, 0xae, 0xae, 0xb2, 0xb2, 0xb2, 0xb2, 0xb2, 0xb2, 0xb2, 0xb2, 0xb2, 0xb2, 0xb6, 0xb6, 0xb6, 0xb6, 0xb6, 0xb6, 0xb6, 0xbb, 0xbb, 0xbb, 0xbd,
    0xbe, 0xbe, 0xbe, 0xbe, 0xbe, 0xbe, 0xbe, 0xc0, 0xc0, 0xc0, 0xc4, 0xc4, 0xc5, 0xc5, 0xc5, 0xc8, 0xc8, 0xc8, 0xc8, 0xc8, 0xc8, 0xcd, 0xcd, 0xcd,
    0xcd, 0xce, 0xce, 0xce, 0xd2, 0xd2, 0xd2, 0xd2, 0xd3, 0xd6, 0xd6, 0xd7, 0xd7, 0xd7, 0xda, 0xda, 0xdd, 0xdd, 0xdd, 0xdf, 0xdf, 0xdf, 0xdf, 0xdf,
    0xe4, 0xe4, 0xe4, 0xe6, 0xe6, 0xe6, 0xe6, 0xe6, 0xe6, 0xe6, 0xea, 0xec, 0xec, 0xec, 0xec, 0xec, 0xec, 0xec, 0xec, 0xec, 0xec, 0xec, 0xec, 0xec,
    0xec, 0xec, 0xec, 0xec, 0xec, 0xea, 0xea, 0xe9, 0xe9, 0xe9, 0xe6, 0xe6, 0xe6, 0xe5, 0xe5, 0xe4, 0xe4, 0xe4, 0xe4, 0xe4, 0xe1, 0xe1, 0xe1, 0xdd,
    0xdd, 0xdb, 0xdb, 0xd9, 0xd9, 0xd9, 0xd7, 0xd6, 0xd5, 0xd4, 0xd4, 0xd3, 0xd2, 0xd0, 0xd0, 0xcf, 0xcc, 0xcc, 0xcb, 0xc9, 0xc9, 0xc7, 0xc6, 0xc6,
    0xc3, 0xc2, 0xc2, 0xc2, 0xbc, 0xba, 0xba, 0xb9, 0xb9, 0xb8, 0xb8, 0xb3, 0xb0, 0xb3, 0xaf, 0xaf, 0xaf, 0xaf, 0xaf, 0xa6, 0xa6, 0xa6, 0x9b, 0x9b,
    0x59, 0x59, 0x59, 0x59, 0x5c, 0x5c, 0x5b, 0x5b, 0x5b, 0x54, 0x4f, 0x4b, 0x45, 0x41, 0x3a, 0x2f, 0x24, 0x19, 0x19, 0x19, 0x19, 0x19, 0x19, 0x19,
    0x19, 0x19, 0x19, 0x19, 0x19, 0x17, 0x16, 0x14, 0x16, 0x16, 0x14, 0x14, 0x14, 0x14, 0x11, 0x11, 0x11, 0x11, 0x11, 0x11, 0x11, 0x11, 0x11, 0x12,
    0x0f, 0x0a, 0x0a, 0x0a, 0x0a, 0x0a, 0x0a, 0x0a, 0x0a, 0x0a, 0x06, 0x05, 0x06, 0x0a, 0x00, 0x41, 0xff, 0xfe, 0x58, 0x41, 0x41, 0x41, 0x3c, 0x3c,
    0x3c, 0x37, 0x0a, 0x00, 0x00, 0x00, 0x00, 0x00, 0x00, 0x00, 0x00, 0x00, 0x00, 0x00, 0x00, 0x00, 0x00, 0x01, 0x00, 0x05, 0x2e, 0x2e, 0x37, 0x3c,
    0x3c, 0x33, 0x45, 0x42, 0x45, 0x48, 0x48, 0x48, 0x44, 0x48, 0x44, 0x48, 0x44, 0x44, 0x44, 0x44, 0x40, 0x40, 0x40, 0x40, 0x3f, 0x40, 0x40, 0x3b,
    0x3b, 0x37, 0x3b, 0x3b, 0x37, 0x37, 0x37, 0x35, 0x37, 0x35, 0x2c, 0x2c, 0x2c, 0x2c, 0x35, 0x2c, 0x28, 0x2c, 0x2c, 0x2c, 0x2c, 0x2c, 0x2c, 0x2c,
    0x35, 0x2c, 0x35, 0x35, 0x35, 0x38, 0x3f, 0x3f, 0x3f, 0x46, 0x4a, 0x46, 0x4b, 0x4b, 0x4b, 0x50, 0x50, 0x56, 0x50, 0x56, 0x50, 0x3f, 0x49, 0xb7,
    0xfd, 0xe8, 0xd9, 0xb7, 0x7c, 0xca, 0x64, 0x00, 0x05, 0x00, 0x2d, 0xfe, 0xfd, 0x4d, 0x55, 0x5f, 0x5f, 0x42, 0x03, 0x04, 0x06, 0x16, 0x22, 0x29,
    0x37, 0x41, 0x47, 0x51, 0x58, 0x79, 0x79, 0x79, 0x79, 0x79, 0x79, 0x79, 0x79, 0x79, 0x79, 0x79, 0x79, 0x79, 0x79, 0x79, 0x79, 0x79, 0x79, 0x79,
    0x79, 0x79, 0x81, 0x7a, 0x7a, 0x7a, 0x7a, 0x82, 0x82, 0x85, 0x82, 0x82, 0x85, 0x86, 0x8b, 0x8b, 0x8b, 0x93, 0x93, 0x93, 0x93, 0x93, 0x93, 0x93,
    0x98, 0x98, 0x93, 0x94, 0x99, 0x99, 0x99, 0x99, 0x99, 0x99, 0x99, 0x98, 0xa3, 0xa3, 0xa3, 0xa3, 0xa7, 0x99, 0xa3, 0xa8, 0xa8, 0xa8, 0xa8, 0xa7,
    0xa7, 0xa8, 0xa5, 0xa5, 0xa5, 0xa7, 0xa7, 0xa5, 0xa7, 0xa5, 0xa5, 0xa5, 0xa7, 0xa4, 0xa5, 0xa5, 0xa7, 0xa4, 0xa5, 0xa2, 0xa4, 0xa4, 0xa4, 0xa4,
    0xa4, 0xa4, 0xa4, 0xa4, 0xa4, 0xa4, 0xa4, 0xa4, 0xa0, 0xad, 0xa0, 0xa0, 0xad, 0xa0, 0xa0, 0xa0, 0xae, 0xad, 0xad, 0xad, 0xae, 0xae, 0xae, 0xae,
    0xae, 0xae, 0xae, 0xb2, 0xb2, 0xb2, 0xb2, 0xb2, 0xb2, 0xb2, 0xb2, 0xb2, 0xb2, 0xb6, 0xb6, 0xb6, 0xb6, 0xb6, 0xb6, 0xb6, 0xbb, 0xbb, 0xbb, 0xbd,
    0xbe, 0xbe, 0xbe, 0xbe, 0xbe, 0xbe, 0xbe, 0xc0, 0xc0, 0xc0, 0xc4, 0xc4, 0xc5, 0xc5, 0xc5, 0xc8, 0xc8, 0xc8, 0xc8, 0xc8, 0xc8, 0xcd, 0xcd, 0xcd,
    0xcd, 0xce, 0xce, 0xce, 0xd2, 0xd2, 0xd2, 0xd2, 0xd3, 0xd6, 0xd6, 0xd7, 0xd7, 0xd7, 0xda, 0xda, 0xdd, 0xdd, 0xdd, 0xdf, 0xdf, 0xdf, 0xdf, 0xdf,
    0xe4, 0xe4, 0xe4, 0xe6, 0xe6, 0xe6, 0xe6, 0xe6, 0xe6, 0xe6, 0xea, 0xec, 0xec, 0xec, 0xec, 0xec, 0xec, 0xec, 0xec, 0xec, 0xec, 0xec, 0xec, 0xec,
    0xec, 0xec, 0xec, 0xec, 0xea, 0xea, 0xea, 0xe9, 0xe9, 0xe9, 0xe6, 0xe6, 0xe6, 0xe5, 0xe5, 0xe4, 0xe4, 0xe4, 0xe4, 0xe3, 0xe1, 0xe1, 0xe1, 0xdd,
    0xdd, 0xdb, 0xdb, 0xd9, 0xd9, 0xd9, 0xd7, 0xd6, 0xd5, 0xd4, 0xd4, 0xd3, 0xd2, 0xd0, 0xd0, 0xcf, 0xcc, 0xcc, 0xcb, 0xc9, 0xc9, 0xc7, 0xc6, 0xc6,
    0xc3, 0xc2, 0xc2, 0xc2, 0xbc, 0xba, 0xba, 0xb9, 0xb9, 0xb8, 0xb8, 0xb3, 0xb0, 0xb3, 0xaf, 0xaf, 0xaf, 0xaf, 0xaf, 0xa6, 0xa6, 0xa6, 0x9b, 0x9b,
    0x59, 0x59, 0x59, 0x59, 0x5c, 0x5c, 0x5b, 0x5b, 0x5b, 0x54, 0x4f, 0x4b, 0x45, 0x41, 0x3a, 0x2e, 0x29, 0x19, 0x19, 0x19, 0x19, 0x19, 0x19, 0x19,
    0x19, 0x19, 0x19, 0x19, 0x19, 0x17, 0x16, 0x16, 0x16, 0x14, 0x14, 0x14, 0x14, 0x14, 0x11, 0x11, 0x11, 0x11, 0x11, 0x11, 0x11, 0x0f, 0x11, 0x11,
    0x11, 0x0a, 0x0a, 0x0a, 0x0a, 0x0a, 0x0a, 0x0a, 0x0a, 0x0a, 0x06, 0x06, 0x05, 0x0a, 0x00, 0x37, 0xff, 0xfe, 0x5d, 0x45, 0x45, 0x45, 0x41, 0x3c,
    0x3c, 0x3c, 0x02, 0x00, 0x00, 0x00, 0x00, 0x00, 0x00, 0x00, 0x00, 0x00, 0x00, 0x00, 0x00, 0x01, 0x01, 0x00, 0x01, 0x05, 0x2e, 0x2e, 0x37, 0x3a,
    0x42, 0x38, 0x45, 0x45, 0x48, 0x48, 0x48, 0x48, 0x44, 0x44, 0x48, 0x48, 0x45, 0x45, 0x44, 0x44, 0x42, 0x40, 0x44, 0x44, 0x40, 0x40, 0x40, 0x3c,
    0x40, 0x37, 0x37, 0x3b, 0x3b, 0x37, 0x35, 0x35, 0x35, 0x35, 0x2c, 0x2c, 0x35, 0x2c, 0x2c, 0x2c, 0x2c, 0x2c, 0x2c, 0x2c, 0x2c, 0x2c, 0x2c, 0x2c,
    0x2c, 0x35, 0x35, 0x35, 0x35, 0x38, 0x3f, 0x3f, 0x3f, 0x42, 0x4a, 0x46, 0x4b, 0x50, 0x50, 0x50, 0x50, 0x50, 0x50, 0x50, 0x4f, 0x42, 0x38, 0x80,
    0xfd, 0xa6, 0xf5, 0xb7, 0xb7, 0x72, 0x59, 0x00, 0x04, 0x00, 0x05, 0xfd, 0xfe, 0x4e, 0x55, 0x7c, 0x4d, 0x46, 0x05, 0x04, 0x06, 0x16, 0x22, 0x29,
    0x37, 0x41, 0x47, 0x51, 0x58, 0x79, 0x79, 0x79, 0x79, 0x79, 0x79, 0x79, 0x79, 0x79, 0x79, 0x79, 0x78, 0x79, 0x79, 0x79, 0x79, 0x79, 0x79, 0x79,
    0x79, 0x79, 0x81, 0x7a, 0x7a, 0x7a, 0x7a, 0x82, 0x82, 0x85, 0x82, 0x82, 0x85, 0x86, 0x8b, 0x8b, 0x8b, 0x93, 0x93, 0x93, 0x93, 0x93, 0x93, 0x98,
    0x98, 0x98, 0x98, 0x98, 0x99, 0x99, 0x99, 0x99, 0x99, 0x99, 0x99, 0x98, 0xa3, 0xa3, 0xa3, 0xa3, 0xa7, 0xa7, 0xa3, 0xa8, 0xa8, 0xa8, 0xa8, 0xa7,
    0xa7, 0xa8, 0xa7, 0xa5, 0xa5, 0xa7, 0xa7, 0xa5, 0xa7, 0xa7, 0xa5, 0xa5, 0xa7, 0xa7, 0xa5, 0xa5, 0xa7, 0xa4, 0xa5, 0xa2, 0xa4, 0xa4, 0xa4, 0xa4,
    0xa4, 0xa4, 0xa4, 0xa4, 0xa4, 0xa4, 0xa4, 0xa4, 0xa0, 0xad, 0xa0, 0xa0, 0xad, 0xa0, 0xa0, 0xa0, 0xae, 0xad, 0xad, 0xad, 0xae, 0xae, 0xae, 0xad,
    0xae, 0xae, 0xae, 0xb2, 0xb2, 0xb2, 0xb2, 0xb2, 0xb2, 0xb2, 0xb2, 0xb2, 0xb2, 0xb6, 0xb6, 0xb6, 0xb6, 0xb6, 0xb6, 0xb6, 0xbb, 0xbb, 0xbb, 0xbd,
    0xbe, 0xbe, 0xbe, 0xbe, 0xbe, 0xbe, 0xbe, 0xc0, 0xc0, 0xc0, 0xc4, 0xc4, 0xc5, 0xc5, 0xc5, 0xc8, 0xc8, 0xc8, 0xc8, 0xc8, 0xc8, 0xcd, 0xcd, 0xcd,
    0xcd, 0xce, 0xce, 0xce, 0xd2, 0xd2, 0xd2, 0xd2, 0xd3, 0xd6, 0xd6, 0xd7, 0xd7, 0xd7, 0xd7, 0xda, 0xdd, 0xdd, 0xdd, 0xdf, 0xdf, 0xdf, 0xdf, 0xdf,
    0xe4, 0xe4, 0xe4, 0xe4, 0xe6, 0xe6, 0xe6, 0xe6, 0xe6, 0xe6, 0xea, 0xea, 0xec, 0xec, 0xec, 0xec, 0xec, 0xec, 0xec, 0xec, 0xec, 0xec, 0xec, 0xec,
    0xec, 0xec, 0xec, 0xea, 0xea, 0xea, 0xea, 0xe9, 0xe9, 0xe6, 0xe6, 0xe6, 0xe5, 0xe5, 0xe4, 0xe4, 0xe4, 0xe4, 0xe4, 0xe2, 0xe1, 0xe1, 0xe1, 0xdd,
    0xdd, 0xdb, 0xdb, 0xd9, 0xd9, 0xd9, 0xd7, 0xd6, 0xd5, 0xd4, 0xd4, 0xd3, 0xd2, 0xd0, 0xcf, 0xcf, 0xcc, 0xcc, 0xcb, 0xc9, 0xc9, 0xc7, 0xc6, 0xc6,
    0xc3, 0xc2, 0xc2, 0xc2, 0xbc, 0xba, 0xba, 0xb9, 0xb9, 0xb8, 0xb8, 0xb3, 0xb0, 0xb3, 0xaf, 0xaf, 0xaf, 0xaf, 0xaf, 0xa6, 0xa6, 0xa6, 0x9b, 0x9b,
};

#endif
