/*
 * renesas_logo_data.h
 *
 * Renesas（瑞萨）logo 点阵图数据：170x73 像素（RENESAS_LOGO_WIDTH/HEIGHT），
 * RGB565 格式每像素 1 个 uint16_t，按行优先存储（像素 (x,y) 位于
 * g_renesas_logo_pixels[y * 宽 + x]）。
 * 0x0001（RENESAS_LOGO_TRANSPARENT_RGB565）为透明键色，绘制时跳过该像素
 * 以透出底图。定义 RENESAS_LOGO_IMPLEMENT 的编译单元（bottom_banner.c）
 * 分配数据存储，其余单元只看到 extern 声明。
 */
#ifndef RENESAS_LOGO_DATA_H_
#define RENESAS_LOGO_DATA_H_

#include <stdint.h>

#define RENESAS_LOGO_WIDTH              (170U)
#define RENESAS_LOGO_HEIGHT             (73U)
#define RENESAS_LOGO_TRANSPARENT_RGB565 (0x0001U)

#ifdef RENESAS_LOGO_IMPLEMENT
const uint16_t g_renesas_logo_pixels[RENESAS_LOGO_WIDTH * RENESAS_LOGO_HEIGHT] =
{
    0x0001, 0x0001, 0x0001, 0x0001, 0x0001, 0x0001, 0x0001, 0x0001, 0x0001, 0x0001, 0x0001, 0x0001,
    0x0001, 0x0001, 0x0001, 0x0001, 0x0001, 0x0001, 0x0001, 0x0001, 0x0001, 0x0001, 0x0001, 0x0001,
    0x0001, 0x0001, 0x0001, 0x0001, 0x0001, 0x0001, 0x0001, 0x0001, 0x0001, 0x0001, 0x0001, 0x0001,
    0x0001, 0x0001, 0x0001, 0x0001, 0x0001, 0x0001, 0x0001, 0x0001, 0x0001, 0x0001, 0x0001, 0x0001,
    0x0001, 0x0001, 0x0001, 0x0001, 0x0001, 0x0001, 0x0001, 0x0001, 0x0001, 0x0001, 0x0001, 0x0001,
    0x0001, 0x0001, 0x0001, 0x0001, 0x0001, 0x0001, 0x0001, 0x0001, 0x0001, 0x0001, 0x0001, 0x0001,
    0x0001, 0x0001, 0x0001, 0x0001, 0x0001, 0x0001, 0x0001, 0x0001, 0x0001, 0x0001, 0x0001, 0x0001,
    0x0001, 0x0001, 0x0001, 0x0001, 0x0001, 0x0001, 0x0001, 0x0001, 0x0001, 0x0001, 0x0001, 0x0001,
    0x0001, 0x0001, 0x0001, 0x0001, 0x0001, 0x0001, 0x0001, 0x0001, 0x0001, 0x0001, 0x0001, 0x0001,
    0x0001, 0x0001, 0x0001, 0x0001, 0x0001, 0x0001, 0x0001, 0x0001, 0x0001, 0x0001, 0x0001, 0x0001,
    0x0001, 0x0001, 0x0001, 0x0001, 0x0001, 0x0001, 0x0001, 0x0001, 0x0001, 0x0001, 0x0001, 0x0001,
    0x0001, 0x0001, 0x0001, 0x0001, 0x0001, 0x0001, 0x0001, 0x0001, 0x0001, 0x0001, 0x0001, 0x0001,
    0x0001, 0x0001, 0x0001, 0x0001, 0x0001, 0x0001, 0x0001, 0x0001, 0x0001, 0x0001, 0x0001, 0x0001,
    0x0001, 0x0001, 0x0001, 0x0001, 0x0001, 0x0001, 0x0001, 0x0001, 0x0001, 0x0001, 0x0001, 0x0001,
    0x0001, 0x0001, 0x0001, 0x0001, 0x0001, 0x0001, 0x0001, 0x0001, 0x0001, 0x0001, 0x0001, 0x0001,
    0x0001, 0x0001, 0x0001, 0x0001, 0x0001, 0x0001, 0x0001, 0x0001, 0x0001, 0x0001, 0x0001, 0x0001,
    0x0001, 0x0001, 0x0001, 0x0001, 0x0001, 0x0001, 0x0001, 0x0001, 0x0001, 0x0001, 0x0001, 0x0001,
    0x0001, 0x0001, 0x0001, 0x0001, 0x0001, 0x0001, 0x0001, 0x0001, 0x0001, 0x0001, 0x0001, 0x0001,
    0x0001, 0x0001, 0x0001, 0x0001, 0x0001, 0x0001, 0x0001, 0x0001, 0x0001, 0x0001, 0x0001, 0x0001,
    0x0001, 0x0001, 0x0001, 0x0001, 0x0001, 0x0001, 0x0001, 0x0001, 0x0001, 0x0001, 0x0001, 0x0001,
    0x0001, 0x0001, 0x0001, 0x0001, 0x0001, 0x0001, 0x0001, 0x0001, 0x0001, 0x0001, 0x0001, 0x0001,
    0x0001, 0x0001, 0x0001, 0x0001, 0x0001, 0x0001, 0x0001, 0x0001, 0x0001, 0x0001, 0x0001, 0x0001,
    0x0001, 0x0001, 0x0001, 0x0001, 0x0001, 0x0001, 0x0001, 0x0001, 0x0001, 0x0001, 0x0001, 0x0001,
    0x0001, 0x0001, 0x0001, 0x0001, 0x0001, 0x0001, 0x0001, 0x0001, 0x0001, 0x0001, 0x0001, 0x0001,
    0x0001, 0x0001, 0x0001, 0x0001, 0x0001, 0x0001, 0x0001, 0x0001, 0x0001, 0x0001, 0x0001, 0x0001,
    0x0001, 0x0001, 0x0001, 0x0001, 0x0001, 0x0001, 0x0001, 0x0001, 0x0001, 0x0001, 0x0001, 0x0001,
    0x0001, 0x0001, 0x0001, 0x0001, 0x0001, 0x0001, 0x0001, 0x0001, 0x0001, 0x0001, 0x0001, 0x0001,
    0x0001, 0x0001, 0x0001, 0x0001, 0x0001, 0x0001, 0x0001, 0x0001, 0x0001, 0x0001, 0x0001, 0x0001,
    0x0001, 0x0001, 0x0001, 0x0001, 0x0001, 0x0001, 0x0001, 0x0001, 0x0001, 0x0001, 0x0001, 0x0001,
    0x0001, 0x0001, 0x0001, 0x0001, 0x0001, 0x0001, 0x0001, 0x0001, 0x0001, 0x0001, 0x0001, 0x0001,
    0x0001, 0x0001, 0x0001, 0x0001, 0x0001, 0x0001, 0x0001, 0x0001, 0x0001, 0x0001, 0x0001, 0x0001,
    0x0001, 0x0001, 0x0001, 0x0001, 0x0001, 0x0001, 0x0001, 0x0001, 0x0001, 0x0001, 0x0001, 0x0001,
    0x0001, 0x0001, 0x0001, 0x0001, 0x0001, 0x0001, 0x0001, 0x0001, 0x0001, 0x0001, 0x0001, 0x0001,
    0x0001, 0x0001, 0x0001, 0x0001, 0x0001, 0x0001, 0x0001, 0x0001, 0x0001, 0x0001, 0x0001, 0x0001,
    0x0001, 0x0001, 0x0001, 0x0001, 0x0001, 0x0001, 0x0001, 0x0001, 0x0001, 0x0001, 0x0001, 0x0001,
    0x0001, 0x0001, 0x0001, 0x0001, 0x0001, 0x0001, 0x0001, 0x0001, 0x0001, 0x0001, 0x0001, 0x0001,
    0x0001, 0x0001, 0x0001, 0x0001, 0x0001, 0x0001, 0x0001, 0x0001, 0x0001, 0x0001, 0x0001, 0x0001,
    0x0001, 0x0001, 0x0001, 0x0001, 0x0001, 0x0001, 0x0001, 0x0001, 0x0001, 0x0001, 0x0001, 0x0001,
    0x0001, 0x0001, 0x0001, 0x0001, 0x0001, 0x0001, 0x0001, 0x0001, 0x0001, 0x0001, 0x0001, 0x0001,
    0x0001, 0x0001, 0x0001, 0x0001, 0x0001, 0x0001, 0x0001, 0x0001, 0x0001, 0x0001, 0x0001, 0x0001,
    0x0001, 0x0001, 0x0001, 0x0001, 0x0001, 0x0001, 0x0001, 0x0001, 0x0001, 0x0001, 0x0001, 0x0001,
    0x0001, 0x0001, 0x0001, 0x0001, 0x0001, 0x0001, 0x0001, 0x0001, 0x0001, 0x0001, 0x0001, 0x0001,
    0x0001, 0x0001, 0x0001, 0x0001, 0x0001, 0x0001, 0x0001, 0x0001, 0x0001, 0x0001, 0x0001, 0x0001,
    0x0001, 0x0001, 0x0001, 0x0001, 0x0001, 0x0001, 0x0001, 0x0001, 0x0001, 0x0001, 0x0001, 0x0001,
    0x0001, 0x0001, 0x0001, 0x0001, 0x0001, 0x0001, 0x0001, 0x0001, 0x0001, 0x0001, 0x0001, 0x0001,
    0x0001, 0x0001, 0x0001, 0x0001, 0x0001, 0x0001, 0x0001, 0x0001, 0x0001, 0x0001, 0x0001, 0x0001,
    0x0001, 0x0001, 0x0001, 0x0001, 0x0001, 0x0001, 0x0001, 0x0001, 0x0001, 0x0001, 0x0001, 0x0001,
    0x0001, 0x0001, 0x0001, 0x0001, 0x0001, 0x0001, 0x0001, 0x0001, 0x0001, 0x0001, 0x0001, 0x0001,
    0x0001, 0x0001, 0x0001, 0x0001, 0x0001, 0x0001, 0x0001, 0x0001, 0x0001, 0x0001, 0x0001, 0x0001,
    0x0001, 0x0001, 0x0001, 0x0001, 0x0001, 0x0001, 0x0001, 0x0001, 0x0001, 0x0001, 0x0001, 0x0001,
    0x0001, 0x0001, 0x0001, 0x0001, 0x0001, 0x0001, 0x0001, 0x0001, 0x0001, 0x0001, 0x0001, 0x0001,
    0x0001, 0x0001, 0x0001, 0x0001, 0x0001, 0x0001, 0x0001, 0x0001, 0x0001, 0x0001, 0x0001, 0x0001,
    0x0001, 0x0001, 0x0001, 0x0001, 0x0001, 0x0001, 0x0001, 0x0001, 0x0001, 0x0001, 0x0001, 0x0001,
    0x0001, 0x0001, 0x0001, 0x0001, 0x0001, 0x0001, 0x0001, 0x0001, 0x0001, 0x0001, 0x0001, 0x0001,
    0x0001, 0x0001, 0x0001, 0x0001, 0x0001, 0x0001, 0x0001, 0x0001, 0x0001, 0x0001, 0x0001, 0x0001,
    0x0001, 0x0001, 0x0001, 0x0001, 0x0001, 0x0001, 0x0001, 0x0001, 0x0001, 0x0001, 0x0001, 0x0001,
    0x0001, 0x0001, 0x0001, 0x0001, 0x0001, 0x0001, 0x0001, 0x0001, 0x0001, 0x0001, 0x0001, 0x0001,
    0x0001, 0x0001, 0x0001, 0x0001, 0x0001, 0x0001, 0x0001, 0x0001, 0x0001, 0x0001, 0x0001, 0x0001,
    0x0001, 0x0001, 0x0001, 0x0001, 0x0001, 0x0001, 0x0001, 0x0001, 0x0001, 0x0001, 0x0001, 0x0001,
    0x0001, 0x0001, 0x0001, 0x0001, 0x0001, 0x0001, 0x0001, 0x0001, 0x0001, 0x0001, 0x0001, 0x0001,
    0x0001, 0x0001, 0x0001, 0x0001, 0x0001, 0x0001, 0x0001, 0x0001, 0x0001, 0x0001, 0x0001, 0x0001,
    0x0001, 0x0001, 0x0001, 0x0001, 0x0001, 0x0001, 0x0001, 0x0001, 0x0001, 0x0001, 0x0001, 0x0001,
    0x0001, 0x0001, 0x0001, 0x0001, 0x0001, 0x0001, 0x0001, 0x0001, 0x0001, 0x0001, 0x0001, 0x0001,
    0x0001, 0x0001, 0x0001, 0x0001, 0x0001, 0x0001, 0x0001, 0x0001, 0x0001, 0x0001, 0x0001, 0x0001,
    0x0001, 0x0001, 0x0001, 0x0001, 0x0001, 0x0001, 0x0001, 0x0001, 0x0001, 0x0001, 0x0001, 0x0001,
    0x0001, 0x0001, 0x0001, 0x0001, 0x0001, 0x0001, 0x0001, 0x0001, 0x0001, 0x0001, 0x0001, 0x0001,
    0x0001, 0x0001, 0x0001, 0x0001, 0x0001, 0x0001, 0x0001, 0x0001, 0x0001, 0x0001, 0x0001, 0x0001,
    0x0001, 0x0001, 0x0001, 0x0001, 0x0001, 0x0001, 0x0001, 0x0001, 0x0001, 0x0001, 0x0001, 0x0001,
    0x0001, 0x0001, 0x0001, 0x0001, 0x0001, 0x0001, 0x0001, 0x0001, 0x0001, 0x0001, 0x0001, 0x0001,
    0x0001, 0x0001, 0x0001, 0x0001, 0x0001, 0x0001, 0x0001, 0x0001, 0x0001, 0x0001, 0x0001, 0x0001,
    0x0001, 0x0001, 0x0001, 0x0001, 0x0001, 0x0001, 0x0001, 0x0001, 0x0001, 0x0001, 0x0001, 0x0001,
    0x0001, 0x0001, 0x0001, 0x0001, 0x0001, 0x0001, 0x0001, 0x0001, 0x0001, 0x0001, 0x0001, 0x0001,
    0x0001, 0x0001, 0x0001, 0x0001, 0x0001, 0x0001, 0x0001, 0x0001, 0x0001, 0x0001, 0x0001, 0x0001,
    0x0001, 0x0001, 0x0001, 0x0001, 0x0001, 0x0001, 0x0001, 0x0001, 0x0001, 0x0001, 0x0001, 0x0001,
    0x0001, 0x0001, 0x0001, 0x0001, 0x0001, 0x0001, 0x0001, 0x0001, 0x0001, 0x0001, 0x0001, 0x0001,
    0x0001, 0x0001, 0x0001, 0x0001, 0x0001, 0x0001, 0x0001, 0x0001, 0x0001, 0x0001, 0x0001, 0x0001,
    0x0001, 0x0001, 0x0001, 0x0001, 0x0001, 0x0001, 0x0001, 0x0001, 0x0001, 0x0001, 0x0001, 0x0001,
    0x0001, 0x0001, 0x0001, 0x0001, 0x0001, 0x0001, 0x0001, 0x0001, 0x0001, 0x0001, 0x0001, 0x0001,
    0x0001, 0x0001, 0x0001, 0x0001, 0x0001, 0x0001, 0x0001, 0x0001, 0x0001, 0x0001, 0x0001, 0x0001,
    0x0001, 0x0001, 0x0001, 0x0001, 0x0001, 0x0001, 0x0001, 0x0001, 0x0001, 0x0001, 0x0001, 0x0001,
    0x0001, 0x0001, 0x0001, 0x0001, 0x0001, 0x0001, 0x0001, 0x0001, 0x0001, 0x0001, 0x0001, 0x0001,
    0x0001, 0x0001, 0x0001, 0x0001, 0x0001, 0x0001, 0x0001, 0x0001, 0x0001, 0x0001, 0x0001, 0x0001,
    0x0001, 0x0001, 0x0001, 0x0001, 0x0001, 0x0001, 0x0001, 0x0001, 0x0001, 0x0001, 0x0001, 0x0001,
    0x0001, 0x0001, 0x0001, 0x0001, 0x0001, 0x0001, 0x0001, 0x0001, 0x0001, 0x0001, 0x0001, 0x0001,
    0x0001, 0x0001, 0x0001, 0x0001, 0x0001, 0x0001, 0x0001, 0x0001, 0x0001, 0x0001, 0x0001, 0x0001,
    0x0001, 0x0001, 0x0001, 0x0001, 0x0001, 0x0001, 0x0001, 0x0001, 0x0001, 0x0001, 0x0001, 0x0001,
    0x0001, 0x0001, 0x0001, 0x0001, 0x0001, 0x0001, 0x0001, 0x0001, 0x0001, 0x0001, 0x0001, 0x0001,
    0x0001, 0x0001, 0x0001, 0x0001, 0x0001, 0x0001, 0x0001, 0x0001, 0x0001, 0x0001, 0x0001, 0x0001,
    0x0001, 0x0001, 0x0001, 0x0001, 0x0001, 0x0001, 0x0001, 0x0001, 0x0001, 0x0001, 0x0001, 0x0001,
    0x0001, 0x0001, 0x0001, 0x0001, 0x0001, 0x0001, 0x0001, 0x0001, 0x0001, 0x0001, 0x0001, 0x0001,
    0x0001, 0x0001, 0x0001, 0x0001, 0x0001, 0x0001, 0x0001, 0x0001, 0x0001, 0x0001, 0x0001, 0x0001,
    0x0001, 0x0001, 0x0001, 0x0001, 0x0001, 0x0001, 0x0001, 0x0001, 0x0001, 0x0001, 0x0001, 0x0001,
    0x0001, 0x0001, 0x0001, 0x0001, 0x0001, 0x0001, 0x0001, 0x0001, 0x0001, 0x0001, 0x0001, 0x0001,
    0x0001, 0x0001, 0x0001, 0x0001, 0x0001, 0x0001, 0x0001, 0x0001, 0x0001, 0x0001, 0x0001, 0x0001,
    0x0001, 0x0001, 0x0001, 0x0001, 0x0001, 0x0001, 0x0001, 0x0001, 0x0001, 0x0001, 0x0001, 0x0001,
    0x0001, 0x0001, 0x0001, 0x0001, 0x0001, 0x0001, 0x0001, 0x0001, 0x0001, 0x0001, 0x0001, 0x0001,
    0x0001, 0x0001, 0x0001, 0x0001, 0x0001, 0x0001, 0x0001, 0x0001, 0x0001, 0x0001, 0x0001, 0x0001,
    0x0001, 0x0001, 0x0001, 0x0001, 0x0001, 0x0001, 0x0001, 0x0001, 0x0001, 0x0001, 0x0001, 0x0001,
    0x0001, 0x0001, 0x0001, 0x0001, 0x0001, 0x0001, 0x0001, 0x0001, 0x0001, 0x0001, 0x0001, 0x0001,
    0x0001, 0x0001, 0x0001, 0x0001, 0x0001, 0x0001, 0x0001, 0x0001, 0x0001, 0x0001, 0x0001, 0x0001,
    0x0001, 0x0001, 0x0001, 0x0001, 0x0001, 0x0001, 0x0001, 0x0001, 0x0001, 0x0001, 0x0001, 0x0001,
    0x0001, 0x0001, 0x0001, 0x0001, 0x0001, 0x0001, 0x0001, 0x0001, 0x0001, 0x0001, 0x0001, 0x0001,
    0x0001, 0x0001, 0x0001, 0x0001, 0x0001, 0x0001, 0x0001, 0x0001, 0x0001, 0x0001, 0x0001, 0x0001,
    0x0001, 0x0001, 0x0001, 0x0001, 0x0001, 0x0001, 0x0001, 0x0001, 0x0001, 0x0001, 0x0001, 0x0001,
    0x0001, 0x0001, 0x0001, 0x0001, 0x0001, 0x0001, 0x0001, 0x0001, 0x0001, 0x0001, 0x0001, 0x0001,
    0x0001, 0x0001, 0x0001, 0x0001, 0x0001, 0x0001, 0x0001, 0x0001, 0x0001, 0x0001, 0x0001, 0x0001,
    0x0001, 0x0001, 0x0001, 0x0001, 0x0001, 0x0001, 0x0001, 0x0001, 0x0001, 0x0001, 0x0001, 0x0001,
    0x0001, 0x0001, 0x0001, 0x0001, 0x0001, 0x0001, 0x0001, 0x0001, 0x0001, 0x0001, 0x0001, 0x0001,
    0x0001, 0x0001, 0x0001, 0x0001, 0x0001, 0x0001, 0x0001, 0x0001, 0x0001, 0x0001, 0x0001, 0x0001,
    0x0001, 0x0001, 0x0001, 0x0001, 0x0001, 0x0001, 0x0001, 0x0001, 0x0001, 0x0001, 0x0001, 0x0001,
    0x0001, 0x0001, 0x0001, 0x0001, 0x0001, 0x0001, 0x0001, 0x0001, 0x0001, 0x0001, 0x0001, 0x0001,
    0x0001, 0x0001, 0x0001, 0x0001, 0x0001, 0x0001, 0x0001, 0x0001, 0x0001, 0x0001, 0x0001, 0x0001,
    0x0001, 0x0001, 0x0001, 0x0001, 0x0001, 0x0001, 0x0001, 0x0001, 0x0001, 0x0001, 0x0001, 0x0001,
    0x0001, 0x0001, 0x0001, 0x0001, 0x0001, 0x0001, 0x0001, 0x0001, 0x0001, 0x0001, 0x0001, 0x0001,
    0x0001, 0x0001, 0x0001, 0x0001, 0x0001, 0x0001, 0x0001, 0x0001, 0x0001, 0x0001, 0x0001, 0x0001,
    0x0001, 0x0001, 0x0001, 0x0001, 0x0001, 0x0001, 0x0001, 0x0001, 0x0001, 0x0001, 0x0001, 0x0001,
    0x0001, 0x0001, 0x0001, 0x0001, 0x0001, 0x0001, 0x0001, 0x0001, 0x0001, 0x0001, 0x0001, 0x0001,
    0x0001, 0x0001, 0x0001, 0x0001, 0x0001, 0x0001, 0x0001, 0x0001, 0x0001, 0x0001, 0x0001, 0x0001,
    0x0001, 0x0001, 0x0001, 0x0001, 0x0001, 0x0001, 0x0001, 0x0001, 0x0001, 0x0001, 0x0001, 0x0001,
    0x0001, 0x0001, 0x0001, 0x0001, 0x0001, 0x0001, 0x0001, 0x0001, 0x0001, 0x0001, 0x0001, 0x0001,
    0x0001, 0x0001, 0x0001, 0x0001, 0x0001, 0x0001, 0x0001, 0x0001, 0x0001, 0x0001, 0x0001, 0x0001,
    0x0001, 0x0001, 0x0001, 0x0001, 0x0001, 0x0001, 0x0001, 0x0001, 0x0001, 0x0001, 0x0001, 0x0001,
    0x0001, 0x0001, 0x0001, 0x0001, 0x0001, 0x0001, 0x0001, 0x0001, 0x0001, 0x0001, 0x0001, 0x0001,
    0x0001, 0x0001, 0x0001, 0x0001, 0x0001, 0x0001, 0x0001, 0x0001, 0x0001, 0x0001, 0x0001, 0x0001,
    0x0001, 0x0001, 0x0001, 0x0001, 0x0001, 0x0001, 0x0001, 0x0001, 0x0001, 0x0001, 0x0001, 0x0001,
    0x0001, 0x0001, 0x0001, 0x0001, 0x0001, 0x0001, 0x0001, 0x0001, 0x0001, 0x0001, 0x0001, 0x0001,
    0x0001, 0x0001, 0x0001, 0x0001, 0x0001, 0x0001, 0x0001, 0x0001, 0x0001, 0x0001, 0x0001, 0x0001,
    0x0001, 0x0001, 0x0001, 0x0001, 0x0001, 0x0001, 0x0001, 0x0001, 0x0001, 0x0001, 0x0001, 0x0001,
    0x0001, 0x0001, 0x0001, 0x0001, 0x0001, 0x0001, 0x0001, 0x0001, 0x0001, 0x0001, 0x0001, 0x0001,
    0x0001, 0x0001, 0x0001, 0x0001, 0x0001, 0x0001, 0x0001, 0x0001, 0x0001, 0x0001, 0x0001, 0x0001,
    0x0001, 0x0001, 0x0001, 0x0001, 0x0001, 0x0001, 0x0001, 0x0001, 0x0001, 0x0001, 0x0001, 0x0001,
    0x0001, 0x0001, 0x0001, 0x0001, 0x0001, 0x0001, 0x0001, 0x0001, 0x0001, 0x0001, 0x0001, 0x0001,
    0x0001, 0x0001, 0x0001, 0x0001, 0x0001, 0x0001, 0x0001, 0x0001, 0x0001, 0x0001, 0x0001, 0x0001,
    0x0001, 0x0001, 0x0001, 0x0001, 0x0001, 0x0001, 0x0001, 0x0001, 0x0001, 0x0001, 0x0001, 0x0001,
    0x0001, 0x0001, 0x0001, 0x0001, 0x0001, 0x0001, 0x0001, 0x0001, 0x0001, 0x0001, 0x0001, 0x0001,
    0x0001, 0x0001, 0x0001, 0x0001, 0x0001, 0x0001, 0x0001, 0x0001, 0x0001, 0x0001, 0x0001, 0x0001,
    0x0001, 0x0001, 0x0001, 0x0001, 0x0001, 0x0001, 0x0001, 0x0001, 0x0001, 0x0001, 0x0001, 0x0001,
    0x0001, 0x0001, 0x0001, 0x0001, 0x0001, 0x0001, 0x0001, 0x0001, 0x0001, 0x0001, 0x0001, 0x0001,
    0x0001, 0x0001, 0x0001, 0x0001, 0x0001, 0x0001, 0x0001, 0x0001, 0x0001, 0x0001, 0x0001, 0x0001,
    0x0001, 0x0001, 0x0001, 0x0001, 0x0001, 0x0001, 0x0001, 0x0001, 0x0001, 0x0001, 0x0001, 0x0001,
    0x0001, 0x0001, 0x0001, 0x0001, 0x0001, 0x0001, 0x0001, 0x0001, 0x0001, 0x0001, 0x0001, 0x0001,
    0x0001, 0x0001, 0x0001, 0x0001, 0x0001, 0x0001, 0x0001, 0x0001, 0x0001, 0x0001, 0x0001, 0x0001,
    0x0001, 0x0001, 0x0001, 0x0001, 0x0001, 0x0001, 0x0001, 0x0001, 0x0001, 0x0001, 0x0001, 0x0001,
    0x0001, 0x0001, 0x0001, 0x0001, 0x0001, 0x0001, 0x0001, 0x0001, 0x0001, 0x0001, 0x0001, 0x0001,
    0x0001, 0x0001, 0x0001, 0x0001, 0x0001, 0x0001, 0x0001, 0x0001, 0x0001, 0x0001, 0x0001, 0x0001,
    0x0001, 0x0001, 0x0001, 0x0001, 0x0001, 0x0001, 0x0001, 0x0001, 0x0001, 0x0001, 0x0001, 0x0001,
    0x0001, 0x0001, 0x0001, 0x0001, 0x0001, 0x0001, 0x0001, 0x0001, 0x0001, 0x0001, 0x0001, 0x0001,
    0x0001, 0x0001, 0x0001, 0x0001, 0x0001, 0x0001, 0x0001, 0x0001, 0x0001, 0x0001, 0x0001, 0x0001,
    0x0001, 0x0001, 0x0001, 0x0001, 0x0001, 0x0001, 0x0001, 0x0001, 0x0001, 0x0001, 0x0001, 0x0001,
    0x0001, 0x0001, 0x0001, 0x0001, 0x0001, 0x0001, 0x0001, 0x0001, 0x0001, 0x0001, 0x0001, 0x0001,
    0x0001, 0x0001, 0x0001, 0x0001, 0x0001, 0x0001, 0x0001, 0x0001, 0x0001, 0x0001, 0x0001, 0x0001,
    0x0001, 0x0001, 0x0001, 0x0001, 0x0001, 0x0001, 0x0001, 0x0001, 0x0001, 0x0001, 0x0001, 0x0001,
    0x0001, 0x0001, 0x0001, 0x0001, 0x0001, 0x0001, 0x0001, 0x0001, 0x0001, 0x0001, 0x0001, 0x0001,
    0x0001, 0x0001, 0x0001, 0x0001, 0x0001, 0x0001, 0x0001, 0x0001, 0x0001, 0x0001, 0x0001, 0x0001,
    0x0001, 0x0001, 0x0001, 0x0001, 0x0001, 0x0001, 0x0001, 0x0001, 0x0001, 0x0001, 0x0001, 0x0001,
    0x0001, 0x0001, 0x0001, 0x0001, 0x0001, 0x0001, 0x0001, 0x0001, 0x0001, 0x0001, 0x0001, 0x0001,
    0x0001, 0x0001, 0x0001, 0x0001, 0x0001, 0x0001, 0x0001, 0x0001, 0x0001, 0x0001, 0x0001, 0x0001,
    0x0001, 0x0001, 0x0001, 0x0001, 0x0001, 0x0001, 0x0001, 0x0001, 0x0001, 0x0001, 0x0001, 0x0001,
    0x0001, 0x0001, 0x0001, 0x0001, 0x0001, 0x0001, 0x0001, 0x0001, 0x0001, 0x0001, 0x0001, 0x0001,
    0x0001, 0x0001, 0x0001, 0x0001, 0x0001, 0x0001, 0x0001, 0x0001, 0x0001, 0x0001, 0x0001, 0x0001,
    0x0001, 0x0001, 0x0001, 0x0001, 0x0001, 0x0001, 0x0001, 0x0001, 0x0001, 0x0001, 0x0001, 0x0001,
    0x0001, 0x0001, 0x0001, 0x0001, 0x0001, 0x0001, 0x0001, 0x0001, 0x0001, 0x0001, 0x0001, 0x0001,
    0x0001, 0x0001, 0x0001, 0x0001, 0x0001, 0x0001, 0x0001, 0x0001, 0x0001, 0x0001, 0x0001, 0x0001,
    0x0001, 0x0001, 0x0001, 0x0001, 0x0001, 0x0001, 0x0001, 0x0001, 0x0001, 0x0001, 0x0001, 0x0001,
    0x0001, 0x0001, 0x0001, 0x0001, 0x0001, 0x0001, 0x0001, 0x0001, 0x0001, 0x0001, 0x0001, 0x0001,
    0x0001, 0x0001, 0x0001, 0x0001, 0x0001, 0x0001, 0x0001, 0x0001, 0x0001, 0x0001, 0x0001, 0x0001,
    0x0001, 0x0001, 0x0001, 0x0001, 0x0001, 0x0001, 0x0001, 0x0001, 0x0001, 0x0001, 0x0001, 0x0001,
    0x0001, 0x0001, 0x0001, 0x0001, 0x0001, 0x0001, 0x0001, 0x0001, 0x0001, 0x0001, 0x0001, 0x0001,
    0x0001, 0x0001, 0x0001, 0x0001, 0x0001, 0x0001, 0x0001, 0x0001, 0x0001, 0x0001, 0x0001, 0x0001,
    0x0001, 0x0001, 0x0001, 0x0001, 0x0001, 0x0001, 0x0001, 0x0001, 0x0001, 0x0001, 0x0001, 0x0001,
    0x0001, 0x0001, 0x0001, 0x0001, 0x0001, 0x0001, 0x0001, 0x0001, 0x0001, 0x0001, 0x0001, 0x0001,
    0x0001, 0x0001, 0x0001, 0x0001, 0x0001, 0x0001, 0x0001, 0x0001, 0x0001, 0x0001, 0x0001, 0x0001,
    0x0001, 0x0001, 0x0001, 0x0001, 0x0001, 0x0001, 0x0001, 0x0001, 0x0001, 0x0001, 0x0001, 0x0001,
    0x0001, 0x0001, 0x0001, 0x0001, 0x0001, 0x0001, 0x0001, 0xDEFD, 0xDEDD, 0xDEDD, 0xD6BD, 0xD69D,
    0xD69D, 0xD6BD, 0xD6BD, 0xD6BD, 0xD6BD, 0xD6BD, 0xD6BD, 0xD6BD, 0xD6BD, 0xD6BD, 0xD6BD, 0xD6BD,
    0xD6BD, 0xD6BD, 0xD6BD, 0xD6BD, 0xD6BD, 0xD6BD, 0xD6BD, 0xD6BD, 0xD6BD, 0xD6BD, 0xD6BD, 0xD6BD,
    0xD6BD, 0xD6BD, 0xD6BD, 0xD6BD, 0xD6BD, 0xD6BD, 0xD6BD, 0xD6BD, 0xD6BD, 0xD6BD, 0xD6BD, 0xD6BD,
    0xD6BD, 0xD6BD, 0xD6BD, 0xD6BD, 0xD6BD, 0xD6BD, 0xD6BD, 0xD6BD, 0xD6BD, 0xD6BD, 0xD6BD, 0xD6BD,
    0xD6BD, 0xD6BD, 0xD6BD, 0xD6BD, 0xD6BD, 0xD6BD, 0xD6BD, 0xD69D, 0xD69D, 0xD6DD, 0xDEDD, 0xDEFD,
    0x0001, 0x0001, 0x0001, 0x0001, 0x0001, 0x0001, 0x0001, 0x0001, 0x0001, 0xDEDB, 0xD69A, 0xDEFB,
    0x0001, 0x0001, 0x0001, 0x0001, 0x0001, 0x0001, 0x0001, 0x0001, 0x0001, 0x0001, 0x0001, 0x0001,
    0x0001, 0x0001, 0x0001, 0x0001, 0x0001, 0x0001, 0x0001, 0x0001, 0x0001, 0x0001, 0x0001, 0x0001,
    0x0001, 0x0001, 0x0001, 0x0001, 0x0001, 0x0001, 0x0001, 0x0001, 0x0001, 0x0001, 0x0001, 0x0001,
    0x0001, 0x0001, 0x0001, 0x0001, 0x0001, 0x0001, 0x0001, 0x0001, 0x0001, 0x0001, 0x0001, 0x0001,
    0x0001, 0x0001, 0x0001, 0x0001, 0x0001, 0x0001, 0x0001, 0x0001, 0x0001, 0x0001, 0x0001, 0x0001,
    0x0001, 0x0001, 0x0001, 0x0001, 0x0001, 0x0001, 0x0001, 0x0001, 0x0001, 0x0001, 0x0001, 0x0001,
    0x0001, 0x0001, 0x0001, 0x0001, 0x0001, 0x0001, 0x0001, 0x0001, 0x0001, 0x0001, 0x0001, 0x0001,
    0x0001, 0xD69D, 0xB5FD, 0x9D3B, 0x847A, 0x6BD9, 0x5B59, 0x52F9, 0x4AB8, 0x3A78, 0x3A58, 0x3237,
    0x3238, 0x29F7, 0x29F7, 0x29F7, 0x29F7, 0x29F7, 0x29F7, 0x29F7, 0x29F7, 0x2A17, 0x2A17, 0x2A17,
    0x2A17, 0x2A17, 0x2A17, 0x2A17, 0x2A17, 0x2A17, 0x2A17, 0x2A17, 0x2A17, 0x2A17, 0x29F7, 0x29F7,
    0x29F7, 0x29F7, 0x2A17, 0x2A17, 0x2A17, 0x2A17, 0x2A17, 0x2A17, 0x2A17, 0x2A17, 0x29F7, 0x29F7,
    0x29F7, 0x29F7, 0x29F7, 0x29F7, 0x29F7, 0x29F7, 0x29F7, 0x29F7, 0x29F7, 0x29F7, 0x2A17, 0x2A17,
    0x29F7, 0x2A17, 0x29F7, 0x29F7, 0x29F7, 0x2A17, 0x2A17, 0x29F7, 0x29F7, 0x29F7, 0x31F7, 0x3238,
    0x3237, 0x3A78, 0x42B8, 0x5318, 0x6379, 0x7419, 0x8CDB, 0xB5BC, 0xCE9D, 0x0001, 0x0001, 0xE6FB,
    0xC638, 0xAD76, 0x94B3, 0x8431, 0x8410, 0x8C72, 0xAD55, 0xC639, 0xDEFC, 0x0001, 0x0001, 0x0001,
    0x0001, 0x0001, 0x0001, 0x0001, 0x0001, 0x0001, 0x0001, 0x0001, 0x0001, 0x0001, 0x0001, 0x0001,
    0x0001, 0x0001, 0x0001, 0x0001, 0x0001, 0x0001, 0x0001, 0x0001, 0x0001, 0x0001, 0x0001, 0x0001,
    0x0001, 0x0001, 0x0001, 0x0001, 0x0001, 0x0001, 0x0001, 0x0001, 0x0001, 0x0001, 0x0001, 0x0001,
    0x0001, 0x0001, 0x0001, 0x0001, 0x0001, 0x0001, 0x0001, 0x0001, 0x0001, 0x0001, 0x0001, 0x0001,
    0x0001, 0x0001, 0x0001, 0x0001, 0x0001, 0x0001, 0x0001, 0x0001, 0x0001, 0x0001, 0x0001, 0x0001,
    0x0001, 0x0001, 0x0001, 0x0001, 0x0001, 0x0001, 0x0001, 0x0001, 0x0001, 0x0001, 0xDEFD, 0xBDFC,
    0x8C9A, 0x6399, 0x4AB8, 0x3217, 0x21B7, 0x21B8, 0x19B8, 0x19B8, 0x19B8, 0x21D8, 0x21D8, 0x21F8,
    0x21F8, 0x21F8, 0x21F8, 0x29F8, 0x29F8, 0x2A18, 0x2A18, 0x2A18, 0x29F8, 0x29F8, 0x29F9, 0x29F9,
    0x29F9, 0x29F9, 0x29F9, 0x29F9, 0x29F9, 0x29F9, 0x29F9, 0x29F9, 0x29F8, 0x29F8, 0x29F8, 0x29F8,
    0x29F8, 0x29F8, 0x29F8, 0x29F8, 0x29F8, 0x29F8, 0x29F8, 0x29F8, 0x2218, 0x2218, 0x2218, 0x2218,
    0x29F8, 0x29F8, 0x2A18, 0x2A18, 0x29F8, 0x29F8, 0x29F8, 0x29F8, 0x29F8, 0x29F8, 0x29F8, 0x29F8,
    0x29F8, 0x29F8, 0x29F8, 0x29F8, 0x29F9, 0x29F9, 0x29F9, 0x29F9, 0x29F9, 0x29F9, 0x29F8, 0x29F8,
    0x29F8, 0x29F8, 0x29F8, 0x21F8, 0x21D8, 0x21B8, 0x21B8, 0x19B7, 0x19B7, 0x21B7, 0x3218, 0x4AD8,
    0x6BD9, 0xAD7C, 0xDEFE, 0xF7BF, 0xFFDE, 0xE6FB, 0xBDD7, 0x9492, 0x630C, 0x4208, 0x39E8, 0x52AB,
    0x738E, 0x9492, 0xB5B7, 0xD69A, 0x0001, 0x0001, 0x0001, 0x0001, 0x0001, 0x0001, 0x0001, 0x0001,
    0x0001, 0x0001, 0x0001, 0x0001, 0x0001, 0x0001, 0x0001, 0x0001, 0x0001, 0x0001, 0x0001, 0x0001,
    0x0001, 0x0001, 0x0001, 0x0001, 0x0001, 0x0001, 0x0001, 0x0001, 0x0001, 0x0001, 0x0001, 0x0001,
    0x0001, 0x0001, 0x0001, 0x0001, 0x0001, 0x0001, 0x0001, 0x0001, 0x0001, 0x0001, 0x0001, 0x0001,
    0x0001, 0x0001, 0x0001, 0x0001, 0x0001, 0x0001, 0x0001, 0x0001, 0x0001, 0x0001, 0x0001, 0x0001,
    0x0001, 0x0001, 0x0001, 0x0001, 0x0001, 0x0001, 0x0001, 0x0001, 0x0001, 0xCE9D, 0x9D1B, 0x6379,
    0x3A58, 0x21B7, 0x19B8, 0x19B8, 0x21D8, 0x29F8, 0x29F9, 0x2A18, 0x2A18, 0x2A18, 0x2A18, 0x2A18,
    0x2A18, 0x2A18, 0x2A18, 0x2A18, 0x2A18, 0x2A18, 0x2A18, 0x2A18, 0x2A18, 0x2A18, 0x29F8, 0x29F8,
    0x29F8, 0x29F8, 0x29F8, 0x29F8, 0x29F8, 0x29F8, 0x2A18, 0x2A18, 0x2A18, 0x2A18, 0x2A18, 0x2A18,
    0x2A18, 0x2A18, 0x29F8, 0x29F8, 0x29F8, 0x29F8, 0x29F8, 0x29F8, 0x29F8, 0x29F8, 0x2A18, 0x2A18,
    0x2A18, 0x2A18, 0x2A18, 0x2A18, 0x2A18, 0x2A18, 0x29F8, 0x29F8, 0x29F8, 0x29F8, 0x29F8, 0x29F8,
    0x29F8, 0x29F8, 0x29F8, 0x29F8, 0x29F8, 0x29F8, 0x29F8, 0x29F8, 0x29F8, 0x2A18, 0x2A18, 0x2A18,
    0x2A18, 0x29F8, 0x29F8, 0x29F8, 0x29F8, 0x2A18, 0x2A18, 0x2A18, 0x2A18, 0x2A18, 0x2A18, 0x2A18,
    0x29F8, 0x21D8, 0x19B8, 0x1997, 0x3217, 0x5B59, 0x9D3B, 0xE71E, 0x0001, 0x0001, 0x0001, 0xD6BB,
    0xA514, 0x630C, 0x31A6, 0x2966, 0x31A7, 0x4229, 0x5ACB, 0x73AF, 0xA514, 0xCE59, 0x0001, 0x0001,
    0x0001, 0x0001, 0x0001, 0x0001, 0x0001, 0x0001, 0x0001, 0x0001, 0x0001, 0x0001, 0x0001, 0x0001,
    0x0001, 0x0001, 0x0001, 0x0001, 0x0001, 0x0001, 0x0001, 0x0001, 0x0001, 0x0001, 0x0001, 0x0001,
    0x0001, 0x0001, 0x0001, 0x0001, 0x0001, 0x0001, 0x0001, 0x0001, 0x0001, 0x0001, 0x0001, 0x0001,
    0x0001, 0x0001, 0x0001, 0x0001, 0x0001, 0x0001, 0x0001, 0x0001, 0x0001, 0x0001, 0x0001, 0x0001,
    0x0001, 0x0001, 0x0001, 0x0001, 0x0001, 0x0001, 0x0001, 0x0001, 0x0001, 0xA57B, 0x5B78, 0x3217,
    0x1997, 0x19B8, 0x21F8, 0x2218, 0x2A18, 0x2A18, 0x2A18, 0x2A18, 0x2A18, 0x2A18, 0x2A19, 0x2A18,
    0x31F8, 0x2A18, 0x2A18, 0x2A18, 0x2A18, 0x29F8, 0x29F8, 0x29F8, 0x29F8, 0x29F8, 0x29F8, 0x29F8,
    0x29F8, 0x29F8, 0x29F8, 0x29F8, 0x29F8, 0x29F8, 0x29F8, 0x29F8, 0x29F8, 0x29F8, 0x29F8, 0x29F8,
    0x2A18, 0x2A18, 0x2A18, 0x2A18, 0x2A18, 0x2A18, 0x2A18, 0x2A18, 0x29F8, 0x29F8, 0x29F8, 0x29F8,
    0x2A18, 0x2A18, 0x2A18, 0x2A18, 0x29F8, 0x29F8, 0x29F8, 0x29F8, 0x2A18, 0x2A18, 0x2A18, 0x2A18,
    0x2A18, 0x2A18, 0x2A18, 0x29F8, 0x29F8, 0x29F8, 0x29F8, 0x29F8, 0x29F8, 0x29F8, 0x29F8, 0x2A18,
    0x29F8, 0x29F8, 0x29F8, 0x29F8, 0x29F8, 0x29F8, 0x29F8, 0x29F8, 0x29F8, 0x29F8, 0x2A18, 0x29F8,
    0x29F8, 0x29F8, 0x2A18, 0x2A18, 0x2A18, 0x2A18, 0x29F8, 0x21B8, 0x19B8, 0x3A58, 0x7C3A, 0xCE9D,
    0x0001, 0x0001, 0x0001, 0x0001, 0xCE59, 0x8410, 0x4229, 0x39C7, 0x39E7, 0x39C7, 0x31A7, 0x39E8,
    0x5ACB, 0x7BEF, 0xB596, 0xDEFB, 0x0001, 0x0001, 0x0001, 0x0001, 0x0001, 0x0001, 0x0001, 0x0001,
    0x0001, 0x0001, 0x0001, 0x0001, 0x0001, 0x0001, 0x0001, 0x0001, 0x0001, 0x0001, 0x0001, 0x0001,
    0x0001, 0x0001, 0x0001, 0x0001, 0x0001, 0x0001, 0x0001, 0x0001, 0x0001, 0x0001, 0x0001, 0x0001,
    0x0001, 0x0001, 0x0001, 0x0001, 0x0001, 0x0001, 0x0001, 0x0001, 0x0001, 0x0001, 0x0001, 0x0001,
    0x0001, 0x0001, 0x0001, 0x0001, 0x0001, 0x0001, 0x0001, 0x0001, 0xD6DD, 0x8C7A, 0x3A78, 0x21B7,
    0x21B8, 0x29F8, 0x2A19, 0x2A19, 0x2A18, 0x29F8, 0x2A18, 0x2A18, 0x29F8, 0x21D8, 0x1998, 0x1998,
    0x1998, 0x1998, 0x19B8, 0x21B8, 0x21F8, 0x2A18, 0x29F8, 0x29F8, 0x29F8, 0x29F8, 0x29F8, 0x29F8,
    0x29F8, 0x29F8, 0x29F8, 0x29F8, 0x29F8, 0x29F8, 0x29F8, 0x29F8, 0x29F8, 0x29F8, 0x29F8, 0x29F8,
    0x29F8, 0x29F8, 0x29F8, 0x29F8, 0x29F8, 0x29F8, 0x29F8, 0x29F8, 0x29F8, 0x29F8, 0x29F8, 0x29F8,
    0x29F8, 0x29F8, 0x29F8, 0x29F8, 0x29F8, 0x29F8, 0x29F8, 0x29F8, 0x29F8, 0x29F8, 0x29F8, 0x29F8,
    0x29F8, 0x29F8, 0x29F8, 0x29F8, 0x29F8, 0x29F8, 0x29F8, 0x29F8, 0x29F8, 0x2A18, 0x2A18, 0x2A18,
    0x2A18, 0x2A18, 0x29F8, 0x29F8, 0x29F8, 0x2A18, 0x2A18, 0x2A18, 0x2A18, 0x2A18, 0x29F8, 0x29F8,
    0x29F8, 0x29F8, 0x29F8, 0x29F8, 0x29F8, 0x29F8, 0x29F8, 0x2A18, 0x2A18, 0x2A18, 0x2A18, 0x21F8,
    0x1997, 0x3218, 0x7C3A, 0xDEFD, 0x0001, 0x0001, 0x0001, 0x0001, 0xD6BA, 0x8430, 0x4208, 0x39C7,
    0x4229, 0x4208, 0x39E7, 0x31A7, 0x31A7, 0x4A69, 0x73AE, 0xAD76, 0xE71C, 0x0001, 0x0001, 0x0001,
    0x0001, 0x0001, 0x0001, 0x0001, 0x0001, 0x0001, 0x0001, 0x0001, 0x0001, 0x0001, 0x0001, 0x0001,
    0x0001, 0x0001, 0x0001, 0x0001, 0x0001, 0x0001, 0x0001, 0x0001, 0x0001, 0x0001, 0x0001, 0x0001,
    0x0001, 0x0001, 0x0001, 0x0001, 0x0001, 0x0001, 0x0001, 0x0001, 0x0001, 0x0001, 0x0001, 0x0001,
    0x0001, 0x0001, 0x0001, 0x0001, 0x0001, 0x0001, 0x0001, 0x0001, 0xDF1D, 0x847A, 0x3257, 0x1997,
    0x21D8, 0x2A18, 0x2A18, 0x29F8, 0x2A18, 0x29F8, 0x29F8, 0x2A18, 0x21D8, 0x1997, 0x29F8, 0x4AD9,
    0x6BB9, 0x7C3A, 0x8CBA, 0x849B, 0x6BD9, 0x5B59, 0x3A58, 0x1997, 0x21F8, 0x29F8, 0x29F8, 0x29F8,
    0x2A18, 0x2A18, 0x2A18, 0x2A18, 0x2A18, 0x2A18, 0x2A18, 0x2A18, 0x29F8, 0x29F8, 0x2A18, 0x2A18,
    0x29F8, 0x29F8, 0x29F8, 0x29F8, 0x29F8, 0x29F8, 0x29F8, 0x2A18, 0x29F8, 0x29F8, 0x29F8, 0x29F8,
    0x29F8, 0x2A18, 0x2A18, 0x2A18, 0x2A18, 0x2A18, 0x2A18, 0x2A18, 0x29F8, 0x29F8, 0x29F8, 0x29F8,
    0x2A18, 0x2A18, 0x2A18, 0x2A18, 0x2A18, 0x2A18, 0x2A18, 0x29F8, 0x29F8, 0x29F8, 0x29F8, 0x29F8,
    0x2A18, 0x2A18, 0x2A18, 0x2A18, 0x29F8, 0x29F8, 0x29F8, 0x29F8, 0x2A18, 0x2A18, 0x2A18, 0x2A18,
    0x2A18, 0x2A18, 0x2A18, 0x2A18, 0x2A18, 0x2A18, 0x2A18, 0x29F8, 0x29F8, 0x2A18, 0x2A18, 0x29F8,
    0x29F8, 0x29F8, 0x2A18, 0x21F8, 0x19B8, 0x3A58, 0xA55B, 0x0001, 0x0001, 0x0001, 0x0001, 0x0001,
    0xCE7A, 0x738E, 0x39C7, 0x39E8, 0x4229, 0x4208, 0x4208, 0x39E8, 0x39C7, 0x39C7, 0x4A6A, 0x8410,
    0xC638, 0x0001, 0x0001, 0x0001, 0x0001, 0x0001, 0x0001, 0x0001, 0x0001, 0x0001, 0x0001, 0x0001,
    0x0001, 0x0001, 0x0001, 0x0001, 0x0001, 0x0001, 0x0001, 0x0001, 0x0001, 0x0001, 0x0001, 0x0001,
    0x0001, 0x0001, 0x0001, 0x0001, 0x0001, 0x0001, 0x0001, 0x0001, 0x0001, 0x0001, 0x0001, 0x0001,
    0x0001, 0x0001, 0x0001, 0x0001, 0x0001, 0x0001, 0x0001, 0x0001, 0x0001, 0x9D1B, 0x3A78, 0x1997,
    0x21F8, 0x2A18, 0x2A18, 0x2218, 0x29F8, 0x29F8, 0x29F8, 0x29F8, 0x2A18, 0x21D8, 0x4AD8, 0x94FB,
    0xBE1C, 0xC63C, 0xC63D, 0xBE1D, 0xCE9D, 0xEF7F, 0xFFFF, 0xFFFF, 0xE73E, 0x9CFB, 0x3218, 0x29F8,
    0x2A18, 0x2A18, 0x29F8, 0x21F8, 0x21F8, 0x21F8, 0x21F8, 0x21F8, 0x21F8, 0x21D8, 0x29F8, 0x29F8,
    0x21F8, 0x21F8, 0x29F8, 0x2A18, 0x29F8, 0x29F8, 0x29F8, 0x29F8, 0x29F8, 0x21F8, 0x29F8, 0x29F8,
    0x2A18, 0x2A18, 0x29F8, 0x21F8, 0x21F8, 0x21F8, 0x21F8, 0x21F8, 0x21F8, 0x21D8, 0x29F8, 0x2A18,
    0x2A18, 0x29F8, 0x21F8, 0x21F8, 0x21F8, 0x21F8, 0x21F8, 0x21F8, 0x21F8, 0x29F8, 0x29F8, 0x29F8,
    0x29F8, 0x29F8, 0x2A18, 0x2A18, 0x21F8, 0x21F8, 0x29F8, 0x29F8, 0x29F8, 0x29F8, 0x29F8, 0x2A18,
    0x2A18, 0x29F8, 0x21F8, 0x21F8, 0x21F8, 0x21F8, 0x21F8, 0x21F8, 0x21F8, 0x29F8, 0x29F8, 0x29F8,
    0x29F8, 0x29F8, 0x29F8, 0x29F8, 0x29F8, 0x29F8, 0x2A18, 0x21F8, 0x21B7, 0x6BB9, 0xDF1E, 0x0001,
    0x0001, 0x0001, 0x0001, 0x0001, 0xB596, 0x4A6A, 0x39C7, 0x4228, 0x4208, 0x4208, 0x4208, 0x4208,
    0x39E8, 0x31A7, 0x39E8, 0x632D, 0xAD75, 0x0001, 0x0001, 0x0001, 0x0001, 0x0001, 0x0001, 0x0001,
    0x0001, 0x0001, 0x0001, 0x0001, 0x0001, 0x0001, 0x0001, 0x0001, 0x0001, 0x0001, 0x0001, 0x0001,
    0x0001, 0x0001, 0x0001, 0x0001, 0x0001, 0x0001, 0x0001, 0x0001, 0x0001, 0x0001, 0x0001, 0x0001,
    0x0001, 0x0001, 0x0001, 0x0001, 0x0001, 0x0001, 0x0001, 0x0001, 0x0001, 0xD69D, 0x5B59, 0x21B7,
    0x21F8, 0x2A18, 0x2A18, 0x29F8, 0x29F8, 0x29F8, 0x29F8, 0x29F8, 0x29F8, 0x2A18, 0x21D8, 0x5B59,
    0xB5FC, 0x7C3A, 0x4AD8, 0x2A18, 0x2197, 0x1997, 0x19B7, 0x3237, 0x9D3B, 0xFFFF, 0xFFFF, 0xFFFF,
    0x9D1B, 0x21B7, 0x29F8, 0x1997, 0x2A18, 0x3258, 0x3258, 0x3A58, 0x3258, 0x3258, 0x3258, 0x3A78,
    0x29F8, 0x3238, 0x3A78, 0x3A78, 0x3218, 0x21B8, 0x2A18, 0x29F8, 0x2A18, 0x21F8, 0x3238, 0x3A78,
    0x2A18, 0x29F8, 0x29F8, 0x21B7, 0x29F7, 0x3A58, 0x3A58, 0x3258, 0x3258, 0x3258, 0x3258, 0x3A78,
    0x3238, 0x21F8, 0x2198, 0x29F7, 0x3A58, 0x3A58, 0x3258, 0x3258, 0x3258, 0x3A38, 0x3A78, 0x3259,
    0x29F8, 0x2A18, 0x29F8, 0x2A18, 0x21D8, 0x29F7, 0x3A58, 0x3A78, 0x2A18, 0x21F8, 0x29F8, 0x29F8,
    0x2A18, 0x21B8, 0x21D7, 0x3258, 0x3258, 0x3258, 0x3258, 0x3258, 0x3258, 0x3A58, 0x3A79, 0x2A18,
    0x29F8, 0x29F8, 0x29F8, 0x29F8, 0x29F8, 0x29F8, 0x29F8, 0x2218, 0x2A18, 0x2A18, 0x2A19, 0x1998,
    0x4AB8, 0xCE9D, 0x0001, 0x0001, 0x0001, 0x0001, 0x0001, 0xDEFB, 0x6B6E, 0x31A7, 0x4208, 0x4208,
    0x4208, 0x4208, 0x4208, 0x4208, 0x4208, 0x39C7, 0x31A7, 0x5ACB, 0xAD55, 0x0001, 0x0001, 0x0001,
    0x0001, 0x0001, 0x0001, 0x0001, 0x0001, 0x0001, 0x0001, 0x0001, 0x0001, 0x0001, 0x0001, 0x0001,
    0x0001, 0x0001, 0x0001, 0x0001, 0x0001, 0x0001, 0x0001, 0x0001, 0x0001, 0x0001, 0x0001, 0x0001,
    0x0001, 0x0001, 0x0001, 0x0001, 0x0001, 0x0001, 0x0001, 0x0001, 0x0001, 0x0001, 0xAD7C, 0x3237,
    0x19B8, 0x2A18, 0x29F8, 0x29F8, 0x29F8, 0x29F8, 0x29F8, 0x29F8, 0x29F8, 0x29F8, 0x29F8, 0x29F8,
    0x21F8, 0x3A78, 0x3218, 0x1998, 0x21D8, 0x29F8, 0x2A18, 0x2A18, 0x3219, 0x21D8, 0x3238, 0xEF5E,
    0xFFFF, 0xFFFF, 0xCE9D, 0x1997, 0x4298, 0xAD7C, 0xDEFD, 0xEF7F, 0xEF7E, 0xEF9E, 0xEF7E, 0xEF7E,
    0xEF9E, 0xAD9C, 0x1977, 0x7C5B, 0xE75E, 0xDF3E, 0xDEFE, 0x7C3A, 0x21B7, 0x2A18, 0x2A18, 0x19B7,
    0x8CBB, 0xE75E, 0x4AF9, 0x21B8, 0x3237, 0x94FB, 0xDEDD, 0xEF7F, 0xEF7F, 0xEF7F, 0xEF7E, 0xEF7F,
    0xEF9F, 0xCE7D, 0x2A37, 0x3238, 0x9D3B, 0xD6DD, 0xE75E, 0xEF9F, 0xEF9F, 0xEF7F, 0xEF7F, 0xEF7E,
    0xE71E, 0x52F8, 0x21D8, 0x2A18, 0x2A19, 0x21B8, 0x5B59, 0xCE9D, 0xE73E, 0xE75E, 0xADBC, 0x21D7,
    0x2A18, 0x2A18, 0x21D8, 0x6BB9, 0xCE5D, 0xE71E, 0xEF9F, 0xEF7E, 0xEF7E, 0xEF7F, 0xEF7E, 0xF79F,
    0x94DB, 0x21B7, 0x2A18, 0x29F8, 0x29F8, 0x29F8, 0x29F8, 0x29F8, 0x29F8, 0x2A18, 0x2A18, 0x29F8,
    0x29F8, 0x2A18, 0x21D8, 0x3A37, 0xBE3D, 0x0001, 0x0001, 0x0001, 0x0001, 0x0001, 0x0001, 0x8C72,
    0x39C7, 0x4208, 0x4208, 0x4208, 0x4208, 0x4208, 0x4208, 0x4208, 0x4228, 0x39E8, 0x31A7, 0x5AEC,
    0xB5B6, 0x0001, 0x0001, 0x0001, 0x0001, 0x0001, 0x0001, 0x0001, 0x0001, 0x0001, 0x0001, 0x0001,
    0x0001, 0x0001, 0x0001, 0x0001, 0x0001, 0x0001, 0x0001, 0x0001, 0x0001, 0x0001, 0x0001, 0x0001,
    0x0001, 0x0001, 0x0001, 0x0001, 0x0001, 0x0001, 0x0001, 0x0001, 0x0001, 0x0001, 0x0001, 0x8C9B,
    0x21B7, 0x21F8, 0x2A18, 0x29F8, 0x2A18, 0x29F8, 0x29F8, 0x29F8, 0x29F8, 0x29F8, 0x29F8, 0x29F8,
    0x29F8, 0x29F8, 0x2A18, 0x21F8, 0x29F8, 0x2A18, 0x2A18, 0x2A18, 0x29F8, 0x29F8, 0x2A18, 0x1997,
    0x73F9, 0xFFDF, 0xFFFF, 0xFFFF, 0x847B, 0x21B7, 0xCE9D, 0xFFFF, 0xFFFF, 0xA55B, 0x6B99, 0x6BB9,
    0x6BB9, 0x6BB9, 0x6BB9, 0x42B8, 0x1978, 0x8CBB, 0xFFFF, 0xFFFF, 0xFFFF, 0xFFFF, 0x7419, 0x1998,
    0x2A38, 0x1998, 0xA53C, 0xFFFF, 0x5339, 0x1977, 0xAD7C, 0xFFFF, 0xFFFF, 0xB5FC, 0x6BB9, 0x6BB9,
    0x6BB9, 0x63B8, 0x6BD9, 0x4AF8, 0x1998, 0x9D5B, 0xFFFF, 0xFFFF, 0xE71D, 0x6398, 0x6379, 0x6BB9,
    0x6BB9, 0x6BB9, 0x5B38, 0x29F8, 0x29F8, 0x2A18, 0x21F8, 0x3A58, 0xE73E, 0xFFFF, 0xFFFF, 0xFFFF,
    0xFFFF, 0x6BD9, 0x21B8, 0x21D8, 0x4AD9, 0xF7DF, 0xFFFF, 0xFFFF, 0x94BA, 0x5B38, 0x6BB9, 0x6BB9,
    0x6BB9, 0x6B99, 0x3A58, 0x21F8, 0x2A18, 0x29F8, 0x29F8, 0x29F8, 0x29F8, 0x29F8, 0x29F8, 0x2A18,
    0x2A18, 0x29F8, 0x29F8, 0x29F8, 0x2A18, 0x21D8, 0x3237, 0xC65D, 0x0001, 0x0001, 0x0001, 0x0001,
    0x0001, 0x0001, 0xA514, 0x39C7, 0x4208, 0x4208, 0x4208, 0x4208, 0x4208, 0x4208, 0x4208, 0x4208,
    0x4228, 0x39E7, 0x39C7, 0x738E, 0xD6BA, 0x0001, 0x0001, 0x0001, 0x0001, 0x0001, 0x0001, 0x0001,
    0x0001, 0x0001, 0x0001, 0x0001, 0x0001, 0x0001, 0x0001, 0x0001, 0x0001, 0x0001, 0x0001, 0x0001,
    0x0001, 0x0001, 0x0001, 0x0001, 0x0001, 0x0001, 0x0001, 0x0001, 0x0001, 0x0001, 0x0001, 0x0001,
    0x7C3A, 0x1997, 0x29F9, 0x2A18, 0x2218, 0x2A18, 0x29F8, 0x29F8, 0x29F8, 0x29F8, 0x29F8, 0x29F8,
    0x29F8, 0x29F8, 0x29F8, 0x29F8, 0x29F8, 0x29F8, 0x29F9, 0x29F8, 0x29F8, 0x29F8, 0x2A18, 0x21F8,
    0x29F7, 0x845A, 0xF7BE, 0xFFFF, 0xF7BF, 0x94FA, 0x2197, 0x52F8, 0xFFDF, 0xFFFF, 0xDEDD, 0x1997,
    0x0937, 0x1157, 0x1137, 0x1157, 0x1157, 0x29F8, 0x1997, 0x8C9B, 0xFFFF, 0xBDDB, 0xF79E, 0xFFFF,
    0xF7BF, 0x5B59, 0x21B8, 0x21B7, 0x9D3B, 0xFFFF, 0x52F9, 0x2A18, 0xE73E, 0xFFFF, 0xEF9F, 0x3A37,
    0x0917, 0x1157, 0x1137, 0x1157, 0x1157, 0x21B8, 0x21B8, 0xB5BC, 0xFFFF, 0xFFDF, 0xDF1D, 0x73D9,
    0x3238, 0x1957, 0x1157, 0x1998, 0x21D9, 0x2A18, 0x29F8, 0x2A19, 0x1998, 0xA55B, 0xFFFF, 0xEF5E,
    0x8C9A, 0xF7BF, 0xFFFF, 0xDF1E, 0x3258, 0x19B8, 0x5B59, 0xFFFF, 0xFFFF, 0xFFDF, 0x9D1B, 0x4AB8,
    0x19B7, 0x1137, 0x1158, 0x19B8, 0x29F8, 0x29F8, 0x29F8, 0x29F8, 0x29F8, 0x29F8, 0x29F8, 0x29F8,
    0x29F8, 0x2A18, 0x2A18, 0x29F8, 0x29F8, 0x29F8, 0x29F8, 0x2A19, 0x21D8, 0x3A57, 0xD6BD, 0x0001,
    0x0001, 0x0001, 0x0001, 0x0001, 0x0001, 0xAD76, 0x39C7, 0x4208, 0x4208, 0x4208, 0x4208, 0x4208,
    0x4208, 0x4208, 0x4208, 0x4208, 0x4208, 0x31A7, 0x4229, 0xA514, 0x0001, 0x0001, 0x0001, 0x0001,
    0x0001, 0x0001, 0x0001, 0x0001, 0x0001, 0x0001, 0x0001, 0x0001, 0x0001, 0x0001, 0x0001, 0x0001,
    0x0001, 0x0001, 0x0001, 0x0001, 0x0001, 0x0001, 0x0001, 0x0001, 0x0001, 0x0001, 0x0001, 0x0001,
    0x0001, 0x743A, 0x1997, 0x2A18, 0x2A18, 0x2A18, 0x2A18, 0x29F8, 0x29F8, 0x29F8, 0x29F8, 0x29F8,
    0x29F8, 0x29F8, 0x29F8, 0x29F8, 0x2A18, 0x29F8, 0x29F8, 0x21F8, 0x29F8, 0x3217, 0x2A17, 0x3217,
    0x29F8, 0x3A38, 0xCE7D, 0xFFFF, 0xFFFF, 0xC65D, 0x5318, 0x21B7, 0x19D8, 0x5B39, 0xFFDF, 0xFFFF,
    0xF77E, 0xB5FC, 0xB5DC, 0xB5FC, 0xB5DC, 0xB5DC, 0xB5DC, 0x5319, 0x1157, 0x8C9B, 0xFFFF, 0x6378,
    0x847A, 0xFFFF, 0xFFFF, 0xE75E, 0x4AB8, 0x1177, 0x9D3B, 0xFFFF, 0x4AF9, 0x3258, 0xE75E, 0xFFFF,
    0xFFBF, 0xBE1D, 0xB5DC, 0xB5DC, 0xB5DC, 0xB5DC, 0xB5FC, 0x6399, 0x1998, 0x4AD8, 0xD6BD, 0xFFFF,
    0xFFFF, 0xFFFF, 0xEF7E, 0xBE1C, 0x7C5A, 0x42B8, 0x21B7, 0x21F8, 0x2A18, 0x21B8, 0x5B38, 0xF7BF,
    0xFFFF, 0xA55B, 0x1157, 0xB5DC, 0xFFFF, 0xFFFF, 0x9D1B, 0x19B7, 0x29F8, 0x951B, 0xFFDF, 0xFFFF,
    0xFFFF, 0xFFFF, 0xD6DD, 0x9CFB, 0x5B59, 0x29F8, 0x21D8, 0x2A18, 0x29F8, 0x29F9, 0x29F8, 0x2A18,
    0x2A18, 0x29F8, 0x29F8, 0x2A18, 0x2A18, 0x29F8, 0x29F8, 0x29F8, 0x29F8, 0x29F8, 0x2A18, 0x21B8,
    0x52F8, 0x0001, 0x0001, 0x0001, 0x0001, 0x0001, 0x0001, 0x0001, 0xA514, 0x39C7, 0x4208, 0x4208,
    0x4208, 0x4208, 0x4208, 0x4208, 0x4208, 0x4208, 0x4208, 0x4228, 0x39E8, 0x31A7, 0x73AF, 0x0001,
    0x0001, 0x0001, 0x0001, 0x0001, 0x0001, 0x0001, 0x0001, 0x0001, 0x0001, 0x0001, 0x0001, 0x0001,
    0x0001, 0x0001, 0x0001, 0x0001, 0x0001, 0x0001, 0x0001, 0x0001, 0x0001, 0x0001, 0x0001, 0x0001,
    0x0001, 0x0001, 0x849A, 0x1997, 0x29F9, 0x2A18, 0x2A18, 0x29F8, 0x29F8, 0x29F8, 0x29F8, 0x29F8,
    0x29F8, 0x29F8, 0x29F8, 0x29F8, 0x29F8, 0x29F8, 0x29F8, 0x2A19, 0x29F9, 0x2A18, 0xB5FC, 0xE73E,
    0xDF1D, 0xDEFD, 0x52F9, 0x21D7, 0xCE9D, 0xFFFF, 0xFFFF, 0xA55B, 0x1157, 0x3239, 0x21B7, 0x5339,
    0xFFFF, 0xFFFF, 0xF79E, 0xCE7C, 0xC67C, 0xC67D, 0xC67C, 0xCE7C, 0xADBC, 0x3A58, 0x1977, 0x8C9B,
    0xFFFF, 0x73DA, 0x1956, 0xADBC, 0xFFFF, 0xFFFF, 0xD6DE, 0x21D7, 0x9D1C, 0xFFFF, 0x4AF9, 0x3238,
    0xEF7E, 0xFFFF, 0xFFDF, 0xD69C, 0xC67C, 0xCE7C, 0xCE7C, 0xCE7C, 0xBE1C, 0x4AB8, 0x21F8, 0x21D8,
    0x3217, 0x7C3A, 0xBE3D, 0xF79E, 0xFFFF, 0xFFFF, 0xFFFF, 0xEF7E, 0x9D5B, 0x3A58, 0x21F8, 0x29F7,
    0xC67D, 0xFFFF, 0xE75E, 0x3A98, 0x19B8, 0x4AD8, 0xF79F, 0xFFFF, 0xF79F, 0x5318, 0x21D8, 0x21D8,
    0x5B39, 0xA57C, 0xDEFE, 0xFFFF, 0xFFFF, 0xFFFF, 0xFFDF, 0xCE7D, 0x5B79, 0x21B8, 0x2A18, 0x29F8,
    0x29F8, 0x2A18, 0x2A18, 0x29F8, 0x29F8, 0x29F8, 0x29F8, 0x29F8, 0x29F8, 0x29F8, 0x29F8, 0x29F8,
    0x29F8, 0x2A38, 0x1997, 0x7C1A, 0x0001, 0x0001, 0x0001, 0x0001, 0x0001, 0x0001, 0x0001, 0x8C72,
    0x31A7, 0x4228, 0x4208, 0x4208, 0x4208, 0x4208, 0x4208, 0x4208, 0x4208, 0x4208, 0x4208, 0x4208,
    0x31A7, 0x5ACB, 0xD69A, 0x0001, 0x0001, 0x0001, 0x0001, 0x0001, 0x0001, 0x0001, 0x0001, 0x0001,
    0x0001, 0x0001, 0x0001, 0x0001, 0x0001, 0x0001, 0x0001, 0x0001, 0x0001, 0x0001, 0x0001, 0x0001,
    0x0001, 0x0001, 0x0001, 0xA57B, 0x21B7, 0x29F9, 0x29F8, 0x2A18, 0x29F8, 0x29F8, 0x29F8, 0x29F8,
    0x29F8, 0x29F8, 0x29F8, 0x29F8, 0x29F8, 0x29F8, 0x29F8, 0x29F8, 0x29F8, 0x29F8, 0x21F8, 0x29F8,
    0xD6BD, 0xFFFF, 0xFFFF, 0xFFFF, 0x5B59, 0x1998, 0x4298, 0xDF1E, 0xFFFF, 0xF7BF, 0x6BD9, 0x19B8,
    0x21D8, 0x5339, 0xFFDF, 0xFFFF, 0xD6BD, 0x21B7, 0x1997, 0x19B7, 0x1997, 0x1997, 0x19B7, 0x2A19,
    0x1997, 0x8C9B, 0xFFFF, 0x73DA, 0x1998, 0x2A18, 0xC65D, 0xFFFF, 0xFFFF, 0xADBC, 0xA51B, 0xFFFF,
    0x52F9, 0x3258, 0xEF5E, 0xFFFF, 0xEF7E, 0x3A37, 0x1177, 0x21B7, 0x2197, 0x2197, 0x1997, 0x21F8,
    0x29F8, 0x2A18, 0x21F8, 0x19B8, 0x21D8, 0x4298, 0x7C5A, 0xBE3C, 0xF79F, 0xFFFF, 0xFFFF, 0xC65D,
    0x1997, 0x847A, 0xFFFF, 0xFFFF, 0x849A, 0x1998, 0x2A39, 0x19B7, 0x9D1B, 0xFFFF, 0xFFFF, 0xC65D,
    0x29D8, 0x2A19, 0x21D8, 0x19B7, 0x3258, 0x6399, 0xA55B, 0xDF1E, 0xFFDF, 0xFFFF, 0xF7BF, 0x5B38,
    0x21D8, 0x2A18, 0x29F8, 0x2A18, 0x2A18, 0x29F8, 0x29F8, 0x29F8, 0x29F8, 0x29F8, 0x29F8, 0x29F8,
    0x29F8, 0x29F8, 0x2A18, 0x2A18, 0x2A19, 0x21D7, 0xB5FC, 0x0001, 0x0001, 0x0001, 0x0001, 0x0001,
    0x0001, 0x0001, 0x6B6D, 0x39C7, 0x4208, 0x4208, 0x4208, 0x4208, 0x4208, 0x4208, 0x4208, 0x4208,
    0x4208, 0x4208, 0x4228, 0x39C7, 0x4A49, 0xCE59, 0x0001, 0x0001, 0x0001, 0x0001, 0x0001, 0x0001,
    0x0001, 0x0001, 0x0001, 0x0001, 0x0001, 0x0001, 0x0001, 0x0001, 0x0001, 0x0001, 0x0001, 0x0001,
    0x0001, 0x0001, 0x0001, 0x0001, 0xD6BD, 0x3218, 0x21F8, 0x2A18, 0x29F8, 0x29F8, 0x29F8, 0x29F8,
    0x29F8, 0x29F8, 0x29F8, 0x29F8, 0x29F8, 0x29F8, 0x29F8, 0x29F8, 0x29F8, 0x29F8, 0x29F8, 0x2A18,
    0x21F9, 0x2A18, 0xD6BD, 0xFFFF, 0xFFFF, 0xFFDF, 0x5339, 0x21D8, 0x21D8, 0x42B8, 0xD6BE, 0xFFFF,
    0xEF7E, 0x5B38, 0x1998, 0x4299, 0xEF9E, 0xFFFF, 0xE77E, 0x52F8, 0x21B7, 0x29F8, 0x21F7, 0x21F7,
    0x21D7, 0x3217, 0x1997, 0x849B, 0xFFFF, 0x6BD9, 0x19B8, 0x21F9, 0x3A58, 0xDEFE, 0xFFFF, 0xFFDF,
    0xF77E, 0xFFBF, 0x5319, 0x19B7, 0xD69D, 0xFFFF, 0xF7DF, 0x6BB9, 0x21B7, 0x29F8, 0x21D8, 0x21F7,
    0x21F8, 0x29F7, 0x2A18, 0x21D8, 0x29D7, 0x29F7, 0x21D7, 0x19B7, 0x1996, 0x1955, 0x94DA, 0xFFFF,
    0xFFFF, 0xEF9F, 0x4AD7, 0xE73E, 0xFFFF, 0xD6DE, 0x3218, 0x21B8, 0x29D7, 0x21B7, 0x3236, 0xDF1D,
    0xFFFF, 0xFFFF, 0x7419, 0x1976, 0x29F7, 0x21F7, 0x21B7, 0x1997, 0x1156, 0x4AD7, 0xEF7E, 0xFFDF,
    0xFFFF, 0x845B, 0x1998, 0x2A18, 0x2A18, 0x2A18, 0x2A18, 0x29F8, 0x29F8, 0x29F8, 0x29F8, 0x29F8,
    0x29F8, 0x29F8, 0x29F8, 0x29F8, 0x29F8, 0x29F8, 0x2A18, 0x19D8, 0x52F8, 0x0001, 0x0001, 0x0001,
    0x0001, 0x0001, 0x0001, 0x0001, 0xDEDB, 0x4A49, 0x39E8, 0x4208, 0x4208, 0x4208, 0x4208, 0x4208,
    0x4208, 0x4208, 0x4208, 0x4208, 0x4208, 0x4228, 0x39E8, 0x4229, 0xC639, 0x0001, 0x0001, 0x0001,
    0x0001, 0x0001, 0x0001, 0x0001, 0x0001, 0x0001, 0x0001, 0x0001, 0x0001, 0x0001, 0x0001, 0x0001,
    0x0001, 0x0001, 0x0001, 0x0001, 0x0001, 0x0001, 0x6378, 0x19B8, 0x2A18, 0x29F8, 0x29F8, 0x29F8,
    0x29F8, 0x29F8, 0x29F8, 0x29F8, 0x29F8, 0x29F8, 0x29F8, 0x29F8, 0x29F8, 0x29F8, 0x29F8, 0x29F8,
    0x29F8, 0x29F8, 0x29F8, 0x2A18, 0xC65D, 0xF7BF, 0xEF9F, 0xEF7E, 0x5319, 0x21D8, 0x2A18, 0x21D8,
    0x3237, 0xB5BC, 0xFFFF, 0xF79F, 0x5B39, 0x1157, 0x7C5A, 0xF7BF, 0xFFFF, 0xFFDF, 0xDEFE, 0xDEFF,
    0xDEFE, 0xDEFE, 0xDF1E, 0xBE3D, 0x29B7, 0x8C9B, 0xFFFF, 0x73F9, 0x1997, 0x2A39, 0x21B8, 0x4AF8,
    0xE75E, 0xFFFF, 0xFFFF, 0xFFFF, 0x5B39, 0x1198, 0x6379, 0xE73E, 0xFFFF, 0xFFFF, 0xDF1E, 0xDEFF,
    0xDEFE, 0xDEFE, 0xDEFE, 0xD6DE, 0x4298, 0x7C1A, 0xDF1F, 0xDEFE, 0xDF1E, 0xDF1E, 0xDF1E, 0xDF1E,
    0xF7BF, 0xFFFF, 0xFFDF, 0x94BA, 0xB5BC, 0xFFFF, 0xFFFF, 0x6BF9, 0x1177, 0x6399, 0xD6DE, 0xDF1E,
    0xD6FE, 0xFFDF, 0xFFFF, 0xFFFF, 0xFFFF, 0xDEFE, 0xDF1E, 0xDEFF, 0xDEFE, 0xDF1E, 0xDF1F, 0xEF5E,
    0xFFFF, 0xFFFF, 0xCE9D, 0x4278, 0x21F8, 0x2A18, 0x29F8, 0x2A18, 0x2A18, 0x29F8, 0x29F8, 0x29F8,
    0x29F8, 0x29F8, 0x29F8, 0x2A18, 0x2A18, 0x29F8, 0x29F8, 0x29F8, 0x29F8, 0x2A18, 0x21B7, 0xA53B,
    0x0001, 0x0001, 0x0001, 0x0001, 0x0001, 0x0001, 0x0001, 0xA534, 0x31A7, 0x4208, 0x4208, 0x4208,
    0x4208, 0x4208, 0x4208, 0x4208, 0x4208, 0x4208, 0x4208, 0x4208, 0x4208, 0x39E8, 0x4A49, 0xD6BA,
    0x0001, 0x0001, 0x0001, 0x0001, 0x0001, 0x0001, 0x0001, 0x0001, 0x0001, 0x0001, 0x0001, 0x0001,
    0x0001, 0x0001, 0x0001, 0x0001, 0x0001, 0x0001, 0x0001, 0xAD7B, 0x21B7, 0x2A18, 0x2A18, 0x29F8,
    0x29F8, 0x29F8, 0x29F8, 0x29F8, 0x29F8, 0x29F8, 0x29F8, 0x29F8, 0x29F8, 0x29F8, 0x29F8, 0x29F8,
    0x29F8, 0x29F8, 0x2A18, 0x29F8, 0x29F9, 0x2A18, 0x3A58, 0x4298, 0x4278, 0x3A78, 0x2A18, 0x2218,
    0x2A18, 0x2A18, 0x21F8, 0x21D7, 0x7419, 0xE73E, 0xFFDF, 0x73F9, 0x1157, 0x4298, 0x7C3A, 0x8CBB,
    0x94FB, 0x94FB, 0x94FB, 0x94FB, 0x9CFB, 0x6BBA, 0x2197, 0x5339, 0x94DB, 0x4AD9, 0x21D8, 0x2A18,
    0x2A19, 0x21B8, 0x42B8, 0x847A, 0x8CBB, 0x8CBB, 0x4278, 0x21F8, 0x21D8, 0x3A57, 0x73D9, 0x8CBB,
    0x94FB, 0x94FB, 0x94DC, 0x94DB, 0x9CFC, 0x7C1A, 0x29F8, 0x7C3A, 0x9CFB, 0x94FB, 0x94FB, 0x94FB,
    0x94FB, 0x94FB, 0x8CDB, 0x7C5A, 0x4AF8, 0x3218, 0x8C9B, 0x8CBB, 0x7C3A, 0x29F8, 0x21D8, 0x63BA,
    0x951B, 0x94FB, 0x94FB, 0x8CDB, 0x8CBB, 0x8CBB, 0x8CBB, 0x94FB, 0x94FB, 0x94FB, 0x94FB, 0x94FB,
    0x94FB, 0x94FB, 0x849A, 0x6399, 0x3218, 0x21D8, 0x2A18, 0x29F8, 0x29F8, 0x2A18, 0x2A18, 0x29F8,
    0x29F8, 0x29F8, 0x29F8, 0x29F8, 0x29F8, 0x2A18, 0x2A18, 0x29F8, 0x29F8, 0x29F8, 0x29F8, 0x2A18,
    0x21D8, 0x52D8, 0x0001, 0x0001, 0x0001, 0x0001, 0x0001, 0x0001, 0x0001, 0x0001, 0x630C, 0x39C7,
    0x4208, 0x4208, 0x4208, 0x4208, 0x4208, 0x4208, 0x4208, 0x4208, 0x4208, 0x4208, 0x4208, 0x4228,
    0x39C7, 0x5ACB, 0x0001, 0x0001, 0x0001, 0x0001, 0x0001, 0x0001, 0x0001, 0x0001, 0x0001, 0x0001,
    0x0001, 0x0001, 0x0001, 0x0001, 0x0001, 0x0001, 0x0001, 0x0001, 0x0001, 0x4AD8, 0x21D8, 0x2A19,
    0x29F8, 0x29F8, 0x29F8, 0x29F8, 0x29F8, 0x29F8, 0x29F8, 0x29F8, 0x29F8, 0x29F8, 0x29F8, 0x29F8,
    0x29F8, 0x29F8, 0x29F8, 0x29F8, 0x2A18, 0x2218, 0x29F8, 0x2A18, 0x21F8, 0x21D8, 0x21D8, 0x21D8,
    0x2218, 0x2A18, 0x2A18, 0x29F8, 0x2A18, 0x2A19, 0x19B8, 0x3A58, 0x9CFB, 0xEF7E, 0xAD7C, 0x3238,
    0x1977, 0x1998, 0x1997, 0x1997, 0x1997, 0x1998, 0x1997, 0x19D8, 0x2A18, 0x21D8, 0x1997, 0x29D8,
    0x2A18, 0x2A18, 0x29F8, 0x2A19, 0x21D8, 0x1997, 0x1998, 0x1997, 0x29F8, 0x29F8, 0x2A18, 0x21D8,
    0x19B8, 0x1997, 0x1997, 0x1998, 0x1998, 0x1997, 0x1998, 0x19B8, 0x2218, 0x19B7, 0x1997, 0x1997,
    0x1997, 0x1997, 0x1997, 0x1998, 0x1998, 0x1997, 0x21D8, 0x21F9, 0x1997, 0x1997, 0x19B8, 0x2A18,
    0x2A18, 0x21B8, 0x1977, 0x1997, 0x1997, 0x1997, 0x1997, 0x1997, 0x1997, 0x1997, 0x1997, 0x1997,
    0x1997, 0x1997, 0x1997, 0x1997, 0x1998, 0x21B8, 0x29F8, 0x2A18, 0x29F8, 0x29F8, 0x29F8, 0x2A18,
    0x2A18, 0x29F8, 0x29F8, 0x29F8, 0x29F8, 0x29F8, 0x29F8, 0x2A18, 0x2A18, 0x29F8, 0x29F8, 0x29F8,
    0x29F8, 0x29F8, 0x2A18, 0x21B7, 0xB5BC, 0x0001, 0x0001, 0x0001, 0x0001, 0x0001, 0x0001, 0x0001,
    0xBDD7, 0x39C7, 0x4208, 0x4208, 0x4208, 0x4208, 0x4208, 0x4208, 0x4208, 0x4208, 0x4208, 0x4208,
    0x4208, 0x4208, 0x4228, 0x31A7, 0x7BF0, 0x0001, 0x0001, 0x0001, 0x0001, 0x0001, 0x0001, 0x0001,
    0x0001, 0x0001, 0x0001, 0x0001, 0x0001, 0x0001, 0x0001, 0x0001, 0x0001, 0x0001, 0xA57B, 0x21B7,
    0x2A18, 0x29F8, 0x2A18, 0x29F8, 0x29F8, 0x29F8, 0x29F8, 0x29F8, 0x29F8, 0x29F8, 0x29F8, 0x29F8,
    0x29F8, 0x29F8, 0x29F8, 0x29F8, 0x29F8, 0x29F8, 0x29F8, 0x2218, 0x2218, 0x29F8, 0x29F8, 0x2A18,
    0x2A18, 0x29F8, 0x29F8, 0x2A18, 0x2A18, 0x29F8, 0x29F8, 0x29F8, 0x2A18, 0x21D8, 0x1998, 0x3A78,
    0x8CBB, 0xA53B, 0x5339, 0x29F8, 0x2A19, 0x2A19, 0x2A18, 0x2A18, 0x2A18, 0x2A18, 0x29F8, 0x2A18,
    0x2A19, 0x2A18, 0x29F8, 0x2A18, 0x29F8, 0x29F8, 0x2A18, 0x2A18, 0x2A18, 0x2A18, 0x29F8, 0x29F8,
    0x2A18, 0x2A18, 0x2A18, 0x2A18, 0x2A18, 0x2A18, 0x2A18, 0x2A18, 0x2A18, 0x2A18, 0x29F8, 0x2A18,
    0x2A18, 0x2A18, 0x2A18, 0x2A18, 0x2A18, 0x2A18, 0x2A18, 0x2A18, 0x2A18, 0x29F8, 0x2A18, 0x2A18,
    0x2A19, 0x29F8, 0x2A18, 0x2A18, 0x2A19, 0x2A18, 0x2A18, 0x2A18, 0x2A18, 0x2A18, 0x2A18, 0x2A18,
    0x2A18, 0x2A18, 0x2A18, 0x2A18, 0x2A18, 0x2A18, 0x2A18, 0x2A18, 0x29F8, 0x29F8, 0x29F8, 0x29F8,
    0x29F8, 0x2A18, 0x2A18, 0x29F8, 0x29F8, 0x29F8, 0x29F8, 0x29F8, 0x29F8, 0x2A18, 0x2A18, 0x29F8,
    0x29F8, 0x29F8, 0x29F8, 0x29F8, 0x2A18, 0x19B8, 0x6BB9, 0x0001, 0x0001, 0x0001, 0x0001, 0x0001,
    0x0001, 0x0001, 0x0001, 0x630C, 0x39C7, 0x4208, 0x4208, 0x4208, 0x4208, 0x4208, 0x4208, 0x4208,
    0x4208, 0x4208, 0x4208, 0x4208, 0x4208, 0x4208, 0x39C7, 0xB596, 0x0001, 0x0001, 0x0001, 0x0001,
    0x0001, 0x0001, 0x0001, 0x0001, 0x0001, 0x0001, 0x0001, 0x0001, 0x0001, 0x0001, 0x0001, 0x0001,
    0x5B59, 0x21B8, 0x2A18, 0x29F8, 0x29F8, 0x29F8, 0x29F8, 0x29F8, 0x29F8, 0x29F8, 0x29F8, 0x2A18,
    0x2A18, 0x29F8, 0x29F8, 0x29F8, 0x29F8, 0x29F8, 0x29F8, 0x29F8, 0x29F8, 0x29F8, 0x2A18, 0x29F8,
    0x29F8, 0x29F8, 0x29F8, 0x29F9, 0x29F8, 0x2A18, 0x29F8, 0x29F8, 0x29F8, 0x29F8, 0x29F8, 0x2A18,
    0x2A18, 0x21D8, 0x1997, 0x3238, 0x3A78, 0x29F8, 0x2A18, 0x29F8, 0x29F8, 0x29F8, 0x29F8, 0x29F8,
    0x29F8, 0x29F8, 0x29F8, 0x29F8, 0x29F8, 0x29F8, 0x29F8, 0x29F8, 0x29F8, 0x29F8, 0x29F8, 0x29F8,
    0x29F8, 0x29F8, 0x29F8, 0x29F8, 0x29F8, 0x29F8, 0x29F8, 0x29F8, 0x29F8, 0x29F8, 0x29F8, 0x29F8,
    0x2218, 0x2218, 0x2218, 0x29F8, 0x2A18, 0x2A18, 0x2A18, 0x2A18, 0x2218, 0x2A18, 0x29F8, 0x29F8,
    0x29F8, 0x29F8, 0x29F8, 0x29F8, 0x29F8, 0x29F8, 0x29F8, 0x29F8, 0x29F8, 0x29F8, 0x29F8, 0x29F8,
    0x29F8, 0x29F8, 0x29F8, 0x29F8, 0x2A18, 0x2A18, 0x2A18, 0x29F8, 0x29F8, 0x29F8, 0x29F8, 0x29F8,
    0x29F8, 0x29F8, 0x29F8, 0x29F8, 0x29F8, 0x29F8, 0x29F8, 0x2A18, 0x2A18, 0x2A18, 0x2A18, 0x2A18,
    0x2A18, 0x29F8, 0x29F8, 0x2A18, 0x2A18, 0x29F8, 0x29F8, 0x21D8, 0x3A58, 0xDEFD, 0x0001, 0x0001,
    0x0001, 0x0001, 0x0001, 0x0001, 0x0001, 0xA535, 0x31A7, 0x4208, 0x4208, 0x4208, 0x4208, 0x4208,
    0x4208, 0x4208, 0x4208, 0x4208, 0x4208, 0x4208, 0x4208, 0x4208, 0x39E7, 0x52AB, 0x0001, 0x0001,
    0x0001, 0x0001, 0x0001, 0x0001, 0x0001, 0x0001, 0x0001, 0x0001, 0x0001, 0x0001, 0x0001, 0x0001,
    0x0001, 0xCE7D, 0x29F7, 0x29F8, 0x29F8, 0x29F8, 0x29F8, 0x29F8, 0x29F8, 0x29F8, 0x29F8, 0x29F8,
    0x29F8, 0x2A18, 0x2A18, 0x29F8, 0x29F8, 0x29F8, 0x29F8, 0x29F8, 0x29F8, 0x29F8, 0x29F8, 0x29F8,
    0x29F8, 0x29F8, 0x29F8, 0x29F8, 0x2A18, 0x2A18, 0x2A18, 0x29F8, 0x29F8, 0x29F8, 0x29F8, 0x29F8,
    0x29F8, 0x29F8, 0x2A18, 0x2A18, 0x2A18, 0x21F8, 0x21F8, 0x2A18, 0x2A18, 0x2A18, 0x29F8, 0x29F8,
    0x29F8, 0x29F8, 0x29F8, 0x29F8, 0x29F8, 0x29F8, 0x29F8, 0x29F8, 0x29F8, 0x29F8, 0x29F8, 0x29F8,
    0x29F8, 0x29F8, 0x29F8, 0x29F8, 0x29F8, 0x29F8, 0x29F8, 0x29F8, 0x29F8, 0x29F8, 0x29F8, 0x29F8,
    0x29F8, 0x29F8, 0x2A18, 0x2A18, 0x2A18, 0x2A18, 0x2A18, 0x2A18, 0x2A18, 0x2A18, 0x2A18, 0x2A18,
    0x2A18, 0x2A18, 0x29F8, 0x29F8, 0x29F8, 0x29F8, 0x29F8, 0x29F8, 0x29F8, 0x29F8, 0x29F8, 0x29F8,
    0x29F8, 0x29F8, 0x29F8, 0x29F8, 0x29F8, 0x2A18, 0x2A18, 0x2A18, 0x2A18, 0x29F8, 0x29F8, 0x29F8,
    0x29F8, 0x29F8, 0x29F8, 0x29F8, 0x29F8, 0x29F8, 0x29F8, 0x29F8, 0x29F8, 0x2A18, 0x2A18, 0x2A18,
    0x29F9, 0x2A18, 0x2A18, 0x2A18, 0x2A18, 0x2A18, 0x2A18, 0x2A18, 0x29F8, 0x2A18, 0x21D7, 0xADDB,
    0x0001, 0x0001, 0x0001, 0x0001, 0x0001, 0x0001, 0x0001, 0xDEFC, 0x4A49, 0x39E8, 0x4208, 0x4208,
    0x4208, 0x4208, 0x4208, 0x4208, 0x4208, 0x4208, 0x4208, 0x4208, 0x4208, 0x4208, 0x4228, 0x31A7,
    0xA514, 0x0001, 0x0001, 0x0001, 0x0001, 0x0001, 0x0001, 0x0001, 0x0001, 0x0001, 0x0001, 0x0001,
    0x0001, 0x0001, 0x0001, 0x94DA, 0x19B7, 0x2A18, 0x29F8, 0x29F8, 0x29F8, 0x29F8, 0x29F8, 0x29F8,
    0x29F8, 0x29F8, 0x29F8, 0x2A18, 0x2A18, 0x29F8, 0x29F8, 0x29F8, 0x29F8, 0x29F8, 0x29F8, 0x29F8,
    0x2A18, 0x2A18, 0x2A18, 0x2A18, 0x29F8, 0x29F8, 0x2A18, 0x2A18, 0x2A18, 0x2A18, 0x2A18, 0x2A18,
    0x2A18, 0x2A18, 0x2A18, 0x2A18, 0x29F8, 0x2A18, 0x29F8, 0x29F8, 0x29F8, 0x29F8, 0x29F8, 0x29F8,
    0x29F8, 0x29F8, 0x29F8, 0x29F8, 0x29F8, 0x29F8, 0x29F8, 0x29F8, 0x29F8, 0x29F8, 0x29F8, 0x29F8,
    0x29F8, 0x29F8, 0x29F8, 0x29F8, 0x29F8, 0x29F8, 0x29F8, 0x29F8, 0x29F8, 0x29F8, 0x29F8, 0x29F8,
    0x29F8, 0x29F8, 0x29F8, 0x29F8, 0x29F8, 0x29F8, 0x29F8, 0x29F8, 0x29F8, 0x29F8, 0x29F8, 0x29F8,
    0x29F8, 0x29F8, 0x29F8, 0x29F8, 0x29F8, 0x29F8, 0x29F8, 0x29F8, 0x29F8, 0x29F8, 0x29F8, 0x29F8,
    0x29F8, 0x29F8, 0x29F8, 0x29F8, 0x29F8, 0x29F8, 0x29F8, 0x29F8, 0x29F8, 0x29F8, 0x29F8, 0x29F8,
    0x29F8, 0x29F8, 0x29F8, 0x29F8, 0x29F8, 0x29F8, 0x29F8, 0x29F8, 0x29F8, 0x29F8, 0x29F8, 0x2A18,
    0x2A18, 0x29F8, 0x29F9, 0x29F8, 0x29F8, 0x29F8, 0x29F8, 0x21F8, 0x29F8, 0x29F8, 0x29F8, 0x2A18,
    0x2197, 0x847A, 0x0001, 0x0001, 0x0001, 0x0001, 0x0001, 0x0001, 0x0001, 0x0001, 0x7BCF, 0x31A7,
    0x4228, 0x4208, 0x4208, 0x4208, 0x4208, 0x4208, 0x4208, 0x4208, 0x4208, 0x4208, 0x4208, 0x4208,
    0x4208, 0x39E7, 0x52AB, 0x0001, 0x0001, 0x0001, 0x0001, 0x0001, 0x0001, 0x0001, 0x0001, 0x0001,
    0x0001, 0x0001, 0x0001, 0x0001, 0x0001, 0x6379, 0x21B8, 0x2A18, 0x29F8, 0x29F8, 0x29F8, 0x29F8,
    0x29F8, 0x29F8, 0x29F8, 0x29F8, 0x29F8, 0x2A18, 0x2A18, 0x29F8, 0x29F8, 0x29F8, 0x29F8, 0x29F8,
    0x29F8, 0x29F8, 0x2A18, 0x2A18, 0x2A18, 0x2A18, 0x2A18, 0x2A18, 0x29F8, 0x21F8, 0x21D8, 0x21B8,
    0x19B7, 0x1997, 0x1997, 0x21B7, 0x21B7, 0x21D8, 0x21F8, 0x29D8, 0x29F8, 0x29F7, 0x29F8, 0x29F8,
    0x29F8, 0x29F8, 0x29F8, 0x29F8, 0x29F8, 0x29F8, 0x29F8, 0x29F8, 0x29F8, 0x29F8, 0x29F8, 0x29F8,
    0x29F8, 0x29F8, 0x29F8, 0x29F8, 0x29F8, 0x29F8, 0x29F8, 0x29F8, 0x29F8, 0x29F8, 0x29F8, 0x29F8,
    0x29F8, 0x29F8, 0x29F8, 0x29F8, 0x29F8, 0x29F8, 0x29F8, 0x29F8, 0x29F8, 0x29F8, 0x29F8, 0x29F8,
    0x29F8, 0x29F8, 0x29F8, 0x29F8, 0x29F8, 0x29F8, 0x29F8, 0x29F8, 0x29F8, 0x29F8, 0x29F8, 0x29F8,
    0x29F8, 0x29F8, 0x29F8, 0x29F8, 0x29F8, 0x29F8, 0x29F8, 0x29F8, 0x29F8, 0x29F8, 0x29F8, 0x29F8,
    0x29F8, 0x29F8, 0x29F8, 0x29F8, 0x29F8, 0x29F8, 0x29F8, 0x29F8, 0x29F8, 0x29F8, 0x29F8, 0x29F8,
    0x29F8, 0x29F7, 0x29F8, 0x29F8, 0x29F8, 0x29F8, 0x29F8, 0x29F8, 0x29F8, 0x29F8, 0x29F8, 0x29F8,
    0x29F8, 0x29F8, 0x2197, 0x6399, 0x0001, 0x0001, 0x0001, 0x0001, 0x0001, 0x0001, 0x0001, 0x0001,
    0xAD55, 0x39C7, 0x4229, 0x4208, 0x4208, 0x4208, 0x4208, 0x4208, 0x4208, 0x4208, 0x4208, 0x4208,
    0x4208, 0x4208, 0x4208, 0x4228, 0x39C7, 0xB596, 0x0001, 0x0001, 0x0001, 0x0001, 0x0001, 0x0001,
    0x0001, 0x0001, 0x0001, 0x0001, 0x0001, 0x0001, 0xE71E, 0x3A78, 0x21D8, 0x2A18, 0x29F8, 0x29F8,
    0x29F8, 0x29F8, 0x29F8, 0x29F8, 0x29F8, 0x29F8, 0x29F8, 0x29F8, 0x29F8, 0x29F8, 0x2A18, 0x2A18,
    0x2218, 0x2A18, 0x2A18, 0x2A18, 0x2A18, 0x21F8, 0x21D8, 0x2198, 0x1997, 0x21D8, 0x2A18, 0x3A77,
    0x4AF8, 0x639A, 0x741A, 0x847A, 0x94DA, 0xA51B, 0xAD7B, 0xADBC, 0xBDFC, 0xBDFC, 0xC63C, 0xC63C,
    0xC63C, 0xC63C, 0xC63C, 0xC63C, 0xC63C, 0xC63C, 0xC63C, 0xC63C, 0xC63C, 0xC63C, 0xC63C, 0xC63C,
    0xC63C, 0xC63C, 0xC63C, 0xC63C, 0xC63C, 0xC63C, 0xC63C, 0xC63C, 0xC63C, 0xC63C, 0xC63C, 0xC63C,
    0xC63C, 0xC63C, 0xC63C, 0xC63C, 0xC63C, 0xC63C, 0xC63C, 0xC63C, 0xC63C, 0xC63C, 0xC63C, 0xC63C,
    0xC63C, 0xC63C, 0xC63C, 0xC63C, 0xC63C, 0xC63C, 0xC63C, 0xC63C, 0xC63C, 0xC63C, 0xC63C, 0xC63C,
    0xC63C, 0xC63C, 0xC63C, 0xC63C, 0xC63C, 0xC63C, 0xC63C, 0xC63C, 0xC63C, 0xC63C, 0xC63C, 0xC63C,
    0xC63C, 0xC63C, 0xC63C, 0xC63C, 0xC63C, 0xC63C, 0xC63C, 0xC63C, 0xC63C, 0xC63C, 0xC63C, 0xC63C,
    0xC63C, 0xC63C, 0xC63C, 0xC63C, 0xC63C, 0xC63C, 0xC63C, 0xC63C, 0xC63C, 0xC63C, 0xC63C, 0xC63C,
    0xC63C, 0xC63C, 0xC63C, 0xC63C, 0xC63C, 0xCE9C, 0x0001, 0x0001, 0x0001, 0x0001, 0x0001, 0x0001,
    0x0001, 0x0001, 0x0001, 0xCE59, 0xCE59, 0xCE59, 0xCE59, 0xCE59, 0xCE59, 0xCE59, 0xCE59, 0xCE59,
    0xCE59, 0xCE59, 0xCE59, 0xCE59, 0xCE59, 0xCE59, 0xCE59, 0xDEDB, 0x0001, 0x0001, 0x0001, 0x0001,
    0x0001, 0x0001, 0x0001, 0x0001, 0x0001, 0x0001, 0x0001, 0x0001, 0xCE7D, 0x29F7, 0x2A18, 0x29F8,
    0x29F8, 0x29F8, 0x29F8, 0x29F8, 0x29F8, 0x29F8, 0x29F8, 0x29F8, 0x29F8, 0x29F8, 0x29F8, 0x2A18,
    0x2A18, 0x29F8, 0x2A18, 0x2A18, 0x21F8, 0x19B8, 0x19B7, 0x2A18, 0x4AB8, 0x6BDA, 0x94DB, 0xB5DC,
    0xCE9D, 0x0001, 0x0001, 0x0001, 0x0001, 0x0001, 0x0001, 0x0001, 0x0001, 0x0001, 0x0001, 0x0001,
    0x0001, 0x0001, 0x0001, 0x0001, 0x0001, 0x0001, 0x0001, 0x0001, 0x0001, 0x0001, 0x0001, 0x0001,
    0x0001, 0x0001, 0x0001, 0x0001, 0x0001, 0x0001, 0x0001, 0x0001, 0x0001, 0x0001, 0x0001, 0x0001,
    0x0001, 0x0001, 0x0001, 0x0001, 0x0001, 0x0001, 0x0001, 0x0001, 0x0001, 0x0001, 0x0001, 0x0001,
    0x0001, 0x0001, 0x0001, 0x0001, 0x0001, 0x0001, 0x0001, 0x0001, 0x0001, 0x0001, 0x0001, 0x0001,
    0x0001, 0x0001, 0x0001, 0x0001, 0x0001, 0x0001, 0x0001, 0x0001, 0x0001, 0x0001, 0x0001, 0x0001,
    0x0001, 0x0001, 0x0001, 0x0001, 0x0001, 0x0001, 0x0001, 0x0001, 0x0001, 0x0001, 0x0001, 0x0001,
    0x0001, 0x0001, 0x0001, 0x0001, 0x0001, 0x0001, 0x0001, 0x0001, 0x0001, 0x0001, 0x0001, 0x0001,
    0x0001, 0x0001, 0x0001, 0x0001, 0x0001, 0x0001, 0x0001, 0x0001, 0x0001, 0x0001, 0x0001, 0x0001,
    0x0001, 0x0001, 0x0001, 0x0001, 0x0001, 0x0001, 0x0001, 0x0001, 0x0001, 0x0001, 0x0001, 0x0001,
    0x0001, 0x0001, 0x0001, 0x0001, 0x0001, 0x0001, 0x0001, 0x0001, 0x0001, 0x0001, 0x0001, 0x0001,
    0x0001, 0x0001, 0x0001, 0x0001, 0x0001, 0x0001, 0x0001, 0x0001, 0x0001, 0x0001, 0xAD9B, 0x21B8,
    0x2A18, 0x29F8, 0x29F8, 0x29F8, 0x29F8, 0x29F8, 0x29F8, 0x29F8, 0x29F8, 0x2A18, 0x2A18, 0x2A18,
    0x2A18, 0x2A18, 0x2A18, 0x2A18, 0x21D8, 0x19B7, 0x3258, 0x6BB9, 0x9D3B, 0xCE7D, 0x0001, 0x0001,
    0x0001, 0x0001, 0x0001, 0x0001, 0x0001, 0x0001, 0x0001, 0x0001, 0x0001, 0x0001, 0x0001, 0x0001,
    0x0001, 0x0001, 0x0001, 0x0001, 0x0001, 0x0001, 0x0001, 0x0001, 0x0001, 0x0001, 0x0001, 0x0001,
    0x0001, 0x0001, 0x0001, 0x0001, 0x0001, 0x0001, 0x0001, 0x0001, 0x0001, 0x0001, 0x0001, 0x0001,
    0x0001, 0x0001, 0x0001, 0x0001, 0x0001, 0x0001, 0x0001, 0x0001, 0x0001, 0x0001, 0x0001, 0x0001,
    0x0001, 0x0001, 0x0001, 0x0001, 0x0001, 0x0001, 0x0001, 0x0001, 0x0001, 0x0001, 0x0001, 0x0001,
    0x0001, 0x0001, 0x0001, 0x0001, 0x0001, 0x0001, 0x0001, 0x0001, 0x0001, 0x0001, 0x0001, 0x0001,
    0x0001, 0x0001, 0x0001, 0x0001, 0x0001, 0x0001, 0x0001, 0x0001, 0x0001, 0x0001, 0x0001, 0x0001,
    0x0001, 0x0001, 0x0001, 0x0001, 0x0001, 0x0001, 0x0001, 0x0001, 0x0001, 0x0001, 0x0001, 0x0001,
    0x0001, 0x0001, 0x0001, 0x0001, 0x0001, 0x0001, 0x0001, 0x0001, 0x0001, 0x0001, 0x0001, 0x0001,
    0x0001, 0x0001, 0x0001, 0x0001, 0x0001, 0x0001, 0x0001, 0x0001, 0x0001, 0x0001, 0x0001, 0x0001,
    0x0001, 0x0001, 0x0001, 0x0001, 0x0001, 0x0001, 0x0001, 0x0001, 0x0001, 0x0001, 0x0001, 0x0001,
    0x0001, 0x0001, 0x0001, 0x0001, 0x0001, 0x0001, 0x0001, 0x0001, 0x0001, 0x0001, 0x0001, 0x0001,
    0x9D1B, 0x21B8, 0x2A19, 0x29F8, 0x29F8, 0x29F8, 0x29F8, 0x29F8, 0x29F8, 0x29F8, 0x29F8, 0x2A18,
    0x2A18, 0x2A18, 0x2A18, 0x2A18, 0x19B8, 0x21D8, 0x5B18, 0x9D3B, 0xDEDE, 0x0001, 0x0001, 0x0001,
    0x0001, 0x0001, 0x0001, 0x0001, 0x0001, 0x0001, 0x0001, 0x0001, 0x0001, 0x0001, 0x0001, 0x0001,
    0x0001, 0x0001, 0x0001, 0x0001, 0x0001, 0x0001, 0x0001, 0x0001, 0x0001, 0x0001, 0x0001, 0x0001,
    0x0001, 0x0001, 0x0001, 0x0001, 0x0001, 0x0001, 0x0001, 0x0001, 0x0001, 0x0001, 0x0001, 0x0001,
    0x0001, 0x0001, 0x0001, 0x0001, 0x0001, 0x0001, 0x0001, 0x0001, 0x0001, 0x0001, 0x0001, 0x0001,
    0x0001, 0x0001, 0x0001, 0x0001, 0x0001, 0x0001, 0x0001, 0x0001, 0x0001, 0x0001, 0x0001, 0x0001,
    0x0001, 0x0001, 0x0001, 0x0001, 0x0001, 0x0001, 0x0001, 0x0001, 0x0001, 0x0001, 0x0001, 0x0001,
    0x0001, 0x0001, 0x0001, 0x0001, 0x0001, 0x0001, 0x0001, 0x0001, 0x0001, 0x0001, 0x0001, 0x0001,
    0x0001, 0x0001, 0x0001, 0x0001, 0x0001, 0x0001, 0x0001, 0x0001, 0x0001, 0x0001, 0x0001, 0x0001,
    0x0001, 0x0001, 0x0001, 0x0001, 0x0001, 0x0001, 0x0001, 0x0001, 0x0001, 0x0001, 0x0001, 0x0001,
    0x0001, 0x0001, 0x0001, 0x0001, 0x0001, 0x0001, 0x0001, 0x0001, 0x0001, 0x0001, 0x0001, 0x0001,
    0x0001, 0x0001, 0x0001, 0x0001, 0x0001, 0x0001, 0x0001, 0x0001, 0x0001, 0x0001, 0x0001, 0x0001,
    0x0001, 0x0001, 0x0001, 0x0001, 0x0001, 0x0001, 0x0001, 0x0001, 0x0001, 0x0001, 0x0001, 0x0001,
    0x0001, 0x0001, 0x8C9A, 0x19B8, 0x2A18, 0x29F8, 0x29F8, 0x29F8, 0x29F8, 0x29F8, 0x29F8, 0x29F8,
    0x29F8, 0x29F8, 0x29F8, 0x2A18, 0x21D8, 0x21B7, 0x5B59, 0xBDFD, 0x0001, 0x0001, 0x0001, 0x0001,
    0x0001, 0x0001, 0x0001, 0x0001, 0x0001, 0x0001, 0x0001, 0x0001, 0x0001, 0x0001, 0x0001, 0x0001,
    0x0001, 0x0001, 0x0001, 0x0001, 0x0001, 0x0001, 0x0001, 0x0001, 0x0001, 0x0001, 0x0001, 0x0001,
    0x0001, 0x0001, 0x0001, 0x0001, 0x0001, 0x0001, 0x0001, 0x0001, 0x0001, 0x0001, 0x0001, 0x0001,
    0x0001, 0x0001, 0x0001, 0x0001, 0x0001, 0x0001, 0x0001, 0x0001, 0x0001, 0x0001, 0x0001, 0x0001,
    0x0001, 0x0001, 0x0001, 0x0001, 0x0001, 0x0001, 0x0001, 0x0001, 0x0001, 0x0001, 0x0001, 0x0001,
    0x0001, 0x0001, 0x0001, 0x0001, 0x0001, 0x0001, 0x0001, 0x0001, 0x0001, 0x0001, 0x0001, 0x0001,
    0x0001, 0x0001, 0x0001, 0x0001, 0x0001, 0x0001, 0x0001, 0x0001, 0x0001, 0x0001, 0x0001, 0x0001,
    0x0001, 0x0001, 0x0001, 0x0001, 0x0001, 0x0001, 0x0001, 0x0001, 0x0001, 0x0001, 0x0001, 0x0001,
    0x0001, 0x0001, 0x0001, 0x0001, 0x0001, 0x0001, 0x0001, 0x0001, 0x0001, 0x0001, 0x0001, 0x0001,
    0x0001, 0x0001, 0x0001, 0x0001, 0x0001, 0x0001, 0x0001, 0x0001, 0x0001, 0x0001, 0x0001, 0x0001,
    0x0001, 0x0001, 0x0001, 0x0001, 0x0001, 0x0001, 0x0001, 0x0001, 0x0001, 0x0001, 0x0001, 0x0001,
    0x0001, 0x0001, 0x0001, 0x0001, 0x0001, 0x0001, 0x0001, 0x0001, 0x0001, 0x0001, 0x0001, 0x0001,
    0x0001, 0x0001, 0x0001, 0x0001, 0x845A, 0x1997, 0x2A18, 0x29F8, 0x29F8, 0x29F8, 0x29F8, 0x29F8,
    0x29F8, 0x29F8, 0x29F8, 0x29F8, 0x2A18, 0x21B7, 0x3A77, 0xA57B, 0x0001, 0x0001, 0x0001, 0x0001,
    0x0001, 0x0001, 0x0001, 0x0001, 0x0001, 0x0001, 0x0001, 0x0001, 0x0001, 0x0001, 0x0001, 0x0001,
    0x0001, 0x0001, 0x0001, 0x0001, 0x0001, 0x0001, 0x0001, 0x0001, 0x0001, 0x0001, 0x0001, 0x0001,
    0x0001, 0x0001, 0x0001, 0x0001, 0x0001, 0x0001, 0x0001, 0x0001, 0x0001, 0x0001, 0x0001, 0x0001,
    0x0001, 0x0001, 0x0001, 0x0001, 0x0001, 0x0001, 0x0001, 0x0001, 0x0001, 0x0001, 0x0001, 0x0001,
    0x0001, 0x0001, 0x0001, 0x0001, 0x0001, 0x0001, 0x0001, 0x0001, 0x0001, 0x0001, 0x0001, 0x0001,
    0x0001, 0x0001, 0x0001, 0x0001, 0x0001, 0x0001, 0x0001, 0x0001, 0x0001, 0x0001, 0x0001, 0x0001,
    0x0001, 0x0001, 0x0001, 0x0001, 0x0001, 0x0001, 0x0001, 0x0001, 0x0001, 0x0001, 0x0001, 0x0001,
    0x0001, 0x0001, 0x0001, 0x0001, 0x0001, 0x0001, 0x0001, 0x0001, 0x0001, 0x0001, 0x0001, 0x0001,
    0x0001, 0x0001, 0x0001, 0x0001, 0x0001, 0x0001, 0x0001, 0x0001, 0x0001, 0x0001, 0x0001, 0x0001,
    0x0001, 0x0001, 0x0001, 0x0001, 0x0001, 0x0001, 0x0001, 0x0001, 0x0001, 0x0001, 0x0001, 0x0001,
    0x0001, 0x0001, 0x0001, 0x0001, 0x0001, 0x0001, 0x0001, 0x0001, 0x0001, 0x0001, 0x0001, 0x0001,
    0x0001, 0x0001, 0x0001, 0x0001, 0x0001, 0x0001, 0x0001, 0x0001, 0x0001, 0x0001, 0x0001, 0x0001,
    0x0001, 0x0001, 0x0001, 0x0001, 0x0001, 0x0001, 0x845A, 0x19B7, 0x2A18, 0x29F8, 0x29F8, 0x29F8,
    0x29F8, 0x29F8, 0x29F8, 0x29F8, 0x29F8, 0x2A18, 0x21B7, 0x6379, 0xDEFE, 0x0001, 0x0001, 0x0001,
    0x0001, 0x0001, 0x0001, 0x0001, 0x0001, 0x0001, 0x0001, 0x0001, 0xD69A, 0xC639, 0xCE59, 0xCE59,
    0xCE59, 0xCE59, 0xCE59, 0xCE59, 0xCE59, 0xCE59, 0xCE59, 0xCE59, 0xCE59, 0xCE59, 0xCE59, 0xCE59,
    0xCE59, 0xCE59, 0xCE59, 0xCE59, 0xCE59, 0xCE59, 0xCE59, 0xCE59, 0xD69A, 0xD6BB, 0xDEFC, 0x0001,
    0x0001, 0x0001, 0x0001, 0x0001, 0x0001, 0x0001, 0x0001, 0x0001, 0x0001, 0x0001, 0x0001, 0x0001,
    0x0001, 0x0001, 0x0001, 0x0001, 0x0001, 0x0001, 0x0001, 0x0001, 0xDEFB, 0xCE59, 0xCE59, 0xCE59,
    0xCE59, 0xCE59, 0xCE59, 0xC639, 0x0001, 0x0001, 0x0001, 0x0001, 0x0001, 0x0001, 0x0001, 0x0001,
    0x0001, 0x0001, 0x0001, 0x0001, 0x0001, 0x0001, 0x0001, 0x0001, 0x0001, 0x0001, 0x0001, 0x0001,
    0x0001, 0x0001, 0x0001, 0x0001, 0x0001, 0x0001, 0x0001, 0x0001, 0x0001, 0x0001, 0x0001, 0x0001,
    0x0001, 0x0001, 0x0001, 0x0001, 0x0001, 0x0001, 0x0001, 0x0001, 0x0001, 0x0001, 0x0001, 0x0001,
    0x0001, 0x0001, 0x0001, 0x0001, 0x0001, 0x0001, 0x0001, 0x0001, 0x0001, 0x0001, 0x0001, 0x0001,
    0x0001, 0x0001, 0x0001, 0x0001, 0x0001, 0x0001, 0x0001, 0x0001, 0x0001, 0x0001, 0x0001, 0x0001,
    0x0001, 0x0001, 0x0001, 0x0001, 0x0001, 0x0001, 0x0001, 0x0001, 0x0001, 0x0001, 0x0001, 0x0001,
    0x0001, 0x0001, 0x0001, 0x0001, 0x0001, 0x0001, 0x0001, 0x0001, 0x8C9A, 0x19B7, 0x2A18, 0x29F8,
    0x29F8, 0x29F8, 0x29F8, 0x29F8, 0x29F8, 0x29F8, 0x2A18, 0x21B7, 0x73F9, 0x0001, 0x0001, 0x0001,
    0x0001, 0x0001, 0x0001, 0x0001, 0x0001, 0x0001, 0x0001, 0x0001, 0x0001, 0x0001, 0x632D, 0x31A7,
    0x4208, 0x39E8, 0x39E8, 0x39E8, 0x39E8, 0x39E8, 0x4208, 0x4208, 0x4208, 0x4208, 0x4208, 0x4208,
    0x4208, 0x4208, 0x4208, 0x4208, 0x4208, 0x4208, 0x4208, 0x4208, 0x4208, 0x4208, 0x4208, 0x4208,
    0x4229, 0x52AA, 0x6B4D, 0x8C71, 0xCE59, 0x0001, 0x0001, 0x0001, 0x0001, 0x0001, 0x0001, 0x0001,
    0x0001, 0x0001, 0x0001, 0x0001, 0x0001, 0x0001, 0x0001, 0x0001, 0xD69A, 0x73AE, 0x4A49, 0x39E8,
    0x39E8, 0x39E8, 0x39E8, 0x39E8, 0x4208, 0x39C7, 0x6B4D, 0x0001, 0x0001, 0x0001, 0x0001, 0x0001,
    0x0001, 0x0001, 0x0001, 0x0001, 0x0001, 0x0001, 0x0001, 0x0001, 0x0001, 0x0001, 0x0001, 0x0001,
    0x0001, 0x0001, 0x0001, 0x0001, 0x0001, 0x0001, 0x0001, 0x0001, 0x0001, 0x0001, 0x0001, 0x0001,
    0x0001, 0x0001, 0x0001, 0x0001, 0x0001, 0x0001, 0x0001, 0x0001, 0x0001, 0x0001, 0x0001, 0x0001,
    0x0001, 0x0001, 0x0001, 0x0001, 0x0001, 0x0001, 0x0001, 0x0001, 0x0001, 0x0001, 0x0001, 0x0001,
    0x0001, 0x0001, 0x0001, 0x0001, 0x0001, 0x0001, 0x0001, 0x0001, 0x0001, 0x0001, 0x0001, 0x0001,
    0x0001, 0x0001, 0x0001, 0x0001, 0x0001, 0x0001, 0x0001, 0x0001, 0x0001, 0x0001, 0x0001, 0x0001,
    0x0001, 0x0001, 0x0001, 0x0001, 0x0001, 0x0001, 0x0001, 0x0001, 0x0001, 0x0001, 0x9D1B, 0x21B8,
    0x2A18, 0x29F8, 0x29F8, 0x29F8, 0x29F8, 0x29F8, 0x29F8, 0x2A18, 0x21B7, 0x6BB9, 0x0001, 0x0001,
    0x0001, 0x0001, 0x0001, 0x0001, 0x0001, 0x0001, 0x0001, 0x0001, 0x0001, 0x0001, 0x0001, 0x0001,
    0x6B4D, 0x39C7, 0x4228, 0x4208, 0x4208, 0x4208, 0x4208, 0x4208, 0x39E7, 0x39C7, 0x39C7, 0x39C7,
    0x39C7, 0x39C7, 0x39C7, 0x39C7, 0x39C7, 0x39C7, 0x39C7, 0x39C7, 0x31A7, 0x31A6, 0x31A7, 0x31A7,
    0x39E8, 0x4208, 0x4208, 0x39E8, 0x39C7, 0x31A7, 0x39C7, 0x9CD3, 0x0001, 0x0001, 0x0001, 0x0001,
    0x0001, 0x0001, 0x0001, 0x0001, 0x0001, 0x0001, 0x0001, 0x0001, 0x0001, 0xD6BB, 0x4A49, 0x31A7,
    0x4208, 0x4208, 0x4208, 0x4208, 0x4208, 0x4208, 0x4208, 0x4228, 0x31A6, 0x9492, 0x0001, 0x0001,
    0x0001, 0x0001, 0x0001, 0x0001, 0x0001, 0x0001, 0x0001, 0x0001, 0x0001, 0x0001, 0x0001, 0x0001,
    0x0001, 0x0001, 0x0001, 0x0001, 0x0001, 0x0001, 0x0001, 0x0001, 0x0001, 0x0001, 0x0001, 0x0001,
    0x0001, 0x0001, 0x0001, 0x0001, 0x0001, 0x0001, 0x0001, 0x0001, 0x0001, 0x0001, 0x0001, 0x0001,
    0x0001, 0x0001, 0x0001, 0x0001, 0x0001, 0x0001, 0x0001, 0x0001, 0x0001, 0x0001, 0x0001, 0x0001,
    0x0001, 0x0001, 0x0001, 0x0001, 0x0001, 0x0001, 0x0001, 0x0001, 0x0001, 0x0001, 0x0001, 0x0001,
    0x0001, 0x0001, 0x0001, 0x0001, 0x0001, 0x0001, 0x0001, 0x0001, 0x0001, 0x0001, 0x0001, 0x0001,
    0x0001, 0x0001, 0x0001, 0x0001, 0x0001, 0x0001, 0x0001, 0x0001, 0x0001, 0x0001, 0x0001, 0x0001,
    0xB5DC, 0x21D8, 0x2A18, 0x29F8, 0x29F8, 0x29F8, 0x29F8, 0x2A18, 0x2A18, 0x21D8, 0x4AB8, 0x0001,
    0x0001, 0x0001, 0x0001, 0x0001, 0x0001, 0x0001, 0x0001, 0x0001, 0x0001, 0x0001, 0x0001, 0x0001,
    0x0001, 0x0001, 0x6B4D, 0x39C7, 0x4208, 0x4208, 0x4208, 0x4208, 0x4208, 0x39C7, 0x94B3, 0xC618,
    0xB5B7, 0xBDD7, 0xBDD7, 0xBDD7, 0xBDD7, 0xBDD7, 0xBDD7, 0xBDD7, 0xBDD7, 0xB5B7, 0xB596, 0xAD76,
    0xAD55, 0x8C51, 0x4A49, 0x4208, 0x4208, 0x4208, 0x4208, 0x4228, 0x4208, 0x39C7, 0xC638, 0x0001,
    0x0001, 0x0001, 0x0001, 0x0001, 0x0001, 0x0001, 0x0001, 0x0001, 0x0001, 0x0001, 0x0001, 0x632C,
    0x39C7, 0x4229, 0x4208, 0x39E8, 0x4208, 0x4208, 0x4208, 0x4208, 0x4208, 0x4208, 0x4208, 0x39E7,
    0xBDF8, 0x0001, 0x0001, 0x0001, 0x0001, 0x0001, 0x0001, 0x0001, 0x0001, 0x0001, 0x0001, 0x0001,
    0x0001, 0x0001, 0x0001, 0x0001, 0x0001, 0x0001, 0x0001, 0x0001, 0x0001, 0x0001, 0x0001, 0x0001,
    0x0001, 0x0001, 0x0001, 0x0001, 0x0001, 0x0001, 0x0001, 0x0001, 0x0001, 0x0001, 0x0001, 0x0001,
    0x0001, 0x0001, 0x0001, 0x0001, 0x0001, 0x0001, 0x0001, 0x0001, 0x0001, 0x0001, 0x0001, 0x0001,
    0x0001, 0x0001, 0x0001, 0x0001, 0x0001, 0x0001, 0x0001, 0x0001, 0x0001, 0x0001, 0x0001, 0x0001,
    0x0001, 0x0001, 0x0001, 0x0001, 0x0001, 0x0001, 0x0001, 0x0001, 0x0001, 0x0001, 0x0001, 0x0001,
    0x0001, 0x0001, 0x0001, 0x0001, 0x0001, 0x0001, 0x0001, 0x0001, 0x0001, 0x0001, 0x0001, 0x0001,
    0x0001, 0x0001, 0xCE9D, 0x29F7, 0x29F8, 0x2A18, 0x29F8, 0x29F8, 0x29F8, 0x29F8, 0x2A18, 0x29B7,
    0xB5DC, 0x0001, 0x0001, 0x0001, 0x0001, 0x0001, 0x0001, 0x0001, 0x0001, 0x0001, 0x0001, 0x0001,
    0x0001, 0x0001, 0x0001, 0x0001, 0x6B4D, 0x39C7, 0x4208, 0x4208, 0x4208, 0x4208, 0x4228, 0x31A7,
    0xC639, 0xFFFF, 0xFFDF, 0xFFFF, 0xFFFF, 0xFFFF, 0xFFFF, 0xFFFF, 0xFFFF, 0xFFFF, 0xFFFF, 0xFFFF,
    0xFFFF, 0xFFFF, 0xFFFF, 0xFFFF, 0x7BCF, 0x39C7, 0x4208, 0x4208, 0x4208, 0x4208, 0x4229, 0x31A6,
    0xAD55, 0x0001, 0x0001, 0x0001, 0x0001, 0x0001, 0x0001, 0x0001, 0x0001, 0x0001, 0x0001, 0x0001,
    0x8C72, 0x31A7, 0x4228, 0x4208, 0x39E8, 0x528A, 0x4228, 0x4208, 0x4208, 0x4208, 0x4208, 0x4208,
    0x4208, 0x39E8, 0x528A, 0x0001, 0x0001, 0x0001, 0x0001, 0x0001, 0x0001, 0x0001, 0x0001, 0x0001,
    0x0001, 0x0001, 0x0001, 0x0001, 0x0001, 0x0001, 0x0001, 0x0001, 0x0001, 0x0001, 0x0001, 0x0001,
    0x0001, 0x0001, 0x0001, 0x0001, 0x0001, 0x0001, 0x0001, 0x0001, 0x0001, 0x0001, 0x0001, 0x0001,
    0x0001, 0x0001, 0x0001, 0x0001, 0x0001, 0x0001, 0x0001, 0x0001, 0x0001, 0x0001, 0x0001, 0x0001,
    0x0001, 0x0001, 0x0001, 0x0001, 0x0001, 0x0001, 0x0001, 0x0001, 0x0001, 0x0001, 0x0001, 0x0001,
    0x0001, 0x0001, 0x0001, 0x0001, 0x0001, 0x0001, 0x0001, 0x0001, 0x0001, 0x0001, 0x0001, 0x0001,
    0x0001, 0x0001, 0x0001, 0x0001, 0x0001, 0x0001, 0x0001, 0x0001, 0x0001, 0x0001, 0x0001, 0x0001,
    0x0001, 0x0001, 0x0001, 0x0001, 0x0001, 0x4AD8, 0x21D8, 0x2A18, 0x29F8, 0x29F8, 0x29F8, 0x2A18,
    0x21B8, 0x5B38, 0x0001, 0x0001, 0x0001, 0x0001, 0x0001, 0x0001, 0x0001, 0x0001, 0x0001, 0x0001,
    0x0001, 0x0001, 0x0001, 0x0001, 0x0001, 0x0001, 0x6B4D, 0x39C7, 0x4208, 0x4208, 0x4208, 0x4208,
    0x4228, 0x31A7, 0xBDF7, 0xFFDF, 0xEF7D, 0xEF7D, 0xEF7D, 0xEF7D, 0xEF7D, 0xEF7D, 0xEF7D, 0xEF7D,
    0xEF7D, 0xEF7D, 0xEF7D, 0xEF7D, 0xEF7D, 0xF7BE, 0x7BF0, 0x39C7, 0x4208, 0x4208, 0x4208, 0x4208,
    0x4228, 0x31A6, 0xAD55, 0x0001, 0x0001, 0x0001, 0x0001, 0x0001, 0x0001, 0x0001, 0x0001, 0x0001,
    0x0001, 0xBDD7, 0x39E7, 0x4208, 0x4208, 0x39C7, 0x5ACB, 0xEF7D, 0xA514, 0x31A7, 0x4228, 0x4208,
    0x4208, 0x4208, 0x4208, 0x4208, 0x31A7, 0x73AF, 0x0001, 0x0001, 0x0001, 0x0001, 0x0001, 0x0001,
    0x0001, 0x0001, 0x0001, 0x0001, 0x0001, 0x0001, 0x0001, 0x0001, 0x0001, 0x0001, 0x0001, 0x0001,
    0x0001, 0x0001, 0x0001, 0x0001, 0x0001, 0x0001, 0x0001, 0x0001, 0x0001, 0x0001, 0x0001, 0x0001,
    0x0001, 0x0001, 0x0001, 0x0001, 0x0001, 0x0001, 0x0001, 0x0001, 0x0001, 0x0001, 0x0001, 0x0001,
    0x0001, 0x0001, 0x0001, 0x0001, 0x0001, 0x0001, 0x0001, 0x0001, 0x0001, 0x0001, 0x0001, 0x0001,
    0x0001, 0x0001, 0x0001, 0x0001, 0x0001, 0x0001, 0x0001, 0x0001, 0x0001, 0x0001, 0x0001, 0x0001,
    0x0001, 0x0001, 0x0001, 0x0001, 0x0001, 0x0001, 0x0001, 0x0001, 0x0001, 0x0001, 0x0001, 0x0001,
    0x0001, 0x0001, 0x0001, 0x0001, 0x0001, 0x0001, 0x0001, 0x73F9, 0x19B8, 0x2A18, 0x29F8, 0x29F8,
    0x29F8, 0x2A18, 0x19B7, 0xA53B, 0x0001, 0x0001, 0x0001, 0x0001, 0x0001, 0x0001, 0x0001, 0x0001,
    0x0001, 0x0001, 0x0001, 0x0001, 0x0001, 0x0001, 0x0001, 0x0001, 0x6B4D, 0x39C7, 0x4208, 0x4208,
    0x4208, 0x4208, 0x4228, 0x31A7, 0xBDF8, 0xFFFF, 0xEF7D, 0xF79E, 0xF79E, 0xF79E, 0xF79E, 0xF79E,
    0xF79E, 0xF79E, 0xF79E, 0xF79E, 0xF79E, 0xF79E, 0xF79E, 0xF7BE, 0x7BEF, 0x31A7, 0x4208, 0x4208,
    0x4208, 0x4208, 0x4228, 0x31A6, 0xAD55, 0x0001, 0x0001, 0x0001, 0x0001, 0x0001, 0x0001, 0x0001,
    0x0001, 0x0001, 0x0001, 0x528A, 0x39E8, 0x4228, 0x4208, 0x4208, 0xCE79, 0xFFDF, 0xF7BE, 0x738E,
    0x31A7, 0x4228, 0x4208, 0x4208, 0x4208, 0x4208, 0x4228, 0x31A7, 0xA514, 0x0001, 0x0001, 0x0001,
    0x0001, 0x0001, 0x0001, 0x0001, 0x0001, 0x0001, 0x0001, 0x0001, 0x0001, 0x0001, 0x0001, 0x0001,
    0x0001, 0x0001, 0x0001, 0x0001, 0x0001, 0x0001, 0x0001, 0x0001, 0x0001, 0x0001, 0x0001, 0x0001,
    0x0001, 0x0001, 0x0001, 0x0001, 0x0001, 0x0001, 0x0001, 0x0001, 0x0001, 0x0001, 0x0001, 0x0001,
    0x0001, 0x0001, 0x0001, 0x0001, 0x0001, 0x0001, 0x0001, 0x0001, 0x0001, 0x0001, 0x0001, 0x0001,
    0x0001, 0x0001, 0x0001, 0x0001, 0x0001, 0x0001, 0x0001, 0x0001, 0x0001, 0x0001, 0x0001, 0x0001,
    0x0001, 0x0001, 0x0001, 0x0001, 0x0001, 0x0001, 0x0001, 0x0001, 0x0001, 0x0001, 0x0001, 0x0001,
    0x0001, 0x0001, 0x0001, 0x0001, 0x0001, 0x0001, 0x0001, 0x0001, 0x0001, 0xAD9C, 0x21B7, 0x2A18,
    0x29F8, 0x29F8, 0x29F8, 0x21F8, 0x2A17, 0xCE9D, 0x0001, 0x0001, 0x0001, 0x0001, 0x0001, 0x0001,
    0x0001, 0x0001, 0x0001, 0x0001, 0x0001, 0x0001, 0x0001, 0x0001, 0x0001, 0x0001, 0x6B4D, 0x39C7,
    0x4208, 0x4208, 0x4208, 0x4208, 0x4228, 0x31A7, 0xBDF7, 0xFFDF, 0xEF7D, 0xEF7D, 0xEF7D, 0xEF7D,
    0xEF7D, 0xEF7D, 0xEF7D, 0xEF7D, 0xEF7D, 0xEF7D, 0xEF7D, 0xEF7D, 0xEF7D, 0xFFDF, 0x8410, 0x31A7,
    0x4208, 0x4208, 0x4208, 0x4208, 0x4228, 0x31A7, 0xA535, 0x0001, 0x0001, 0x0001, 0x0001, 0x0001,
    0x0001, 0x0001, 0x0001, 0x0001, 0x73AE, 0x31A7, 0x4228, 0x4208, 0x31A7, 0xA514, 0xFFFF, 0xEF7D,
    0xF7BE, 0xE71C, 0x4A6A, 0x39E8, 0x4208, 0x4208, 0x4208, 0x4208, 0x4208, 0x4208, 0x4208, 0xCE79,
    0x0001, 0x0001, 0x0001, 0x0001, 0x0001, 0x0001, 0x0001, 0x0001, 0x0001, 0x0001, 0x0001, 0x0001,
    0x0001, 0x0001, 0x0001, 0x0001, 0x0001, 0x0001, 0x0001, 0x0001, 0x0001, 0x0001, 0x0001, 0x0001,
    0x0001, 0x0001, 0x0001, 0x0001, 0x0001, 0x0001, 0x0001, 0x0001, 0x0001, 0x0001, 0x0001, 0x0001,
    0x0001, 0x0001, 0x0001, 0x0001, 0x0001, 0x0001, 0x0001, 0x0001, 0x0001, 0x0001, 0x0001, 0x0001,
    0x0001, 0x0001, 0x0001, 0x0001, 0x0001, 0x0001, 0x0001, 0x0001, 0x0001, 0x0001, 0x0001, 0x0001,
    0x0001, 0x0001, 0x0001, 0x0001, 0x0001, 0x0001, 0x0001, 0x0001, 0x0001, 0x0001, 0x0001, 0x0001,
    0x0001, 0x0001, 0x0001, 0x0001, 0x0001, 0x0001, 0x0001, 0x0001, 0x0001, 0x0001, 0x0001, 0x0001,
    0x4278, 0x21D8, 0x2A18, 0x29F8, 0x2A18, 0x21D8, 0x42B8, 0x0001, 0x0001, 0x0001, 0x0001, 0x0001,
    0x0001, 0x0001, 0x0001, 0x0001, 0x0001, 0x0001, 0x0001, 0x0001, 0x0001, 0x0001, 0x0001, 0x0001,
    0x6B4D, 0x39C7, 0x4208, 0x4208, 0x4208, 0x4208, 0x4228, 0x31A7, 0xC638, 0xFFFF, 0xFFDF, 0xFFDF,
    0xFFDF, 0xFFDF, 0xFFDF, 0xFFDF, 0xFFDF, 0xFFDF, 0xFFDF, 0xFFDF, 0xFFFF, 0xFFDF, 0xFFFF, 0xE73C,
    0x630C, 0x39E7, 0x4208, 0x4208, 0x4208, 0x4208, 0x4229, 0x31A7, 0xB5B6, 0x0001, 0x0001, 0x0001,
    0x0001, 0x0001, 0x0001, 0x0001, 0x0001, 0xA514, 0x31A7, 0x4208, 0x4208, 0x31A7, 0x738E, 0xF7BE,
    0xEF7D, 0xEF7D, 0xEF7D, 0xFFDF, 0xB5B7, 0x39C7, 0x4208, 0x4208, 0x4208, 0x4208, 0x4208, 0x4208,
    0x39C7, 0x5AEC, 0x0001, 0x0001, 0x0001, 0x0001, 0x0001, 0x0001, 0x0001, 0x0001, 0x0001, 0x0001,
    0x0001, 0x0001, 0x0001, 0x0001, 0x0001, 0x0001, 0x0001, 0x0001, 0x0001, 0x0001, 0x0001, 0x0001,
    0x0001, 0x0001, 0x0001, 0x0001, 0x0001, 0x0001, 0x0001, 0x0001, 0x0001, 0x0001, 0x0001, 0x0001,
    0x0001, 0x0001, 0x0001, 0x0001, 0x0001, 0x0001, 0x0001, 0x0001, 0x0001, 0x0001, 0x0001, 0x0001,
    0x0001, 0x0001, 0x0001, 0x0001, 0x0001, 0x0001, 0x0001, 0x0001, 0x0001, 0x0001, 0x0001, 0x0001,
    0x0001, 0x0001, 0x0001, 0x0001, 0x0001, 0x0001, 0x0001, 0x0001, 0x0001, 0x0001, 0x0001, 0x0001,
    0x0001, 0x0001, 0x0001, 0x0001, 0x0001, 0x0001, 0x0001, 0x0001, 0x0001, 0x0001, 0x0001, 0x0001,
    0x0001, 0x0001, 0x845A, 0x1997, 0x2A18, 0x29F8, 0x2A18, 0x21D8, 0x5319, 0x0001, 0x0001, 0x0001,
    0x0001, 0x0001, 0x0001, 0x0001, 0x0001, 0x0001, 0x0001, 0x0001, 0x0001, 0x0001, 0x0001, 0x0001,
    0x0001, 0x0001, 0x6B4D, 0x39C7, 0x4208, 0x4208, 0x4208, 0x4208, 0x4208, 0x39C7, 0x8C71, 0xB5B6,
    0xAD55, 0xAD75, 0xAD75, 0xAD75, 0xAD75, 0xAD75, 0xAD75, 0xAD75, 0xAD75, 0xA534, 0x9CF4, 0x9492,
    0x7BF0, 0x52AB, 0x39E8, 0x4208, 0x4208, 0x4208, 0x4228, 0x4208, 0x3186, 0x630C, 0x0001, 0x0001,
    0x0001, 0x0001, 0x0001, 0x0001, 0x0001, 0x0001, 0xCE59, 0x4208, 0x4208, 0x4208, 0x39E7, 0x5ACB,
    0xEF7D, 0xFFFF, 0xFFDF, 0xFFDF, 0xFFDF, 0xFFDF, 0xFFFF, 0x9CD3, 0x39C7, 0x4208, 0x4208, 0x4208,
    0x4208, 0x4208, 0x4228, 0x31A6, 0x8430, 0x0001, 0x0001, 0x0001, 0x0001, 0x0001, 0x0001, 0x0001,
    0x0001, 0x0001, 0x0001, 0x0001, 0x0001, 0x0001, 0x0001, 0x0001, 0x0001, 0x0001, 0x0001, 0x0001,
    0x0001, 0x0001, 0x0001, 0x0001, 0x0001, 0x0001, 0x0001, 0x0001, 0x0001, 0x0001, 0x0001, 0x0001,
    0x0001, 0x0001, 0x0001, 0x0001, 0x0001, 0x0001, 0x0001, 0x0001, 0x0001, 0x0001, 0x0001, 0x0001,
    0x0001, 0x0001, 0x0001, 0x0001, 0x0001, 0x0001, 0x0001, 0x0001, 0x0001, 0x0001, 0x0001, 0x0001,
    0x0001, 0x0001, 0x0001, 0x0001, 0x0001, 0x0001, 0x0001, 0x0001, 0x0001, 0x0001, 0x0001, 0x0001,
    0x0001, 0x0001, 0x0001, 0x0001, 0x0001, 0x0001, 0x0001, 0x0001, 0x0001, 0x0001, 0x0001, 0x0001,
    0x0001, 0x0001, 0x0001, 0x0001, 0xD69D, 0x3217, 0x21F8, 0x2A18, 0x2A18, 0x21B8, 0x5319, 0x0001,
    0x0001, 0x0001, 0x0001, 0x0001, 0x0001, 0x0001, 0x0001, 0x0001, 0x0001, 0x0001, 0x0001, 0x0001,
    0x0001, 0x0001, 0x0001, 0x0001, 0x6B4D, 0x39C7, 0x4208, 0x4208, 0x4208, 0x4208, 0x4208, 0x4208,
    0x39C7, 0x31A7, 0x31A7, 0x31A7, 0x31A7, 0x31A7, 0x31A7, 0x31A7, 0x31A7, 0x31A7, 0x39C7, 0x39C7,
    0x31A7, 0x31A7, 0x31A7, 0x39E7, 0x4208, 0x4208, 0x4208, 0x39C7, 0x31A7, 0x39E8, 0x738E, 0xDEFB,
    0x0001, 0x0001, 0x0001, 0x0001, 0x0001, 0x0001, 0x0001, 0x0001, 0x5AEB, 0x39E7, 0x4208, 0x4208,
    0x39E7, 0x7BF0, 0xB5B6, 0xAD55, 0xAD75, 0xAD55, 0xAD75, 0xAD55, 0xAD76, 0xA534, 0x4A49, 0x4208,
    0x4208, 0x4208, 0x4208, 0x4208, 0x4208, 0x4208, 0x39C7, 0xB5B6, 0x0001, 0x0001, 0x0001, 0x0001,
    0x0001, 0x0001, 0x0001, 0x0001, 0x0001, 0x0001, 0x0001, 0x0001, 0x0001, 0x0001, 0x0001, 0x0001,
    0x0001, 0x0001, 0x0001, 0x0001, 0x0001, 0x0001, 0x0001, 0x0001, 0x0001, 0x0001, 0x0001, 0x0001,
    0x0001, 0x0001, 0x0001, 0x0001, 0x0001, 0x0001, 0x0001, 0x0001, 0x0001, 0x0001, 0x0001, 0x0001,
    0x0001, 0x0001, 0x0001, 0x0001, 0x0001, 0x0001, 0x0001, 0x0001, 0x0001, 0x0001, 0x0001, 0x0001,
    0x0001, 0x0001, 0x0001, 0x0001, 0x0001, 0x0001, 0x0001, 0x0001, 0x0001, 0x0001, 0x0001, 0x0001,
    0x0001, 0x0001, 0x0001, 0x0001, 0x0001, 0x0001, 0x0001, 0x0001, 0x0001, 0x0001, 0x0001, 0x0001,
    0x0001, 0x0001, 0x0001, 0x0001, 0x0001, 0x0001, 0x0001, 0x845A, 0x1998, 0x2A19, 0x2A18, 0x21D8,
    0x4AF9, 0x0001, 0x0001, 0x0001, 0x0001, 0x0001, 0x0001, 0x0001, 0x0001, 0x0001, 0x0001, 0x0001,
    0x0001, 0x0001, 0x0001, 0x0001, 0x0001, 0x0001, 0x6B4D, 0x39C7, 0x4208, 0x4208, 0x4208, 0x4208,
    0x4208, 0x4208, 0x4229, 0x4229, 0x4229, 0x4229, 0x4229, 0x4229, 0x4229, 0x4229, 0x4229, 0x4229,
    0x39E8, 0x4208, 0x4229, 0x4208, 0x4208, 0x4208, 0x4208, 0x4208, 0x39E8, 0x6B6E, 0xA514, 0xCE59,
    0x0001, 0x0001, 0x0001, 0x0001, 0x0001, 0x0001, 0x0001, 0x0001, 0x0001, 0x8430, 0x31A7, 0x4228,
    0x4208, 0x4208, 0x4208, 0x39C7, 0x31A6, 0x31A7, 0x31A7, 0x31A7, 0x31A7, 0x31A7, 0x31A6, 0x31A7,
    0x39E8, 0x39E8, 0x4208, 0x4208, 0x4208, 0x4208, 0x4208, 0x4208, 0x39E8, 0x4A49, 0xDEDB, 0x0001,
    0x0001, 0x0001, 0x0001, 0x0001, 0x0001, 0x0001, 0x0001, 0x0001, 0x0001, 0x0001, 0x0001, 0x0001,
    0x0001, 0x0001, 0x0001, 0x0001, 0x0001, 0x0001, 0x0001, 0x0001, 0x0001, 0x0001, 0x0001, 0x0001,
    0x0001, 0x0001, 0x0001, 0x0001, 0x0001, 0x0001, 0x0001, 0x0001, 0x0001, 0x0001, 0x0001, 0x0001,
    0x0001, 0x0001, 0x0001, 0x0001, 0x0001, 0x0001, 0x0001, 0x0001, 0x0001, 0x0001, 0x0001, 0x0001,
    0x0001, 0x0001, 0x0001, 0x0001, 0x0001, 0x0001, 0x0001, 0x0001, 0x0001, 0x0001, 0x0001, 0x0001,
    0x0001, 0x0001, 0x0001, 0x0001, 0x0001, 0x0001, 0x0001, 0x0001, 0x0001, 0x0001, 0x0001, 0x0001,
    0x0001, 0x0001, 0x0001, 0x0001, 0x0001, 0x0001, 0x0001, 0x0001, 0x0001, 0x0001, 0x4278, 0x21D8,
    0x2A18, 0x21F8, 0x3A78, 0xDEFD, 0x0001, 0x0001, 0x0001, 0x0001, 0x0001, 0x0001, 0x0001, 0x0001,
    0x0001, 0x0001, 0x0001, 0x0001, 0x0001, 0x0001, 0x0001, 0x0001, 0x6B4D, 0x39C7, 0x4208, 0x4208,
    0x4208, 0x4208, 0x4208, 0x39C7, 0xAD55, 0xDEDB, 0xD69A, 0xD69A, 0xD69A, 0xD69A, 0xD69A, 0xD69A,
    0xD69A, 0xD6BB, 0xBDD7, 0x4A49, 0x39C7, 0x4208, 0x4208, 0x4208, 0x4208, 0x4208, 0x39E8, 0x73AF,
    0x0001, 0x0001, 0x0001, 0x0001, 0x0001, 0x0001, 0x0001, 0x0001, 0x0001, 0x0001, 0xB596, 0x39C7,
    0x4208, 0x4208, 0x39E8, 0x4228, 0x4A69, 0x4A49, 0x4A6A, 0x4A6A, 0x4A6A, 0x4A6A, 0x4A6A, 0x4A6A,
    0x4A6A, 0x4A6A, 0x4A69, 0x4A49, 0x39E8, 0x4208, 0x4208, 0x4208, 0x4208, 0x4208, 0x4228, 0x39C7,
    0x6B6D, 0x0001, 0x0001, 0x0001, 0x0001, 0x0001, 0x0001, 0x0001, 0x0001, 0x0001, 0x0001, 0x0001,
    0x0001, 0x0001, 0x0001, 0x0001, 0x0001, 0x0001, 0x0001, 0x0001, 0x0001, 0x0001, 0x0001, 0x0001,
    0x0001, 0x0001, 0x0001, 0x0001, 0x0001, 0x0001, 0x0001, 0x0001, 0x0001, 0x0001, 0x0001, 0x0001,
    0x0001, 0x0001, 0x0001, 0x0001, 0x0001, 0x0001, 0x0001, 0x0001, 0x0001, 0x0001, 0x0001, 0x0001,
    0x0001, 0x0001, 0x0001, 0x0001, 0x0001, 0x0001, 0x0001, 0x0001, 0x0001, 0x0001, 0x0001, 0x0001,
    0x0001, 0x0001, 0x0001, 0x0001, 0x0001, 0x0001, 0x0001, 0x0001, 0x0001, 0x0001, 0x0001, 0x0001,
    0x0001, 0x0001, 0x0001, 0x0001, 0x0001, 0x0001, 0x0001, 0x0001, 0x0001, 0x0001, 0x0001, 0x0001,
    0xAD9B, 0x21D7, 0x2A18, 0x2A18, 0x21B7, 0xBDFC, 0x0001, 0x0001, 0x0001, 0x0001, 0x0001, 0x0001,
    0x0001, 0x0001, 0x0001, 0x0001, 0x0001, 0x0001, 0x0001, 0x0001, 0x0001, 0x0001, 0x6B4D, 0x39C7,
    0x4208, 0x4208, 0x4208, 0x4208, 0x4228, 0x31A7, 0xC618, 0x0001, 0x0001, 0x0001, 0x0001, 0x0001,
    0x0001, 0x0001, 0x0001, 0x0001, 0x0001, 0xCE7A, 0x4A6A, 0x39C7, 0x4228, 0x4208, 0x4208, 0x4208,
    0x4208, 0x31A7, 0x5ACB, 0xDEDB, 0x0001, 0x0001, 0x0001, 0x0001, 0x0001, 0x0001, 0x0001, 0xDEDB,
    0x4A49, 0x39E8, 0x4208, 0x39E8, 0x4A49, 0xC639, 0xDEFC, 0xDEDB, 0xDEDB, 0xDEDB, 0xDEDB, 0xDEDB,
    0xDEDB, 0xDEDB, 0xDEDB, 0xDEDB, 0xDEDB, 0xE71C, 0x7BCF, 0x31A7, 0x4208, 0x4208, 0x4208, 0x4208,
    0x4208, 0x4228, 0x31A6, 0x9CD3, 0x0001, 0x0001, 0x0001, 0x0001, 0x0001, 0x0001, 0x0001, 0x0001,
    0x0001, 0x0001, 0x0001, 0x0001, 0x0001, 0x0001, 0x0001, 0x0001, 0x0001, 0x0001, 0x0001, 0x0001,
    0x0001, 0x0001, 0x0001, 0x0001, 0x0001, 0x0001, 0x0001, 0x0001, 0x0001, 0x0001, 0x0001, 0x0001,
    0x0001, 0x0001, 0x0001, 0x0001, 0x0001, 0x0001, 0x0001, 0x0001, 0x0001, 0x0001, 0x0001, 0x0001,
    0x0001, 0x0001, 0x0001, 0x0001, 0x0001, 0x0001, 0x0001, 0x0001, 0x0001, 0x0001, 0x0001, 0x0001,
    0x0001, 0x0001, 0x0001, 0x0001, 0x0001, 0x0001, 0x0001, 0x0001, 0x0001, 0x0001, 0x0001, 0x0001,
    0x0001, 0x0001, 0x0001, 0x0001, 0x0001, 0x0001, 0x0001, 0x0001, 0x0001, 0x0001, 0x0001, 0x0001,
    0x0001, 0x0001, 0x0001, 0x7C3A, 0x19B7, 0x3239, 0x19B7, 0x7419, 0x0001, 0x0001, 0x0001, 0x0001,
    0x0001, 0x0001, 0x0001, 0x0001, 0x0001, 0x0001, 0x0001, 0x0001, 0x0001, 0x0001, 0x0001, 0x0001,
    0x6B4D, 0x39C7, 0x4208, 0x4208, 0x4208, 0x4208, 0x4228, 0x31A7, 0xBDF8, 0x0001, 0x0001, 0x0001,
    0x0001, 0x0001, 0x0001, 0x0001, 0x0001, 0x0001, 0x0001, 0x0001, 0xD6BB, 0x52AB, 0x39C7, 0x4229,
    0x4208, 0x4208, 0x4208, 0x4228, 0x39C7, 0x4A6A, 0xCE79, 0x0001, 0x0001, 0x0001, 0x0001, 0x0001,
    0x0001, 0x6B4D, 0x31A7, 0x4228, 0x4208, 0x39C7, 0xAD75, 0x0001, 0x0001, 0x0001, 0x0001, 0x0001,
    0x0001, 0x0001, 0x0001, 0x0001, 0x0001, 0x0001, 0x0001, 0x0001, 0x0001, 0x52AA, 0x39C7, 0x4208,
    0x4208, 0x4208, 0x4208, 0x4208, 0x4208, 0x39E8, 0xC639, 0x0001, 0x0001, 0x0001, 0x0001, 0x0001,
    0x0001, 0x0001, 0x0001, 0x0001, 0x0001, 0x0001, 0x0001, 0x0001, 0x0001, 0x0001, 0x0001, 0x0001,
    0x0001, 0x0001, 0x0001, 0x0001, 0x0001, 0x0001, 0x0001, 0x0001, 0x0001, 0x0001, 0x0001, 0x0001,
    0x0001, 0x0001, 0x0001, 0x0001, 0x0001, 0x0001, 0x0001, 0x0001, 0x0001, 0x0001, 0x0001, 0x0001,
    0x0001, 0x0001, 0x0001, 0x0001, 0x0001, 0x0001, 0x0001, 0x0001, 0x0001, 0x0001, 0x0001, 0x0001,
    0x0001, 0x0001, 0x0001, 0x0001, 0x0001, 0x0001, 0x0001, 0x0001, 0x0001, 0x0001, 0x0001, 0x0001,
    0x0001, 0x0001, 0x0001, 0x0001, 0x0001, 0x0001, 0x0001, 0x0001, 0x0001, 0x0001, 0x0001, 0x0001,
    0x0001, 0x0001, 0x0001, 0x0001, 0x0001, 0x0001, 0x5B38, 0x21B8, 0x2A18, 0x3A58, 0xDEDD, 0x0001,
    0x0001, 0x0001, 0x0001, 0x0001, 0x0001, 0x0001, 0x0001, 0x0001, 0x0001, 0x0001, 0x0001, 0x0001,
    0x0001, 0x0001, 0x6B4D, 0x39E7, 0x4229, 0x4208, 0x4208, 0x4208, 0x4229, 0x31A7, 0xC618, 0x0001,
    0x0001, 0x0001, 0x0001, 0x0001, 0x0001, 0x0001, 0x0001, 0x0001, 0x0001, 0x0001, 0x0001, 0xDEFC,
    0x630C, 0x3186, 0x39E8, 0x4208, 0x4208, 0x4208, 0x4229, 0x39E8, 0x4229, 0xBDF8, 0x0001, 0x0001,
    0x0001, 0x0001, 0x9CD3, 0x39C7, 0x4229, 0x4229, 0x31A7, 0x7BF0, 0x0001, 0x0001, 0x0001, 0x0001,
    0x0001, 0x0001, 0x0001, 0x0001, 0x0001, 0x0001, 0x0001, 0x0001, 0x0001, 0x0001, 0x0001, 0xC638,
    0x39E8, 0x4208, 0x4228, 0x4208, 0x4208, 0x4208, 0x4229, 0x39E8, 0x5ACB, 0x0001, 0x0001, 0x0001,
    0x0001, 0x0001, 0x0001, 0x0001, 0x0001, 0x0001, 0x0001, 0x0001, 0x0001, 0x0001, 0x0001, 0x0001,
    0x0001, 0x0001, 0x0001, 0x0001, 0x0001, 0x0001, 0x0001, 0x0001, 0x0001, 0x0001, 0x0001, 0x0001,
    0x0001, 0x0001, 0x0001, 0x0001, 0x0001, 0x0001, 0x0001, 0x0001, 0x0001, 0x0001, 0x0001, 0x0001,
    0x0001, 0x0001, 0x0001, 0x0001, 0x0001, 0x0001, 0x0001, 0x0001, 0x0001, 0x0001, 0x0001, 0x0001,
    0x0001, 0x0001, 0x0001, 0x0001, 0x0001, 0x0001, 0x0001, 0x0001, 0x0001, 0x0001, 0x0001, 0x0001,
    0x0001, 0x0001, 0x0001, 0x0001, 0x0001, 0x0001, 0x0001, 0x0001, 0x0001, 0x0001, 0x0001, 0x0001,
    0x0001, 0x0001, 0x0001, 0x0001, 0x0001, 0x0001, 0x0001, 0x0001, 0xDEFE, 0x4AB8, 0x21D8, 0x21D8,
    0x7C5A, 0x0001, 0x0001, 0x0001, 0x0001, 0x0001, 0x0001, 0x0001, 0x0001, 0x0001, 0x0001, 0x0001,
    0x0001, 0x0001, 0x0001, 0x0001, 0x630C, 0x3186, 0x39C7, 0x39C7, 0x39C7, 0x39C7, 0x39C7, 0x2966,
    0xBDF7, 0x0001, 0x0001, 0x0001, 0x0001, 0x0001, 0x0001, 0x0001, 0x0001, 0x0001, 0x0001, 0x0001,
    0x0001, 0x0001, 0x0001, 0x9492, 0x4A6A, 0x39C7, 0x39C7, 0x39C7, 0x39C7, 0x39C7, 0x31A7, 0x31A7,
    0xA514, 0x0001, 0x0001, 0xBDD7, 0x31A7, 0x39C7, 0x39C7, 0x3186, 0x5ACB, 0x0001, 0x0001, 0x0001,
    0x0001, 0x0001, 0x0001, 0x0001, 0x0001, 0x0001, 0x0001, 0x0001, 0x0001, 0x0001, 0x0001, 0x0001,
    0x0001, 0x0001, 0x94B3, 0x3186, 0x39C7, 0x39C7, 0x39C7, 0x39C7, 0x39C7, 0x39C7, 0x2966, 0x738E,
    0x0001, 0x0001, 0x0001, 0x0001, 0x0001, 0x0001, 0x0001, 0x0001, 0x0001, 0x0001, 0x0001, 0x0001,
    0x0001, 0x0001, 0x0001, 0x0001, 0x0001, 0x0001, 0x0001, 0x0001, 0x0001, 0x0001, 0x0001, 0x0001,
    0x0001, 0x0001, 0x0001, 0x0001, 0x0001, 0x0001, 0x0001, 0x0001, 0x0001, 0x0001, 0x0001, 0x0001,
    0x0001, 0x0001, 0x0001, 0x0001, 0x0001, 0x0001, 0x0001, 0x0001, 0x0001, 0x0001, 0x0001, 0x0001,
    0x0001, 0x0001, 0x0001, 0x0001, 0x0001, 0x0001, 0x0001, 0x0001, 0x0001, 0x0001, 0x0001, 0x0001,
    0x0001, 0x0001, 0x0001, 0x0001, 0x0001, 0x0001, 0x0001, 0x0001, 0x0001, 0x0001, 0x0001, 0x0001,
    0x0001, 0x0001, 0x0001, 0x0001, 0x0001, 0x0001, 0x0001, 0x0001, 0x0001, 0x0001, 0x0001, 0xD6BD,
    0x4297, 0x21B8, 0x29F7, 0xBE1C, 0x0001, 0x0001, 0x0001, 0x0001, 0x0001, 0x0001, 0x0001, 0x0001,
    0x0001, 0x0001, 0x0001, 0x0001, 0x0001, 0x0001, 0xB596, 0x9CF4, 0xA514, 0xA514, 0xA514, 0xA514,
    0xA534, 0xA514, 0xDEDB, 0x0001, 0x0001, 0x0001, 0x0001, 0x0001, 0x0001, 0x0001, 0x0001, 0x0001,
    0x0001, 0x0001, 0x0001, 0x0001, 0x0001, 0x0001, 0x0001, 0xBDD7, 0xA514, 0xA514, 0xA514, 0xA514,
    0xA535, 0xA514, 0x9CF4, 0x0001, 0x0001, 0xB5B7, 0x9CF4, 0xA534, 0xA535, 0xA514, 0xD69A, 0x0001,
    0x0001, 0x0001, 0x0001, 0x0001, 0x0001, 0x0001, 0x0001, 0x0001, 0x0001, 0x0001, 0x0001, 0x0001,
    0x0001, 0x0001, 0x0001, 0x0001, 0x0001, 0xAD55, 0xA514, 0xA514, 0xA514, 0xA534, 0xA534, 0xA514,
    0xA535, 0xA514, 0x0001, 0x0001, 0x0001, 0x0001, 0x0001, 0x0001, 0x0001, 0x0001, 0x0001, 0x0001,
    0x0001, 0x0001, 0x0001, 0x0001, 0x0001, 0x0001, 0x0001, 0x0001, 0x0001, 0x0001, 0x0001, 0x0001,
    0x0001, 0x0001, 0x0001, 0x0001, 0x0001, 0x0001, 0x0001, 0x0001, 0x0001, 0x0001, 0x0001, 0x0001,
    0x0001, 0x0001, 0x0001, 0x0001, 0x0001, 0x0001, 0x0001, 0x0001, 0x0001, 0x0001, 0x0001, 0x0001,
    0x0001, 0x0001, 0x0001, 0x0001, 0x0001, 0x0001, 0x0001, 0x0001, 0x0001, 0x0001, 0x0001, 0x0001,
    0x0001, 0x0001, 0x0001, 0x0001, 0x0001, 0x0001, 0x0001, 0x0001, 0x0001, 0x0001, 0x0001, 0x0001,
    0x0001, 0x0001, 0x0001, 0x0001, 0x0001, 0x0001, 0x0001, 0x0001, 0x0001, 0x0001, 0x0001, 0x0001,
    0x0001, 0x0001, 0xD6BD, 0x4AD8, 0x1998, 0x42D8, 0xE71E, 0x0001, 0x0001, 0x0001, 0x0001, 0x0001,
    0x0001, 0x0001, 0x0001, 0x0001, 0x0001, 0x0001, 0x0001, 0x0001, 0x0001, 0x0001, 0x0001, 0x0001,
    0x0001, 0x0001, 0x0001, 0x0001, 0x0001, 0x0001, 0x0001, 0x0001, 0x0001, 0x0001, 0x0001, 0x0001,
    0x0001, 0x0001, 0x0001, 0x0001, 0x0001, 0x0001, 0x0001, 0x0001, 0x0001, 0x0001, 0x0001, 0x0001,
    0x0001, 0x0001, 0x0001, 0x0001, 0x0001, 0x0001, 0x0001, 0x0001, 0x0001, 0x0001, 0x0001, 0x0001,
    0x0001, 0x0001, 0x0001, 0x0001, 0x0001, 0x0001, 0x0001, 0x0001, 0x0001, 0x0001, 0x0001, 0x0001,
    0x0001, 0x0001, 0x0001, 0x0001, 0x0001, 0x0001, 0x0001, 0x0001, 0x0001, 0x0001, 0x0001, 0x0001,
    0x0001, 0x0001, 0x0001, 0x0001, 0x0001, 0x0001, 0x0001, 0x0001, 0x0001, 0x0001, 0x0001, 0x0001,
    0x0001, 0x0001, 0x0001, 0x0001, 0x0001, 0x0001, 0x0001, 0x0001, 0x0001, 0x0001, 0x0001, 0x0001,
    0x0001, 0x0001, 0x0001, 0x0001, 0x0001, 0x0001, 0x0001, 0x0001, 0x0001, 0x0001, 0x0001, 0x0001,
    0x0001, 0x0001, 0x0001, 0x0001, 0x0001, 0x0001, 0x0001, 0x0001, 0x0001, 0x0001, 0x0001, 0x0001,
    0x0001, 0x0001, 0x0001, 0x0001, 0x0001, 0x0001, 0x0001, 0x0001, 0x0001, 0x0001, 0x0001, 0x0001,
    0x0001, 0x0001, 0x0001, 0x0001, 0x0001, 0x0001, 0x0001, 0x0001, 0x0001, 0x0001, 0x0001, 0x0001,
    0x0001, 0x0001, 0x0001, 0x0001, 0x0001, 0x0001, 0x0001, 0x0001, 0x0001, 0x0001, 0x0001, 0x0001,
    0x0001, 0x0001, 0x0001, 0x0001, 0x0001, 0xDEFD, 0x5B59, 0x1157, 0x5B59, 0x0001, 0x0001, 0x0001,
    0x0001, 0x0001, 0x0001, 0x0001, 0x0001, 0x0001, 0x0001, 0x0001, 0x0001, 0x0001, 0x0001, 0x0001,
    0x0001, 0x0001, 0x0001, 0x0001, 0x0001, 0x0001, 0x0001, 0x0001, 0x0001, 0x0001, 0x0001, 0x0001,
    0x0001, 0x0001, 0x0001, 0x0001, 0x0001, 0x0001, 0x0001, 0x0001, 0x0001, 0x0001, 0x0001, 0x0001,
    0x0001, 0x0001, 0x0001, 0x0001, 0x0001, 0x0001, 0x0001, 0x0001, 0x0001, 0x0001, 0x0001, 0x0001,
    0x0001, 0x0001, 0x0001, 0x0001, 0x0001, 0x0001, 0x0001, 0x0001, 0x0001, 0x0001, 0x0001, 0x0001,
    0x0001, 0x0001, 0x0001, 0x0001, 0x0001, 0x0001, 0x0001, 0x0001, 0x0001, 0x0001, 0x0001, 0x0001,
    0x0001, 0x0001, 0x0001, 0x0001, 0x0001, 0x0001, 0x0001, 0x0001, 0x0001, 0x0001, 0x0001, 0x0001,
    0x0001, 0x0001, 0x0001, 0x0001, 0x0001, 0x0001, 0x0001, 0x0001, 0x0001, 0x0001, 0x0001, 0x0001,
    0x0001, 0x0001, 0x0001, 0x0001, 0x0001, 0x0001, 0x0001, 0x0001, 0x0001, 0x0001, 0x0001, 0x0001,
    0x0001, 0x0001, 0x0001, 0x0001, 0x0001, 0x0001, 0x0001, 0x0001, 0x0001, 0x0001, 0x0001, 0x0001,
    0x0001, 0x0001, 0x0001, 0x0001, 0x0001, 0x0001, 0x0001, 0x0001, 0x0001, 0x0001, 0x0001, 0x0001,
    0x0001, 0x0001, 0x0001, 0x0001, 0x0001, 0x0001, 0x0001, 0x0001, 0x0001, 0x0001, 0x0001, 0x0001,
    0x0001, 0x0001, 0x0001, 0x0001, 0x0001, 0x0001, 0x0001, 0x0001, 0x0001, 0x0001, 0x0001, 0x0001,
    0x0001, 0x0001, 0x0001, 0x0001, 0x0001, 0x0001, 0x0001, 0x0001, 0x0001, 0x7C39, 0x1157, 0x6379,
    0x0001, 0x0001, 0x0001, 0x0001, 0x0001, 0x0001, 0x0001, 0x0001, 0x0001, 0x0001, 0x0001, 0x0001,
    0x0001, 0x0001, 0x0001, 0x0001, 0x0001, 0x0001, 0x0001, 0x0001, 0x0001, 0x0001, 0x0001, 0x0001,
    0x0001, 0x0001, 0x0001, 0x0001, 0x0001, 0x0001, 0x0001, 0x0001, 0x0001, 0x0001, 0x0001, 0x0001,
    0x0001, 0x0001, 0x0001, 0x0001, 0x0001, 0x0001, 0x0001, 0x0001, 0x0001, 0x0001, 0x0001, 0x0001,
    0x0001, 0x0001, 0x0001, 0x0001, 0x0001, 0x0001, 0x0001, 0x0001, 0x0001, 0x0001, 0x0001, 0x0001,
    0x0001, 0x0001, 0x0001, 0x0001, 0x0001, 0x0001, 0x0001, 0x0001, 0x0001, 0x0001, 0x0001, 0x0001,
    0x0001, 0x0001, 0x0001, 0x0001, 0x0001, 0x0001, 0x0001, 0x0001, 0x0001, 0x0001, 0x0001, 0x0001,
    0x0001, 0x0001, 0x0001, 0x0001, 0x0001, 0x0001, 0x0001, 0x0001, 0x0001, 0x0001, 0x0001, 0x0001,
    0x0001, 0x0001, 0x0001, 0x0001, 0x0001, 0x0001, 0x0001, 0x0001, 0x0001, 0x0001, 0x0001, 0x0001,
    0x0001, 0x0001, 0x0001, 0x0001, 0x0001, 0x0001, 0x0001, 0x0001, 0x0001, 0x0001, 0x0001, 0x0001,
    0x0001, 0x0001, 0x0001, 0x0001, 0x0001, 0x0001, 0x0001, 0x0001, 0x0001, 0x0001, 0x0001, 0x0001,
    0x0001, 0x0001, 0x0001, 0x0001, 0x0001, 0x0001, 0x0001, 0x0001, 0x0001, 0x0001, 0x0001, 0x0001,
    0x0001, 0x0001, 0x0001, 0x0001, 0x0001, 0x0001, 0x0001, 0x0001, 0x0001, 0x0001, 0x0001, 0x0001,
    0x0001, 0x0001, 0x0001, 0x0001, 0x0001, 0x0001, 0x0001, 0x0001, 0x0001, 0x0001, 0x0001, 0x0001,
    0xAD7B, 0x29F7, 0x52F8, 0x0001, 0x0001, 0x0001, 0x0001, 0x0001, 0x0001, 0x0001, 0x0001, 0x0001,
    0x0001, 0x0001, 0x0001, 0x0001, 0x0001, 0x0001, 0x0001, 0x0001, 0x0001, 0x0001, 0x0001, 0x0001,
    0x0001, 0x0001, 0x0001, 0x0001, 0x0001, 0x0001, 0x0001, 0x0001, 0x0001, 0x0001, 0x0001, 0x0001,
    0x0001, 0x0001, 0x0001, 0x0001, 0x0001, 0x0001, 0x0001, 0x0001, 0x0001, 0x0001, 0x0001, 0x0001,
    0x0001, 0x0001, 0x0001, 0x0001, 0x0001, 0x0001, 0x0001, 0x0001, 0x0001, 0x0001, 0x0001, 0x0001,
    0x0001, 0x0001, 0x0001, 0x0001, 0x0001, 0x0001, 0x0001, 0x0001, 0x0001, 0x0001, 0x0001, 0x0001,
    0x0001, 0x0001, 0x0001, 0x0001, 0x0001, 0x0001, 0x0001, 0x0001, 0x0001, 0x0001, 0x0001, 0x0001,
    0x0001, 0x0001, 0x0001, 0x0001, 0x0001, 0x0001, 0x0001, 0x0001, 0x0001, 0x0001, 0x0001, 0x0001,
    0x0001, 0x0001, 0x0001, 0x0001, 0x0001, 0x0001, 0x0001, 0x0001, 0x0001, 0x0001, 0x0001, 0x0001,
    0x0001, 0x0001, 0x0001, 0x0001, 0x0001, 0x0001, 0x0001, 0x0001, 0x0001, 0x0001, 0x0001, 0x0001,
    0x0001, 0x0001, 0x0001, 0x0001, 0x0001, 0x0001, 0x0001, 0x0001, 0x0001, 0x0001, 0x0001, 0x0001,
    0x0001, 0x0001, 0x0001, 0x0001, 0x0001, 0x0001, 0x0001, 0x0001, 0x0001, 0x0001, 0x0001, 0x0001,
    0x0001, 0x0001, 0x0001, 0x0001, 0x0001, 0x0001, 0x0001, 0x0001, 0x0001, 0x0001, 0x0001, 0x0001,
    0x0001, 0x0001, 0x0001, 0x0001, 0x0001, 0x0001, 0x0001, 0x0001, 0x0001, 0x0001, 0x0001, 0x0001,
    0x0001, 0x0001, 0x0001, 0xD6DD, 0x5B38, 0x4277, 0xBE3D, 0x0001, 0x0001, 0x0001, 0x0001, 0x0001,
    0x0001, 0x0001, 0x0001, 0x0001, 0x0001, 0x0001, 0x0001, 0x0001, 0x0001, 0x0001, 0x0001, 0x0001,
    0x0001, 0x0001, 0x0001, 0x0001, 0x0001, 0x0001, 0x0001, 0x0001, 0x0001, 0x0001, 0x0001, 0x0001,
    0x0001, 0x0001, 0x0001, 0x0001, 0x0001, 0x0001, 0x0001, 0x0001, 0x0001, 0x0001, 0x0001, 0x0001,
    0x0001, 0x0001, 0x0001, 0x0001, 0x0001, 0x0001, 0x0001, 0x0001, 0x0001, 0x0001, 0x0001, 0x0001,
    0x0001, 0x0001, 0x0001, 0x0001, 0x0001, 0x0001, 0x0001, 0x0001, 0x0001, 0x0001, 0x0001, 0x0001,
    0x0001, 0x0001, 0x0001, 0x0001, 0x0001, 0x0001, 0x0001, 0x0001, 0x0001, 0x0001, 0x0001, 0x0001,
    0x0001, 0x0001, 0x0001, 0x0001, 0x0001, 0x0001, 0x0001, 0x0001, 0x0001, 0x0001, 0x0001, 0x0001,
    0x0001, 0x0001, 0x0001, 0x0001, 0x0001, 0x0001, 0x0001, 0x0001, 0x0001, 0x0001, 0x0001, 0x0001,
    0x0001, 0x0001, 0x0001, 0x0001, 0x0001, 0x0001, 0x0001, 0x0001, 0x0001, 0x0001, 0x0001, 0x0001,
    0x0001, 0x0001, 0x0001, 0x0001, 0x0001, 0x0001, 0x0001, 0x0001, 0x0001, 0x0001, 0x0001, 0x0001,
    0x0001, 0x0001, 0x0001, 0x0001, 0x0001, 0x0001, 0x0001, 0x0001, 0x0001, 0x0001, 0x0001, 0x0001,
    0x0001, 0x0001, 0x0001, 0x0001, 0x0001, 0x0001, 0x0001, 0x0001, 0x0001, 0x0001, 0x0001, 0x0001,
    0x0001, 0x0001, 0x0001, 0x0001, 0x0001, 0x0001, 0x0001, 0x0001, 0x0001, 0x0001, 0x0001, 0x0001,
    0x0001, 0x0001, 0x0001, 0x0001, 0x0001, 0x0001, 0x0001, 0x9D3B, 0x4AB7, 0x8CBA, 0x0001, 0x0001,
    0x0001, 0x0001, 0x0001, 0x0001, 0x0001, 0x0001, 0x0001, 0x0001, 0x0001, 0x0001, 0x0001, 0x0001,
    0x0001, 0x0001, 0x0001, 0x0001, 0x0001, 0x0001, 0x0001, 0x0001, 0x0001, 0x0001, 0x0001, 0x0001,
    0x0001, 0x0001, 0x0001, 0x0001, 0x0001, 0x0001, 0x0001, 0x0001, 0x0001, 0x0001, 0x0001, 0x0001,
    0x0001, 0x0001, 0x0001, 0x0001, 0x0001, 0x0001, 0x0001, 0x0001, 0x0001, 0x0001, 0x0001, 0x0001,
    0x0001, 0x0001, 0x0001, 0x0001, 0x0001, 0x0001, 0x0001, 0x0001, 0x0001, 0x0001, 0x0001, 0x0001,
    0x0001, 0x0001, 0x0001, 0x0001, 0x0001, 0x0001, 0x0001, 0x0001, 0x0001, 0x0001, 0x0001, 0x0001,
    0x0001, 0x0001, 0x0001, 0x0001, 0x0001, 0x0001, 0x0001, 0x0001, 0x0001, 0x0001, 0x0001, 0x0001,
    0x0001, 0x0001, 0x0001, 0x0001, 0x0001, 0x0001, 0x0001, 0x0001, 0x0001, 0x0001, 0x0001, 0x0001,
    0x0001, 0x0001, 0x0001, 0x0001, 0x0001, 0x0001, 0x0001, 0x0001, 0x0001, 0x0001, 0x0001, 0x0001,
    0x0001, 0x0001, 0x0001, 0x0001, 0x0001, 0x0001, 0x0001, 0x0001, 0x0001, 0x0001, 0x0001, 0x0001,
    0x0001, 0x0001, 0x0001, 0x0001, 0x0001, 0x0001, 0x0001, 0x0001, 0x0001, 0x0001, 0x0001, 0x0001,
    0x0001, 0x0001, 0x0001, 0x0001, 0x0001, 0x0001, 0x0001, 0x0001, 0x0001, 0x0001, 0x0001, 0x0001,
    0x0001, 0x0001, 0x0001, 0x0001, 0x0001, 0x0001, 0x0001, 0x0001, 0x0001, 0x0001, 0x0001, 0x0001,
    0x0001, 0x0001, 0x0001, 0x0001, 0x0001, 0x0001, 0x0001, 0x0001, 0x0001, 0x0001, 0xDF1D, 0x8479,
    0x73D8, 0xC61C, 0x0001, 0x0001, 0x0001, 0x0001, 0x0001, 0x0001, 0x0001, 0x0001, 0x0001, 0x0001,
    0x0001, 0x0001, 0x0001, 0x0001, 0x0001, 0x0001, 0x0001, 0x0001, 0x0001, 0x0001, 0x0001, 0x0001,
    0x0001, 0x0001, 0x0001, 0x0001, 0x0001, 0x0001, 0x0001, 0x0001, 0x0001, 0x0001, 0x0001, 0x0001,
    0x0001, 0x0001, 0x0001, 0x0001, 0x0001, 0x0001, 0x0001, 0x0001, 0x0001, 0x0001, 0x0001, 0x0001,
    0x0001, 0x0001, 0x0001, 0x0001, 0x0001, 0x0001, 0x0001, 0x0001, 0x0001, 0x0001, 0x0001, 0x0001,
    0x0001, 0x0001, 0x0001, 0x0001, 0x0001, 0x0001, 0x0001, 0x0001, 0x0001, 0x0001, 0x0001, 0x0001,
    0x0001, 0x0001, 0x0001, 0x0001, 0x0001, 0x0001, 0x0001, 0x0001, 0x0001, 0x0001, 0x0001, 0x0001,
    0x0001, 0x0001, 0x0001, 0x0001, 0x0001, 0x0001, 0x0001, 0x0001, 0x0001, 0x0001, 0x0001, 0x0001,
    0x0001, 0x0001, 0x0001, 0x0001, 0x0001, 0x0001, 0x0001, 0x0001, 0x0001, 0x0001, 0x0001, 0x0001,
    0x0001, 0x0001, 0x0001, 0x0001, 0x0001, 0x0001, 0x0001, 0x0001, 0x0001, 0x0001, 0x0001, 0x0001,
    0x0001, 0x0001, 0x0001, 0x0001, 0x0001, 0x0001, 0x0001, 0x0001, 0x0001, 0x0001, 0x0001, 0x0001,
    0x0001, 0x0001, 0x0001, 0x0001, 0x0001, 0x0001, 0x0001, 0x0001, 0x0001, 0x0001, 0x0001, 0x0001,
    0x0001, 0x0001, 0x0001, 0x0001, 0x0001, 0x0001, 0x0001, 0x0001, 0x0001, 0x0001, 0x0001, 0x0001,
    0x0001, 0x0001, 0x0001, 0x0001, 0x0001, 0x0001, 0x0001, 0x0001, 0x0001, 0x0001, 0x0001, 0x0001,
    0x0001, 0x0001, 0xCEBD, 0x94BA, 0x9CFA, 0xD6BC, 0x0001, 0x0001, 0x0001, 0x0001, 0x0001, 0x0001,
    0x0001, 0x0001, 0x0001, 0x0001, 0x0001, 0x0001, 0x0001, 0x0001, 0x0001, 0x0001, 0x0001, 0x0001,
    0x0001, 0x0001, 0x0001, 0x0001, 0x0001, 0x0001, 0x0001, 0x0001, 0x0001, 0x0001, 0x0001, 0x0001,
    0x0001, 0x0001, 0x0001, 0x0001, 0x0001, 0x0001, 0x0001, 0x0001, 0x0001, 0x0001, 0x0001, 0x0001,
    0x0001, 0x0001, 0x0001, 0x0001, 0x0001, 0x0001, 0x0001, 0x0001, 0x0001, 0x0001, 0x0001, 0x0001,
    0x0001, 0x0001, 0x0001, 0x0001, 0x0001, 0x0001, 0x0001, 0x0001, 0x0001, 0x0001, 0x0001, 0x0001,
    0x0001, 0x0001, 0x0001, 0x0001, 0x0001, 0x0001, 0x0001, 0x0001, 0x0001, 0x0001, 0x0001, 0x0001,
    0x0001, 0x0001, 0x0001, 0x0001, 0x0001, 0x0001, 0x0001, 0x0001, 0x0001, 0x0001, 0x0001, 0x0001,
    0x0001, 0x0001, 0x0001, 0x0001, 0x0001, 0x0001, 0x0001, 0x0001, 0x0001, 0x0001, 0x0001, 0x0001,
    0x0001, 0x0001, 0x0001, 0x0001, 0x0001, 0x0001, 0x0001, 0x0001, 0x0001, 0x0001, 0x0001, 0x0001,
    0x0001, 0x0001, 0x0001, 0x0001, 0x0001, 0x0001, 0x0001, 0x0001, 0x0001, 0x0001, 0x0001, 0x0001,
    0x0001, 0x0001, 0x0001, 0x0001, 0x0001, 0x0001, 0x0001, 0x0001, 0x0001, 0x0001, 0x0001, 0x0001,
    0x0001, 0x0001, 0x0001, 0x0001, 0x0001, 0x0001, 0x0001, 0x0001, 0x0001, 0x0001, 0x0001, 0x0001,
    0x0001, 0x0001, 0x0001, 0x0001, 0x0001, 0x0001, 0x0001, 0x0001, 0x0001, 0x0001, 0x0001, 0x0001,
    0x0001, 0x0001, 0x0001, 0x0001, 0x0001, 0x0001, 0xD6DD, 0xB5BB, 0x0001, 0x0001, 0x0001, 0x0001,
    0x0001, 0x0001, 0x0001, 0x0001, 0x0001, 0x0001, 0x0001, 0x0001, 0x0001, 0x0001, 0x0001, 0x0001,
    0x0001, 0x0001, 0x0001, 0x0001, 0x0001, 0x0001, 0x0001, 0x0001, 0x0001, 0x0001, 0x0001, 0x0001,
    0x0001, 0x0001, 0x0001, 0x0001, 0x0001, 0x0001, 0x0001, 0x0001, 0x0001, 0x0001, 0x0001, 0x0001,
    0x0001, 0x0001, 0x0001, 0x0001, 0x0001, 0x0001, 0x0001, 0x0001, 0x0001, 0x0001, 0x0001, 0x0001,
    0x0001, 0x0001, 0x0001, 0x0001, 0x0001, 0x0001, 0x0001, 0x0001, 0x0001, 0x0001, 0x0001, 0x0001,
    0x0001, 0x0001, 0x0001, 0x0001, 0x0001, 0x0001, 0x0001, 0x0001, 0x0001, 0x0001, 0x0001, 0x0001,
    0x0001, 0x0001, 0x0001, 0x0001, 0x0001, 0x0001, 0x0001, 0x0001, 0x0001, 0x0001, 0x0001, 0x0001,
    0x0001, 0x0001, 0x0001, 0x0001, 0x0001, 0x0001, 0x0001, 0x0001, 0x0001, 0x0001, 0x0001, 0x0001,
    0x0001, 0x0001, 0x0001, 0x0001, 0x0001, 0x0001, 0x0001, 0x0001, 0x0001, 0x0001, 0x0001, 0x0001,
    0x0001, 0x0001, 0x0001, 0x0001, 0x0001, 0x0001, 0x0001, 0x0001, 0x0001, 0x0001, 0x0001, 0x0001,
    0x0001, 0x0001, 0x0001, 0x0001, 0x0001, 0x0001, 0x0001, 0x0001, 0x0001, 0x0001, 0x0001, 0x0001,
    0x0001, 0x0001, 0x0001, 0x0001, 0x0001, 0x0001, 0x0001, 0x0001, 0x0001, 0x0001, 0x0001, 0x0001,
    0x0001, 0x0001, 0x0001, 0x0001, 0x0001, 0x0001, 0x0001, 0x0001, 0x0001, 0x0001, 0x0001, 0x0001,
    0x0001, 0x0001, 0x0001, 0x0001, 0x0001, 0x0001, 0x0001, 0x0001, 0x0001, 0x0001, 0x0001, 0x0001,
    0x0001, 0x0001, 0x0001, 0x0001, 0x0001, 0x0001, 0x0001, 0x0001, 0x0001, 0x0001, 0x0001, 0x0001,
    0x0001, 0x0001, 0x0001, 0x0001, 0x0001, 0x0001, 0x0001, 0x0001, 0x0001, 0x0001, 0x0001, 0x0001,
    0x0001, 0x0001, 0x0001, 0x0001, 0x0001, 0x0001, 0x0001, 0x0001, 0x0001, 0x0001, 0x0001, 0x0001,
    0x0001, 0x0001, 0x0001, 0x0001, 0x0001, 0x0001, 0x0001, 0x0001, 0x0001, 0x0001, 0x0001, 0x0001,
    0x0001, 0x0001, 0x0001, 0x0001, 0x0001, 0x0001, 0x0001, 0x0001, 0x0001, 0x0001, 0x0001, 0x0001,
    0x0001, 0x0001, 0x0001, 0x0001, 0x0001, 0x0001, 0x0001, 0x0001, 0x0001, 0x0001, 0x0001, 0x0001,
    0x0001, 0x0001, 0x0001, 0x0001, 0x0001, 0x0001, 0x0001, 0x0001, 0x0001, 0x0001, 0x0001, 0x0001,
    0x0001, 0x0001, 0x0001, 0x0001, 0x0001, 0x0001, 0x0001, 0x0001, 0x0001, 0x0001, 0x0001, 0x0001,
    0x0001, 0x0001, 0x0001, 0x0001, 0x0001, 0x0001, 0x0001, 0x0001, 0x0001, 0x0001, 0x0001, 0x0001,
    0x0001, 0x0001, 0x0001, 0x0001, 0x0001, 0x0001, 0x0001, 0x0001, 0x0001, 0x0001, 0x0001, 0x0001,
    0x0001, 0x0001, 0x0001, 0x0001, 0x0001, 0x0001, 0x0001, 0x0001, 0x0001, 0x0001, 0x0001, 0x0001,
    0x0001, 0x0001, 0x0001, 0x0001, 0x0001, 0x0001, 0x0001, 0x0001, 0x0001, 0x0001, 0x0001, 0x0001,
    0x0001, 0x0001, 0x0001, 0x0001, 0x0001, 0x0001, 0x0001, 0x0001, 0x0001, 0x0001, 0x0001, 0x0001,
    0x0001, 0x0001, 0x0001, 0x0001, 0x0001, 0x0001, 0x0001, 0x0001, 0x0001, 0x0001, 0x0001, 0x0001,
    0x0001, 0x0001, 0x0001, 0x0001, 0x0001, 0x0001, 0x0001, 0x0001, 0x0001, 0x0001, 0x0001, 0x0001,
    0x0001, 0x0001, 0x0001, 0x0001, 0x0001, 0x0001, 0x0001, 0x0001, 0x0001, 0x0001, 0x0001, 0x0001,
    0x0001, 0x0001, 0x0001, 0x0001, 0x0001, 0x0001, 0x0001, 0x0001, 0x0001, 0x0001, 0x0001, 0x0001,
    0x0001, 0x0001, 0x0001, 0x0001, 0x0001, 0x0001, 0x0001, 0x0001, 0x0001, 0x0001, 0x0001, 0x0001,
    0x0001, 0x0001, 0x0001, 0x0001, 0x0001, 0x0001, 0x0001, 0x0001, 0x0001, 0x0001, 0x0001, 0x0001,
    0x0001, 0x0001, 0x0001, 0x0001, 0x0001, 0x0001, 0x0001, 0x0001, 0x0001, 0x0001, 0x0001, 0x0001,
    0x0001, 0x0001, 0x0001, 0x0001, 0x0001, 0x0001, 0x0001, 0x0001, 0x0001, 0x0001, 0x0001, 0x0001,
    0x0001, 0x0001, 0x0001, 0x0001, 0x0001, 0x0001, 0x0001, 0x0001, 0x0001, 0x0001, 0x0001, 0x0001,
    0x0001, 0x0001, 0x0001, 0x0001, 0x0001, 0x0001, 0x0001, 0x0001, 0x0001, 0x0001, 0x0001, 0x0001,
    0x0001, 0x0001, 0x0001, 0x0001, 0x0001, 0x0001, 0x0001, 0x0001, 0x0001, 0x0001, 0x0001, 0x0001,
    0x0001, 0x0001, 0x0001, 0x0001, 0x0001, 0x0001, 0x0001, 0x0001, 0x0001, 0x0001, 0x0001, 0x0001,
    0x0001, 0x0001, 0x0001, 0x0001, 0x0001, 0x0001, 0x0001, 0x0001, 0x0001, 0x0001, 0x0001, 0x0001,
    0x0001, 0x0001, 0x0001, 0x0001, 0x0001, 0x0001, 0x0001, 0x0001, 0x0001, 0x0001, 0x0001, 0x0001,
    0x0001, 0x0001, 0x0001, 0x0001, 0x0001, 0x0001, 0x0001, 0x0001, 0x0001, 0x0001, 0x0001, 0x0001,
    0x0001, 0x0001, 0x0001, 0x0001, 0x0001, 0x0001, 0x0001, 0x0001, 0x0001, 0x0001, 0x0001, 0x0001,
    0x0001, 0x0001, 0x0001, 0x0001, 0x0001, 0x0001, 0x0001, 0x0001, 0x0001, 0x0001, 0x0001, 0x0001,
    0x0001, 0x0001, 0x0001, 0x0001, 0x0001, 0x0001, 0x0001, 0x0001, 0x0001, 0x0001, 0x0001, 0x0001,
    0x0001, 0x0001, 0x0001, 0x0001, 0x0001, 0x0001, 0x0001, 0x0001, 0x0001, 0x0001, 0x0001, 0x0001,
    0x0001, 0x0001, 0x0001, 0x0001, 0x0001, 0x0001, 0x0001, 0x0001, 0x0001, 0x0001, 0x0001, 0x0001,
    0x0001, 0x0001, 0x0001, 0x0001, 0x0001, 0x0001, 0x0001, 0x0001, 0x0001, 0x0001, 0x0001, 0x0001,
    0x0001, 0x0001, 0x0001, 0x0001, 0x0001, 0x0001, 0x0001, 0x0001, 0x0001, 0x0001, 0x0001, 0x0001,
    0x0001, 0x0001, 0x0001, 0x0001, 0x0001, 0x0001, 0x0001, 0x0001, 0x0001, 0x0001, 0x0001, 0x0001,
    0x0001, 0x0001, 0x0001, 0x0001, 0x0001, 0x0001, 0x0001, 0x0001, 0x0001, 0x0001, 0x0001, 0x0001,
    0x0001, 0x0001, 0x0001, 0x0001, 0x0001, 0x0001, 0x0001, 0x0001, 0x0001, 0x0001, 0x0001, 0x0001,
    0x0001, 0x0001, 0x0001, 0x0001, 0x0001, 0x0001, 0x0001, 0x0001, 0x0001, 0x0001, 0x0001, 0x0001,
    0x0001, 0x0001, 0x0001, 0x0001, 0x0001, 0x0001, 0x0001, 0x0001, 0x0001, 0x0001, 0x0001, 0x0001,
    0x0001, 0x0001, 0x0001, 0x0001, 0x0001, 0x0001, 0x0001, 0x0001, 0x0001, 0x0001, 0x0001, 0x0001,
    0x0001, 0x0001, 0x0001, 0x0001, 0x0001, 0x0001, 0x0001, 0x0001, 0x0001, 0x0001, 0x0001, 0x0001,
    0x0001, 0x0001, 0x0001, 0x0001, 0x0001, 0x0001, 0x0001, 0x0001, 0x0001, 0x0001, 0x0001, 0x0001,
    0x0001, 0x0001, 0x0001, 0x0001, 0x0001, 0x0001, 0x0001, 0x0001, 0x0001, 0x0001, 0x0001, 0x0001,
    0x0001, 0x0001, 0x0001, 0x0001, 0x0001, 0x0001, 0x0001, 0x0001, 0x0001, 0x0001, 0x0001, 0x0001,
    0x0001, 0x0001, 0x0001, 0x0001, 0x0001, 0x0001, 0x0001, 0x0001, 0x0001, 0x0001, 0x0001, 0x0001,
    0x0001, 0x0001, 0x0001, 0x0001, 0x0001, 0x0001, 0x0001, 0x0001, 0x0001, 0x0001, 0x0001, 0x0001,
    0x0001, 0x0001, 0x0001, 0x0001, 0x0001, 0x0001, 0x0001, 0x0001, 0x0001, 0x0001, 0x0001, 0x0001,
    0x0001, 0x0001, 0x0001, 0x0001, 0x0001, 0x0001, 0x0001, 0x0001, 0x0001, 0x0001, 0x0001, 0x0001,
    0x0001, 0x0001, 0x0001, 0x0001, 0x0001, 0x0001, 0x0001, 0x0001, 0x0001, 0x0001, 0x0001, 0x0001,
    0x0001, 0x0001, 0x0001, 0x0001, 0x0001, 0x0001, 0x0001, 0x0001, 0x0001, 0x0001, 0x0001, 0x0001,
    0x0001, 0x0001, 0x0001, 0x0001, 0x0001, 0x0001, 0x0001, 0x0001, 0x0001, 0x0001, 0x0001, 0x0001,
    0x0001, 0x0001, 0x0001, 0x0001, 0x0001, 0x0001, 0x0001, 0x0001, 0x0001, 0x0001, 0x0001, 0x0001,
    0x0001, 0x0001, 0x0001, 0x0001, 0x0001, 0x0001, 0x0001, 0x0001, 0x0001, 0x0001, 0x0001, 0x0001,
    0x0001, 0x0001,
};
#else
extern const uint16_t g_renesas_logo_pixels[];
#endif


#endif
